customer_id,total_orders,total_spent,avg_order_value,last_order_date
002d111d-08aa-49da-94c5-be4f63e947bf,1,36.36,36.36,2025-05-03
002e1d10-db37-443a-bf11-910141236498,1,35.44,35.44,2025-10-29
0032110d-5405-4161-b788-70f87ed4f1cb,1,204.53,204.53,2024-10-09
0038dc84-a3ed-433a-a722-2ea2261b5048,1,217.03,217.03,2023-01-22
003965be-5d27-458b-9cc1-680356d8c52c,1,1107.68,1107.68,2023-01-07
0054d0c7-1039-4378-bc1d-fb5aeb2bdb03,1,670.60,670.60,2023-07-19
0057dfcc-ab7b-4c43-a4cd-b2ad56e8dfed,1,1815.45,1815.45,2024-06-18
006c386b-a1a1-44d8-8402-483c95f14a8a,1,371.38,371.38,2024-01-21
0075d3d5-ba94-4a66-ad7e-4a452099e71f,1,1226.88,1226.88,2023-08-16
007a159e-7ae7-49f8-8e00-b84bb3f01169,1,436.59,436.59,2023-03-06
0083193c-9711-46a6-8d5e-a0175589da6f,1,478.99,478.99,2023-02-07
00937ba0-65a0-4e43-bd2d-ca8673020b26,1,103.28,103.28,2024-01-14
00a68632-6176-48c4-be33-e329fe5ad7e5,1,317.66,317.66,2025-04-10
00bb0012-7f06-48bf-8fcf-bf69f8d8b79a,1,1082.94,1082.94,2023-08-13
00db24d5-323d-44e5-b7bc-3c29326e9448,1,304.51,304.51,2024-05-06
00e27fa3-4745-42f7-be0d-e86b3fa51d3b,1,1224.15,1224.15,2025-06-18
00e4b488-c309-4b44-a080-ba5cab5ecc3d,1,384.49,384.49,2024-09-11
00e5ebaf-2eb0-4b1e-aa7e-ee0b677ebe4d,1,25.38,25.38,2023-11-11
00efd96c-6b67-4e6a-a44f-70ccc3ce7385,1,53.35,53.35,2024-06-14
00fd5206-2ef4-4eb1-a9eb-f7828d039e8f,1,79.26,79.26,2025-01-26
0102ce31-9c82-44bc-a1cb-778946dc0eec,1,674.65,674.65,2023-09-06
01030bad-3e60-4aeb-8816-2ff7e1f07aeb,1,350.50,350.50,2023-06-02
010f339e-3246-42f3-986c-c279e03f7d5e,1,67.40,67.40,2025-10-21
0126fd53-05fe-4bf8-b996-b1aa8e27e50e,1,490.63,490.63,2024-09-09
0128d491-bc32-498f-a73a-dd327defbb69,1,69.18,69.18,2025-12-22
0149ac30-558d-4c80-88e9-4775413a9fd3,1,0.00,,2023-09-22
0153106f-4104-4e6f-9351-9f4398ed2bae,1,931.58,931.58,2025-04-10
0158ad3c-0b71-40c1-b177-ea39396f10cf,1,252.70,252.70,2023-02-21
01734b80-3566-4cd6-a1a3-83afe9c9d5df,1,112.89,112.89,2023-04-15
018a8ea1-cd65-4991-86e3-47074ede74f8,1,868.12,868.12,2023-09-16
019403d2-8370-400b-8b17-a9f62ea4d27b,1,625.50,625.50,2025-04-12
01a07005-e5bd-452e-8e80-c47e7635f660,1,321.34,321.34,2025-04-07
01a25ed1-c3ab-45f1-8c6b-7074ab102c9b,1,588.44,588.44,2025-12-31
01ae7eb1-4d45-4ea5-a3ec-4f6afe503fdc,1,512.91,512.91,2024-11-05
01b05586-6186-4d77-a147-da0629615636,1,1454.48,1454.48,2025-02-16
01bf9e73-3f80-4385-af92-40b652d78f10,1,1225.95,1225.95,2024-12-18
01c4225e-be40-4b83-89c6-2b6b58974643,1,1547.46,1547.46,2025-02-22
01c6deff-3eda-4d3b-a9fb-8d3334885010,1,950.53,950.53,2025-03-06
01e430f9-f266-4166-a9e6-55a577a477e9,1,1734.25,1734.25,2024-04-18
01f0977c-077d-464a-be57-13bec0752cd6,1,68.36,68.36,2023-05-21
01f239e4-3965-4c7a-82ff-3b13d32a27d1,1,345.99,345.99,2023-03-31
01fab3cc-8f3b-4740-b341-4c2456f44cd3,1,772.08,772.08,2024-08-02
0202bcc6-9e47-4818-bebb-4e4b5a223d71,1,26.52,26.52,2025-05-28
02044acf-6f75-493a-a626-02a28a46d480,1,39.90,39.90,2024-05-30
0221b9fa-4d38-43b3-8f93-7d3f0b91ec08,1,243.90,243.90,2024-01-20
0231b934-7e15-44c6-8cf7-c55fb785d4c0,1,491.69,491.69,2025-01-18
02390c07-bc8e-4b1e-832e-952189502779,1,643.47,643.47,2025-09-09
02465a1c-377e-473c-b0b3-79fb8a9dc373,1,887.43,887.43,2023-08-29
026004c8-827c-40e3-9881-ad9ff03566ac,1,1176.34,1176.34,2025-09-06
028163fd-4ff5-40af-a258-aa8ff6f4dc6c,1,1354.97,1354.97,2024-11-03
0284ff08-c40f-4be6-9ce9-260bd09ef9aa,1,390.07,390.07,2024-09-30
029105c1-c548-4918-9b3d-b2e37b226a68,1,1908.25,1908.25,2025-04-05
02b262e9-f33c-4490-a333-291a5f7a3ac4,1,1449.43,1449.43,2023-03-15
02b3c948-4db6-4475-a7dd-1ac44282b6e4,1,167.74,167.74,2023-01-21
02b77c5d-37ab-4ae7-b9c9-3336916a3c1a,1,2149.94,2149.94,2025-07-07
02bfcee5-789f-430e-9a20-b3a3ebdf6f72,1,89.28,89.28,2023-03-22
02c6a749-0df1-4962-bd98-1e03c617a4f9,1,144.28,144.28,2024-03-28
02f5766c-8474-43cd-b4e3-f8114ee711b2,1,798.08,798.08,2023-07-25
02fe5411-1234-4739-945b-4e6d06392344,1,245.06,245.06,2025-11-01
03063be3-d08e-45d4-853f-b4929361d3a0,1,465.12,465.12,2025-02-09
030a910a-1d3e-4876-a2fd-523e7e7d4de8,1,458.75,458.75,2024-12-18
0311cfea-1cc8-400e-8e91-4d5af84f6a66,1,645.68,645.68,2023-04-14
03121f15-daeb-402e-ab0b-a5bcbeea2c9c,1,1859.36,1859.36,2024-02-25
031aa07c-fa0d-4017-a4d9-cbd8535d3c13,1,692.56,692.56,2024-01-27
032cd6b6-7bc9-462b-9630-04260414911f,1,732.64,732.64,2023-07-21
03305744-9ae4-46ba-8228-62c4b7ab7799,1,2022.60,2022.60,2024-05-31
033d66ef-63cb-42ec-99e3-e3edc91ec4ed,1,1080.70,1080.70,2025-08-31
034b6934-978c-4b44-bde3-2e62b95532ba,1,42.25,42.25,2025-06-17
0351dfd7-d2c3-4b9b-a49b-c6793509d895,1,630.00,630.00,2024-07-08
03532b25-9c2a-4723-a628-f1f6ae7f863a,1,1660.28,1660.28,2025-12-26
035f2b91-01d3-4a6f-a716-6f46a238059b,1,1642.92,1642.92,2025-10-10
036ec6cb-8941-469b-b559-d3c6565a2822,1,520.47,520.47,2023-01-28
03712fdc-37e9-4e45-a356-daad08d55da2,1,949.96,949.96,2024-09-06
03892003-62f1-427e-86e9-71d1307cc39d,1,398.23,398.23,2023-02-04
03b75c77-a4f1-41c0-94e6-30e8ecc5a85e,1,2317.65,2317.65,2024-02-03
03c700a3-510d-4323-88c8-a6d0b50cf05f,1,970.80,970.80,2024-06-22
03dbf2e1-7a02-4643-bf8a-57b07af627ec,1,1417.05,1417.05,2025-07-04
03df0c66-0cbb-4f92-b5a8-0e6d5b120acc,1,897.08,897.08,2025-02-25
03e278db-f774-4e24-a0f7-8fe3038b0c36,1,252.09,252.09,2025-12-30
03ed7585-6cd1-41f6-aa2f-de12f1901f5c,1,258.58,258.58,2025-01-20
0406ff44-7ce4-4679-a8c6-dbc07bb3447b,1,74.99,74.99,2023-07-26
040bb5f4-2d37-452e-9227-66ecd16d299c,1,902.98,902.98,2024-06-26
042281ad-29fa-4e52-a497-3135632b0366,1,55.99,55.99,2023-07-21
0424d38b-f0c0-4a8a-8143-78c24a30ccc0,1,1085.80,1085.80,2025-10-17
042a2952-adfe-44e5-8744-0006f10eb0ea,1,542.30,542.30,2024-12-23
04397a31-0270-42c4-aeb5-3c79282270dc,1,32.58,32.58,2024-12-25
044251db-d0d4-4a67-b992-8faa4cbf131d,1,114.15,114.15,2025-07-24
04515944-701f-4366-937b-f358b0ba2274,1,1869.30,1869.30,2025-02-19
045dbe94-2084-4acf-af90-3653de1c5838,1,592.45,592.45,2025-03-28
0474be6d-b6c9-467b-9a8b-831d002eac1e,1,428.39,428.39,2024-08-04
0480957c-dee9-4938-8e06-1675bc067c19,1,644.73,644.73,2023-07-14
0489ce3f-fd5e-49bf-8a3a-56f5dc9936a3,1,840.32,840.32,2023-06-09
049bf703-a6ff-4014-8b10-603231e97228,1,1083.00,1083.00,2023-09-07
04ba966f-809c-487c-bec6-0551a39e9671,1,1675.72,1675.72,2024-01-15
04badcf4-9000-42e3-9599-1dbf6609b9a1,1,1179.81,1179.81,2023-01-21
04d06df1-c98f-474c-bc2b-e5904103d5bc,1,1545.63,1545.63,2025-11-16
04ecab55-be5f-4178-8381-a8b15bbf99fc,1,71.28,71.28,2023-01-13
04ef166d-b00d-40bc-838e-13f48c7f34d9,1,589.00,589.00,2024-09-19
050d939a-5bac-4cbf-bda1-9f55de77bb21,1,609.91,609.91,2024-01-17
052011e3-b35d-450c-b972-39c3edaabee1,2,452.58,226.29,2023-04-06
0526c0b5-c34b-4818-a407-7814057689ef,1,1147.95,1147.95,2024-09-06
053b7268-4cce-46b8-8897-d45d7d6a8614,1,820.36,820.36,2024-09-04
05476e17-0f9b-4aca-8081-a70437c200e3,1,218.74,218.74,2024-01-23
0548bab7-ddaa-4b0a-a8d7-d9609a6c1b86,1,220.39,220.39,2024-07-09
054a7537-94f8-4d94-8217-a0b9a7e88bd4,1,2092.55,2092.55,2023-03-23
0551615c-3ce0-497d-9303-0508fc5c9f96,1,524.50,524.50,2023-09-07
05815e22-1dd2-49c1-8a2f-1f4fdf39c62e,1,662.03,662.03,2023-08-30
058ff66e-d5a3-4c5e-9cf0-53653c6e5ced,1,469.16,469.16,2023-01-07
05998b63-ccde-41d1-9947-5efc5e096fb6,1,248.12,248.12,2025-04-24
059b51a2-48c0-4edf-adf3-e9c2546953f0,1,1509.48,1509.48,2023-08-26
05c2f0ab-d84e-448f-b2fe-0ed89dffaff5,1,1417.17,1417.17,2023-12-12
05c3c7db-393e-48c0-bfc2-be8ad79efc66,1,1291.04,1291.04,2023-04-01
05c482d9-274f-4158-bca2-03c8a23306ae,1,596.36,596.36,2023-04-27
05d0e0f0-2bf1-46a9-b239-bf724c8e7200,1,44.67,44.67,2025-09-01
05d2f243-163f-4feb-90ad-834c2ae2fc62,1,934.25,934.25,2024-09-01
05dc0f1b-5cba-4958-baa9-6717cd7a9d15,1,1124.78,1124.78,2023-01-07
05e7dce3-ce1b-468b-b8af-6533b6bad5b9,1,418.80,418.80,2025-06-06
05eea3df-253d-4060-afbb-975d2018a48c,1,982.38,982.38,2024-08-29
060bde62-ab75-4d39-8515-f07a1ad7a950,1,476.56,476.56,2023-03-15
0614f2d6-9247-484f-ae2b-5c1b2daab8c1,1,592.83,592.83,2023-11-30
06339f7f-8ec4-4aab-aefb-4b37a50ee5e7,1,1757.76,1757.76,2025-11-04
06531d47-4867-4b30-b956-77318a4cfe1f,1,403.48,403.48,2025-05-18
0664a4a8-a539-45ec-a4f0-881df43b3e69,1,861.36,861.36,2024-04-01
0666de8b-033a-4d4a-ae67-4484aa8346f4,1,1363.47,1363.47,2024-05-17
066d7a74-a4ee-4dc1-b32e-3c1661af716b,1,178.00,178.00,2025-04-30
067965ab-61e5-48ca-9261-14b7142a6f47,1,119.56,119.56,2023-11-14
068ad005-6adf-4ab4-a127-7c0f02216a27,1,279.68,279.68,2025-09-25
06970811-8b49-475c-8cf5-a642bb09a475,1,228.06,228.06,2024-10-28
06af9d77-608f-4c52-b787-3d6e80b1405e,1,445.94,445.94,2024-09-05
06b81c8a-03f9-474d-885d-5d016a2062aa,1,293.83,293.83,2025-08-15
06edd6bb-26cb-450a-9350-1f5bcb34dc5e,1,248.25,248.25,2025-10-22
06ee9b2b-88a0-4769-b58b-f6823ead5bf5,1,960.37,960.37,2024-11-05
06ff421a-3c2b-4098-8445-b53d0155801a,1,1420.08,1420.08,2024-10-05
07246bba-02ae-4d0f-9b10-1bc744a1264c,1,1828.51,1828.51,2024-01-26
0725605b-b857-4bbe-87b2-8ec5bac316a5,1,182.88,182.88,2024-04-11
07256699-9e37-4e92-b1b8-b77b3012f305,1,837.92,837.92,2024-01-07
073780b9-63d6-4fba-b385-87b1cc98db3d,1,681.33,681.33,2024-01-02
073c2a57-4bb9-4842-bce4-5ab0541570fd,1,457.20,457.20,2024-06-06
074a1822-880d-49f0-be21-d20dc5a6e6fa,1,597.76,597.76,2023-06-08
074d3368-2cd4-48ad-a629-25b1c87940f2,1,132.59,132.59,2024-09-23
075f70e5-e35d-4789-abbd-4de64a95a3fe,1,1436.68,1436.68,2025-10-07
076451d3-275d-4459-92d3-6897d6442365,1,198.40,198.40,2025-04-19
0769ea1a-5028-430b-9131-3b94dcfae50b,1,53.23,53.23,2025-09-04
07813300-12ac-4acf-82dc-bca23d10afa3,1,129.74,129.74,2024-03-25
0784781d-2006-4fdb-96ee-251359d12415,1,1022.76,1022.76,2024-11-19
0791e8ca-bfc5-4a33-aecd-8622f82066f8,1,1046.35,1046.35,2023-10-13
079389d7-fbd2-46f1-883d-5bf6a856525c,1,196.32,196.32,2023-05-31
079526af-2af8-4ced-9aa5-a8f269df8506,1,469.85,469.85,2023-06-08
079b1b13-08a4-4364-8f46-b0e0aa8b967c,1,1257.64,1257.64,2024-12-17
07a0b6a5-0e43-4a9c-9f77-de197643f3af,1,1204.56,1204.56,2023-02-14
07a2a12a-2f67-4402-bde2-2ec3cf6244de,1,555.86,555.86,2025-10-09
07bf1bb8-8493-4b3d-820b-337c2be0881f,1,511.95,511.95,2025-04-22
07ca6efe-97ed-4478-bc57-3877d1b062a2,1,1279.34,1279.34,2025-05-30
07d0ea6f-d446-49b0-9c35-d662c70ad6a8,1,1643.31,1643.31,2024-06-11
07fb3bdd-9559-4433-8b30-0329f55c12c6,1,884.98,884.98,2025-01-15
07fb54db-e5ca-45ab-b1d9-4a04f780af43,1,1142.91,1142.91,2025-04-06
07fbcacd-f4a8-474c-b6db-c36c75c9a90b,1,625.86,625.86,2023-03-15
0803ad31-4e1e-4f3d-a910-22b80d60e364,1,1054.37,1054.37,2025-02-21
08046b1b-5476-456d-8b1b-c7b96e32838c,1,401.12,401.12,2023-02-25
080486d4-edf1-41e1-87a0-a8f918166ea6,1,2381.85,2381.85,2023-08-31
080c51e8-d70a-4047-afac-bced9e02347c,1,564.00,564.00,2023-07-08
080e09dd-2ff8-40d0-b534-dc34e68bea34,1,2082.20,2082.20,2023-04-09
0820fb59-b5a4-4895-ae93-eac81952d845,1,192.40,192.40,2024-08-14
082910c9-7984-444d-9ea4-788e1acd5c2a,1,231.90,231.90,2023-07-17
082e68db-b53c-41e1-8b2c-9e7295f6130c,1,1201.59,1201.59,2023-09-14
0840405a-ffd2-4491-9ff3-89aa4c36a70c,1,775.45,775.45,2023-08-31
08485159-6240-44e5-aa9d-ba8aea66cf46,1,1488.18,1488.18,2023-01-25
084ec551-b609-4146-a67a-a6887bca7185,1,25.56,25.56,2024-10-01
085bb952-ffe2-4804-ba09-904d012e2169,1,331.10,331.10,2025-07-17
0863c0d1-2cf5-45b8-9e26-696faec3f7be,1,1779.05,1779.05,2025-12-13
0865bc33-ebda-47b0-89f0-f54a83f5a437,1,824.80,824.80,2024-08-11
0872ac23-e5c8-49e1-bdfb-fe907025f888,1,1135.08,1135.08,2025-12-30
088d3d85-20a0-4362-959e-482b69b9ac48,1,250.90,250.90,2023-09-16
088debf8-e37b-459f-a59c-1c56d4109e50,1,1691.42,1691.42,2024-07-11
088f262c-f17e-4612-a580-66a3aa42d181,1,416.62,416.62,2023-06-04
08a8fbdc-522a-4bb1-9c24-c791ad07020c,1,1128.27,1128.27,2025-03-08
08ac88fd-ad39-4cc2-9449-cc2e1d4f3938,1,457.90,457.90,2025-01-22
08aec57e-4d05-4113-8d4f-9a2d55f16dbb,1,118.46,118.46,2025-10-22
08b6d455-3618-47a5-8bf3-695bc1d7f12a,1,957.82,957.82,2025-10-06
08b70425-8df0-4539-83be-7e55d55f9f3f,1,246.89,246.89,2024-09-28
08c252d6-9ce8-4e82-8e11-4e0d7e8eda3e,1,1119.57,1119.57,2023-06-17
08c7d13f-abac-4ff9-b5d9-b43e8d95dad6,1,515.64,515.64,2023-04-23
08d6bc5b-38a1-40ab-ac6d-830a1a6b64a6,1,7.80,7.80,2023-01-21
08dddb4e-a40a-4762-bc9f-211fee71bdec,1,228.45,228.45,2024-05-04
08e2aeb5-f154-441a-8083-ee007ed46135,1,379.98,379.98,2025-12-28
091235e6-5e1a-4ca1-8736-4fd77267d90e,1,76.93,76.93,2025-02-03
092385fe-23d3-4d22-b080-bed6bc3e34af,1,746.16,746.16,2024-05-14
092e9fab-2457-4251-89b6-7093d0fe42af,1,730.22,730.22,2025-08-15
0938d34d-d579-4650-a3fa-bde823fc8c44,1,410.89,410.89,2023-08-18
0958bcd3-231f-4920-ac7e-f40de1ae4953,1,408.35,408.35,2024-09-09
0971bee4-553d-4bba-aada-3e53e58b2476,1,362.70,362.70,2024-01-24
0973834e-2638-49df-aad0-267ed1437323,1,1238.92,1238.92,2025-04-08
0979f5d3-4a70-4330-bfc0-31368de6e6b3,1,910.55,910.55,2024-05-28
097a4e0b-54df-49a9-b136-a86560f34f17,1,169.89,169.89,2024-05-08
097b4bfe-fbd4-4390-945d-3345255b0697,1,400.14,400.14,2023-10-23
098108dd-4549-42ba-a79b-62cac29e32b0,1,1319.10,1319.10,2025-10-02
09833fe6-b74b-4f20-a590-cc4926e01052,1,245.40,245.40,2024-06-24
0985af3b-a920-4c94-a761-571be391927a,1,1605.48,1605.48,2023-03-14
09990aed-bc07-42d4-96b4-fac8001b2293,1,702.58,702.58,2025-09-15
09bc437e-bbd4-4cf8-9a12-1e70d0d19fc5,1,247.24,247.24,2025-09-24
09bd7a03-44ea-4da0-96e4-2b52845a91f2,1,452.03,452.03,2024-09-24
09c6e178-c277-4d4b-8bd3-0a9024ed5794,1,995.52,995.52,2025-02-26
09ca559b-a69e-4374-be78-da8c45cf9e32,1,1035.38,1035.38,2024-03-18
09dfd4cb-c345-4871-8e3c-f9737d1b51a9,1,544.20,544.20,2023-01-26
0a1030ab-5dc0-4438-939d-2ee85cb085e1,1,231.50,231.50,2023-06-01
0a1b9fdd-a37b-40eb-a75d-c3730b794deb,1,274.32,274.32,2024-10-03
0a2aa248-22db-40b5-b680-70be20b00f7c,1,415.58,415.58,2025-07-12
0a2f6639-cd5d-4a83-b6aa-e31f7dc980c0,1,389.02,389.02,2023-01-26
0a316b9e-76df-46d4-9925-1ad714b77c79,1,496.20,496.20,2024-11-10
0a44b229-af3b-4315-91f2-b01b93731894,1,708.93,708.93,2025-05-08
0a4e6244-3ead-4eb7-9b4e-f51b8ce6f491,1,375.04,375.04,2025-04-29
0a5c099e-ba95-480b-9c3f-b5aef9d13adf,1,622.73,622.73,2023-01-27
0a609a44-d558-4631-82b8-78440102c253,1,1206.30,1206.30,2024-05-28
0a803acd-3264-4fac-ad57-e1210fa8d98b,1,363.58,363.58,2025-08-06
0a8b8d55-7dc0-4b4d-acbc-eb79a3ea218d,1,1043.20,1043.20,2023-03-17
0a8ba317-1c4c-4e10-8c3a-7a07c2cffeb7,1,269.93,269.93,2023-03-28
0a8c53c6-dc66-42dd-bbfd-7fc9e07985cd,1,402.64,402.64,2024-09-19
0a8e7c78-06a9-4518-bc7a-dd932b48dcbd,1,679.18,679.18,2025-02-16
0a966abc-4b53-4cbc-9430-4757b1def117,1,434.62,434.62,2023-06-09
0a9e10d3-626b-4a8a-bc81-8c96a916f073,1,1154.25,1154.25,2025-10-24
0a9f2fe2-6a12-4e3d-92c1-dabb549e011f,1,2158.65,2158.65,2023-05-02
0ab52ae0-9df2-4506-b198-01c460d41be7,1,689.36,689.36,2023-01-14
0abdbcd1-782c-4fec-9e5d-78a1c5bdb495,1,1004.04,1004.04,2025-06-27
0ac22c6b-4975-4aad-a6ad-60be72c0b8a9,1,682.08,682.08,2023-10-31
0ae5f9ad-d193-4f51-89fc-5c3ef60ef290,1,543.15,543.15,2025-01-20
0af0d8c5-2ca1-408f-86ba-74aff76c3054,1,671.41,671.41,2023-11-17
0af9293b-07d2-41ac-ac23-07b672b0d47f,1,167.67,167.67,2024-11-30
0b05cde0-b4eb-4ab8-9990-e0470a671617,1,739.10,739.10,2023-02-14
0b2833f5-150e-48e2-96f0-415038855fa2,1,413.40,413.40,2025-10-17
0b3b81a9-ddd6-42a8-a925-f2d53b36c46e,1,161.83,161.83,2025-01-05
0b3cda99-dbfd-49cb-b1cd-be14c60b447c,1,2393.45,2393.45,2025-07-11
0b434138-e0ec-48f1-8641-262e605a0d9b,1,2012.72,2012.72,2023-05-31
0b45cb04-e5bc-49c0-93a6-9684036599fc,1,1251.76,1251.76,2023-09-30
0b4e93d5-10a4-463c-9096-217bc40c5197,1,536.21,536.21,2023-02-15
0b52b035-0882-43de-ae70-57639d65bc54,1,110.77,110.77,2025-02-05
0b9a988e-e8e3-4b61-9871-d0cb18162e98,1,463.46,463.46,2024-03-14
0bb6d8c8-cd51-4ef4-965b-66a0acfd3dc1,1,1658.00,1658.00,2024-09-09
0bb8ca85-c64e-45d7-b6bb-954ce888b983,1,902.12,902.12,2025-12-29
0bb9c606-5320-46af-beb0-b8d1e3e7e32d,1,515.05,515.05,2025-06-29
0bdedc07-a969-44f6-9d21-fc63fef6cdbc,1,1249.52,1249.52,2024-03-24
0c0833f2-7099-4082-8c48-a342f8a35ed8,1,585.93,585.93,2023-11-04
0c17c124-3ba4-480b-b83d-bd0384b90ded,1,279.22,279.22,2023-07-14
0c32f071-cc44-454c-8af7-b7c843b8953f,1,598.50,598.50,2023-04-22
0c3dbeee-e6f5-47a9-be27-21cdd79b37a1,1,408.03,408.03,2025-12-25
0c4869e6-2a3f-4c5d-ab99-5277081a2b0b,1,345.93,345.93,2025-01-09
0c4f8074-99ee-4c17-95ed-a3643a8cefa3,1,567.34,567.34,2024-08-26
0c5b672d-6274-4e7b-8e2e-af6fe2622ebf,1,379.35,379.35,2025-03-16
0c81f9b0-4e25-4c38-a5b9-1de231d6241c,1,331.13,331.13,2025-02-01
0c87ed1b-318b-4799-8a65-f3c664cba971,1,1247.66,1247.66,2024-12-16
0cbb5bb9-3a79-4543-8340-52fa2a291267,1,262.76,262.76,2024-04-08
0cbd3c03-9e2a-44ac-8122-b5b3284c03d2,1,422.46,422.46,2025-08-16
0cc244a5-b893-40a0-87d3-8350a061450c,1,170.31,170.31,2023-08-08
0ccf46c4-87a5-482d-aa1f-57a2753dd996,1,491.84,491.84,2023-01-08
0cd19e0c-5dfa-4933-b5d2-fda97d57d424,1,792.99,792.99,2023-03-13
0cdbcdeb-e614-4c07-9bd3-b40e5f30fc19,1,1608.44,1608.44,2023-12-16
0ce46ae9-fa69-4b6a-be9b-d61a7eccae1a,1,1123.60,1123.60,2024-12-17
0ce87570-b4d6-43e6-9aa9-0d26ab636d66,1,453.76,453.76,2024-01-21
0cf3399f-fb8a-4051-9e91-6d024ee78225,1,686.25,686.25,2023-10-11
0cfcef2e-ad5c-4886-a9cb-02abab5712fd,1,745.56,745.56,2025-12-18
0d0151d0-17a0-4e72-8597-9c34c1148050,1,1923.89,1923.89,2024-06-20
0d075dfb-acfa-4825-b3ff-886f49fe4a5d,1,1206.09,1206.09,2024-11-13
0d19955e-e696-4c67-a786-de64f92ec2bc,1,258.01,258.01,2025-06-15
0d3f0a6f-a354-4e98-8f37-349218f6b88a,1,1263.26,1263.26,2024-02-02
0d4ae279-93e6-452f-b59a-183a3662dd98,1,386.24,386.24,2024-07-11
0d4ef107-fe4f-4280-bb2f-da7528c74b47,1,906.24,906.24,2025-03-08
0d58848d-7ff1-4f79-801f-5785007e82d6,1,359.76,359.76,2023-06-03
0d5beaa4-d4ad-4452-a63b-6095e927b8d7,1,193.70,193.70,2025-12-26
0d69a521-d4a1-49fb-b777-1615333afce8,1,781.38,781.38,2023-09-11
0d6f79f8-5871-478c-ace9-aeeb25fb9e58,1,465.44,465.44,2023-05-27
0daf3372-5405-40ca-9291-a86873b6311f,1,1432.15,1432.15,2023-01-13
0dbcdf75-5802-440d-9a42-6243c4541fce,1,1056.16,1056.16,2023-09-17
0dd18a6d-63a8-47b1-8532-50d5c30447e5,1,2168.50,2168.50,2023-01-06
0ddb0654-ce19-4f51-9da8-b3919494065d,1,1165.68,1165.68,2024-04-06
0ddfe216-9c19-43c6-9c01-c20e9fd839c6,1,64.16,64.16,2024-02-07
0de8ef01-ce23-47d9-8676-192b0d891a90,1,156.85,156.85,2023-11-05
0df665b9-8f25-48a2-8415-9d77e0ca81c0,1,1222.40,1222.40,2023-04-07
0df810bb-d6bf-49cf-87f7-1ea56c5d8317,1,1058.76,1058.76,2024-08-18
0e034580-0890-496f-b526-16f4f98e7156,1,93.45,93.45,2023-05-27
0e0ec958-9ba3-448c-9018-11cb4544d03e,1,665.28,665.28,2024-12-18
0e160c98-9160-4621-b58a-3243898a5e18,1,502.90,502.90,2023-06-30
0e3aa1ab-9186-4913-8487-7863394b9142,1,537.79,537.79,2024-08-01
0e51dca6-5378-4b7c-8ac8-d16e6b8e51fd,1,108.85,108.85,2025-07-06
0e547ab0-4025-47a2-9b30-2d962fb61158,1,1266.44,1266.44,2023-05-06
0e7fb5b9-0b51-40e7-9c4f-1c5d4089da57,1,285.60,285.60,2023-11-20
0e822240-561d-4ba7-97b1-b0eea413fba2,1,609.00,609.00,2024-09-04
0e8d1a7c-c377-4128-9cdf-049904c70352,1,429.92,429.92,2025-07-10
0e97838b-8bc9-441d-b16b-ebca6ff151f8,1,743.62,743.62,2025-03-08
0e98eec5-b438-416e-89b5-b54bd1c33bf8,1,1271.01,1271.01,2024-11-27
0eba908d-d7cc-48c1-bd1a-e74938ab106d,1,619.05,619.05,2024-01-05
0eca3630-7342-44e1-a957-a9dd5258e6d8,1,474.13,474.13,2024-10-07
0ecb845e-7d32-4d96-8ba4-475b68532e2e,1,1293.93,1293.93,2023-04-03
0ed4f4ff-2215-46f5-b4ae-db9480da5399,1,1098.00,1098.00,2024-04-16
0edb81d9-bd7d-4801-b0a9-bb6a6e4bf20b,1,149.24,149.24,2025-07-01
0eee21c3-89a9-421c-a29a-a1476c62487f,1,138.55,138.55,2025-11-19
0f043e7d-c3b7-4478-9566-18494d053204,1,1647.16,1647.16,2024-01-10
0f06bebb-ef84-4030-ab3a-2ad22ed6cc0e,1,354.65,354.65,2025-03-27
0f3089e8-2ff2-4e9d-bd20-647eee97201d,1,572.06,572.06,2023-04-07
0f34bd08-8e10-43c7-8b4b-af231c4dacfd,1,355.07,355.07,2025-11-20
0f45171e-3442-4c5f-85d0-6c9744bcaba5,1,264.92,264.92,2024-02-03
0f52f32b-c3b0-49e4-be9f-8c8f7c4de6d7,1,1069.95,1069.95,2023-06-14
0f61e087-ff3e-4e49-8347-64ad6d04722f,1,100.20,100.20,2024-11-04
0f65a0b5-80f2-4e10-8ab5-34ca8c8a9e48,1,1263.22,1263.22,2023-03-28
0f89a187-98de-49d7-b6ef-8aea6a1f13bc,1,2298.45,2298.45,2023-09-23
0f8e3a49-03e4-49e9-98fe-45de76c3281c,1,999.55,999.55,2025-03-04
0f92b3fb-081d-45b6-a224-81801d4ac6f9,1,706.34,706.34,2023-12-12
0f953c6a-edab-48b8-84f6-684bc3121a5c,1,872.64,872.64,2023-12-28
0f99da3d-81d4-4384-a606-a2a326baa9cf,1,822.12,822.12,2024-07-23
0fcb5b52-1da8-475e-a666-63a04ecad402,1,123.25,123.25,2023-10-01
0fd2f509-3bd2-41ec-916e-a6f1114f0eab,1,846.35,846.35,2025-10-21
0fdd5a78-2a51-4622-b08e-4c269e4c21c2,1,27.68,27.68,2023-12-30
0fe21064-f94a-4290-afb2-5b78c9627d7c,1,858.91,858.91,2023-06-08
0fe708ab-c291-4db6-aef0-b5f51ba8c26c,1,934.08,934.08,2023-02-13
1003667c-8c77-4a46-8749-3806e4ec9cee,1,535.36,535.36,2024-10-15
1014571c-5d15-4706-a10c-7ffdddf4ea73,1,208.20,208.20,2023-04-20
10168d65-4f90-491a-9448-10de2a1b76e3,1,43.01,43.01,2024-09-04
1035c0de-2dbc-4637-96ab-5061bcbefda2,1,483.06,483.06,2024-04-20
1045b84d-e9d9-440f-bc86-918620926390,1,1966.32,1966.32,2024-01-31
10498db3-de0c-4ee9-a4c3-2cac294fbb99,1,2099.88,2099.88,2025-05-16
1075ae75-d336-41ad-8232-f8522badf8b8,1,1071.65,1071.65,2024-03-20
109cda2f-ab9b-48ea-82e7-1e889a50893d,1,352.54,352.54,2024-04-19
10ae82d6-1939-4502-af13-889381ba572b,1,1697.32,1697.32,2024-07-18
10b92d22-721c-41f4-8ebd-734eebcf0e3b,1,1637.47,1637.47,2024-10-25
10bd7a38-f1ff-4b6a-83b3-1ed850c6443f,1,2066.35,2066.35,2025-12-18
10bfdba1-50cf-4f30-9b29-dfd2d24ca24d,1,33.33,33.33,2023-09-04
10c55a1b-f39b-4e07-9f23-133d37de78b5,1,432.65,432.65,2025-06-27
10c663b7-ca37-44e2-a350-e8609cf4061d,1,1546.00,1546.00,2024-10-22
10c99a48-a654-417d-aba2-565052694fee,1,1142.21,1142.21,2023-08-06
10d5309e-9a5d-4586-8e27-495814e352e8,1,1188.54,1188.54,2024-04-09
10da6403-6af3-4358-b610-0ed542e13bc8,1,163.38,163.38,2025-12-17
10e7ee6f-1c15-455f-bf6e-074d865fe33c,1,1149.85,1149.85,2023-04-15
11187b88-8519-4182-add8-cccca29bc628,1,1201.61,1201.61,2023-11-16
111f9dbf-5593-4c98-9d73-aa6ff1dc15bc,1,1955.96,1955.96,2023-04-11
1126952a-3d39-4d7d-889e-ddac4158346f,1,1337.07,1337.07,2024-05-05
113181a4-317c-4d23-adaf-d75193997a44,1,914.04,914.04,2025-08-29
1136ef2b-f45a-4603-bdf8-81a664f477ec,1,1494.00,1494.00,2025-08-28
113c55b3-d10e-4106-b556-6a1cbea354be,1,435.32,435.32,2023-09-26
11489054-7b6c-4596-aa97-435dd9ff74eb,1,374.45,374.45,2025-05-01
115ec21b-88b4-4790-b575-4a826ac13bd4,1,224.11,224.11,2024-10-27
116303c8-e883-44e9-a985-f85b1b583934,1,1147.09,1147.09,2023-05-22
1178b8f9-f165-41a4-b171-71aadf2990a4,1,343.28,343.28,2025-10-29
117c8860-9789-426f-8550-3ed75a0c809e,1,691.52,691.52,2024-05-07
117fc586-ee5c-4219-a943-b33211bcfbb2,1,473.79,473.79,2025-12-09
1192e4dc-c99a-4a60-9fb4-6e9e15490c7e,1,1889.45,1889.45,2025-04-17
11948cca-7a30-4baa-8fd4-b40c598b3835,1,634.92,634.92,2025-04-03
1196d7b3-b3c1-4432-83c2-92c11013c69d,1,2013.81,2013.81,2025-02-13
119f707f-e9fb-4063-8c2a-6a2f71cddba6,1,141.37,141.37,2025-06-02
11a25d2d-a208-4540-933d-bbabc2432b15,1,1849.39,1849.39,2024-11-10
11a4bf80-6505-4f90-b1fd-7143c94f45bb,1,304.83,304.83,2025-07-05
11adb0d0-ad61-4634-8315-e733677af5c5,1,145.76,145.76,2023-02-01
11b67738-43ed-4e83-b0df-d90c0af6d6d5,1,1752.70,1752.70,2023-09-06
11d5d9cf-4b18-497a-8bda-762b37666603,1,240.65,240.65,2024-06-27
11e12ee9-f664-42b9-b8d8-061976538a69,1,168.36,168.36,2023-09-20
11faac50-173f-4ed4-9b73-041438da55d2,1,1104.15,1104.15,2025-07-10
12087e20-8ede-4b46-807d-0affcb51a911,1,391.72,391.72,2025-02-03
120d0a8b-e410-455b-904d-498c8a3045ec,1,1388.98,1388.98,2023-03-16
1212e227-eb76-4351-8984-5ff93a5efbf0,1,281.48,281.48,2025-05-12
12155672-6d79-4bf0-ba4d-fe3d7945e916,1,684.54,684.54,2024-10-20
122ee3f9-24dd-4139-aac4-ecdc2f6458e8,1,241.46,241.46,2024-01-11
124da106-d9d3-404a-87ce-a359cb2132b3,1,2322.18,2322.18,2023-04-18
125caa77-3bb0-4218-b5e1-28422c263dad,1,444.05,444.05,2025-12-12
125fb3c7-949e-44c5-af86-d40b3274ac64,1,2104.96,2104.96,2023-02-28
126f28a9-107d-4387-88c2-1370c2a423f2,1,190.47,190.47,2024-05-15
12785ea3-1839-48b5-8183-18fd6195870b,1,166.28,166.28,2024-01-20
12845ced-1b20-490e-b246-843473a03176,1,61.36,61.36,2023-07-28
12898417-6a92-40fe-afab-246060cf791b,1,1259.32,1259.32,2025-09-12
128b16ed-391f-4c8d-8e27-e83731bf3160,1,328.59,328.59,2025-08-18
129d6e71-c27f-4b2b-b1f7-82f9618215b6,1,151.01,151.01,2023-11-02
12b4beca-fc1b-4468-bd62-9cd2b9d33fc7,1,464.35,464.35,2025-04-18
12d444ec-f7ea-4d76-bebf-356175004175,1,436.27,436.27,2024-09-03
12eb2b26-9555-404f-a966-af113521fe14,1,304.23,304.23,2025-09-17
12f3bec3-41e9-4e42-83a9-fcf2aeb199cf,1,529.01,529.01,2024-09-02
13029596-a295-4c95-91a3-a553751ceccd,1,485.32,485.32,2023-04-30
131ede18-8083-491c-ab1a-426fd18f4889,1,768.35,768.35,2024-10-14
137678df-23b6-4a80-96ad-bd1c2d0faf7a,1,188.50,188.50,2024-06-14
137b41c2-5f71-41e1-a05e-ad1cbde9a6a8,1,1833.40,1833.40,2023-12-18
138a12a1-18c6-462c-a079-0fa55f2da8e0,1,2028.57,2028.57,2023-11-24
13974770-15bd-48ba-9caa-f6a5451ea1db,1,1387.47,1387.47,2025-01-09
139e2e60-080a-4d72-a6af-2eefcfe2123a,1,292.41,292.41,2025-09-19
13a545b6-0ddb-4860-95c2-f9ee937ffcd2,1,1150.76,1150.76,2023-04-27
13be6959-b2a2-499f-980a-1a74a8d5e224,1,413.44,413.44,2023-02-26
13c1a18d-85c8-48ce-94e5-469d17b9e9ae,1,65.52,65.52,2024-06-23
13df10d0-e1a1-4bde-8e3e-167ba4226c1a,1,959.43,959.43,2025-03-02
13e03fd6-96ca-40b3-ab96-69a67e5e3608,1,856.06,856.06,2024-12-24
13fe75c3-688d-457b-a834-f13f5bb3fcdb,1,1006.02,1006.02,2024-02-01
13ffcbb3-1d7d-4f67-b670-3f3b8ba4a65d,1,707.43,707.43,2023-04-25
14041413-8862-4b43-a5ce-a6c53cabd75b,1,83.52,83.52,2024-02-15
148e40d9-e534-4d25-be32-3af0498e8829,1,576.48,576.48,2023-07-23
14a61d46-2b18-40ed-ba56-352da6fe223a,1,907.02,907.02,2023-11-22
14b96b54-57f4-4d47-91ec-577cba19469f,1,526.64,526.64,2023-10-24
14bef14e-5f90-4574-8454-6e0cffb74bb8,1,539.90,539.90,2025-02-21
14c62aba-89c2-4ba5-a48d-f4c0c330ec14,1,1248.20,1248.20,2023-04-15
14cb07a9-0180-4ceb-a665-c3027c0ba9d2,1,1966.77,1966.77,2024-04-23
14d3d56b-27c8-44ea-9c01-b91bc1597635,1,143.10,143.10,2023-08-17
14fe1200-93f2-4a4d-a14b-230e9f918e64,1,156.98,156.98,2025-11-11
14ff6ad9-bf5f-4ac7-bb40-d45704a03f37,1,498.84,498.84,2025-10-09
150c5590-a22d-46b9-bb0c-a87eb0717eb5,1,142.20,142.20,2024-07-23
150eac90-e170-43e5-bfc2-8199bd571e89,1,1504.83,1504.83,2023-02-22
15174c4a-1da5-4733-a81b-3bc3a6cf7794,1,1252.44,1252.44,2024-05-16
15198509-7358-4104-8b3b-10101163c441,1,62.60,62.60,2024-04-06
151b3925-3426-4911-8749-802844ef50c8,1,205.16,205.16,2025-01-06
15224687-6efd-4fb1-a4a9-358820155171,1,809.38,809.38,2024-09-01
152b9043-1822-4260-a1e5-1ade41f98ba5,1,1160.06,1160.06,2025-08-30
152e0e50-a163-4dd0-b401-f83dafb9b139,1,262.06,262.06,2023-06-26
154ebf91-daa2-42b4-ad69-e88c61a4b230,1,361.90,361.90,2023-10-22
15559318-c7d5-4015-8d8d-fdb1b951d034,1,592.08,592.08,2024-06-21
1557a928-9fae-4c7f-b361-ea13f3adc176,1,9.78,9.78,2024-06-02
15661feb-05c5-4f8d-b21a-6c3f47263c24,1,205.32,205.32,2024-12-23
1576f6a8-8112-41dd-b10a-cc2a7e61996c,1,867.52,867.52,2024-09-25
15882e5f-974b-440c-a79e-920fae5235c5,1,598.77,598.77,2025-03-06
1593191b-2e46-44fd-8d52-925549aecb6e,1,2084.45,2084.45,2025-11-16
15969802-b6dd-4257-bb7d-9f1c57eb89b1,1,286.32,286.32,2023-04-29
15981eaf-962f-47ec-8fc1-52b2cd650b68,1,260.30,260.30,2025-10-21
15a16bb6-d43b-4ff3-8ef9-0eae8282a46c,1,600.95,600.95,2024-08-02
15aa772b-e4dd-42e4-9a43-13448f30dcbb,1,2005.50,2005.50,2025-08-10
15be2848-cad7-4d24-8491-670d64ef936d,1,1585.93,1585.93,2024-08-17
15d84e9b-003e-405d-85a4-ab81f85cc63f,1,333.72,333.72,2024-03-28
15dd1b37-ea6d-4cab-8ea8-aa2eb792ce05,1,1490.04,1490.04,2024-09-04
15e51f7f-c86f-48d7-8610-52eff4b87b0c,1,720.00,720.00,2024-12-13
161e7518-ba9b-40ca-8302-bd6a5237df5f,1,199.79,199.79,2024-01-02
16237234-f7ff-467e-ae94-19fd8dc95689,1,328.05,328.05,2025-12-08
1630eab3-9ba6-4919-a32c-9f4a223d3a37,1,359.23,359.23,2024-04-21
165245fe-c436-4fb4-a6d9-8e26e69c2529,1,235.69,235.69,2023-12-15
16547b64-2a5d-4aa6-87ea-8d1424d879e7,1,1746.65,1746.65,2023-02-19
1678c235-26a3-4e64-8ab5-fb870fbb4d44,1,1261.47,1261.47,2025-03-24
1690636b-6f74-455d-99a9-af6aed054732,1,74.54,74.54,2024-04-13
1693824f-f647-4d59-baba-415b3b613c2c,1,780.60,780.60,2024-01-13
16951215-d93a-448c-9f0a-f1175ee3ac2e,1,839.16,839.16,2024-11-08
16ac92bb-f9f6-449c-8eb7-ae33a848096e,1,225.04,225.04,2024-01-11
16d0c66a-e26e-49f7-b9eb-57566dbe8cdd,1,1424.82,1424.82,2023-01-13
16d242df-77b6-4644-bb77-410b9c7460e4,1,504.36,504.36,2025-12-01
16d2bd10-3b30-44c9-87c9-d16789c5040f,1,56.36,56.36,2024-08-30
16d6cbf5-070b-4d17-84a4-31288a5ec26f,1,877.90,877.90,2023-02-10
16f290af-a06f-47bc-8a40-f765e36e8607,1,1913.68,1913.68,2023-09-14
17049677-3515-4769-9ef3-37cd0f2af0dc,1,401.17,401.17,2024-12-13
171265e5-eeb7-495a-9157-0c0d9fd3c6fe,1,727.67,727.67,2023-10-31
171603b1-7466-4e6f-a1ee-b1f133b1d0dc,1,1635.71,1635.71,2024-10-22
1725b9ae-9e36-4de9-af2f-009e7f44f777,1,181.36,181.36,2023-04-01
17518c7b-5fc7-4e1e-8044-6fd281743a2b,1,1051.45,1051.45,2024-03-23
1751ad7c-f1f1-4847-9da5-427172e9fb2b,1,348.61,348.61,2024-08-28
17545010-78bd-4e92-8a07-32adb089b21f,1,299.20,299.20,2023-02-19
17560b27-cd4a-4ef6-bf2a-44900ff82a68,1,932.14,932.14,2023-03-12
17744800-3dcf-4a2b-b87b-95bf6b0b8a88,1,437.04,437.04,2024-04-06
17816099-1d7c-4864-b222-3847b452ae5c,1,755.34,755.34,2025-06-29
17907876-8403-43bb-96c1-94580b5665c2,1,40.98,40.98,2025-10-02
17b05872-787f-47de-beae-7e2c90bde40e,1,1478.66,1478.66,2023-04-08
17b15d41-33c2-4606-931c-1354fb95efe9,1,593.38,593.38,2024-06-30
17b9d89e-b71b-4fc7-9f4a-0227f3ab7616,1,723.18,723.18,2024-03-03
17caf26b-cbfe-4d65-a23b-34635f6763a6,1,237.13,237.13,2025-12-21
17ecb8b9-5b39-4ac2-b437-ec2ee45a062c,1,2152.50,2152.50,2024-10-15
17f8f8f5-2af8-4d44-af75-fa40750f1f26,1,981.50,981.50,2025-07-06
181af69a-16cf-4211-94f0-327b1e978ef7,1,193.42,193.42,2025-12-03
1825bc54-30be-445f-a835-14f2ceb81f9d,1,342.30,342.30,2024-06-24
18275c31-8662-4597-9d28-5350a231203e,1,1694.60,1694.60,2025-04-22
1837e8b9-2a3c-4f6b-bcef-0b0b05d9f92f,1,1838.01,1838.01,2023-05-20
183a0c9e-cc4f-442e-8742-26cb168cab75,2,991.00,495.50,2023-07-02
184393e6-d769-47c1-a6fd-52068ae9fab7,1,79.41,79.41,2025-08-29
18498b6a-df80-47e6-b2cc-3c2797d64c16,1,272.74,272.74,2023-12-17
184aa35b-9359-4813-9eed-acf05606e905,1,134.53,134.53,2025-09-01
185a7fce-5350-44ec-a017-91fdf03ba13f,1,854.00,854.00,2023-08-04
18649df3-35fc-4eeb-b1e7-9cbe45698172,1,1776.24,1776.24,2024-04-27
1871692c-6562-40f2-bd29-219bf0534a14,1,1065.79,1065.79,2024-04-04
1873b726-3af8-4d8e-b143-100a59da673e,1,28.87,28.87,2024-09-23
18745d8d-749e-4d5a-bb3b-87263d9c123a,1,1270.81,1270.81,2023-08-23
187b1c2e-6926-43b8-9266-3abd5089f07b,1,103.15,103.15,2025-04-29
187de90d-f3a9-4ed8-9990-e3a8010b063d,1,270.14,270.14,2023-07-06
1883b28d-cf54-4778-8e13-5f0c68392841,1,1300.08,1300.08,2024-11-05
189a5606-b3ff-4796-a34b-b4e58666599e,1,838.92,838.92,2024-04-07
189bdfe5-1a78-4efb-89b9-e2acd24f9fce,1,140.56,140.56,2023-04-25
18a30a0c-1c55-449e-9c0e-11f26e6af823,1,352.88,352.88,2025-04-03
18bf17f7-7345-4485-9cfc-f31999e844f1,1,400.00,400.00,2024-07-03
18cde8aa-6061-4253-a88e-636304e7ac23,1,495.23,495.23,2023-12-16
18e4dce4-bf0d-440a-ba93-2914b7b015a7,1,128.70,128.70,2024-07-05
18f56437-dc66-47f6-bd85-931776f19892,1,1951.30,1951.30,2024-09-26
18f81d0e-b9fc-4c2e-baa3-1a0bcba74bd2,1,0.00,,2024-11-21
18fa85bc-e595-44d1-8c8e-9cbb98a45d37,1,277.53,277.53,2024-11-18
18fdd2b9-79e5-49aa-992a-35497ba109d0,1,102.44,102.44,2023-08-31
191578fc-ed09-4d70-a08d-fc3de313633f,1,100.65,100.65,2023-11-25
191ae872-c19c-4037-af02-3ae8858b3e73,1,1724.85,1724.85,2023-03-07
194a5e83-b658-4077-b428-8600ad5c5f36,1,479.46,479.46,2024-06-19
19543a56-5b76-42ab-9577-57181978d16a,1,1421.92,1421.92,2025-12-06
19581d52-9984-4735-a8c4-46bf1beae2f5,1,93.32,93.32,2023-06-15
19700db9-f0e7-428d-915d-5b79ac2144c3,1,983.59,983.59,2025-08-31
19743ef5-e2d2-47ee-abe7-d778346f865a,1,1249.80,1249.80,2024-05-05
1974fdae-ad4d-4ea6-8622-bc7811eed364,1,278.33,278.33,2025-07-17
19876143-f9db-4571-9bff-50b21d75811d,1,157.75,157.75,2024-09-30
1988b7ec-4a09-4bef-881e-fa1ff412b349,1,775.04,775.04,2023-05-21
1989c7a8-ea95-49f2-9ed0-8f80570540bb,1,2404.85,2404.85,2025-01-29
1993644b-0f4d-426e-8d35-8bc380863f67,1,604.71,604.71,2023-03-12
19985f15-ff00-4d4d-9020-59e4ff9ab5c2,1,260.19,260.19,2023-10-29
19a6914f-8c93-43f7-b097-f2708cf2d92e,1,444.20,444.20,2025-05-05
19cc1aa9-69c6-46ab-9a9f-4fc0b286da27,1,377.95,377.95,2024-11-11
19d026f8-a2dd-47a5-a92e-3e8902cef4af,1,68.96,68.96,2024-01-29
19da32c6-5ea0-4452-80a3-3bb9c5a07eaa,1,1939.68,1939.68,2024-11-26
19e67139-45fe-4a41-85fa-5323458876fb,1,660.93,660.93,2024-02-17
19ee23d3-7c17-44b9-95fb-1ff449aed8eb,1,2101.68,2101.68,2024-11-17
1a2ba7c1-4358-407d-9f36-31120b2b6b42,1,328.70,328.70,2025-10-17
1a39d795-fa2c-4d96-a914-f1acd2a291f6,1,424.36,424.36,2025-05-17
1a492555-2b89-44a1-a279-9225adb3a657,1,131.80,131.80,2024-06-07
1a573620-ee51-4679-870b-b930ffdcf511,1,1371.45,1371.45,2024-03-07
1a59b8ec-57da-4885-8b5c-414af7da7bc5,1,394.32,394.32,2024-09-06
1a5b3994-7107-45bc-8451-fd8fd14b1261,1,824.40,824.40,2023-02-26
1a67ace5-d670-401d-ae24-83390cf78ae8,1,0.00,,2023-12-12
1a72184f-a03b-4197-a46e-777443a16938,1,308.22,308.22,2025-08-12
1a73d59c-d2b5-49f2-8183-52c2316e76d3,2,4487.30,2243.65,2024-02-21
1a843dc0-c308-4e39-8796-882c8156a127,1,1927.50,1927.50,2024-05-10
1a85fd69-344c-46cc-bf48-e5f018cc0e29,1,320.66,320.66,2025-06-22
1a950f3e-bd84-46da-a266-04f3c9afd545,1,966.52,966.52,2023-01-24
1ab3e91c-4108-4989-9030-1dc4572e8940,1,2046.19,2046.19,2023-12-04
1ab88733-80e1-4c41-8a9a-727fb2a12a55,1,194.51,194.51,2023-11-01
1ab9a3c6-192f-4bba-80ef-c826381f453e,1,459.24,459.24,2025-01-04
1ad261a6-2b9f-4948-bcfc-6b677774b331,1,170.18,170.18,2023-10-02
1aeb1100-82cd-4317-bc24-5777d41b34ac,1,1962.70,1962.70,2024-09-11
1aedbcfd-a357-44ea-8e80-c78a6bf2d5d9,1,981.04,981.04,2025-12-03
1af2a8b0-61d7-4178-88e1-cf817f725f79,1,1677.92,1677.92,2023-11-14
1b1301bf-49eb-4924-b645-05a969e1f0fd,1,498.90,498.90,2023-07-28
1b22009a-e2fa-46be-91ce-0cac665d76d7,1,720.24,720.24,2023-04-12
1b2375d0-b38f-40f2-8dd8-67e55f26b2a6,1,593.18,593.18,2024-09-19
1b3e2271-1a71-4bdf-bb6d-e07125b08a57,1,536.11,536.11,2023-06-08
1b42d88f-c4b5-4808-bcb6-f8a1e55e4509,1,287.57,287.57,2024-05-26
1b5a4c97-91fd-48fa-9e0f-a86f1ed5dec1,1,1566.41,1566.41,2023-05-03
1b6764a2-aa17-400d-a6b9-a963f1e55cd6,1,2025.17,2025.17,2024-06-25
1b67fde9-0946-4055-bb9a-08e4501e2f04,1,325.94,325.94,2025-04-09
1b75614f-aa08-4677-b2e6-af5816879c67,1,245.80,245.80,2024-03-24
1babc41f-40c0-48ac-8ffd-5c626693a1b9,1,938.52,938.52,2024-08-06
1bac9257-f9ca-425a-9a1a-b0d9271c8856,1,724.52,724.52,2023-12-02
1bb81c66-f929-48fc-8285-f46773ea068f,1,1403.24,1403.24,2024-02-20
1bbcb748-bb55-4fa3-ae26-651915f87768,1,1072.24,1072.24,2025-01-29
1bcf1c2e-23e1-45c8-bcd4-6a34840d0878,1,199.53,199.53,2024-09-22
1bd5f014-3de1-4ef6-b77d-a5d025f78b6f,1,373.85,373.85,2024-04-26
1bda6e42-8138-4573-8a3e-8a692d7e4d55,1,348.55,348.55,2023-10-08
1be4ff2c-ece8-4bab-9d9e-57a063142d7d,1,1272.86,1272.86,2024-01-14
1bf41192-2943-4001-9daa-db3f5f60eca8,1,262.94,262.94,2023-11-26
1c215aa9-e75d-450c-85da-d60e73d651d0,1,381.71,381.71,2024-09-28
1c220f42-090d-49db-b674-b191bc6552b1,1,1595.92,1595.92,2025-05-08
1c274e43-53a3-4a46-8054-aa86d689746f,1,1154.92,1154.92,2024-11-02
1c2896dd-23b3-417e-b81d-419c7ca1c13d,1,384.60,384.60,2025-02-25
1c39b72b-a3fb-4602-aee0-01b44c6b9262,1,586.42,586.42,2023-02-17
1c42398a-d337-4e70-8103-158395c91b4e,1,1791.00,1791.00,2024-04-10
1c4f3c3b-50c1-4fe8-a54e-adaf9cc37efd,1,606.77,606.77,2024-06-13
1c6fec01-f57f-4bba-bfba-cf5fa576db48,1,55.19,55.19,2024-08-25
1c7f1fc9-6d3b-4682-a40e-7ff0bbc34e9a,1,942.55,942.55,2023-04-02
1c9bbeaa-9d64-4f94-aba1-548f8f6b0446,1,191.60,191.60,2025-05-11
1cb8d52e-b378-48bd-a0e8-821d430dd383,1,157.89,157.89,2024-09-01
1cb9b73a-906d-4c8c-aad0-8c8913fe8a29,1,251.70,251.70,2024-09-23
1cc0b764-b06b-4fca-96b4-05d7712dd406,1,130.40,130.40,2024-08-25
1cc7d838-9fe1-4ebd-9465-0e818d74aa30,1,1618.96,1618.96,2023-01-29
1ceac88e-185c-4bef-ab85-0cc506478a26,1,47.40,47.40,2024-07-28
1cf15472-4fe4-45f2-b151-acfe3fe93622,1,944.94,944.94,2025-03-24
1cf2703c-c13a-4554-8fc9-039f1d864605,1,1217.49,1217.49,2025-04-12
1cf98855-719d-454f-81c6-af4013d5ac4f,1,218.44,218.44,2023-07-29
1d1d931c-7b20-49bd-8732-b28ee8e02c58,1,203.55,203.55,2025-06-19
1d2467e2-0191-419d-845c-3fbb52ecac27,1,200.34,200.34,2023-01-14
1d2c87ce-8b95-4b57-bff5-106df8db3033,1,731.66,731.66,2023-11-09
1d2c951f-8427-48d7-ad16-dc604f818984,1,934.42,934.42,2025-11-24
1d4489f4-7398-4c20-94ed-8b694a35bd63,1,973.30,973.30,2023-02-12
1d48a071-ab61-47b1-b93b-4c3220500494,1,223.25,223.25,2024-04-25
1d48c973-0748-461d-81a8-25bea2694549,1,345.81,345.81,2025-05-21
1d4adfa1-f814-494c-a276-9aa05b715f52,1,991.08,991.08,2024-02-09
1d534cdf-c552-4e16-a7ff-111960a7d89f,1,1339.23,1339.23,2023-12-16
1d5723e7-a388-4d72-bd43-a755864a9d07,1,695.98,695.98,2024-02-22
1d6c0c5e-c393-4544-8378-3050e599e2e0,1,794.64,794.64,2025-02-26
1d87de0e-65e0-4067-8dd8-03c937ed5a98,1,719.84,719.84,2023-11-04
1d930b9b-de70-4c0e-a6ea-2cc22c138751,1,492.48,492.48,2024-09-24
1d9a1365-39a7-4d49-ae15-f28a90870c83,1,452.12,452.12,2025-08-05
1da1eaf6-930a-4de6-a971-ea93927a6e91,1,955.75,955.75,2023-06-23
1da5a16d-6676-4270-a5a1-b12b00a6c3cb,1,415.88,415.88,2023-05-19
1da7bdd9-e0b9-4320-b6c4-f6b29b0db81d,1,941.95,941.95,2025-03-03
1daa6780-715a-40ca-a260-04844e7fe05d,1,192.20,192.20,2025-04-02
1dbde489-67de-45bc-904a-7079fa80a15f,1,1186.00,1186.00,2024-06-26
1deac3ab-2b12-4303-a0a0-7175155244fe,1,1144.70,1144.70,2024-08-04
1e001af7-0112-4d83-a232-df5c85c84ccb,1,418.30,418.30,2024-09-23
1e005657-d048-4e32-938f-627626dea97b,1,1061.04,1061.04,2025-04-06
1e0ede55-672a-4164-9f34-53e2f1d0ab6c,1,29.24,29.24,2025-03-24
1e171c05-bd50-4fad-851c-94d7dd7803c1,1,101.50,101.50,2025-01-05
1e177178-8eec-4bf2-bade-297e1fd81ffc,1,370.69,370.69,2023-01-14
1e41361d-957d-4de3-8b00-5de316db34c3,1,849.68,849.68,2025-05-29
1e565b5d-7658-4a75-a236-822e2da5a8fa,1,602.24,602.24,2023-02-01
1e603c12-842a-4c9c-a444-6273e0d2aa98,1,293.28,293.28,2025-03-14
1e704e82-ca10-4b7e-8f6c-847b1a16e068,1,195.11,195.11,2023-01-28
1e77dfe3-b713-4d43-93bf-8eced57bf281,1,1240.84,1240.84,2023-08-27
1e844654-1802-4fae-aa5c-384073b0e41e,1,184.31,184.31,2024-01-14
1e8a0c9c-dee3-4fed-9aca-06fde175c01d,1,1473.08,1473.08,2024-02-23
1ea48e7d-216c-4adb-bc07-4af529460959,1,1795.05,1795.05,2025-11-09
1eabb6f1-3114-4744-b15c-ffc9c3397b73,1,1107.44,1107.44,2025-02-16
1eabd98d-df05-401b-8354-948c916dae4f,1,1144.45,1144.45,2023-10-12
1eac007f-5df6-4dc5-859e-a5dc8b21b509,1,275.70,275.70,2024-09-16
1eb00c17-3971-40cd-bfed-8f164ff29102,1,104.46,104.46,2024-08-21
1eba3186-931b-4f4d-ba4d-6caa4cf8651d,1,1593.84,1593.84,2025-02-04
1ebe1730-60a1-4722-9893-75a48398ecd4,1,86.12,86.12,2025-07-18
1ef10ccd-9b6f-41a3-b8bb-cc542fc068d2,1,932.62,932.62,2025-05-09
1ef15fc1-1daf-431b-8173-7ba6f33b7c4e,1,493.32,493.32,2024-12-24
1efaabec-55f8-4c39-a4c8-09af30ffc6cc,1,0.00,,2023-12-04
1f0318c0-dd52-4fc8-83fb-5c2065c04d48,1,943.92,943.92,2024-11-03
1f0c4661-109a-4450-b59e-f621d1af623f,1,411.60,411.60,2025-10-31
1f1300c0-c9dc-43aa-a819-40bd51816c0f,1,802.50,802.50,2023-06-06
1f244b3a-a251-46b3-b3a2-2d6a14a607f1,1,93.56,93.56,2025-09-29
1f48ab24-98aa-4217-857e-7b014ea0705d,1,1045.85,1045.85,2025-03-15
1f52fa3a-cc32-43f2-b308-c62b696bbb3e,1,1224.29,1224.29,2025-12-28
1f5393b8-b774-4054-97fc-7c58ee0bc521,1,594.84,594.84,2024-08-03
1f602dec-3f2f-4e63-8120-85a5da0401c9,1,1513.72,1513.72,2023-07-23
1f7a72ea-cf62-4123-93af-a6746c9ad542,1,580.48,580.48,2023-11-14
1f8452fb-6c26-4326-8dc6-d899ee209e85,1,521.52,521.52,2025-07-21
1f99e0a7-f905-4bd9-ac7b-33827b51b4bc,1,106.67,106.67,2025-06-30
1fa56d46-bb39-4d05-a63e-642d33eae04d,1,338.32,338.32,2023-03-24
1fc5e6ef-c7bf-4d89-b050-1385c0c421e7,1,472.76,472.76,2023-03-29
1fcf1c05-5133-4179-8cc9-3a5a63e6446e,1,1309.31,1309.31,2023-07-05
1febc9af-b2a8-4456-884b-fa8ce3593ee9,1,387.28,387.28,2023-03-23
201b5e7e-8347-4fcf-bf20-54039077f7a1,1,1307.65,1307.65,2024-01-20
20323ec5-2f4c-4a5e-869c-4218ecb55c92,1,472.07,472.07,2025-07-16
2032e362-de61-480d-8acf-b1a031b592b7,1,174.81,174.81,2024-08-28
203f074e-e041-4805-bdce-29756aa57f33,1,504.98,504.98,2023-08-02
204678c9-bbc7-4e86-9adb-89f9f92e44c9,1,498.44,498.44,2024-07-17
2062508e-4b5a-4c21-bea6-b3ffd5f43ea5,1,382.40,382.40,2023-05-07
2073ac31-f8fb-4475-969a-7304ef97d46b,1,561.02,561.02,2025-01-13
209879ee-5f3c-4ce8-8d0c-c5b510ecfda4,1,533.30,533.30,2023-01-14
20a3c308-ae42-46c8-989f-55e667964fdf,1,1077.44,1077.44,2024-04-12
20a80fe9-b42d-4174-8145-14be5da83f2c,1,301.14,301.14,2025-08-24
20c723d3-ff16-40c6-ada2-4653e1bfe8c4,1,1210.76,1210.76,2023-12-02
20cd3ff8-df83-4bb1-8ea5-8f277cbd9bd9,1,349.99,349.99,2025-12-10
20d5abb5-e6d9-4cd4-9717-fe7041a1fb1c,1,573.20,573.20,2023-04-17
20e2d897-06ff-4f54-936d-c4ef0d4bdac8,1,389.82,389.82,2024-09-26
20e8dae1-b1f0-4d9b-8e21-7fb3be654bf9,1,812.95,812.95,2023-05-12
20f0156a-1e6a-4628-9c6d-52d5ae2e9af9,1,463.98,463.98,2024-07-11
20f41f0b-2401-4b6a-84f1-4a20bd7cff65,1,543.66,543.66,2023-12-31
210b6a65-6d8d-4d76-a7ea-2294e08ed269,1,957.24,957.24,2024-05-18
21198e7e-9ec4-4786-8327-6984e0ad133d,1,485.75,485.75,2023-01-07
2128e419-79c8-45d0-8431-bcd99d455b0d,1,699.35,699.35,2024-08-19
21483249-414e-4cc1-9027-8ec26125cb48,1,1498.18,1498.18,2024-03-15
21540cfb-4447-424b-ab1e-12d2904fa9a6,1,898.54,898.54,2025-11-30
2157d7ec-8ec3-40d4-a5c8-8e4f7fc3fa1c,1,1167.20,1167.20,2023-01-08
215a91fa-5814-43d9-a18c-d01a1dc904f9,1,420.13,420.13,2024-02-25
2160c1ac-8a9c-4759-a809-75bfae4ec4b3,1,863.68,863.68,2023-05-19
216db33d-73f3-4aa9-af3f-7de4880035d0,1,9.84,9.84,2024-09-11
21737acd-3e37-47dc-84d9-92ecea3c2de7,1,95.44,95.44,2023-12-10
2175fb36-9abe-4c1c-972f-f387ea932381,1,24.45,24.45,2023-09-21
217bc29e-ec95-43e9-a1fa-246624f982ec,1,542.58,542.58,2023-10-25
217c82b1-c884-4ac6-a19a-4805e03a0ab6,1,2202.25,2202.25,2024-06-30
2194293a-5383-49bf-98ac-09836fc38ef9,1,1619.40,1619.40,2025-12-15
21a88346-cf3c-4f88-9ea4-6f40a83b3d55,1,365.00,365.00,2025-07-23
21aa6694-eed0-4f87-a79b-eb3e049d2c1b,1,597.84,597.84,2025-08-22
21b80e00-138e-47cb-9038-edd2694cad07,1,546.00,546.00,2025-05-07
21b81883-3918-464c-ace9-94de045b9ff7,1,19.14,19.14,2024-07-27
21c96a4f-f984-4c17-9ccc-55ce1559eb30,1,626.72,626.72,2023-05-21
21d555d0-27c0-4780-aa67-946d7d6b57af,1,53.16,53.16,2025-03-23
21d73c7c-1f5d-4fee-9b05-100d00dafbb8,1,142.90,142.90,2025-05-12
21eb090b-444e-490e-9e47-e830c451af49,1,869.56,869.56,2023-08-09
21ef42cc-1b89-46aa-a1bd-240181ec72e8,1,729.40,729.40,2023-05-20
21fcc000-f37f-4265-8db9-372a752e9456,1,478.64,478.64,2023-08-20
21feaa32-4c28-499d-9765-ee09d0fba467,1,2255.65,2255.65,2023-03-21
2218f4b6-f542-4c48-9479-59df167c1165,1,946.40,946.40,2025-09-29
221948d6-5b4b-45b9-9902-e8043c33015a,1,560.42,560.42,2024-08-01
221f4823-fb1b-4719-a88e-0e64abed0706,1,801.06,801.06,2024-02-07
22212e52-d6e3-4103-9df7-0cc1133b385e,1,37.58,37.58,2025-09-05
22249813-0a6b-4e3d-94fd-0594ecf91245,1,2434.45,2434.45,2024-04-04
222b0b4a-9f6a-412c-a56b-be8a0f38b27b,1,144.40,144.40,2023-11-06
2243e46c-b32a-44c3-b66f-200dbb0f5aea,1,1006.92,1006.92,2024-08-04
226e39e5-5d86-4197-a4e7-a7475509426b,1,1594.25,1594.25,2025-04-01
22847787-5076-40c5-8455-77fcdfdee2bd,1,1749.24,1749.24,2023-12-22
228e7e29-4568-4482-9317-97293221093c,1,109.75,109.75,2025-04-16
22a6ea8a-5800-41cb-862d-e9af5ac2ffc5,1,66.38,66.38,2023-05-13
22c1f991-e38e-4f32-8e2a-553902aea08a,1,840.07,840.07,2025-05-15
22d89140-a8a4-4b76-87e2-9e5fe3f3bf4b,1,617.30,617.30,2024-08-20
2329a529-52f4-4bbf-9460-004480d643f2,1,299.13,299.13,2025-11-08
2333c422-a3dc-4212-86ea-b78ce6a697fc,1,798.44,798.44,2023-12-11
236dc817-b816-475d-a5e4-fbb4c43f56f2,1,830.74,830.74,2024-09-04
236f3916-0362-4fa7-bc23-9dad58b6e71c,1,310.08,310.08,2025-12-21
23966b83-5cd1-4b22-b0e8-b2fa4fc34759,1,446.55,446.55,2023-03-15
23aa1a48-f1d8-472a-8b84-4ffe1b312cfb,1,1916.56,1916.56,2023-03-03
23d146a9-c340-486f-b996-cbae99b80c76,1,1306.32,1306.32,2023-08-05
23e8af76-be86-45f3-ace1-022b0f0a7be5,1,85.15,85.15,2024-06-02
23e9c687-419c-4822-b97d-2f9d2867aede,1,169.56,169.56,2023-03-22
23f54caf-3460-4c32-b6a4-1281c0256394,1,1620.80,1620.80,2023-04-22
23f96deb-4140-45ca-af56-f3433c46d4cd,1,1116.15,1116.15,2025-07-25
2404576a-13d6-4942-98ed-02a8868259c4,1,1270.85,1270.85,2023-02-25
240a04a9-c0db-4e13-9a25-56841ca33370,1,563.60,563.60,2025-06-22
2415a4d5-5564-4396-aef8-6c0252847edd,1,189.09,189.09,2023-06-01
242c5016-bf90-4efb-9ee0-2b4de2fc8077,1,1316.41,1316.41,2023-01-31
242f1baf-86bf-4beb-804d-ca01c63be21f,1,409.05,409.05,2024-08-17
243191eb-5d9e-4717-bf08-6a9e569db57e,1,254.98,254.98,2024-08-10
244220c6-4b0c-400c-a626-c97d73fe6a93,1,447.84,447.84,2023-05-02
24444f64-3025-4856-8967-65693cb29bf1,1,1243.55,1243.55,2023-10-25
24478e0a-45e2-4ee1-add5-5c3c8c7c0585,1,320.10,320.10,2024-12-10
245520fb-b141-4d57-b86c-2f9e1fbf068b,1,813.84,813.84,2024-03-03
24630012-166b-49d1-9fc6-ea78b3c622f8,1,1891.16,1891.16,2025-04-01
247474b3-1d7d-4bb3-8e00-44e207af3b8a,1,93.34,93.34,2023-10-23
247e5804-4ee8-4653-943e-5658eb07e8ba,1,500.05,500.05,2023-01-09
248dcd4e-0e19-4cf6-8831-1c3a7398f5c5,1,1011.03,1011.03,2025-05-03
2495c5a2-c64e-4eca-b20d-ac54b4ef32c2,1,85.36,85.36,2024-02-08
249e4334-f556-4d71-bba4-786255fd880a,1,334.38,334.38,2023-04-05
24a167fd-34c6-4a9b-a07c-0594b13e655f,1,293.98,293.98,2024-09-05
24b9191a-5ab5-4061-a371-7250e4c90234,1,2185.60,2185.60,2024-08-21
24d6bca4-517f-4719-a629-a922153f1e28,1,1319.62,1319.62,2025-04-28
24df0b35-7abf-4767-b76c-ee2ce86784de,1,1673.42,1673.42,2023-06-05
24e071eb-a94d-4fda-b685-88e104eeb368,1,11.89,11.89,2024-11-09
24e368ec-6ee1-470b-8c8e-cd408f47abc3,1,677.69,677.69,2023-08-10
24f9056d-95df-4cdd-b8b6-0e2a7a26d8a4,1,842.03,842.03,2023-12-15
25123595-5c37-41c8-86e2-b437347dc077,1,949.10,949.10,2024-12-17
25212a75-bbfe-485d-89e9-ea0d0657f1ff,1,360.41,360.41,2025-01-21
25418a18-f0fc-4c08-8431-cfe3ede4415e,1,2101.10,2101.10,2025-07-03
255e674b-8820-49d1-97f3-7a728eab2cd5,1,1164.42,1164.42,2025-02-20
257035db-3fea-490a-a1f8-072dddb7570e,1,290.18,290.18,2023-03-21
25769caf-a6a0-4f89-a549-7e8a4bfaaaef,1,1782.75,1782.75,2025-11-16
25a2b98c-218c-4dd9-bb0b-ec4b7d3f2384,1,1166.31,1166.31,2023-11-05
25a30516-119d-4d67-b4d8-76deffff8099,1,289.87,289.87,2024-01-21
25a3dcf6-a1ed-475b-9ef9-d51fe329c512,1,392.03,392.03,2023-06-15
25a773de-8337-46c2-a591-3d354dd5b00d,1,143.87,143.87,2024-03-07
25bdab14-74ae-4b96-ae13-3adc7ff5088e,1,181.35,181.35,2024-02-23
25c0eac3-a286-4f80-b4e0-958b17ded331,1,701.73,701.73,2024-02-07
25e38cf7-9485-44ea-8319-4afaa6618c40,1,376.05,376.05,2023-09-04
25ec7f35-8a57-4dae-8260-b3e9341c5b7d,1,404.94,404.94,2024-01-22
25ed5611-11c6-44de-8aa5-1055d8752c82,1,1153.87,1153.87,2024-04-21
25ee2c1e-968f-4933-a6d2-9577cc5b7b9c,1,459.56,459.56,2024-10-04
25f4ce48-9d48-4de1-aa6c-c08455bab777,1,462.92,462.92,2025-02-24
25fb247c-9ebc-49fd-a760-9c775074f4b4,1,106.23,106.23,2023-01-16
25fc9f06-5bb1-4649-942e-24e85dcfb153,1,1110.46,1110.46,2024-09-07
26050196-f2fb-4ac1-b685-0ced7d99b3ec,1,134.82,134.82,2023-06-29
26127d5b-97ed-4ca4-a339-6aa55e20d230,1,418.46,418.46,2023-06-09
26242cce-dd71-417a-aa93-1fda3fe233bb,1,338.67,338.67,2023-03-10
263121f4-c864-4829-8b6b-61ace474de7c,1,850.38,850.38,2023-04-09
26344a66-7a96-48c2-aea5-98f9495bfb6f,1,1303.80,1303.80,2024-04-03
264bd866-4ed3-4a05-a61d-779aca85e15d,1,131.79,131.79,2025-11-24
264cd37f-3f76-4984-9342-1a09669b8e08,1,870.99,870.99,2023-06-27
2650b72f-6043-4b9f-9510-c1efe415626d,1,405.83,405.83,2023-11-28
2652048e-4cfa-4494-9aa2-22caa9fb289b,1,1216.11,1216.11,2023-07-11
266ab5f8-7854-44c0-b120-5f702df11536,1,378.20,378.20,2024-04-18
267863e2-365d-4cc3-a6d9-011a77af791c,1,293.26,293.26,2024-05-11
2678e702-a610-4004-bf30-a6450256e275,1,411.32,411.32,2023-05-20
2686e75a-620f-4fe3-8788-204dc1a94a28,1,1732.38,1732.38,2025-09-24
2687c2ed-6fc0-4743-a1cb-0b88f8272b68,2,95.18,47.59,2025-01-08
26967c7d-8e87-456f-9479-c50e4e338444,1,347.60,347.60,2025-11-06
26abf251-b8f1-409a-8f3c-9adfe5592193,1,462.63,462.63,2023-03-11
26ae933e-5d16-419e-89c4-dfe90b1051c3,1,1515.35,1515.35,2023-01-15
26c3aaf7-d8ba-4d48-94e6-cd669be8a7e0,1,1468.80,1468.80,2023-01-08
26d1a6ad-71bc-4a0d-8907-c7cfd69af16d,1,243.40,243.40,2023-07-29
26df8145-22d0-4514-b5f2-e7813259448f,1,284.21,284.21,2023-08-28
26f08b2a-f130-43c2-aece-3669b0ae3571,1,262.34,262.34,2023-02-20
26f29800-1be3-43fd-9289-85e656ece23a,1,150.98,150.98,2023-02-23
26fa466b-1573-4a73-8266-557cefc66c4c,1,1668.65,1668.65,2024-01-06
26fdf58f-26e1-4756-85fc-6aff0d65519e,1,342.36,342.36,2024-06-20
2722e695-4618-4f72-aeec-67d5e942c749,1,697.22,697.22,2025-06-02
27346c0b-7b56-4038-bb30-8369824dfdf7,1,226.90,226.90,2023-06-14
27362677-4b13-4b6a-8ef0-5e0879c3de2a,1,1105.70,1105.70,2023-11-23
27380016-f251-421d-95e2-4956ebc72a5f,1,343.54,343.54,2025-09-01
273c5b2d-f2cc-41b7-8eae-97100f5ee233,1,79.00,79.00,2024-02-15
273cdb44-bc8e-45c4-879f-50678278f424,1,1023.33,1023.33,2025-06-17
2740dcf4-8a20-41ce-aa6a-92bdc4e964f6,1,270.36,270.36,2024-09-20
2766b577-f774-4283-a259-9e8c1fd73a2e,1,409.26,409.26,2024-06-01
278acbbf-a678-4947-9647-b194565a1072,1,406.56,406.56,2024-04-28
279f5df0-da2d-4df9-a3c1-4a53acf96a12,1,259.65,259.65,2024-11-27
27aea356-eb37-4ce0-8d40-47ae4e531917,1,2259.60,2259.60,2025-12-23
27af9995-8e5a-4e09-accc-181e2e54ca50,1,1163.48,1163.48,2024-01-17
27d1f2df-dd80-4dfa-8f3f-b1bc0357085e,1,1223.70,1223.70,2025-09-26
27f63d41-2b7e-404f-a321-b54ade10a04c,1,343.64,343.64,2023-02-16
27fcb080-9839-4b39-bcfd-866942e12288,1,154.97,154.97,2023-07-18
2800bf99-c0e9-4651-a060-f9156ed8d6a1,1,440.67,440.67,2025-03-29
2804335a-3311-45e0-ac5c-ce54210c78d9,1,678.76,678.76,2025-10-24
2807ac79-f989-446c-a288-abb725c33b5a,1,439.56,439.56,2025-04-22
2811a218-42f8-46be-8275-734bd32e6fc6,1,870.25,870.25,2024-05-01
281d2c44-fd66-4f49-8663-6be841389c6f,1,1110.06,1110.06,2025-03-20
282b0c7b-917a-42fa-af27-f61234386cdd,1,1156.55,1156.55,2024-07-05
28309a79-fc0d-4567-bb4c-e00fe730bbdc,1,592.10,592.10,2023-01-17
283ba30f-90b4-4e15-889f-f69f7c1f2057,1,845.50,845.50,2024-09-15
284a06f4-3a47-40fb-a2ad-bd4e9d3e13ab,1,178.30,178.30,2023-05-14
285946b3-7218-4854-be5a-60994dc80592,1,143.28,143.28,2025-06-30
285bb809-162e-4894-9f58-bf7d35327c67,1,558.85,558.85,2023-01-01
285f9ee2-39c5-4f24-a103-4a205a8f4ab1,1,361.74,361.74,2024-10-31
28791fa4-7a80-4dd0-8286-2014ff41e2a0,1,389.35,389.35,2023-04-12
28848e97-5a69-4dab-9d1b-779dcc2d9252,1,411.05,411.05,2023-11-15
28a775b7-ae00-4316-9f10-9f59a4d9ac7c,1,822.19,822.19,2025-09-27
28b64c46-ff60-4b7b-bb7d-92ee26802bc1,1,871.17,871.17,2024-08-28
28c52d31-6d71-4d42-9b74-ef01a4a8e2d6,1,1276.45,1276.45,2025-05-29
28e60130-2d23-4ed1-bf5d-21f279731ea8,1,187.29,187.29,2024-11-18
28f4b935-f30d-45ef-8a67-03ccd9296018,1,668.22,668.22,2025-08-16
290ac04f-0a39-43a7-8e62-1c9b2dc9b66d,1,587.59,587.59,2023-08-07
290c42f8-d30b-4f65-99b3-8619d1fb55b1,1,254.43,254.43,2023-04-02
290fc9ca-7f92-4725-a211-ed9f9892f7fa,1,837.54,837.54,2025-11-20
296bc878-b3e8-46bf-9425-8378d2cb0fa8,1,518.18,518.18,2023-10-28
296da4cd-431b-411f-af90-d9afca07906e,1,184.71,184.71,2023-08-13
29999564-3f01-4f17-b98e-411128c9006b,1,993.51,993.51,2023-03-17
299ebd2b-cde6-4708-8ca3-e804e3cc21fc,1,183.03,183.03,2024-10-31
29a7577d-c177-4c26-95bb-ad630826b159,1,915.21,915.21,2023-02-06
29ae01d1-ebee-4748-aa93-9b48cad77185,1,276.41,276.41,2024-08-13
29c09a85-48c9-4572-8ba4-0fdb105fef51,1,360.70,360.70,2024-03-27
29c358b4-4a63-4253-9dae-1d99427b8a3f,1,1696.46,1696.46,2024-08-29
29c649ec-2b48-4034-88e5-e76e68eac538,1,1900.90,1900.90,2024-01-24
29d19f4a-16ed-467a-8f86-4ad191113feb,1,1674.71,1674.71,2025-04-29
29e37c0f-235c-42e3-9376-610a423920d1,1,1594.64,1594.64,2023-05-14
29e9c860-439b-4b4e-87cf-b5f4d804ec1e,1,23.23,23.23,2023-05-05
29f937b5-eecf-4fa5-ac72-2e8ccf3cf4be,1,7.35,7.35,2025-06-24
2a075ef6-ce9c-42d7-b650-3688f0ffa78e,1,618.29,618.29,2025-11-16
2a3ddff4-551d-482f-90cd-a4a33da0220b,1,413.07,413.07,2025-03-05
2a45c2ab-8cbf-4db0-b264-accc79ac1b1e,1,554.00,554.00,2025-09-03
2a476530-88eb-4f77-93de-ac055705ab5b,1,89.56,89.56,2024-05-23
2a5b17f6-fe8c-4276-bdf2-612355098451,1,234.32,234.32,2024-04-06
2a6c871b-cf75-41db-be38-46513ff85953,1,128.97,128.97,2025-12-29
2a74889c-6f74-4c44-b1ac-96a2944b8033,1,1110.41,1110.41,2024-09-05
2a765772-319f-4143-a6c3-5199f0b49011,1,243.18,243.18,2025-06-01
2a879ac0-7670-4b08-877e-781c78f756d1,1,392.11,392.11,2023-10-30
2a8ad6ae-6d1f-44a8-9500-19fc23c0a6b8,1,89.71,89.71,2025-11-15
2a940b39-6dde-4126-95db-0d11c5cb9ad3,1,308.40,308.40,2023-10-22
2a98ef14-12e4-45b7-8de1-8281dce41ca7,1,211.39,211.39,2024-08-17
2a9edda7-761a-4914-8931-b2d4d3def87c,1,52.85,52.85,2023-03-12
2ab05af8-87e7-49e2-bf46-d9d3f2794e8b,1,84.06,84.06,2025-07-14
2ab8bd33-911f-430b-9bff-00b07fe670f3,1,145.36,145.36,2023-06-13
2ab8c610-e7e3-49b8-918d-a4887d5704df,1,1985.00,1985.00,2025-06-21
2abc4b2f-b0a6-4457-8620-5f4a6e718848,1,480.93,480.93,2025-06-09
2acc194f-b298-4259-9aec-4a6525cff380,1,721.96,721.96,2024-09-04
2accc477-ebd3-4ebb-a31b-10d19c6b0f4d,1,64.75,64.75,2024-09-14
2acdb86b-9e0f-40ec-b41d-32a64d04afc6,2,3626.18,1813.09,2025-09-03
2ad24be7-ae24-43b8-9476-9237f05c50ca,1,754.08,754.08,2025-03-10
2ad95f99-ee13-44d8-8531-2f2b811660f9,1,1590.84,1590.84,2024-12-23
2af68530-fc45-4481-94f5-eca75b9da84d,1,1823.16,1823.16,2024-10-09
2af8e6e7-8aa0-4210-9120-712228673909,1,1074.15,1074.15,2023-05-29
2af92bf0-12a1-45c8-a6b3-0b6d4be22e6b,1,729.37,729.37,2025-02-15
2afed171-238a-40c0-b876-17df4e0c637f,1,239.40,239.40,2024-12-18
2aff1065-f67f-418e-999f-68540fa02b79,1,306.99,306.99,2025-06-06
2b007383-deb4-4ff2-8ff6-d8bc6999e448,1,606.36,606.36,2023-10-03
2b0a9941-ad08-4bab-8872-544c6020c52e,1,264.56,264.56,2024-07-02
2b36e4fa-6556-4adf-8361-339cdebe25aa,1,1962.10,1962.10,2023-05-16
2b3a567b-0a5d-4e1c-aaac-085fe0cff2e5,1,852.05,852.05,2024-12-07
2b3fa032-0c02-4f4b-879a-d9f47c36590c,1,967.61,967.61,2025-01-12
2b42a9a1-5108-4be9-b76b-ae497a7bf23f,1,281.98,281.98,2023-09-22
2b56db2f-0f7a-401d-ab8b-65fdd8b71fef,1,10.57,10.57,2024-02-21
2b705c0d-3b4c-46db-b5d8-bd9fd2fe9c3e,1,554.36,554.36,2023-08-03
2b71fe06-5b44-4dac-9671-0d4f56a89706,1,803.38,803.38,2024-11-10
2b8bd602-1924-46e7-bc55-7f3fcbcd6f84,1,393.66,393.66,2025-02-05
2b99d124-dcaf-4a81-8bec-22ae888a037b,1,259.73,259.73,2025-01-04
2bac55fb-0dac-4faf-9092-c355ad8b8a4e,1,141.97,141.97,2025-07-11
2bacfc18-e5e2-4907-929a-f17623efe09e,1,1816.24,1816.24,2024-04-09
2bafc1a9-a558-488b-a865-eba4aae277ff,1,1257.26,1257.26,2024-09-08
2bc11bf7-4675-4f60-be4f-f60d093fbebc,1,870.15,870.15,2025-09-27
2bd45fe6-c33c-494c-9571-7ec665cb3d88,1,1331.61,1331.61,2025-08-02
2bf59816-9986-44b3-8e3e-6f365643ac55,1,397.05,397.05,2023-07-19
2bf7c2e7-f746-4036-b4ab-a6ce82165a4c,1,710.52,710.52,2024-03-13
2bf998ad-c92a-4b0c-a56f-fbd8c4329e78,1,89.08,89.08,2025-01-25
2c0775b6-678a-4b0c-acf3-3b77770906d6,1,210.95,210.95,2025-10-14
2c1b5208-98be-4419-9d13-c37dba144430,1,648.30,648.30,2023-12-19
2c485eaa-bdf4-4a6e-967c-b4617721025f,1,809.98,809.98,2024-09-25
2c53c4b6-8a9a-4b37-b9ce-69895ab29d9a,1,1992.55,1992.55,2024-06-28
2c554bf4-0ce4-4d06-a427-480070651d67,1,217.89,217.89,2024-10-10
2c66e038-f343-4589-913e-1b820cf0c982,1,1774.03,1774.03,2023-09-20
2cbff242-c36c-4830-8525-43351c7cb33b,1,743.10,743.10,2024-02-15
2cce0f8b-db29-42fd-8d6e-ce8fdf9c3483,1,135.92,135.92,2023-09-26
2cd99d2e-2e29-412c-904b-a1e8c58000fc,1,295.56,295.56,2024-10-05
2ce70822-dc96-4387-a124-646113fe7335,1,1197.51,1197.51,2024-12-31
2ced976e-52bb-4866-bf93-3b6d2acef9bd,1,30.09,30.09,2024-06-19
2cef1862-f643-4af0-ae84-4e383011230a,1,16.42,16.42,2024-11-11
2d2bacc7-b992-4653-bc59-6f036eda748e,1,2028.77,2028.77,2023-10-11
2d341e87-42ec-4acc-897f-9769b749d03f,1,1259.78,1259.78,2023-09-27
2d42d5e2-036a-4bbf-9ce6-2ecc06cbdba0,1,131.65,131.65,2025-02-07
2d831604-5659-417f-b74b-e180391397cc,1,489.42,489.42,2023-03-19
2da3dab1-97b7-43a8-8dd4-1b5ecd9101e6,1,147.00,147.00,2023-06-26
2da61acf-b630-4d90-affa-40f7350cf740,1,1176.67,1176.67,2024-04-30
2db5b1f4-0321-4c70-b28b-d13c494c8758,1,1264.11,1264.11,2025-06-13
2dbb45bd-2138-42e6-b013-a170d5cf3b4c,1,493.68,493.68,2025-08-09
2dc8f858-b5e2-4cd9-af76-bf19e3ce0749,1,989.29,989.29,2024-10-10
2dcedef0-27be-4417-bc97-b3bbca425e86,1,2175.15,2175.15,2025-04-02
2ddbe035-6e01-4dc9-9035-7ce003388a9e,1,443.53,443.53,2025-01-02
2e04ab33-458c-499f-8485-40e375df2244,1,204.90,204.90,2023-12-20
2e07772e-0db9-4ca1-9600-543077c5e3ee,1,368.92,368.92,2023-04-14
2e0ecb82-bd69-40a2-943d-136f04c1bee9,1,1461.57,1461.57,2023-10-02
2e256d8e-3429-4857-9753-824f2fff1263,1,799.80,799.80,2023-01-18
2e277539-b71d-4c90-8736-e0d79c47e99b,1,411.05,411.05,2024-04-25
2e2d0681-a8b2-4070-9b18-72ac78c4c27f,1,110.38,110.38,2025-10-17
2e3081ce-232f-400e-b98c-efa549b88721,1,261.48,261.48,2023-12-10
2e327d51-99a6-481d-87a1-aff81baf795d,1,43.38,43.38,2025-09-07
2e34c408-c7c5-48ed-834f-793bf505a92c,1,1353.16,1353.16,2025-03-10
2e4827e2-0ceb-46f4-b54c-087fade0fa8c,1,191.89,191.89,2023-10-22
2e5540e6-6ef3-419e-a856-92fa675ea43f,1,707.68,707.68,2023-07-27
2e635f98-12eb-4bd0-ad42-5aaaa753406f,1,1184.06,1184.06,2023-01-21
2e6c6bba-58b4-46e8-84a6-b5ab611a0625,1,935.96,935.96,2025-08-14
2e75929a-8700-45e1-8b48-9b5b6f53ced6,1,1169.29,1169.29,2023-07-01
2e9d8b06-7a27-42ec-b039-20baf13d60a9,1,47.92,47.92,2023-05-26
2eb7f6e1-5365-428c-8bd3-6f9d54fdfb9b,1,1166.94,1166.94,2023-12-23
2ec62764-43e8-4ebf-8b9f-0817255961ba,1,1581.44,1581.44,2024-03-11
2ecb0f5f-9fab-4892-98a6-9b0738e18a48,1,849.31,849.31,2025-09-02
2ed29af9-9f3d-4b14-a5b6-3029f353a855,1,92.08,92.08,2024-04-19
2ef2cafe-5d2e-4783-aa66-8d081134334b,1,1568.25,1568.25,2024-03-07
2ef49ce2-dae5-4aea-84f9-d5f93b821b5c,1,53.92,53.92,2024-07-22
2f02ec68-f8c4-419b-a64e-8fb89bff3017,1,393.96,393.96,2023-05-31
2f0b28c8-16b0-47a9-abe3-5f72f43eb0d6,1,235.07,235.07,2025-03-03
2f3c077e-7777-41ce-aed3-c4c96303aee2,1,1310.70,1310.70,2024-03-25
2f4c0489-1a73-4394-82c6-ccdf824a7619,1,60.80,60.80,2023-07-20
2f5c0b4a-8948-4426-bd2d-972f956acb37,1,6.57,6.57,2025-05-17
2f5f2368-ed33-4c9e-9216-76cbe1661340,1,317.40,317.40,2024-12-03
2f6b95a6-dccd-4ade-b565-53d19b0b93f2,1,1793.20,1793.20,2025-09-21
2f96530b-d3ab-4c3f-b458-98b0b845e393,1,2071.75,2071.75,2025-04-13
2fa1d465-c2f5-4391-a0be-d705b74db993,1,1821.68,1821.68,2023-12-01
2fa227c3-dc57-44da-90ca-beebdb721b14,1,453.35,453.35,2024-09-26
2fd6129a-82e0-4d39-bab0-08df2709f5b2,1,1454.71,1454.71,2023-11-07
2fefad08-dc0d-4f4c-976e-46ee68ded8b8,1,278.56,278.56,2025-02-13
2ff9a249-c0bd-4806-b60a-4df4e3401a76,1,1268.19,1268.19,2024-10-23
2ffeb9b1-01ff-4c42-81fc-072de8177702,1,613.21,613.21,2024-11-17
304b8215-dae7-4073-899f-163e7fde376e,1,23.28,23.28,2023-03-27
30563e0d-2a79-43ee-b1d9-947ad835a834,1,951.06,951.06,2025-04-13
306bc044-e7c1-4395-81d6-a86717e9d585,1,45.27,45.27,2025-06-11
30715597-8703-4d11-a435-40e2ee21410d,1,2085.80,2085.80,2025-02-13
3088f44b-405d-4416-958b-867a46aee430,1,981.63,981.63,2024-10-19
30b78ee1-7cae-46f5-82f7-ea05d05658b2,1,67.39,67.39,2024-07-22
30b85953-d74d-415f-9d34-ee36b9f52c1c,1,712.31,712.31,2023-04-30
30beca83-d27d-4fba-b140-ca4ace823aab,1,169.71,169.71,2025-09-11
30feb983-78f6-4bc1-94ea-8595a5ac71d5,1,512.10,512.10,2024-05-23
31242890-12c6-4e8a-9b8e-698381d0934d,1,641.38,641.38,2025-12-09
312a982d-09d3-4bd0-9870-2dc92dded27c,1,1177.66,1177.66,2024-08-05
314ae079-5e6e-4662-b88b-1b19c736c148,1,1210.40,1210.40,2023-10-31
31501505-3bc1-47bc-b5e6-a351c724945f,1,1134.58,1134.58,2024-12-15
3150efaa-3c1c-4f2b-b3b0-daab2f4dd672,1,677.50,677.50,2025-11-18
315f6ced-bf07-42aa-9f9b-debbec77139b,1,240.36,240.36,2024-03-24
316d171e-be94-44cc-8d45-76d689fa004f,1,208.89,208.89,2024-02-21
3170616d-6766-4298-a431-55ae493c34c2,1,934.96,934.96,2025-12-19
3174266b-c2cd-42ca-bfe4-989e8e93ccaf,1,1124.04,1124.04,2024-04-29
319afe68-3478-4455-824f-307ecf174a7c,1,151.08,151.08,2024-06-01
31aa7288-5a4e-4883-a0df-dbe775b12faf,1,195.93,195.93,2023-09-28
31bf8a3c-5ae5-4068-92ed-9291c3da1521,1,177.53,177.53,2023-11-24
31c990dc-8696-4567-8c2f-21d414a1f4a4,1,517.05,517.05,2024-09-06
31cdba78-8f36-43d7-915a-ff858f70ce5f,1,417.39,417.39,2023-07-10
31cdf8ba-df95-44a1-82ba-7d81d0ae77f7,1,366.96,366.96,2025-07-14
31db836b-2829-4da9-a76b-5b69ad8e9637,1,642.52,642.52,2024-10-29
31e31523-df03-4e15-b1e7-38c5b991db80,1,567.12,567.12,2025-12-06
31e3be07-a8ec-4d87-97e0-8108a0bc716c,1,144.41,144.41,2023-05-23
31e666a8-4106-418d-9468-9398ef3cbd28,1,480.40,480.40,2025-04-01
31ea2821-3034-4270-a81f-f52852ec03ca,1,353.90,353.90,2025-08-15
3201491b-907e-4623-8654-9f04314d877f,1,405.00,405.00,2023-08-07
32073242-57af-4a28-a7ca-c3ee9502ecc4,1,392.37,392.37,2024-04-16
322f100c-adc3-4bfe-97da-3ba69224c44f,1,649.86,649.86,2023-04-20
32303ee2-2707-46ba-8faa-3b1f60c5e090,2,31.04,15.52,2024-02-01
324726fc-b0b4-421b-8604-844f3181b56b,1,847.48,847.48,2024-05-10
325229ef-b3b1-4073-b1ac-300497c99412,1,169.59,169.59,2025-09-15
325b1b68-20c9-442c-86d5-f8276f6d02bc,1,291.08,291.08,2025-04-02
325d94b1-20dd-45ed-be1a-5b41cb54762d,1,18.07,18.07,2023-08-22
32605358-c566-460b-94dd-126a9764a626,1,1661.45,1661.45,2024-07-13
32632cc3-665e-416f-9b67-b77503b88938,1,37.18,37.18,2024-07-16
326ab4b1-c251-43c7-8991-2512a304d72d,1,548.08,548.08,2023-03-01
3270e4fa-abae-4f43-bcae-8081bdf070aa,1,24.32,24.32,2025-09-27
328302de-234e-4cfc-af0c-774ebd9a92c1,1,95.01,95.01,2025-01-07
32855143-ecbe-4c12-a96c-67d96fe0ada3,1,507.31,507.31,2023-11-20
32a807cc-2c47-4336-8006-1add316c00bc,1,1349.51,1349.51,2023-09-03
32ab5afb-d127-469a-904f-892144fa6821,1,332.83,332.83,2024-12-15
32b27bec-51e6-4866-b7b8-70c37b5c2074,1,669.46,669.46,2025-11-13
32bfd79e-566e-4dd6-b4b6-9c804b4616d5,1,258.12,258.12,2025-05-09
32fd73c5-0894-4176-be99-df69bcd49975,1,73.85,73.85,2024-08-16
33056f33-356f-4d31-8209-284616432294,1,1506.47,1506.47,2025-12-27
33057c2b-939c-4a82-9406-b31cc81e34bd,1,108.65,108.65,2023-01-21
3309cd89-f26d-4669-95e3-8f96a2bf0f3d,1,1325.38,1325.38,2025-08-08
330c8461-0d06-4891-a980-8e3c9fa3fe4b,1,163.28,163.28,2023-05-06
330cb9c2-86ce-4c21-9d40-435437ec1673,1,1646.38,1646.38,2023-03-02
331212d1-4cdc-4dcd-bdf5-e219468a4cd3,1,882.92,882.92,2023-07-11
333778c0-5ed0-4957-92e4-f341d3b27e9e,1,965.23,965.23,2024-12-20
33528551-20c6-4af6-8ace-06d905a13ea1,1,461.99,461.99,2025-07-20
3360d115-48b5-4c88-8f63-5f4a2b9a118e,1,15.51,15.51,2023-03-16
3381311d-deac-4a4c-9ad2-7a444bbfb795,1,459.80,459.80,2025-02-06
338c1ad0-5116-4ee6-8705-4e87ffa5016c,1,1800.36,1800.36,2024-09-12
3393239e-e466-47b1-b2f8-2cc4516864ba,1,216.24,216.24,2025-12-19
33a71918-31bc-43e6-b4a1-1f462a08fa8d,1,678.38,678.38,2025-08-20
33adfe79-efea-4645-a245-e9d77de736fc,1,163.88,163.88,2024-04-24
33b20e48-58ac-493e-a401-9bc7dbe2dacc,1,1078.04,1078.04,2024-08-15
33b99bb2-543e-48be-875c-285df84b86e9,1,1102.82,1102.82,2025-11-06
33bcb8a9-c71d-4564-8992-b886c8f216c1,1,757.29,757.29,2025-01-07
33bce9a8-ae62-4bf3-bc6f-11c47e1bf364,1,96.71,96.71,2025-10-26
33eb26fb-3694-4bbb-8871-eb5240f4aab5,1,485.50,485.50,2025-11-15
340155bd-b6ac-4c8e-b977-c7b41e56d346,1,1287.90,1287.90,2023-05-30
3408f5fe-bdd2-4677-aedb-50638a56dd0f,1,883.44,883.44,2023-01-02
341af90a-8f74-4646-96b0-26e10163323c,1,1038.37,1038.37,2025-01-06
34204712-68bc-4bde-bc70-f5fde2adbd15,1,50.87,50.87,2025-10-23
34261533-0bad-4c12-95d2-753864a4f4eb,1,564.92,564.92,2023-02-26
342f2b72-0cac-4cbc-b7be-cf511c1cb8f8,1,508.64,508.64,2023-04-15
345aac28-5749-477e-83f3-c616c9e7cab3,1,1446.18,1446.18,2025-10-12
345cbcab-a040-4bca-9bc8-3ad60c2a7837,1,470.35,470.35,2023-04-16
345d9ab5-c139-4404-bd9a-c43180078fdf,1,881.83,881.83,2024-05-08
345fc257-5530-4b76-b7bb-8679479b6f82,1,1778.51,1778.51,2025-06-07
34641417-e8fc-4b4b-993b-07335181e98d,1,471.12,471.12,2023-06-01
346683ad-c68f-4f12-bd02-c8fbbb6329e8,1,821.92,821.92,2023-08-24
346a36f9-b2d5-4207-9ade-d1971eea08a6,1,237.01,237.01,2025-04-28
3476581f-b967-456d-b68a-2097417cf2ed,1,343.47,343.47,2023-08-10
347fc9f0-b5d9-48cd-a5f0-0ebc7fab189e,1,297.19,297.19,2025-08-25
34928a7b-42dc-4d93-a93a-04150360bd53,1,1266.25,1266.25,2025-09-04
34b16488-cb4a-4b4b-aa68-3e184fc40b0a,1,28.97,28.97,2025-12-13
34b9e468-9f7b-43b6-a14d-cf973c3b41fc,1,814.44,814.44,2024-12-25
34c07100-7179-4639-b08f-b8a15d654a47,1,180.34,180.34,2025-08-19
34cd5d6f-52bd-407b-87b5-c69a4a13de29,1,40.59,40.59,2025-03-29
34dbda6b-dd9e-4b6d-a751-82a4f48138b5,1,32.00,32.00,2024-04-04
34dcbb35-386e-46b7-a1bf-d3738372bb35,1,17.68,17.68,2025-03-15
34f406c7-1314-4259-94e4-7f35f7e9d527,1,574.80,574.80,2023-02-11
35354a93-0a94-482b-b85a-ef5b36cf56e7,1,483.93,483.93,2025-02-17
353fe8c3-92e7-4ba5-866c-daddbb5ed054,1,975.65,975.65,2023-11-24
3549862b-e4f2-4edb-a3a2-75310496e8bc,1,770.28,770.28,2024-05-31
354f9914-5698-47e3-b16d-a24334def7ee,1,320.58,320.58,2023-09-08
3550861a-e6ea-456a-8ea8-a9f265782e57,1,1080.40,1080.40,2025-07-27
356e6421-8b3c-44dd-8351-8e575e59e75d,1,1477.29,1477.29,2024-05-09
35750c90-c023-4ca3-aafb-7ebd5dddf483,1,863.24,863.24,2024-12-29
358048c8-cb2e-4e7b-8b8d-cd0928ad858b,1,1164.96,1164.96,2025-04-26
35822b4a-af52-426f-836e-59d992e181ec,1,1508.92,1508.92,2024-01-05
358792a1-4340-4908-b124-59e935c995c0,1,861.30,861.30,2025-11-10
358e6ba2-9403-410a-a358-adbddea868da,1,455.49,455.49,2023-11-23
35923990-fc86-472a-9a19-a85c1ef982c9,1,1648.80,1648.80,2025-12-12
35957030-b1ac-4988-8443-c78b48e96368,1,2106.10,2106.10,2024-01-25
359758ba-e355-4ffe-8314-8ef96e0cbe86,1,913.70,913.70,2024-09-11
359e2500-4d6c-4b33-82d5-4b3f9594e474,1,512.04,512.04,2025-08-30
35a6c365-6126-47c9-91c9-64f4d7153f7e,1,851.76,851.76,2023-03-30
35aaa1ea-7364-411a-88f0-a87aecdafac9,1,186.62,186.62,2024-08-29
35b71853-8aa5-42ae-abfa-e21ebc2aac0c,1,63.86,63.86,2023-02-09
35c0a4d2-ae2f-484b-afb7-67b43891221a,1,461.41,461.41,2025-08-09
35c87983-910b-47f9-a1ae-25a6f1966b21,1,839.20,839.20,2023-09-27
35d0252b-0ecf-4226-8af9-98d1f20f754b,1,96.30,96.30,2025-04-23
35d07b39-1409-4ec2-9a9c-d70b81ffcde6,1,633.85,633.85,2023-10-19
35dbe0d6-7bec-44d6-bc7a-4e760813d33d,1,1449.00,1449.00,2023-12-20
35e0581c-d169-4699-9d32-cf191456956d,1,142.50,142.50,2024-10-07
35eaede0-ea83-456b-bd8c-93df41515f1e,1,609.56,609.56,2024-01-05
35ee5414-1ac9-43d0-86bb-3af69ab8d051,1,1080.68,1080.68,2023-08-03
35f91835-1143-4cbb-955c-be8a16040cc7,1,671.20,671.20,2025-11-17
36088cd0-7815-423c-a34d-c342539c1573,1,667.48,667.48,2025-08-17
360975ed-c902-42d5-955b-41ddbc7b31b9,1,382.13,382.13,2024-10-06
361748d2-c518-48f6-a361-c2f165e55438,1,453.20,453.20,2024-08-10
36245ed3-f0c8-4c82-aea9-e82893df2e42,1,910.80,910.80,2024-04-09
362cb840-4493-4724-9db9-be25ff329536,1,164.67,164.67,2024-05-28
3637fdcb-4cfa-4de7-8da4-690a5679a226,1,499.82,499.82,2024-07-23
36494b96-3253-44d9-9c6e-938f0d513e78,1,339.93,339.93,2023-11-16
36502aef-ea93-47e9-a764-dec0448d4e76,1,947.38,947.38,2024-07-30
3653d055-37c0-4b1d-a37a-f4808ef71cba,1,360.36,360.36,2024-08-17
368219b0-2940-4284-a360-5973e42fe2d2,1,293.79,293.79,2025-04-03
36833a2b-d040-4417-98d6-51edf8d3e093,1,634.89,634.89,2025-01-19
368570d1-b68c-4aac-ae3c-3e18d631a566,1,43.77,43.77,2023-07-18
369c564b-25ba-44e4-b9ac-b707ffcb1ab1,1,1443.56,1443.56,2024-03-22
36cfe991-2efa-47cd-a711-c5cc83d5427d,1,11.64,11.64,2024-07-13
36d5187b-bfdb-410b-b929-1d34db6ea0ba,1,458.39,458.39,2025-11-19
36e99f51-55be-4422-a797-3daa8d764411,1,549.81,549.81,2025-02-01
36f14933-17f4-4f96-b861-4f08a3b475ff,1,1520.01,1520.01,2025-12-07
36f3d6d3-3559-43c3-9b8b-b33814b7ada1,1,1540.63,1540.63,2023-07-02
36f99fd4-993e-4907-9166-5c94889765b8,1,805.94,805.94,2024-04-28
36fea0b4-38cd-4122-bc01-45e14ce2afa2,1,104.35,104.35,2023-07-18
372360b1-9db2-48e2-ab86-244ae7d26ef4,1,692.19,692.19,2023-11-21
372b5a14-d3aa-45cc-910f-c3d375b580e8,1,984.58,984.58,2024-07-05
372f871a-45ee-432d-aa07-f2137129cec7,1,1834.94,1834.94,2024-11-21
3731ff7d-04f3-4ca5-889b-fbfffba05810,1,265.98,265.98,2023-10-12
37482ab3-55ed-45f1-abbf-896ae9a4f105,1,1052.90,1052.90,2023-10-30
375d02fe-86c1-4f97-9f52-434780f6638e,1,2393.95,2393.95,2023-03-18
3772f988-a341-45f8-abd0-f844cdad48ac,1,745.20,745.20,2024-05-11
377b37a6-c8ee-4375-9bcb-1276267ea3d7,1,1565.75,1565.75,2025-05-02
377f402b-f245-4aec-aab7-33d0670094ee,1,425.85,425.85,2023-04-19
378e6510-8f10-433e-abe4-2e7db96c1163,1,438.64,438.64,2023-09-20
378f79c3-99c5-4577-9cae-025c4a84611d,1,174.06,174.06,2023-10-04
37c1e3b4-66e6-4521-93be-ae79820a816f,1,93.49,93.49,2025-11-21
37d02fb3-e13e-42b5-a617-9f06a87fce58,1,1739.88,1739.88,2025-07-30
37d9a97c-2148-4314-9e8c-7851fc42cbee,1,444.65,444.65,2023-06-14
37d9f94a-87e8-43e5-b4ae-6f01bfc3535d,1,279.72,279.72,2024-03-28
37daa076-88b8-4f7f-8b95-306c8192ae93,1,1974.05,1974.05,2023-01-14
37ec649a-3964-4f48-8cfa-eea8e395f2fc,1,82.96,82.96,2024-07-01
37eced07-21ad-46b4-92ce-60243db4f40d,1,545.58,545.58,2024-11-07
37f0a0c2-1955-4818-9d24-c5df92f50f76,1,669.60,669.60,2025-08-16
380eb464-00a7-49e5-a09a-6d80395a8278,1,358.85,358.85,2024-05-15
38129127-c176-4999-a5e1-9f2eb1f04f81,1,926.29,926.29,2025-01-05
3827a293-f799-4a9d-92ab-a2c9a909483c,1,86.94,86.94,2025-11-20
38437ce9-c160-4ca8-ae61-9b11e02c0f28,1,532.02,532.02,2025-05-11
386025cd-30f7-4e01-9baa-c507752b22d0,1,500.32,500.32,2025-06-06
386c190a-6448-400a-80fe-ef233e6f094c,1,18.29,18.29,2024-05-11
38791204-abcf-45ed-94ef-4f79a6b4482e,1,750.54,750.54,2025-04-13
388d46c3-990e-41ea-b31b-7c54fb62b35d,1,273.03,273.03,2023-01-25
38a08d59-8929-484e-9c34-0d675d0126fc,1,40.88,40.88,2023-10-01
38aa22b4-bdb3-40de-92cf-17aea61adc10,1,453.87,453.87,2024-07-04
38c62f34-a141-409e-8ada-f0f7ab559ce3,1,1464.52,1464.52,2023-10-28
38ce9369-5940-4314-9eda-a4c6dadce584,1,432.33,432.33,2023-07-04
38d5101f-423c-4d9d-993e-478302b34254,1,33.26,33.26,2023-06-18
38d95d60-9715-4fa5-8de3-d7fbf1d288ad,1,598.62,598.62,2023-10-31
38e7e019-fb89-46c8-87ec-fe71d49347fc,1,2189.20,2189.20,2023-02-08
38f2c585-be94-4801-9dba-bf46e9f55d20,1,1178.55,1178.55,2024-12-09
39039516-db69-4c05-8c80-09f3b7daa7c1,1,1073.15,1073.15,2025-08-22
39069941-af1e-4416-aae3-54f9dcbbc5d1,1,1345.44,1345.44,2023-08-02
39093829-edaa-49d9-9bbd-038e2d65e1e7,1,439.98,439.98,2025-02-21
390a82ed-3e6b-4684-92d6-9319504930fb,1,1663.99,1663.99,2025-08-19
393fee64-7968-4391-889b-058b07336e4e,1,132.77,132.77,2025-11-14
3950a369-ca0e-4a52-9300-994632c868a2,1,269.06,269.06,2023-10-07
39a31c1e-0fdd-443b-ae3b-7ea146d2befb,1,777.09,777.09,2025-11-09
39a5442f-3818-4c5f-89e8-8194f55b5f1c,1,579.77,579.77,2024-03-07
39a85ca9-32d1-4e25-a213-12b3637e7876,1,398.80,398.80,2024-02-21
39a8ab5a-bf9c-41e7-aa47-8c843f67ed89,1,1586.74,1586.74,2023-10-28
39ac9064-f4d3-40a4-a07a-4354bc5d543f,1,251.23,251.23,2025-04-08
39b25b86-f52e-4a15-8885-e930f9640fac,1,485.69,485.69,2025-09-05
39cd0278-116f-4be4-b2d2-b2ee4ef0137d,1,2168.06,2168.06,2023-01-18
39d68ef9-b8d5-43fc-aa94-34342a9ea8d8,1,1391.07,1391.07,2025-02-23
39e44780-2ca6-435b-b9a9-44eb645e065b,1,331.85,331.85,2023-11-28
39f31f6c-f1b6-4d8d-aa41-3b76f826d7d2,1,1567.73,1567.73,2024-05-10
39fa9c25-7b17-4af2-b7c9-d8fcd9a3959d,1,1282.12,1282.12,2023-06-30
3a010c14-835a-4cf4-bcb5-04909267d0b5,1,124.27,124.27,2024-08-14
3a0505ee-3a0d-42a1-9257-5c4bfef540ca,1,1664.04,1664.04,2024-05-20
3a0616db-0f76-4580-963d-8b82fba30867,1,760.02,760.02,2023-12-08
3a08a5ac-0c82-48b1-8598-2e47ee367dcd,1,1696.14,1696.14,2025-04-25
3a0acc69-7369-4e32-85e0-2bf71af0967a,1,480.31,480.31,2024-03-15
3a14ece7-db0c-44c6-a081-3297a30ef58b,1,1220.11,1220.11,2023-11-18
3a357a4f-c502-41ee-b7e9-873b7d5d5d25,1,27.72,27.72,2023-07-08
3a409511-3308-4a1c-85a2-5f0747f58b10,1,1231.34,1231.34,2023-03-02
3a43b0dd-5b31-4046-8488-c51439e22f3a,1,176.74,176.74,2024-01-20
3a595f88-22a3-4e48-8f79-40562f9abf78,1,1881.10,1881.10,2023-09-30
3a5b171c-b7a4-4108-8dac-20f90abd99fd,1,782.26,782.26,2023-04-03
3a657200-fef7-4496-940d-754a32ad8a8e,1,316.68,316.68,2023-05-13
3a762377-6f61-4575-8d7f-bb4293c6bf75,1,200.10,200.10,2024-09-30
3a7c0072-76c1-43d0-96bc-17e51bbc697f,1,152.44,152.44,2024-02-27
3a8b17bd-0ac3-4863-ae30-6a4aadc19d07,1,933.42,933.42,2024-10-11
3a8d5560-1bcf-40cf-9769-8f99976770b9,1,414.50,414.50,2023-08-17
3a90045c-b63c-4d1c-b3af-711eacbe65bb,1,1552.28,1552.28,2025-11-27
3a90dd8e-7b1a-4085-ac0c-2dcc67cae086,1,352.59,352.59,2025-09-28
3a9123c9-712c-4b84-afc7-788ec919b3c7,1,1384.02,1384.02,2024-12-08
3a9b6114-a569-4c50-9b74-a979e8659b50,1,386.22,386.22,2025-04-18
3ab79235-addc-49d2-b800-c8e1b325bbea,1,242.50,242.50,2025-05-09
3abe7838-160c-42f5-9aba-7a62b7aecdeb,1,336.25,336.25,2025-11-03
3acd0360-3cb6-4d1f-9681-7225eb5bcf16,1,1262.04,1262.04,2023-10-05
3ad24ac8-bf70-4042-9e7c-6795a8c6c2df,1,1175.52,1175.52,2024-09-17
3ae9e50d-3723-49df-91c3-5e9b84aff003,1,181.46,181.46,2025-06-18
3af479ed-10e2-4cc2-99dc-d17e10a99d8b,1,429.76,429.76,2024-09-12
3aff8085-8d22-463f-8064-b74d4b972bc7,1,719.76,719.76,2023-08-28
3b0305cd-d49d-4b27-9f99-ce04f625b970,1,421.86,421.86,2023-10-14
3b0c0fcb-ea2a-4e03-822b-1acb37622fda,1,689.88,689.88,2025-06-09
3b134d93-463e-42fa-9096-21aa90eac77b,1,222.77,222.77,2023-08-06
3b55ca48-d06e-42b9-8934-352cb2ebed3d,1,310.43,310.43,2023-03-13
3b6f8945-144c-423d-8e41-1928a45bfd3b,1,734.89,734.89,2024-12-18
3b7fd68a-ca95-475a-8da4-d7e3b04bad13,1,699.72,699.72,2025-12-19
3b9ad32e-3c17-43a4-8e00-ccbee400f9a7,1,993.97,993.97,2024-08-29
3ba3536a-9baf-481b-b3ac-90702be785f7,1,891.78,891.78,2025-01-08
3ba3592c-536f-49de-9293-d5a1261b83b0,1,1601.96,1601.96,2023-05-23
3ba55e2c-1486-4673-a4e6-d311ec9a8fea,1,240.92,240.92,2024-09-27
3bb554f6-b5d0-4641-9309-30f9ddb28551,1,545.00,545.00,2023-04-03
3bb77cfa-c36f-49c4-a176-a48353cc8405,1,1172.30,1172.30,2024-04-02
3bd13a43-8853-490b-ac26-4a0cc09f1c91,1,572.02,572.02,2023-08-24
3bfaa9a6-7a14-4089-a366-92a900267d8c,1,909.09,909.09,2025-05-19
3bfbb564-a1a1-445e-ad30-2164339c4436,1,4.95,4.95,2024-02-14
3c1dde97-62b3-478e-8418-c70b8a6d8908,1,917.13,917.13,2025-10-25
3c25d863-9859-4f87-9daa-f4b952336f21,2,598.90,299.45,2023-06-22
3c3a7da4-507d-4d3d-bac8-32d5c8e9f6ee,1,218.34,218.34,2025-04-10
3c3b984f-e6d3-4590-a894-94b8070ee490,1,1229.26,1229.26,2023-07-05
3c56d33c-0975-48b9-9da5-ec70dd0e9847,1,1374.18,1374.18,2025-12-03
3c69b13d-93f7-4212-8c5f-b99a681873c9,1,196.66,196.66,2024-12-10
3c6d525d-2538-40be-9585-9de485b8c373,1,1310.55,1310.55,2024-06-24
3c823035-f64f-4a09-874f-45e10cc000c6,1,1861.20,1861.20,2024-03-01
3c8adf06-9d93-468e-92ca-6ae8148ea4fd,1,402.37,402.37,2025-12-27
3c90566e-ff49-4786-829d-081469a7216b,1,736.50,736.50,2023-01-19
3c93a10e-4de5-4260-9aab-d54384eb80fd,1,128.89,128.89,2023-03-13
3ca2452b-e373-40fb-b2e6-e856bb84461e,1,338.80,338.80,2023-03-30
3cb58848-263a-4c25-9dfd-0060ea672ea7,1,149.35,149.35,2024-06-26
3cc3018d-fa41-4aa8-9db1-fbcfef47c448,1,759.12,759.12,2025-08-18
3ccc9bc7-4b1c-4b71-95c4-5e3cdce1142f,1,1433.31,1433.31,2024-02-27
3ce45dd7-57c0-4147-8548-de1602230fec,1,1233.75,1233.75,2025-04-04
3ce49130-cc28-47f4-8478-f845a4fd99c5,1,323.57,323.57,2025-11-19
3cf1b0c4-f980-4efc-983b-9525961bac08,1,932.62,932.62,2024-09-02
3cf1b6e7-f1c8-44ec-9486-293e0d2530da,1,2417.65,2417.65,2024-04-25
3d120e7a-0803-4b71-9c87-527291f03262,1,602.21,602.21,2025-09-05
3d13f8db-ce57-452b-a971-ab7e723beefd,1,519.20,519.20,2023-10-23
3d15d3ee-c397-43ae-b77b-97421e12bbed,1,600.70,600.70,2025-07-19
3d2accf0-ec1c-44a8-a8f8-794b9f65aed1,1,1050.98,1050.98,2025-02-17
3d2d7f73-5e9b-4b75-b5f8-39a6306c130f,1,878.76,878.76,2025-03-09
3d394e8e-740e-4626-acd0-b2e607a33bd0,1,903.15,903.15,2025-12-02
3d3fa494-41dc-44a3-8d9c-ca68fcea17b1,1,1310.90,1310.90,2025-06-15
3d57ee27-33da-4fc1-8d47-e26d1ef7a52e,1,476.54,476.54,2023-05-03
3d66e5f1-c03c-447e-875f-2028d1495beb,1,51.48,51.48,2024-01-04
3d8548cf-bfd5-440a-ad81-adbb3cdcbffb,1,1754.60,1754.60,2023-10-16
3d8c232a-7e74-4177-b047-55a677a0c7fd,1,155.86,155.86,2025-08-20
3d96ce1a-52b2-4455-a0d3-77ac621d6235,1,655.14,655.14,2025-10-29
3d9fd0a3-5d31-416a-94ae-3358046a101c,1,114.54,114.54,2025-02-05
3db0d591-a803-4cbb-98e3-048bbaa2119c,1,1369.84,1369.84,2023-06-12
3dbb7ccf-9c54-46ac-a538-1c06116b01f9,1,827.39,827.39,2023-11-05
3dd79953-6a41-46cc-a3e4-065c5bd24896,1,582.24,582.24,2023-12-17
3de5d3d6-4403-4cf4-9df8-5b5ec9c00887,1,1480.77,1480.77,2024-06-13
3de699fd-7500-44ae-8989-4f0240190808,1,380.93,380.93,2024-11-18
3de8de21-11d8-4be1-aeb9-c7a5fb0eb61b,1,2676.62,2676.62,2023-11-28
3df88c63-7f61-4b5f-8831-3bfd8fffbc53,1,1371.00,1371.00,2025-06-19
3df8c0c9-d66b-4c9e-8d65-86ee1edb568b,1,188.77,188.77,2025-04-30
3e0c9abe-8483-430f-a2e7-f92c9e1068b4,1,720.81,720.81,2023-09-07
3e2823bc-d3c9-48ba-879e-768e7c7c4828,1,226.52,226.52,2024-05-14
3e4ba347-64a6-4efa-a9f0-0431366c817b,1,1206.36,1206.36,2025-04-03
3e540130-5c18-41cc-87d2-046421fc2591,1,481.92,481.92,2023-06-06
3e5bd4af-d587-47a3-b93c-04f7663ab809,1,2083.35,2083.35,2024-01-22
3e65bc87-af24-4a42-a7ce-5d2a9e2ca3b6,1,2197.55,2197.55,2025-08-04
3e773705-cb10-4e5b-bb0c-85e2a9bb8ea1,1,402.78,402.78,2023-03-07
3e7b3e3c-5a69-4d3e-8d5c-8c667379db61,1,289.72,289.72,2024-06-21
3e84455f-a755-4468-9e74-e1224aed4cc8,1,1244.11,1244.11,2025-04-04
3e93b295-e1cc-462e-bc04-09c7f532f65a,1,199.45,199.45,2025-12-19
3e9639ba-0ed2-4c9d-bd17-5712d8b22277,1,579.61,579.61,2025-09-02
3e9c3c62-4682-4f0b-9143-612d37deed1e,1,1390.11,1390.11,2025-01-20
3e9e6d1a-ebe5-463c-b0f2-7c98e19d2f82,1,18.09,18.09,2025-12-25
3ea16e1d-478e-418e-b170-c9b928478f5d,1,532.27,532.27,2025-09-14
3ea37412-ec25-4199-9478-476f2412c3fb,1,205.62,205.62,2024-04-10
3eba8e31-0881-4ccd-8d0f-5520f38dec0f,1,1001.37,1001.37,2023-10-07
3ebb708b-7ce3-404c-a8a9-b672d08ac854,1,1041.38,1041.38,2024-02-19
3ee91cc5-1734-4c96-ac4a-c8b36d3df0d4,1,391.48,391.48,2023-07-30
3eed5faf-c100-48ca-84dd-9975e3b5dd9f,1,24.87,24.87,2023-05-25
3ef433df-020a-4c40-a095-c0d0a26e67da,1,66.37,66.37,2024-03-06
3f00eac0-d9c0-48ae-9f8f-6761a5a432f6,1,864.83,864.83,2025-11-23
3f46057b-7165-436b-b997-c779c56f05e6,1,228.74,228.74,2025-04-16
3f551b92-df8b-4e63-8782-da858e9291bd,1,1852.31,1852.31,2024-01-27
3f563a4b-1726-4901-b488-d4a2bab93459,1,257.47,257.47,2024-05-28
3f5a04f1-00de-4a64-87d2-5c511ff284c9,1,1979.05,1979.05,2023-11-27
3f612028-cb4a-4aa4-a520-53b68faa2da8,1,778.57,778.57,2024-11-05
3f63ed90-bbf5-45b9-a5c1-36399fe42c2e,1,170.33,170.33,2024-09-30
3f6962cd-365b-4e0e-9655-138cc0cbead8,1,633.77,633.77,2024-09-17
3f6c9df5-394d-42c9-8b57-5c1124ced0a1,1,29.20,29.20,2025-08-12
3f7c50f3-9889-441c-8419-0e9cd3b7e554,1,336.22,336.22,2024-06-17
3f8c18bb-5256-47f6-8b97-e77887f831f8,1,1058.10,1058.10,2023-02-04
3fa8b844-3eb5-4f4d-a375-cbe30cfea4f2,1,366.54,366.54,2023-04-15
3fabe1c7-f4fa-4da4-994c-3216064aac70,1,113.37,113.37,2024-12-22
3fb9aead-9cc3-4afa-8794-244b130d87e1,1,939.89,939.89,2025-05-06
3fc7128e-d03e-4475-b4a0-5c28b9aac9c7,1,2219.22,2219.22,2024-11-14
3fe604f4-2867-4d3b-9c5f-3cba150d28eb,1,760.56,760.56,2023-08-06
3feb1b6d-00dc-4440-a633-45072f46632e,1,248.70,248.70,2025-12-15
3fecfb65-9e70-45b0-9383-74ff8f275a7f,1,1323.14,1323.14,2025-12-15
40101363-11fc-4377-94cc-405dc02c1423,1,77.48,77.48,2025-07-30
401469d3-a0c9-4586-b551-d3d215a781d8,1,212.84,212.84,2024-12-09
402371b5-c6f3-4fe8-bb36-872967063070,1,1426.90,1426.90,2023-04-19
402575a9-a72f-4da9-bbef-ecb724a74514,1,263.74,263.74,2023-04-06
40367b57-8412-4b3b-8961-d047a67368cd,1,82.14,82.14,2023-01-28
4036d3f7-4dbf-4a86-9b18-0366c500c091,1,354.80,354.80,2023-10-06
40502e24-7d5b-4a19-a6f3-4f55936b7e54,1,318.20,318.20,2023-01-16
40504668-c7e7-415c-85f8-79c1c44768e5,1,1000.32,1000.32,2023-07-01
40517ba5-4339-491f-b652-f670b1d6124c,1,1683.36,1683.36,2024-02-18
40685469-5a88-43ed-a686-1921057de4d0,1,616.32,616.32,2023-06-11
40785616-d186-4cd6-a2f9-2cd41757e1ab,1,1494.23,1494.23,2023-02-12
4080609b-7da5-4e11-8bd7-e2af5bb4065b,1,68.10,68.10,2025-02-16
40a55e2b-abdc-425e-938d-36ad2cb2e5e2,1,1826.48,1826.48,2025-04-04
40b1fb20-d9eb-4495-9d7e-cb5f2b4786c5,1,768.50,768.50,2024-02-11
40b913f2-ac79-443f-8b8d-b35f47f101be,1,52.27,52.27,2024-12-12
40c298f0-080c-4389-84d4-8a6c4b2ae8a1,1,874.64,874.64,2024-08-23
40c8f92a-66a6-43f8-aa5d-f9a9b7091b12,1,707.20,707.20,2025-12-12
40dbfc66-1ea9-4ab6-9d06-5b495523cc71,1,662.83,662.83,2024-11-29
40dd4e0f-112c-4124-a7d3-2d45ea24ea3a,1,407.47,407.47,2023-05-25
40e4ab86-ef4f-4a7c-ab5f-e88e4ef2d10e,1,224.76,224.76,2025-09-10
40faa7ae-e150-4cb7-a156-8334f907a338,1,238.86,238.86,2024-12-24
410ec9d0-a074-472c-b7fe-ffe2407cd449,1,1585.37,1585.37,2023-04-08
411920f6-d056-4199-b728-ddc20f5e8b47,1,1595.36,1595.36,2023-10-25
415ca82f-71d3-4abc-9624-78bec86ca69a,1,834.65,834.65,2024-05-25
41842818-7442-412f-bcab-9298ae1b0ed0,1,947.86,947.86,2025-01-12
4188431e-6c96-478d-9f69-881a2adf10e9,1,735.36,735.36,2023-04-18
41b4fcdf-eafd-45e3-9a05-573a2336bf70,1,107.30,107.30,2023-08-22
41b79dbc-5cbf-4b5e-bd36-eec476731d32,1,920.85,920.85,2025-06-28
41b97737-7a44-4182-9765-6c32abb4a80d,1,796.40,796.40,2025-02-08
41cf509d-a0ac-4cd1-b1dc-bdad27d7772d,1,196.95,196.95,2024-09-17
41d0ddc5-fcbd-4ec2-a627-6205e4991583,1,1634.55,1634.55,2025-01-15
41d6d637-4934-4acb-9173-5d3d5827298f,1,0.00,,2024-04-27
41e07754-9f28-47e9-98e9-c72cefd75f65,1,1399.46,1399.46,2023-07-19
41e7e487-35a9-4ca8-8698-e317ad0c054e,1,1076.54,1076.54,2024-04-04
41eb16b2-77bc-47d9-b1e1-1de07df36140,1,477.96,477.96,2023-06-18
4200d170-5c6d-4c7b-ab5a-d51f05efa8b1,1,2383.85,2383.85,2025-12-09
4202c418-b6ae-4b91-890e-2e44f6e5a7b1,1,312.53,312.53,2023-10-30
4205ed90-d685-4fab-8de3-37c93255f924,1,187.92,187.92,2023-11-26
4207a454-d633-44fb-93ab-2373bf0330fd,1,730.62,730.62,2025-05-15
4217615d-8753-4b91-bf6a-889cd8528f07,1,77.89,77.89,2024-08-21
4225569d-334c-4d87-994d-86c2ffdd933b,1,1828.23,1828.23,2024-12-27
4236158b-3194-4d43-95e1-d191ca3d02cf,1,1722.16,1722.16,2025-10-27
423c6112-bda3-4fdd-bc27-49710a128475,1,211.62,211.62,2024-05-29
423f023e-666c-4ee8-9cfc-664da485a68b,1,314.73,314.73,2025-10-31
42470e00-72b9-4548-8ef5-620b01b439c6,1,1707.96,1707.96,2025-01-09
4247fd42-d6bd-4a82-8ddc-d54626560d7f,1,407.33,407.33,2023-12-17
4258c537-0634-4829-ae38-7d2318871b69,1,448.72,448.72,2024-08-18
42646fae-b502-42a1-8cc0-c06ce764b5ee,1,1932.50,1932.50,2023-10-06
4273830a-f0be-4661-9ebe-42924048feb7,1,740.83,740.83,2023-05-30
42788f00-39bf-4453-8869-282a05d5413a,1,349.80,349.80,2024-08-17
42792f10-f378-4b96-91c6-a31365513219,1,584.56,584.56,2025-12-12
428d6450-c223-49e1-bd74-08253af7d156,1,1314.60,1314.60,2025-06-14
42931c52-f3b1-44e2-b307-ef63d963cddd,1,1742.52,1742.52,2023-09-23
429acb42-4ed6-43d2-ad2f-5e97a01dd2ef,1,1116.69,1116.69,2023-08-05
42a1279b-8bf5-4aed-9904-b887d77b03b3,1,1288.51,1288.51,2024-01-25
42ad622b-dc5b-4dc1-97b8-e22fd48f9d47,1,112.41,112.41,2024-12-14
42c087a5-60e4-4c4b-b4f4-1148f78351b5,1,390.52,390.52,2023-03-31
42d13934-0e99-4c65-a5b6-83a8d97bdf61,1,81.67,81.67,2024-01-24
42da0078-1a03-4998-acf7-ac90afc52305,1,1004.54,1004.54,2025-05-28
42e06d07-12ec-4ddb-a566-6bbd7695ca97,1,341.55,341.55,2023-10-15
43074550-1c95-4057-8f3f-70c6d67d35aa,1,127.15,127.15,2025-07-28
4307599d-a2d6-4bb8-b454-cd84f93c3ab0,1,80.03,80.03,2023-08-12
43361f25-3897-4fe3-a642-f14a83f522aa,1,865.56,865.56,2024-10-01
43363c52-7e1f-4ddc-8210-a538720a1986,1,298.54,298.54,2025-08-09
433d65c2-c0f5-4e46-b14f-4be5530619e4,1,169.90,169.90,2024-04-20
4340d816-e17c-4533-99ce-8b2660293a67,1,64.02,64.02,2023-07-14
4341024d-5468-4e86-8f5c-daa37d8a551e,2,697.92,348.96,2024-05-26
43475e9b-6349-4202-9e51-5b72830988a7,1,67.46,67.46,2024-01-03
434a57c4-42f5-4188-994d-6335cf5bc906,1,338.23,338.23,2025-03-05
436d1a6a-d98a-41b3-ac02-5f6a7d873b7d,1,2049.58,2049.58,2023-06-20
436f8858-16c2-4199-a767-df033a0b5b0d,1,934.44,934.44,2023-02-06
437def7c-470e-4178-b3d7-c51d6b6cc0dc,1,284.19,284.19,2025-05-21
438a229e-3ec5-4f5d-95da-25e2c0793a18,1,764.50,764.50,2024-10-02
4391a474-c179-40b5-b964-44ff2f424340,1,103.46,103.46,2024-02-13
439c2a05-5e92-42ac-a2a7-6a80a45c0645,1,412.27,412.27,2025-07-12
43ad3d62-b17c-4b21-8dbc-2c1ca4afe7bd,1,1031.72,1031.72,2023-10-31
43c2c18d-86e4-4870-aa80-4c777d6ab4cd,1,913.74,913.74,2024-05-30
43c3b213-ddb0-4d7d-bf7e-84c5328dc2b0,1,192.58,192.58,2023-07-22
43c9f21a-4cc6-4333-94c9-65c7ffa8e1ad,1,34.82,34.82,2025-12-13
43d84d8b-a41d-43c8-a7bb-ce7e42dd966b,1,163.86,163.86,2025-01-08
43e71949-86f6-445f-a2e5-a9b94ec59497,1,1441.92,1441.92,2025-01-24
4416a597-c7b4-4dc8-b05d-e7db0953d39c,1,164.84,164.84,2024-02-16
441be6f6-4971-4671-8194-37ec892ae381,1,218.04,218.04,2025-12-02
443622f0-ce88-4ab1-a997-3f2bb48c25fd,1,527.36,527.36,2025-11-02
4447f9e8-a71a-41c6-b4b1-a3c7708f805d,1,786.42,786.42,2024-01-22
44489086-860b-4183-9bbe-8e888e14dbf2,1,1338.24,1338.24,2025-03-19
444d698c-09c2-4620-be0c-6de05c8f8ec4,1,1693.80,1693.80,2025-07-03
447282b2-73d6-4a2b-8f34-2cf339a5d82e,1,112.82,112.82,2025-11-18
44a32bc5-a2c9-4188-9174-5b7a0cd65d01,1,403.62,403.62,2023-10-31
44a5df17-2e47-4798-8b41-320d863296dc,1,486.17,486.17,2024-06-27
44ac08be-4648-480d-ae6a-485299f0e968,1,391.35,391.35,2025-11-18
44ca37f6-2db4-48bc-9e95-30ae9a96239a,1,60.62,60.62,2025-04-28
44d7df9a-238b-45b7-ab64-777c6177a771,1,572.54,572.54,2024-08-25
44e2826b-6ee6-4184-927f-e33cc51a9744,1,240.24,240.24,2023-06-05
44f09273-2cb0-4cfd-8329-6076e847da6b,1,797.98,797.98,2024-02-04
44f36f67-9f9f-4d78-b19e-5eb1afcb7996,1,895.14,895.14,2024-05-22
44f68329-42a2-46ef-a430-afa39f9cff0d,1,145.12,145.12,2025-03-06
44fbb5b9-c9e5-4194-b746-682ad4e73adb,1,379.47,379.47,2024-09-01
451e97b4-f1e4-4ff1-a53e-25e368244f1f,1,1271.19,1271.19,2024-01-12
452867e8-b6ca-4c64-8bb5-157230bc98b0,1,418.14,418.14,2023-06-11
454afde3-0251-4db4-b810-453b7471a091,1,947.10,947.10,2025-04-30
454f9fe2-08ca-4e08-bd84-e3ee7a653499,1,1400.20,1400.20,2023-01-12
4565e77f-f7f2-4d96-8823-bd8aefd18b7b,1,509.84,509.84,2023-01-19
458a13df-0ade-4275-be2b-3ce2a13ff68d,1,14.72,14.72,2025-02-22
458c6bdd-9e70-49ff-8cd7-897f286d84e5,2,135.40,67.70,2024-12-29
4593fa62-b824-4fd2-bb7b-da0bb9c68ae8,1,789.28,789.28,2023-02-25
459bb4e0-0568-4120-b8b2-7455ccd7131d,1,262.32,262.32,2023-07-14
459db719-919b-4387-8a69-e9eef95bd40e,1,1219.02,1219.02,2024-11-26
45a9ef25-3fe4-4fdf-9859-1cac1b5eb485,1,168.89,168.89,2025-03-01
45b8bacb-6ee0-4a48-8ce9-fcda50019e40,1,101.91,101.91,2025-04-20
45d95418-a7e9-440f-b432-98988dbfc936,1,761.36,761.36,2023-01-12
460797f8-752b-48fe-beb6-ec62805f914c,1,176.09,176.09,2023-06-30
460db751-39cb-441a-8c50-1beade6d4e25,1,1295.81,1295.81,2025-09-06
46141175-895b-43de-8734-f09e1bd23a12,1,85.32,85.32,2023-12-20
461e5bd0-7762-4057-a06d-779296ae2fcf,1,13.58,13.58,2023-02-13
461fbc51-11b5-43f8-9b71-37dee7e6f7b2,1,209.61,209.61,2024-06-09
4630a296-fb98-49a5-9bbf-5afa2443cd79,1,825.90,825.90,2024-10-07
4633f355-c0c5-464a-baf8-fbd12fd505b1,1,552.85,552.85,2023-11-25
467b094c-2258-449a-b2f3-d87d62f7c65e,1,183.07,183.07,2023-06-02
4683145a-7644-4415-938a-c7df459e7d82,1,734.40,734.40,2025-02-15
469f0464-aacd-4bce-acec-769118391c57,1,178.76,178.76,2024-05-19
46a02a9b-65ec-4acd-8f80-35f55bd20c98,1,224.87,224.87,2023-06-16
46c9c6d9-ba84-4347-9c88-f03227195915,1,526.54,526.54,2023-11-05
46ca3f98-5e19-41cf-b06d-487dbaa8967b,1,190.62,190.62,2024-08-31
46e8b91f-8633-4088-b296-f9f05bb57547,1,1671.52,1671.52,2024-01-30
471246de-be5e-4b17-a2ac-c80d6c3e676f,1,306.51,306.51,2025-05-30
471886d9-893a-4348-835f-2c0648ae3a47,1,103.55,103.55,2025-01-15
4720fe78-ffb0-4cf1-b919-b1927ca8297c,1,29.38,29.38,2025-05-26
47259817-ebd1-41d9-8814-78d5bbd7f2fa,1,1382.58,1382.58,2024-01-31
47283587-36e9-4318-b14c-b979d2f89c43,1,1172.88,1172.88,2024-04-16
472b60f6-957d-49fe-b8b2-8b73e9549d88,1,49.80,49.80,2023-12-19
473b4bf1-ebc6-418a-98fd-441197029f39,1,2117.60,2117.60,2025-07-11
4743e975-e139-4508-89f1-b51b3d2a802f,1,443.35,443.35,2024-12-06
4744a01a-d6ba-4b74-acf4-0fbe1d71a00e,1,75.60,75.60,2025-02-05
474c3800-7612-4aca-8a54-399f62d0e1a5,1,536.37,536.37,2023-09-22
4758f609-f2d2-4f14-af3a-e9ef663b28bc,1,201.53,201.53,2024-06-17
475f0f52-f19f-4a2c-ab89-b0567b32588d,1,366.03,366.03,2023-02-26
4764a956-9968-4a3c-a684-79846b0dd81d,1,834.37,834.37,2023-10-24
4782d4f4-82a7-423d-8838-f55341f6ddd0,1,472.08,472.08,2025-03-17
478c6745-4337-4faf-81bc-3eb497883d7d,1,673.34,673.34,2023-07-12
479eb95c-3729-4e8d-b6fd-a85277275d4d,1,647.16,647.16,2024-08-16
47d4ddcb-f20e-4b6f-8483-f8b647983cd0,1,404.29,404.29,2024-07-27
47e73b86-e9b3-4417-89df-883089e929ab,1,516.42,516.42,2025-12-24
47f3549b-213c-4d7e-8572-39d66ffeb5a9,1,681.30,681.30,2023-08-16
47fcc41c-3cf4-43f4-ad97-667bd999c533,1,1265.36,1265.36,2025-05-14
4808b240-8ed1-4e4c-9891-4bb446750fec,1,435.70,435.70,2023-05-29
480bbd00-c6c4-4dfb-86d4-0ae70760beda,1,72.50,72.50,2025-09-01
4862f17d-d37f-4be6-8dde-abcc6b258cbb,1,1210.56,1210.56,2024-08-20
486db47e-4c00-42f9-b020-68855d5b81bd,1,270.16,270.16,2023-08-31
4878917a-282d-44a3-8ad3-33617c226735,1,677.16,677.16,2025-02-11
488795d8-8205-4db2-8d13-c17f71d80755,1,206.12,206.12,2024-05-06
48889d86-cf17-4ca4-bdc6-042016a979fa,1,657.18,657.18,2025-07-03
488be9a1-81e5-4112-9a79-b9dc90bf5f7f,1,682.42,682.42,2024-12-22
489ea94d-9490-446e-a089-25aa12cc116a,1,335.54,335.54,2024-08-24
489fc777-1b98-44c5-afd8-178299a1a943,1,438.77,438.77,2024-05-16
48b6dfac-8731-41b7-86dd-4d8a37f14593,1,489.57,489.57,2023-01-16
48bd10a2-4440-467b-917b-0bcda03c81d9,1,1868.64,1868.64,2024-07-27
48c8f7c6-e301-49f6-9b25-dfea44e5fc7d,1,147.57,147.57,2024-07-30
48cc644d-eae5-48fd-9c31-ef0f532b24d2,1,405.70,405.70,2025-03-28
48d3bb37-358a-45aa-beba-3822504a0c71,1,1057.24,1057.24,2023-02-10
48d7e546-8173-408b-97c2-3cb3a65af9b4,1,330.18,330.18,2025-12-02
48daa810-7e5c-4198-a2e2-8887125fb799,1,165.15,165.15,2023-08-28
48e724e4-c7bb-4252-9444-b5f81df52cb0,1,1797.60,1797.60,2023-10-19
48eea711-ff73-455a-b285-4de28b7e1d28,1,381.84,381.84,2023-05-07
48efd21c-36bb-4e73-87a3-5c8501ab76f5,1,1250.96,1250.96,2023-01-07
48f2cfa1-40a3-464f-9fa0-3dfbcc3773e9,1,1684.94,1684.94,2025-04-29
48f99917-b5cd-413a-a13c-fcebac89ba55,1,335.50,335.50,2025-11-11
4926ce5f-7878-4140-ac2a-4f71a77d95f1,1,105.64,105.64,2023-05-16
492c145f-c281-482d-b550-2479b24e8605,1,1788.88,1788.88,2024-03-12
49314ad2-7b57-44e3-a52f-954bc67eb983,1,94.58,94.58,2025-06-05
4934ae98-e9fe-4615-ace0-ca02257380c0,1,41.29,41.29,2023-04-21
493acbb8-cbed-4ad3-9aa1-a0c404f08bdf,1,1486.50,1486.50,2024-01-31
494f2e93-87c3-4f93-9ec5-ca5ad53dbc02,1,871.14,871.14,2023-04-08
494f4da0-c080-462a-9411-8aa43adb2b16,1,1961.40,1961.40,2023-12-21
4955cff9-eb4a-4fdc-a863-fb5c1ab90da4,2,1675.62,837.81,2025-07-03
4976a13c-d87d-48d7-bc54-49f7a3293ad9,1,1167.45,1167.45,2025-06-14
4988e784-f13d-4936-a816-4d9a715dbf9a,1,769.56,769.56,2024-04-25
498e3b9f-f442-4b76-b18a-821a5c7128b8,1,1711.75,1711.75,2025-09-05
49951b23-ed0e-4252-b04c-049d31475db5,1,746.96,746.96,2024-02-20
49ae5912-6f4e-4872-af5f-de834320362a,1,232.56,232.56,2024-06-09
49b12a03-10c0-484c-8237-739a6995d1fe,1,367.29,367.29,2023-04-26
49bfed6a-939d-4e73-87a6-ba34ecd5ea31,1,855.20,855.20,2025-09-25
49d8632a-d9fd-49b4-a5fc-8b3f728752ed,1,897.12,897.12,2025-10-27
49e8033d-c248-4e0e-9845-1d78b82e322d,1,186.12,186.12,2023-01-11
49eaa97b-fa71-413c-95a2-e6b1194767b5,1,72.33,72.33,2024-01-19
49f36ca3-53bc-4a7f-8a53-1527c637285c,1,923.26,923.26,2024-05-08
4a051464-ae8e-40cc-8ae2-6fe1d40be6bb,1,779.40,779.40,2025-12-13
4a090af7-30ae-4074-a506-213e347b6810,1,1306.72,1306.72,2025-01-09
4a3a7cf0-d163-4ff2-93a9-901990c01631,1,769.92,769.92,2023-04-06
4a3de0e3-5b91-4b54-9584-3f4bb05be11e,1,1550.50,1550.50,2024-11-26
4a3fd64e-9f35-4e67-93d7-50c3874ed236,1,865.08,865.08,2025-11-06
4a45609d-2350-410b-9d27-a126ed9f8d7c,1,1349.14,1349.14,2025-06-17
4a557f34-3ff5-4ce2-99a2-ed2dc156c299,1,119.78,119.78,2023-10-25
4a5b54a7-743f-42bc-9ede-113e96961b99,1,146.34,146.34,2024-03-04
4a658a7d-c1f5-4014-9fa8-81b0c0133339,1,1234.40,1234.40,2024-03-19
4a7041d5-b918-4343-981e-260fcae83972,1,188.51,188.51,2025-10-09
4a70585e-d89d-43f1-95c5-9f575c87f51d,1,226.60,226.60,2024-12-26
4a7ba815-44c0-4e44-b392-328a69681a30,1,788.48,788.48,2024-05-24
4a8459ce-7d47-4283-81f7-9abe387507ac,1,400.85,400.85,2024-03-10
4a995cf7-a04d-4a55-9b45-35ba3055b451,1,259.49,259.49,2024-09-20
4aa77a4a-aca1-4999-9078-00b2ecae0e74,1,612.72,612.72,2023-03-01
4aae2781-a181-405c-9f7c-31b86f6413d8,1,347.50,347.50,2024-10-11
4abb4c79-145c-4217-849e-96ff1d5128e6,1,224.26,224.26,2023-10-22
4ac51aaa-8cb8-4eff-ba06-c22d569e0e6d,1,904.18,904.18,2025-11-21
4ac6df21-e16d-4831-a827-2b824f3f7571,1,178.98,178.98,2023-03-08
4acafd79-ec60-4353-b12d-2edce6b03b0d,1,36.54,36.54,2025-10-11
4ad4a29c-912b-4a83-9622-88edd81ce41b,1,103.91,103.91,2025-12-21
4ad76a0d-5219-4d62-a25c-6c5cf629c955,1,330.16,330.16,2023-05-05
4ad8fce9-72ea-45bf-8f6a-d99184318ec8,1,172.04,172.04,2023-05-06
4aed6683-6f76-421c-9501-a909bc5f4a77,1,1396.07,1396.07,2024-03-30
4b0d4cbd-09e6-4510-a634-8757754989fc,1,785.82,785.82,2023-03-27
4b193421-e21e-4149-945c-7c49af3213a9,1,1167.67,1167.67,2024-01-08
4b1a65b1-2640-47a1-8f73-2d70979b1ec8,1,236.56,236.56,2024-10-31
4b1a6be7-2a0c-4d10-a949-286310415c6a,1,1086.05,1086.05,2024-03-15
4b1e4ee0-1974-448a-8eb3-cc3f8143d2c5,1,2197.40,2197.40,2024-12-14
4b254c58-c32c-4d66-b7b5-46521de3c9e1,1,1114.56,1114.56,2025-07-22
4b47b715-f937-4fff-b146-56f1787ed06b,1,41.80,41.80,2025-06-30
4b52155f-02e0-46aa-bd7b-3a654d02229f,1,1450.75,1450.75,2025-12-23
4b637343-4f0c-4036-bcf4-e458b90ed009,1,461.24,461.24,2024-02-23
4b801396-8d0a-4406-93ff-29a5d6af5938,1,1344.20,1344.20,2023-02-23
4b832bf3-0b90-4e3d-9c17-22e452f71704,1,464.03,464.03,2023-09-06
4b8a7264-c538-4878-a8d7-3bde691f7de3,1,1959.80,1959.80,2025-04-20
4ba193df-f00a-4fba-b016-3c56ef83eaa6,1,228.07,228.07,2024-05-31
4bb7cd63-022e-4824-baff-4ea7cd24b532,1,143.35,143.35,2025-06-26
4bb8f598-2098-4c89-813a-1c8f833a44da,1,853.11,853.11,2024-02-16
4bca1fc4-11d7-4dfa-88f4-05e8a673290c,1,114.61,114.61,2023-07-30
4be7982f-c758-401d-9495-2c71437761e0,1,268.02,268.02,2024-03-27
4bf64684-6e58-4c2e-953f-22aef9e3e218,1,260.35,260.35,2025-05-08
4bfb122b-4c46-4b70-aa45-5e9d8d44f301,1,1172.82,1172.82,2025-04-30
4bfeaf51-ae5f-48a7-8ca1-545b555c7459,1,2197.49,2197.49,2023-04-29
4c09ac2e-6dcc-4615-8e59-73748294d237,1,2389.35,2389.35,2025-05-29
4c103b3c-6cfa-4ad5-9cdd-488f6c5f451a,1,1424.58,1424.58,2025-06-11
4c14c94e-38f0-4570-9c3f-6f31a3844e7c,2,1678.06,839.03,2024-04-15
4c2eef90-ef30-4609-a9d5-5f2cedb715eb,1,82.60,82.60,2024-12-01
4c335465-4506-4a17-8cd5-c00ee2fc182e,1,756.24,756.24,2025-08-21
4c38325e-df88-412a-8168-5283d50a151c,1,1170.45,1170.45,2023-01-31
4c5444a4-dd33-4c3b-ba07-8c935bb6354e,1,371.35,371.35,2025-03-26
4c5fa757-4554-40c8-b7cc-86b4b8612dc8,1,811.53,811.53,2024-05-04
4c63732f-ecde-41c5-bf53-ec3ccc4e89de,1,250.61,250.61,2025-05-19
4c66da55-8d78-4bd0-8b9f-d9ae07150540,1,581.64,581.64,2023-11-03
4c6de01c-c02e-42da-9338-c96e4c0781a9,1,624.69,624.69,2024-08-18
4c6f9a45-8192-4f8f-9fed-7603fadc9704,1,974.49,974.49,2023-04-07
4c70c16f-c917-4796-a838-4c4f95635189,1,825.90,825.90,2025-10-07
4c8f505c-b4f8-4e25-ad49-20e3edc276a9,1,1855.97,1855.97,2025-01-21
4c956585-a59b-4682-b3ff-e304b50e33d7,1,1759.32,1759.32,2023-02-16
4cb95f10-90e3-4ab5-a0ce-1ab42733677f,1,381.10,381.10,2024-06-14
4cbb47fd-ae7b-4853-b6e1-d52e924d1d57,1,83.43,83.43,2023-02-23
4cc6e7f6-f2ac-48bf-9659-38b42916489b,1,122.12,122.12,2025-06-04
4cca3dda-7cbb-4627-9929-c7c73709d7d3,1,463.84,463.84,2025-09-19
4ccf9f22-16a8-478a-9b50-c965576818b5,1,1287.56,1287.56,2025-12-07
4cd3e7a8-2b54-4062-8db1-499ad97f02b4,1,420.57,420.57,2024-10-24
4cd3f6ad-1da5-4774-8b17-f7741bffaf79,1,315.32,315.32,2024-04-10
4cdf781d-762f-4404-a94b-4729be578609,1,407.36,407.36,2023-07-13
4ce746aa-28f5-4a00-a911-2a3ed88af63e,1,390.52,390.52,2024-12-21
4cec495b-2267-46e3-ba5b-6ac5de703b72,1,566.36,566.36,2024-09-22
4cf9f844-12da-4aa1-ab10-aaa46ea180c8,1,923.64,923.64,2024-06-23
4cfa8966-fd33-4f49-aa86-961aa59e126f,1,309.57,309.57,2024-03-18
4cfc9ca9-f6b1-40e2-af28-5c3220c6f80e,1,999.13,999.13,2025-08-27
4d010484-6874-4761-a293-bede22d31d02,1,424.96,424.96,2024-05-11
4d014aad-a2bb-455b-8ffa-c6a9e306a0b1,1,83.58,83.58,2023-11-01
4d02152d-76c1-4764-9082-e0c03a29f767,1,235.14,235.14,2025-12-20
4d180e38-3699-4fc4-9565-cf0e0f319c37,1,264.90,264.90,2023-12-26
4d36c425-854a-498e-b24c-ef3d7105792a,1,1762.21,1762.21,2023-03-05
4d38e7dc-8146-4a5d-96cb-3dcb8f5dca48,1,1967.71,1967.71,2023-10-30
4d3a6ab2-357b-4caa-ae30-7eed254914d9,1,1905.30,1905.30,2024-08-09
4d4f5196-0e1c-4359-b786-a183590df613,1,946.13,946.13,2024-02-28
4d57f74c-382d-451d-bd79-25092de609ca,1,416.19,416.19,2025-08-24
4d6b2365-0194-49c4-bc3a-ee408e31e7a0,1,619.38,619.38,2024-04-03
4d7e6eeb-04eb-4694-92da-e5a7bc11733c,1,260.35,260.35,2023-06-28
4d90d947-1c5f-4f89-9eb0-16ce469eaff5,1,0.00,,2023-11-30
4d926ca6-a4db-4fed-a664-3dc801eb82f1,1,1336.14,1336.14,2025-03-10
4d92d3a5-3520-4b1b-933d-8a8394518b3f,1,215.40,215.40,2024-04-22
4d98d213-b88d-4e86-bbda-a272dc01b23e,1,2130.70,2130.70,2025-04-23
4d9fec20-1414-483d-a0af-0b16dd35585c,1,391.40,391.40,2025-05-11
4db1e182-14ae-4c8a-89a5-0218b13426ae,1,45.15,45.15,2024-04-23
4db23912-d03a-4ab2-9a5e-7f196f8c1c22,1,524.09,524.09,2023-09-23
4dbdad09-4a88-4e16-9d6f-f2653ec677ac,1,1408.14,1408.14,2025-09-07
4dc39462-7f6e-4ad3-8ec1-c06cac076dbe,1,650.25,650.25,2024-01-22
4dc3a23c-892e-42a6-8d54-d814cbe9b012,1,260.47,260.47,2024-08-18
4dc41ea9-e36d-4559-a49c-9a6e9968484e,1,169.95,169.95,2023-03-14
4debf416-463a-4373-b6bd-bef69dc758ac,1,132.34,132.34,2024-09-03
4e05461a-199d-4e84-98ab-bdf2a420cfea,1,595.38,595.38,2025-03-07
4e140a7a-1bb2-4342-923c-f22b7d2089a5,1,325.34,325.34,2023-02-16
4e14b67c-afe5-45f4-97cc-a58193131310,1,1478.08,1478.08,2024-05-29
4e23cead-a714-4b37-a317-60e4fa66ca82,1,845.40,845.40,2024-04-14
4e242519-4828-4b65-85ec-62a7779c2706,1,604.86,604.86,2023-08-11
4e333ecd-7e85-4680-b49d-0f7d66d46361,1,1894.77,1894.77,2025-01-09
4e34c4bd-a10d-46bd-9bfd-895002ba6c9b,1,255.42,255.42,2023-05-04
4e3bb717-f1e9-4272-9fe4-1894898ba230,1,235.85,235.85,2023-02-16
4e47dc79-facd-4bb8-95ae-1bb2d2771005,1,1403.85,1403.85,2023-09-18
4e4d59db-cbcb-4e7e-a7a2-e336e51d5b7e,1,91.74,91.74,2024-09-30
4e5b2424-385c-4e81-8aca-c467ecba5167,1,1012.23,1012.23,2023-09-24
4e5dc22a-d907-4dba-aaf3-8193211cc2c3,1,118.28,118.28,2024-07-15
4e641c80-c0d9-4866-bbd8-0e1b457469b2,1,1474.02,1474.02,2024-09-11
4e6792a6-e39e-4dcf-8de1-4304742efb99,1,948.00,948.00,2023-06-03
4e72aa52-83be-4cd9-87d4-e1ff8b6a5839,1,893.16,893.16,2025-12-22
4e8d0c03-0ef7-4054-8303-4cf68e5c4995,1,875.24,875.24,2024-08-06
4e954f55-d860-41ba-8013-3ac142a4e99b,1,1671.55,1671.55,2024-10-18
4ea2cd73-3ac3-43dc-8823-10ddf450be54,1,207.50,207.50,2024-10-23
4ea623e3-47b2-4835-b655-4281d10ef70c,1,1444.72,1444.72,2023-03-03
4ea6341a-1a4e-479b-ab78-b28f04b17841,1,577.28,577.28,2024-03-14
4eaa0474-5ff0-4cbf-b894-7bd561d58f53,1,463.87,463.87,2023-12-20
4eaeba0b-f07a-4ab7-8b9f-82a53f76f3b0,1,441.06,441.06,2024-08-12
4ebd494b-15af-43d9-86dd-b703cf632b9c,1,354.33,354.33,2025-10-08
4ebe21d2-48a3-40cd-aeb2-a48779b7b4b1,1,21.70,21.70,2025-04-23
4ec0f5a0-df25-41d4-a53e-41b45cbdfd47,1,350.67,350.67,2024-12-16
4ecad266-3f29-4615-b178-0077b96a33aa,1,1878.67,1878.67,2023-12-30
4ecb2163-6ca3-42ce-be08-f4f85dea9733,1,2129.05,2129.05,2024-08-16
4ee9b1a0-999d-4209-87c3-0e920b3dde04,1,1643.88,1643.88,2025-08-16
4eeb3af7-f768-461a-b318-61a5f1c4e99b,1,35.98,35.98,2024-12-22
4ef8b478-3fa1-470a-ba2c-4666d14284f0,1,310.88,310.88,2023-12-22
4efaa16b-ea35-4283-8d82-721d75361064,1,226.21,226.21,2024-07-17
4f12d502-be94-415b-acd5-1833fa24ca05,1,707.44,707.44,2024-04-25
4f148ea5-d995-47be-8b45-47e6f063069c,1,504.58,504.58,2024-08-20
4f1cf36b-6a71-426c-a3d3-576e1a933965,1,259.73,259.73,2025-06-20
4f2057eb-1f51-4c2e-8ade-6f7fd220d426,1,971.97,971.97,2023-10-20
4f21818e-2d63-4b08-a267-9a06f4d191f8,1,1871.30,1871.30,2025-10-07
4f3c0388-ec61-43eb-b33c-4dee97d47986,1,92.47,92.47,2023-03-22
4f47d62c-a754-456e-9148-d73f5185708d,1,438.37,438.37,2025-11-19
4f77f353-ce09-4cb2-b4b9-4e84cac2167e,1,1702.66,1702.66,2024-08-27
4f848c31-7954-4f2d-a819-d4b9b1a6aed3,1,302.48,302.48,2023-03-27
4fa03f26-f6f7-40cc-a9ec-8e49d1bdb8c0,2,3247.40,1623.70,2025-06-01
4fb8939e-56ec-43c9-bf36-d82d2b3143f7,1,346.43,346.43,2025-08-30
4fcc475f-fb2d-4525-827c-4576f015e45f,1,166.31,166.31,2023-09-22
4fd7fa9e-d44a-4f1d-9f26-808c0a9b3d13,1,2441.35,2441.35,2025-03-19
4fe681fd-addf-4952-b2f7-c416e2daf886,1,118.09,118.09,2025-07-31
4feb9f90-7722-4636-9cec-0cd5dcf8732c,1,932.36,932.36,2025-06-08
4ff88826-f720-4486-b04c-f7dd2165d436,1,276.02,276.02,2024-09-05
50268e08-a65e-451f-9e88-514a341c628f,1,1313.25,1313.25,2023-03-02
50296b31-aaa7-4074-9e9c-ab3d551ade57,1,283.81,283.81,2024-01-22
503b4078-a39c-4ec6-b746-4c02871854c1,1,702.50,702.50,2025-07-11
503f0e3b-9fd2-4268-a079-3a6868aa3db7,1,728.67,728.67,2024-07-14
504d39e0-d4f7-415f-be9a-f4fb7afe3780,1,240.42,240.42,2023-02-15
506e3e93-5d3b-4df5-b7f6-16fc55cf9f68,1,1219.41,1219.41,2023-02-20
507c2d67-b297-4805-8789-7a52402cab0c,1,28.27,28.27,2025-03-05
5082a8b6-4e41-4748-881d-3e5b63a4baf9,1,453.07,453.07,2025-05-25
50abdfdb-23dc-480d-bfc5-e0540df96346,1,174.15,174.15,2023-09-08
50b90cf7-3232-4cd6-880c-c4cbbd4ada34,1,0.00,,2024-02-16
50c12151-7a81-4047-a178-6b0c6a7bb608,1,461.25,461.25,2025-05-01
50cd2e94-99ec-4869-979c-7cb923c1ec1d,1,499.48,499.48,2023-04-04
50cdca52-d42d-4f06-ac6a-87638ba3f9cd,1,706.28,706.28,2024-04-24
50d04757-4cce-4630-a65f-9362f936269f,1,207.29,207.29,2024-02-29
50e61ba3-2c04-4716-9e6d-08e957d3538c,1,968.24,968.24,2024-01-07
5107ef32-c0be-4b4b-ae08-94e0a3e4f3fb,1,156.32,156.32,2025-08-13
5110c40c-651c-4898-971e-ce45cfe41699,1,2169.88,2169.88,2023-11-24
5113f539-e93a-4007-884d-c4be6696c3fd,1,878.18,878.18,2024-12-23
5124dce3-ccee-415e-9aa7-9e47462e3e02,1,193.75,193.75,2023-09-13
5128f5f5-e102-4708-a1fd-341df472b40b,1,537.98,537.98,2025-11-09
513826f8-7f73-45cb-aa31-a10b4bf8a3d3,1,673.36,673.36,2024-03-24
513d0f10-3e55-41ec-83cd-61ab5fb6f397,1,360.15,360.15,2024-06-25
514ee8ed-aa78-4f71-a9a2-5417778bd697,1,992.22,992.22,2024-08-29
515e1245-1391-476b-aa57-19b42bc1d06a,1,481.93,481.93,2024-12-13
51683612-2bb6-4a4e-8c47-5261e585a0a5,1,875.25,875.25,2024-11-21
516a6427-92a2-4ac0-8f1f-b4d662e13fb1,1,1398.63,1398.63,2025-03-19
516c4921-5e51-45c0-9b5b-4fba8b224339,1,911.48,911.48,2024-08-27
518e5725-cd83-4a8f-9865-607ef27476de,1,550.26,550.26,2023-05-14
51b30182-f7fe-404f-a5f3-0779f6ee5cdb,1,313.08,313.08,2025-03-07
51b7a067-1337-4249-8769-9a946215b08b,1,1222.05,1222.05,2025-10-23
51c4a48b-d79a-4414-af05-499070857047,1,1282.60,1282.60,2025-06-18
51c77965-2198-49cc-bcb4-3d57e8049941,1,169.85,169.85,2025-12-15
51d6cf1e-8327-4be9-9b69-a75b52695787,1,999.59,999.59,2025-07-23
51dc34f9-5950-4d34-9825-2b7356ad3c08,1,631.15,631.15,2024-11-26
51df0ae7-eccf-4bc3-bc47-16594dca33f1,1,1140.06,1140.06,2025-06-29
51e575e0-40f5-4837-b163-23e8dccb2216,1,59.54,59.54,2025-06-11
5200044b-3148-4df8-a6ca-8d50e5f5c891,1,1595.58,1595.58,2024-07-13
520ce5ea-2829-44f3-8964-d8b86a2ef23d,1,420.90,420.90,2023-02-04
522748a7-d3f8-483a-b23d-2c5a054563bc,1,137.95,137.95,2023-01-31
5242f3c8-b510-4a9b-83a1-57be1537102c,1,859.73,859.73,2023-09-25
5244513f-ba0e-4bd2-8e75-6db17230bc7b,1,15.80,15.80,2023-02-22
5245ada7-ce69-4b27-87e7-bb3b121c964d,1,40.10,40.10,2024-03-18
5278faea-1523-4a90-992b-ba2538e4cbdf,1,760.07,760.07,2025-10-16
52857cd5-2f2a-49be-9176-b926f11a31ee,1,2004.25,2004.25,2024-01-12
528f107c-55c1-423b-a427-89f14871ac70,1,669.94,669.94,2024-02-05
52949fbd-1243-4159-9df5-6402492ca612,1,408.64,408.64,2024-10-13
52978199-8d25-40f9-836d-65c78a0bfba5,1,130.23,130.23,2025-02-09
52a9ee35-620a-4a85-b942-0be271357431,1,926.64,926.64,2024-07-24
52cb4029-9bfa-4397-853e-1ddac6ba6896,1,634.79,634.79,2024-11-29
52d8e13b-8bc3-43bc-a306-28c251f63263,1,38.07,38.07,2023-09-23
52f4cb79-8535-4673-b8d7-7900edff60f1,1,198.64,198.64,2025-06-16
52fd9580-3e54-443e-a0c6-c8727e1ba5de,1,304.02,304.02,2025-01-08
5305f1e5-2f64-420c-81a0-d806fb0b4b9c,1,822.30,822.30,2024-02-17
530ac1c7-b8ba-4368-8fc7-77685ebbcca5,1,459.53,459.53,2023-03-18
530f5e8f-e63d-41fc-9096-e6a470b5d4ee,1,169.35,169.35,2023-03-01
53172e89-1595-4106-9511-6c5f34c4f6ad,1,1265.55,1265.55,2025-12-09
53197dab-b026-4d90-a301-5c63d7acef68,1,687.80,687.80,2025-06-11
532038f0-bd3d-41f4-8a83-fefd4df70b67,1,709.36,709.36,2025-10-02
5329d1d6-28c2-4521-8a4a-c7d27fd056d1,1,105.99,105.99,2023-01-15
532f4810-1b46-4772-a04c-5909993cf602,1,804.82,804.82,2025-12-14
5340cb95-5ce1-44e7-8ded-3f772a2c974c,1,601.62,601.62,2023-12-12
53633d85-8eea-4b85-8b8a-dac706c9872d,1,93.57,93.57,2024-08-18
536d3751-a46b-4f40-954a-5e5b90d02873,1,223.67,223.67,2025-05-14
536debcf-6eb5-4aa3-a2c6-efc7937b9d47,1,786.13,786.13,2023-08-03
53725961-1ef5-4bf5-8ffa-a3e15bb762bb,1,784.78,784.78,2024-05-01
537594dc-f22b-4e18-b0d8-466d841f30c1,1,1474.59,1474.59,2025-09-13
53817689-11a3-4e27-bf7f-d74b41f84ff4,1,554.84,554.84,2023-03-08
53958389-d10f-4426-adeb-23655d81f1cf,1,267.17,267.17,2025-12-08
539777af-af29-4773-b81c-1b34c4ec5be0,1,791.81,791.81,2023-05-16
53a0dd0d-1768-43e0-918d-696fc001254e,1,122.84,122.84,2023-07-27
53a1a9a8-b3d3-4437-a918-53bf23db8f35,1,1810.92,1810.92,2025-07-17
53adc24e-e9ad-4501-991c-34457e939dd5,1,1198.92,1198.92,2024-08-11
53b54502-9260-49d3-a39a-51c6798cab14,1,128.95,128.95,2025-12-23
53b8afe9-d812-446c-b384-23d3a3e7f597,1,627.19,627.19,2023-12-31
53c7c650-7762-4f09-b6d1-5ee942b7a3f0,1,789.43,789.43,2023-09-30
53d196ae-434d-4335-b481-838ddddca162,1,130.14,130.14,2025-04-18
53d69df8-6529-46fd-9f57-94fea0966da8,1,224.72,224.72,2024-06-17
53d8b26c-8b56-4e45-93d5-be8876eb1556,2,1188.70,594.35,2023-01-11
53e946d9-528d-42fe-a60a-7799f2700781,1,424.83,424.83,2024-08-20
54050c61-5d47-4b2f-881d-00da13702a07,1,525.44,525.44,2024-09-21
5416f272-f1ed-4676-acb2-8e38c48ca510,1,994.46,994.46,2024-04-17
54210361-751f-4ec8-8c72-775d35f5b763,1,442.78,442.78,2024-09-15
5422ea97-e32a-4787-9824-6315ad49e072,1,678.40,678.40,2024-10-12
542a4747-fc10-4952-aa94-4d391d587174,1,500.85,500.85,2025-03-30
542c4032-9e1d-4d3c-a482-fd9712cf10a0,1,350.68,350.68,2023-09-26
5435d383-d40b-43ef-9958-7833537fd800,1,74.75,74.75,2023-11-07
5441a465-ef3d-4f04-be22-c440e5339b2a,1,1862.56,1862.56,2025-03-11
544ef47c-e1d2-4e67-96fd-7c654d012e49,1,218.38,218.38,2023-05-22
544fa85c-1b55-40f0-8c6c-c73b4e849066,1,323.22,323.22,2025-02-10
546b3c5f-54df-4eba-a51b-4fd7f19e00cc,1,248.96,248.96,2024-06-20
547213ee-39fd-4ae0-bd7b-3857276eec17,1,277.20,277.20,2025-10-10
54895d64-f8b5-44f6-a20d-53f23b12e490,1,800.40,800.40,2023-09-28
548dea62-21ec-405a-8bbd-93915133e308,1,737.88,737.88,2024-06-29
549361c2-da1e-45b6-bef7-9c365c7571cb,1,479.06,479.06,2023-03-01
54a3e5ae-db9f-458f-81c6-444b08a575c4,1,574.54,574.54,2023-08-24
54b0bec1-a6f7-4e85-8dcb-c2347a76bb26,1,1006.77,1006.77,2023-09-08
54b575c0-2b69-4471-a1e5-eacf5b08c649,1,74.51,74.51,2025-07-21
54ccaa01-5394-4d80-b12d-9d9e9cd9cfb8,1,1173.86,1173.86,2023-06-01
54da609d-1883-489f-a512-e539e57a1411,1,773.60,773.60,2025-12-10
54ddf73d-205a-4371-b29f-e6f9d6a22273,1,34.21,34.21,2024-08-27
54ef76b8-682e-4114-9642-3fa0a229731f,1,1990.75,1990.75,2023-06-19
5503f3af-e6de-4f59-9bfa-2000f2f09c8a,1,1101.28,1101.28,2023-06-14
55088818-a027-4a20-bae0-6f30dfd2a536,1,386.35,386.35,2024-09-21
5514a8a5-d317-4e2a-95de-5c9ba42e4120,1,793.07,793.07,2023-05-31
5523114e-0404-44c3-bcd3-788c62c483ed,1,1069.11,1069.11,2024-09-24
55253efe-ced5-4436-a011-0065721d3b41,1,659.56,659.56,2025-03-24
553727d8-88e4-40ab-9296-40ed8a349655,1,106.48,106.48,2024-05-04
553fc35f-d7e8-4bba-8816-4097486689cd,1,1872.55,1872.55,2023-02-14
55596ce8-cd06-416f-95e0-bc9ee8909be7,1,2147.50,2147.50,2023-04-08
555c56b4-fb4f-405a-973a-346817e3add9,1,780.45,780.45,2025-06-27
557306ab-7c23-4e5d-be2f-0996421cf404,1,754.53,754.53,2023-05-18
558b30fc-9047-4506-a732-b67c561dc2b6,1,207.46,207.46,2023-09-01
558c7208-283c-47ec-98b4-f757d91ade99,1,272.67,272.67,2024-07-10
558d4025-1c23-4b67-9b4c-4ff965d0654d,1,471.36,471.36,2024-08-26
5591ada1-cdbd-4a83-b2b6-1bbbfc06d1ec,1,736.10,736.10,2023-10-24
55b19861-16bf-4099-a5de-d7959b6845e5,1,2116.58,2116.58,2024-01-15
55c9caf5-cbf9-4591-ab82-5959dbfade4a,1,1910.32,1910.32,2024-10-01
55d0cda5-b88a-46f5-91ef-00be92b1493f,1,2163.25,2163.25,2024-12-10
55d8ebbc-56f0-4c4b-99e7-7b40234e77f9,1,1052.61,1052.61,2023-05-13
55f96a6e-99d7-4baf-bae8-a90b28b9d3fb,1,763.12,763.12,2025-07-28
5620cb85-abd8-47ee-8191-0a17f93b0047,1,1101.48,1101.48,2025-10-18
5650e485-9142-494e-b0fe-4912baed6139,1,903.15,903.15,2025-05-26
56599848-18e6-4320-93bb-0ed7a776e594,2,570.30,285.15,2025-07-07
565c1e3f-6d1c-41d6-b3e0-4a38cdf0aaba,1,577.69,577.69,2024-11-13
567e642e-052d-4b9a-9f58-4603e5a3d8e9,1,203.28,203.28,2023-08-30
568c55a7-aa1a-4e4a-a2b2-b31862c8696b,1,676.42,676.42,2024-11-19
568ebc49-9b9a-4149-bc7e-e24cf3dcc423,1,1419.12,1419.12,2025-02-09
568fe4fe-f858-4532-bc9f-ca6ff0ee7620,1,244.53,244.53,2023-07-31
56af5b69-b6bf-45ba-8b2b-5e429bb7f262,1,1088.80,1088.80,2024-05-14
56b35c55-393f-4cbc-8d7c-c059cceb53ca,1,776.11,776.11,2024-10-04
56b9a3e9-a2f1-4922-86b5-eb7ec7f9f47f,1,2322.04,2322.04,2025-11-27
56badfed-abc0-47a8-a53e-b3e63fcc1260,1,1486.71,1486.71,2025-11-15
56c07f2b-3875-4569-ae85-fb01030e22b3,1,1916.39,1916.39,2023-08-25
56e5a4d9-4533-4452-9660-f31f5187938d,1,475.74,475.74,2024-05-27
56e6f05c-94aa-4293-98dd-62f3d2a8c74c,1,742.82,742.82,2025-08-06
56fae2de-8a69-413c-bf49-76fbc9f4394f,1,975.36,975.36,2023-09-03
5708a21a-f641-4d60-b6b3-662dcb016af6,1,173.78,173.78,2024-02-09
571cdfbf-8dd9-4b83-9877-c24c8842955a,1,31.49,31.49,2025-07-08
572d4684-71d5-43a9-a4b9-36c609773a68,1,1894.80,1894.80,2025-12-03
5739a341-a47c-4b6d-9dde-e373cb5a97df,1,1784.37,1784.37,2023-07-30
573bfc17-2167-435e-8e73-34f233932b6c,1,535.05,535.05,2024-08-16
57521ae0-9192-45bc-9e03-9a06ea953432,1,893.39,893.39,2025-12-18
5771f4cf-51af-4035-80be-e2989640f569,1,2222.55,2222.55,2024-07-27
5775c64c-80e8-4ec7-bcb1-1ea983d7b71e,1,367.64,367.64,2024-04-07
577bc55a-36d5-4494-b37f-d50d2e25b5ee,1,990.20,990.20,2023-05-01
5782ee53-35db-44d5-bfb4-4095312a9fbe,1,1265.16,1265.16,2025-12-16
5790b532-cdd3-47ac-940e-c73113e67487,1,1535.61,1535.61,2025-01-03
57a24496-472b-47c2-9403-2a3b40bdcd9f,1,802.56,802.56,2025-01-19
57bb42df-7b8f-406a-86ec-5ef8fe5318ed,1,98.90,98.90,2025-03-04
57c3a5cc-5b16-4b5a-bdef-211311c7fc06,1,576.40,576.40,2023-08-05
57c79ee5-696c-4170-aa01-6a0425384951,1,40.63,40.63,2025-07-07
57f46801-69a2-4466-94c6-d16d569186b9,1,417.11,417.11,2024-05-22
57f76b22-88af-4f98-b171-50197f2a1be1,1,422.48,422.48,2025-10-05
57f9f551-3a5c-46c1-8875-6eca1568e054,1,345.32,345.32,2025-02-28
57fe485f-4e59-4445-8bcf-5ff055f0fb43,1,896.92,896.92,2025-11-30
57ff2943-ff4b-425a-b416-22357ccfdc5c,1,42.19,42.19,2024-01-16
58031054-c42d-48bd-b9cb-c1a9cb35e974,1,790.82,790.82,2025-05-31
5815f7f1-9b67-4374-9f31-5efd10e1fb5a,1,495.53,495.53,2023-09-15
581993cc-41f9-494a-8f5d-337fee8d5daa,1,738.84,738.84,2025-06-30
581d84d2-7364-4c2a-a45d-ad860e29a199,1,919.53,919.53,2025-09-14
581e52e5-d692-4f8a-a177-cb4ec5affac2,1,49.46,49.46,2025-02-26
5824e832-005f-4552-8246-30295aa0e815,1,1103.45,1103.45,2025-03-02
58351f3a-6394-446d-b36e-943796d4890c,1,321.23,321.23,2025-11-15
58361f4f-dc3f-48cf-bb28-91001632683c,1,398.46,398.46,2024-02-01
5847302f-6c77-45e4-9035-8f5144062067,1,126.00,126.00,2025-04-18
584f218a-39dd-41e1-a222-c7758f24da7e,1,1498.20,1498.20,2025-10-07
5875b25b-9143-47bc-9373-3517c2696f5a,1,609.19,609.19,2024-11-11
588b8a3b-385f-46dd-9336-1cca6c7d7b0e,1,701.15,701.15,2024-12-31
589bc62e-5784-460c-862e-8beeb7993477,1,701.43,701.43,2023-03-23
589d98cf-5978-440c-baac-81b398570e9e,1,34.22,34.22,2023-09-24
58a107fb-57bb-45f8-8364-196d6d701cb4,1,2315.65,2315.65,2025-10-13
58a4f0d2-5ef2-4a23-8fe1-69c99c8c5aff,1,157.86,157.86,2023-05-06
58a7ba89-19ba-4bb8-a5de-a4e7d9e1a107,1,441.70,441.70,2023-08-16
58b2c2a6-86fd-4e71-8dfd-cc2909612c26,1,238.63,238.63,2024-08-21
58b74bfc-0b80-4853-bc0c-b8a11ec143ee,1,162.24,162.24,2024-09-09
58e28d0c-8355-4561-b904-e5b9dd1ddb21,1,215.61,215.61,2023-06-16
58e596c8-a239-4851-bc43-9b5375a155d3,1,1091.82,1091.82,2023-12-05
58ee0427-2c95-4ec8-92e7-e2e1491681e4,1,283.90,283.90,2025-04-04
590dc4bf-9019-4c4a-8e6b-bcf73378d6c4,1,129.92,129.92,2025-08-04
59178b75-96f7-4674-b702-f5539792cb50,1,414.54,414.54,2024-05-03
593489bd-1041-43b3-b106-6b732e1fc0be,1,270.13,270.13,2025-02-24
59432772-64ba-42bf-9c99-f2bc55dcb8a8,1,785.35,785.35,2025-07-18
5954d3d2-288a-4503-ae41-3b92cbf829fb,1,180.32,180.32,2024-02-04
59699bd7-0adb-47da-b0a7-f7716be8f85f,1,0.00,,2023-03-23
599c19c1-9902-45b6-9442-5752aa6d5bb8,1,1349.91,1349.91,2025-06-15
59ac169c-5bf9-4a86-9bdf-6dc7529483e6,1,314.87,314.87,2024-12-08
59b5d37d-0cd4-4a59-b3f3-7e94c46eaad8,1,218.51,218.51,2023-06-03
59c1a48a-25e4-4a03-9b41-8f9f46310d28,1,397.67,397.67,2025-08-24
59cddf49-d50f-43a1-aacd-36c0a2658397,1,16.68,16.68,2024-02-27
59d0f65b-aad3-4a91-a111-b90ddd98beb0,1,411.77,411.77,2024-06-15
59d68aea-76c4-4caa-b2fa-6763886162d9,2,3446.46,1723.23,2024-11-07
59d6921a-0140-4f51-aa9e-d27c1755be5a,1,0.00,,2025-12-03
59e11431-8aff-427e-a3a2-52c846696666,1,426.24,426.24,2024-03-29
59e17057-4960-4b1d-a387-716a654def5e,1,326.74,326.74,2023-10-08
59e647c3-44d0-434a-b05d-2c97e5b72d22,1,50.08,50.08,2024-12-05
59e7ea04-1b85-450c-af92-d87c7ccad5d6,1,1112.95,1112.95,2023-11-05
59e9264a-0f51-4235-99ec-2fff01c52a97,1,680.55,680.55,2023-06-16
59f4e435-d32f-46b2-b47e-6b314d2527b1,1,1722.18,1722.18,2023-11-21
59f60c3d-82fa-4ff1-a5da-f5fa1c3967d4,1,417.50,417.50,2023-05-29
59fcfaeb-7229-44a9-af7c-e6091a99aae0,1,766.52,766.52,2025-01-10
5a07600b-0e6d-4d8e-9fd9-33a05d15fa8e,1,1179.22,1179.22,2024-02-05
5a0c3085-67d9-4bc2-87c4-7aa68c249fbc,1,106.98,106.98,2025-08-31
5a0ed9b7-5e22-47d4-a74f-232bfb876271,1,171.57,171.57,2023-07-25
5a19d7ab-73e0-467e-87e8-1b25a9715404,1,858.60,858.60,2023-08-11
5a1d5866-03d5-4e79-bea7-49dd37c5fae8,1,678.63,678.63,2024-11-13
5a41e7f9-6137-4bba-a8f4-5ce307460647,1,1744.67,1744.67,2025-11-29
5a4594cf-6648-4283-b6de-1f5cd985084a,1,1880.73,1880.73,2024-11-19
5a4af4d5-7301-4dd9-9fa8-133302a6bcf9,1,1474.66,1474.66,2025-04-20
5a4dda5a-26c0-43c1-9f1c-f3432044df0a,1,1862.00,1862.00,2025-06-21
5a623db5-d96a-4d11-9d3a-59e624db200e,1,433.00,433.00,2024-03-08
5a67082d-db90-4308-9446-19777cfce364,1,194.16,194.16,2024-08-02
5a834671-a8ae-44a4-b333-69fd04e1b153,2,266.86,133.43,2024-10-30
5a92e40a-2830-44d6-b2ff-f8af0f382db3,1,390.45,390.45,2025-04-27
5aac72b1-77e7-4d81-9b88-fc72b66cdb02,1,924.99,924.99,2023-03-14
5ab065d2-6d2c-48b8-a1cd-3ef58f405d61,1,80.14,80.14,2023-02-10
5ab3f581-f026-45a4-a83e-64c0c9b0088a,1,213.61,213.61,2024-01-31
5ac290a5-67b4-490b-b1ad-694fabd6ac7f,1,742.80,742.80,2023-05-02
5aea5bc1-3ad8-41dc-856a-6310ee1e6f5d,1,588.20,588.20,2023-10-13
5aed79fb-34f4-42c5-8795-8ea970f04878,1,367.79,367.79,2025-11-30
5af29561-7c28-473c-823e-26505b5319ed,1,295.50,295.50,2024-01-09
5b00b3cf-f4d3-4ca5-938e-f58e19d56bd5,1,901.76,901.76,2025-04-30
5b025984-ffe3-42af-ac7a-79648e0129c2,1,1772.38,1772.38,2025-03-20
5b07045f-78bb-4b31-a8cf-04fa582f1aa1,1,314.78,314.78,2024-09-26
5b1c1f10-7688-44ae-95cf-c78677262d4c,1,808.51,808.51,2025-07-19
5b2b3ed6-2a12-4112-9be7-22127a0051fa,1,809.27,809.27,2024-06-29
5b345ede-d26b-4c21-87e4-7dbaf0ad73fb,1,961.42,961.42,2023-10-20
5b41db5f-e711-4ce1-9c77-1788117b01df,1,2112.35,2112.35,2025-03-20
5b444ff0-f9bd-47ea-bbee-00d897e7253f,1,767.16,767.16,2025-10-08
5b4cf598-2ded-4560-84be-fc8e86a92ccb,1,803.76,803.76,2023-08-04
5b4d9268-ad5f-4ca4-924e-4e2a52381a07,1,1281.54,1281.54,2025-01-10
5b612cb1-b605-4cb5-bf2a-e006c8ab7726,1,1848.12,1848.12,2023-08-15
5b6ac8c4-d28f-40a1-bbaa-c9672fde9027,1,381.64,381.64,2024-01-31
5b868adc-0893-4949-8512-aa6e70172842,1,66.71,66.71,2025-02-24
5b8cd4b8-c804-4adf-9ace-d4586475478d,1,1442.97,1442.97,2025-06-22
5b9bbe0b-eada-4aab-8fc4-afe20d426fcb,1,254.12,254.12,2023-07-11
5bad287f-59bb-4917-a2d6-2c8b95e27771,1,973.98,973.98,2024-01-12
5bb94ebd-f399-4791-adf9-9a171add4ff5,1,1500.08,1500.08,2025-09-26
5bd3f5b0-0dc6-41f7-bd97-6fd5cae40b95,1,53.11,53.11,2024-12-28
5be02370-0e8a-4d50-9453-4d157348a697,1,322.74,322.74,2025-06-06
5be1c022-1361-4113-85db-1d9af19dba69,1,54.60,54.60,2025-09-25
5be4a282-fc4d-4683-ac4d-54105b9e1d72,1,519.69,519.69,2024-01-15
5be611f8-99c1-437d-a644-e6306dc1904f,1,258.43,258.43,2025-08-11
5bef0090-f7a4-4b26-a0af-24d31baf93b2,1,298.25,298.25,2023-04-16
5bf0be14-a6c9-4960-b0c9-5e1edb6e45bc,1,1447.26,1447.26,2024-10-25
5bf14572-57e6-4ee7-bf9f-dac8b89f1b65,1,479.76,479.76,2024-09-11
5c0234de-f9e9-4c13-ae2f-ce74400766dd,1,1316.28,1316.28,2025-04-26
5c02ecd8-f83a-4522-9c58-79da02bc44a8,1,291.41,291.41,2023-12-19
5c098a5c-585d-4d17-9258-14d9638cf9e3,1,1349.80,1349.80,2023-12-20
5c14a0cd-4389-49d7-bcde-df340e314a68,1,505.02,505.02,2025-03-13
5c18020a-1dec-4558-bdf3-e9b0683bb8cf,1,435.39,435.39,2023-10-01
5c338a83-7c80-4067-9afc-00ac9bd2ce6b,1,1466.08,1466.08,2024-01-15
5c50ec23-8410-4b6d-a98d-ad1bae773867,1,754.95,754.95,2025-12-17
5c75352c-45cd-496b-8d8a-16f329ce9bfa,1,457.25,457.25,2023-06-03
5c8f6375-a2c6-4f57-b52e-ffa6ed323242,1,262.62,262.62,2024-07-19
5c8fa643-2dc6-4d2c-9429-3c84738b0e4d,1,909.18,909.18,2024-01-08
5c9f1a81-301c-43e0-8664-365c65555601,1,219.24,219.24,2025-11-27
5caea310-7a44-4339-835a-8dc67380ea6c,1,2548.26,2548.26,2025-11-05
5caf20ae-3f45-4107-82ff-b3e362e9826e,1,47.13,47.13,2023-04-22
5caf5c6a-64ca-48e8-8dde-dccc831bef03,1,407.97,407.97,2025-07-21
5ccb4317-9cef-4290-9643-7d2aba77f532,1,1318.77,1318.77,2024-07-19
5cedfc38-5c30-45d9-b211-3cc07108a855,1,975.22,975.22,2024-07-05
5cf01b14-c77e-40ee-aeb4-2aeed6fbf5ea,1,34.66,34.66,2024-08-09
5cf2f8d2-9968-44a9-8af2-7d2f8159fd47,1,88.86,88.86,2023-02-11
5d027966-c671-4eeb-b5d0-9c8c22c486ba,1,1054.21,1054.21,2024-02-24
5d15c129-9425-4e90-9aeb-50557d692580,1,345.63,345.63,2023-09-25
5d34b0f7-103c-4310-918b-4d7cf8613cc4,1,1004.30,1004.30,2023-01-11
5d400b20-5abd-46da-a31a-85af2417833e,1,1392.24,1392.24,2025-09-20
5d501ff8-631a-45d7-93cd-b211596f17ff,1,225.58,225.58,2025-04-07
5d8720de-2f63-46e7-a7a9-ba993a6664d1,1,239.36,239.36,2024-08-29
5d893035-d07c-45d6-ad51-b71dd208d844,1,719.77,719.77,2024-11-16
5d8c8633-e673-458e-93f7-0eea9c8a9bef,1,715.34,715.34,2024-06-18
5d8e3949-73a0-4648-b33a-562457102ec2,1,1726.26,1726.26,2025-09-11
5d9a1711-a07c-4bd8-bb58-314e7b25706b,1,738.95,738.95,2024-03-20
5d9c820b-beec-4846-928b-08b79925e4cb,1,187.59,187.59,2024-09-20
5dafa421-33a5-43eb-9451-6995a1629935,1,395.67,395.67,2024-07-03
5db7c2a1-d7c8-4473-897e-d248fd4b41b3,1,2018.50,2018.50,2025-09-22
5dc64778-89fa-4d88-a3ad-d8db01655e18,1,371.90,371.90,2023-05-31
5dc7be3a-f444-4eff-8239-40fc43ece745,1,1335.76,1335.76,2025-12-27
5dce5a22-be5a-4cc4-b955-95d065615876,1,130.06,130.06,2023-12-26
5dda46c2-8f33-4efb-9388-046aa30a543b,1,304.24,304.24,2023-11-15
5ddd0392-2d1e-49ed-9c70-7d52273d83a3,1,1194.37,1194.37,2025-11-13
5de64d36-6e64-4059-8b49-0bd549669ad8,1,1049.55,1049.55,2023-09-09
5df7e09e-c3ae-4ce6-804c-f40018865cd0,1,683.31,683.31,2023-10-12
5e025c70-f396-4535-b8d3-c99e65485986,1,574.29,574.29,2023-05-29
5e19c478-4143-4597-9ea7-5453f2506a88,1,151.82,151.82,2024-08-07
5e203e03-e02e-474e-b88c-57b8c79f5ff5,1,38.06,38.06,2023-03-25
5e21744c-7e62-4d6d-877c-a8192d9164a3,1,292.62,292.62,2023-03-28
5e24296e-b736-4ad9-b9a8-226b5ced7017,1,151.48,151.48,2025-06-07
5e25b414-9f46-4965-a09d-e9ff1717f677,1,1175.70,1175.70,2025-05-11
5e351973-b733-4c9e-977b-08a8f5ffb939,1,172.90,172.90,2023-01-29
5e43c7b5-0d3f-44c1-a745-821a1521dfb4,1,1304.66,1304.66,2025-11-17
5e490376-0e06-4ec6-b3d1-e50d1494bade,1,934.02,934.02,2023-02-27
5e57d7f4-5c27-46b7-95e6-b91db27c7e0f,1,1690.16,1690.16,2025-10-02
5e5c68ab-439f-436f-ae62-d4048e42c497,1,2264.35,2264.35,2024-08-02
5e723c24-c2c7-4d49-8dae-27d77668d540,1,895.90,895.90,2024-09-11
5e8347df-d5ac-492c-b1f6-99bae79d3568,1,260.64,260.64,2025-12-03
5e86ca3d-07d7-42df-8ef0-4ec3fb2d6908,1,731.69,731.69,2025-11-06
5e905326-5ed7-48b4-aee5-17d0d5d52460,1,1607.80,1607.80,2023-11-16
5e98552b-d087-4adb-9c37-04a1bd446be7,1,1377.21,1377.21,2023-03-28
5eaf0e47-19e4-4b5b-a5ec-418937790ca3,1,921.60,921.60,2024-01-24
5eb01644-b415-4e6f-b130-16139e394bdf,1,496.45,496.45,2023-01-22
5eb7bc86-ae9c-43a4-9c90-99298c0e7e66,1,66.50,66.50,2024-12-22
5ed69b88-fdbe-4e47-9edf-5358756b17cc,1,588.00,588.00,2024-02-15
5ed8e959-56bd-4a85-9ca6-865991ed007e,1,22.06,22.06,2024-08-28
5ee1fefc-2dc8-425e-a032-d5e234606b64,1,1284.16,1284.16,2023-11-02
5ef787b8-f2e6-495f-b32e-2016add702c9,1,530.00,530.00,2025-09-23
5ef9f63b-3ddf-43bd-b021-a0bfe437cdf3,1,941.65,941.65,2024-06-19
5efa9c5b-7421-4f46-a37e-4b0122bae10e,1,1621.70,1621.70,2023-06-01
5efee8f8-a309-4391-b805-2f01310bdddf,1,1187.99,1187.99,2025-10-23
5f0813df-ed28-430d-b3f9-cbf62bfd154f,1,42.36,42.36,2025-05-24
5f0a0c49-90a6-42d9-9999-d15dc6b8ec98,1,549.00,549.00,2024-07-04
5f0a74fb-b6e7-4214-b3b5-f7d79d2f1794,1,446.35,446.35,2025-06-10
5f104442-d976-4e53-b08c-0012ca746710,1,250.80,250.80,2025-06-11
5f2dc50c-ece4-46a6-8238-6c4495a2392d,1,675.20,675.20,2024-05-03
5f361dde-025f-4965-8578-a3148611f2e4,1,75.83,75.83,2025-08-18
5f3f9fe4-d4ac-4cb2-b4be-7cb292c04163,1,1459.00,1459.00,2023-08-22
5f5b5856-2683-4f15-b4a1-6d5c0394f6a0,1,158.57,158.57,2024-02-14
5f97082f-1ee9-4617-a835-bbc3ada8668e,1,608.57,608.57,2023-01-04
5fb7d2ad-2d81-4d61-83ed-35f4ad28eef9,1,197.36,197.36,2024-02-20
5ff2d515-f700-4e39-bebf-642f371be782,1,2076.10,2076.10,2024-07-10
5ff44565-e4d4-4726-a091-c424916539d2,1,30.60,30.60,2025-10-24
5ff540ca-9038-4b45-916d-9a42e7b795f9,1,175.90,175.90,2023-01-25
600fc79c-fbce-4087-96d2-b14d07faf6f7,1,1118.08,1118.08,2025-05-29
60152641-bb2c-472d-8333-b0fe02759ce1,1,136.35,136.35,2023-04-27
6017de79-a2fa-48fd-9196-1086ecf27c4b,1,326.81,326.81,2023-09-07
601f41d4-5798-47dd-97d0-87ccf3842faf,1,178.75,178.75,2023-07-18
6049cbb0-3db5-433f-85d7-3ac4ea248e1a,1,1223.24,1223.24,2023-01-10
6066eb28-1f72-4864-b77c-82a7cd38b317,1,793.02,793.02,2023-12-17
6086ce8d-123e-42fb-a95e-17415e48f8b3,1,339.95,339.95,2025-08-14
6094413d-03c8-4477-addc-d3ff8b1096c0,1,1930.35,1930.35,2023-04-22
60b4fc7e-2dc4-4848-b318-7e8f6afe39bf,1,1128.81,1128.81,2025-01-31
60baed08-f2d3-4176-b8f9-a26a386d67d8,1,600.71,600.71,2023-03-16
60d0f201-9d89-4652-be0f-d219b1d73ebb,1,306.86,306.86,2025-11-15
60e4ee04-d7c7-4cac-8478-bbd08d9cffd3,1,429.98,429.98,2025-09-24
60ebb712-710a-4cd6-9eff-7485c4613bbc,1,2394.45,2394.45,2023-03-22
60f8e5b7-8e0e-48a4-ae40-cf207fcbb0f7,1,225.55,225.55,2025-06-26
60fa9827-5b10-4c4e-9e34-e78d78ec5420,1,22.32,22.32,2025-12-17
610f55e8-e82a-4d8d-9d64-065f42ca7eab,1,803.18,803.18,2023-12-14
61223189-35f3-4e4a-ac92-04b40306a258,1,740.65,740.65,2024-09-07
612e5ff7-f3bf-4811-8541-4c254beab64c,1,995.35,995.35,2024-10-02
613f3917-f1dd-41f1-94da-a8f8fc41bd77,1,251.81,251.81,2025-11-23
61453600-cb68-4a0d-8f70-024f10120611,1,285.68,285.68,2024-07-20
614b4c69-ab5d-4ef7-b93c-99d14fd6b653,1,2351.58,2351.58,2024-03-07
61521896-26c2-49f1-8e91-0b5c83eee779,1,985.22,985.22,2024-06-02
6158a7f8-270a-4676-b209-04fb0814b870,1,1211.58,1211.58,2025-02-07
615c68ab-247c-4e20-b8f4-35d9f865ab60,1,587.50,587.50,2024-05-17
615f46f5-0b45-4cce-9a1b-b5469a4c059f,1,1971.60,1971.60,2025-12-31
6161846a-3902-40c8-970f-c035838f5ed0,1,1432.45,1432.45,2024-09-21
61983f51-f022-4bce-98aa-240e4094d309,1,354.18,354.18,2025-03-17
61a73056-5114-4a97-89cb-c14823b1d124,1,1458.56,1458.56,2023-12-18
61b12269-4334-4c0f-ad01-4fe6d0e9bea2,1,1574.73,1574.73,2024-02-16
61bdbe67-3f0a-4ea7-9905-be03bd2e54df,1,1931.44,1931.44,2025-08-18
61caebb9-3d83-4b24-89d0-45bc49446d1e,1,816.90,816.90,2023-03-07
61d10454-a3ed-4d43-815c-121dfcabda35,1,262.36,262.36,2024-07-22
61e01764-3305-4d7a-baf0-0555fb8bfa9d,1,641.66,641.66,2025-09-11
61ef4814-ba7a-4b91-a0cf-525d6a5ee957,1,0.00,,2025-03-11
61fd4793-ba60-416d-842c-ec411b657b19,1,1476.36,1476.36,2024-01-24
622193e4-5206-43a8-8c1e-22745bf2cf57,1,247.50,247.50,2025-04-15
62250cca-4606-4fb6-9b98-525643273c32,1,42.26,42.26,2023-12-03
62264e3f-3660-4558-8f82-f369696e558d,1,1008.15,1008.15,2024-01-12
623d45f4-c1ef-4252-9b0c-6cadc9f12b09,1,666.00,666.00,2023-10-13
623e59ad-3e1e-4913-b199-b48c9b50661d,1,486.09,486.09,2025-12-04
6240d7eb-8e15-480f-87a6-d638c63e48d3,1,926.52,926.52,2023-08-31
62524390-52a3-469d-8906-9da96d3b867c,1,721.02,721.02,2023-12-21
625b513d-71a8-4123-b709-797ef4de0acd,1,1313.08,1313.08,2023-07-23
627c88d3-389d-4c0e-8c11-83184df80c6e,1,1089.99,1089.99,2023-10-12
627ead88-3d9d-4c94-bc42-78784ba97ad2,1,505.82,505.82,2024-11-21
627eb0f7-2a2a-4ad3-83d4-84f640c1a49d,1,668.14,668.14,2024-11-17
628474b8-e0e9-42dc-8cd5-bcca3cedbfa5,1,671.07,671.07,2024-01-07
62852c8e-3366-4642-ba6c-f7953192eed3,1,750.66,750.66,2023-08-27
628a59da-50a4-416f-9bee-2d2fe9ac9732,1,671.74,671.74,2024-06-28
62925d07-d853-4b6d-b23d-834671f6b88f,1,2044.16,2044.16,2023-01-02
629d7ad5-1714-4b68-bc6d-4e851c415135,1,1174.25,1174.25,2023-07-01
62a37e90-b97c-42da-bba2-7ffdce2b2822,1,991.41,991.41,2023-08-12
62b099a5-03a2-4cda-ac2e-9bfacbaf30dc,1,1390.95,1390.95,2024-02-18
62b51691-eebf-438f-b8ce-6a2e74ba0303,1,1161.51,1161.51,2023-12-15
62cb979d-43ee-4cb8-bdf8-b48b915cb1c6,1,837.70,837.70,2024-07-09
62d0bb77-eb8e-4f1c-a3d5-714f67798762,1,220.32,220.32,2025-02-01
62d6c2c0-9d3b-4597-80fa-78c041bb0626,1,1569.93,1569.93,2025-10-29
62e32fa7-f4cd-4362-834a-184284d8ec6a,1,405.60,405.60,2023-06-11
631ad1c6-8753-4734-8fdd-6e56eb851b88,1,97.47,97.47,2023-07-22
631c18ea-932a-471b-a02b-938252f21af0,1,862.56,862.56,2023-04-10
631ef4d2-f13d-4812-8a12-43c1d5df8990,1,718.01,718.01,2023-10-04
6332472c-cdcc-40ec-bc65-182ecaec902d,1,509.16,509.16,2023-08-19
63379612-7acf-44ea-bec8-909e8976ad5c,1,390.62,390.62,2024-06-07
634ee115-5c81-4bad-8bb3-4c1425818b22,1,204.88,204.88,2023-07-09
63619e38-d21d-4ff7-9dc1-cf1e6f0413f1,1,375.76,375.76,2025-12-04
636fb8f7-3f95-41d3-a5c7-db3510e1aa52,1,1304.22,1304.22,2023-02-26
6381bbd7-271f-4e38-a6fe-42117fe8b570,1,114.55,114.55,2025-12-05
639b3f82-f10a-422d-8b34-c046eb8f1b09,1,580.15,580.15,2023-04-08
63edbae3-9c9b-4e79-9e6f-1e24a8b1e1a7,1,413.27,413.27,2025-08-31
63f0144f-9933-4056-ac39-e3be251b677a,1,1642.60,1642.60,2024-01-07
640933ec-c68b-451f-84a2-092d2777fe38,1,171.32,171.32,2023-07-12
6412b727-e773-44af-81cf-0c0cf8c7dd64,1,483.60,483.60,2025-02-22
641c130f-0089-4bad-bb62-be81aceec77a,1,1233.61,1233.61,2024-08-07
6427f18a-bd2a-4a29-9f08-d79b5923a4b0,1,262.85,262.85,2025-03-19
64423d22-ea7f-4808-98f0-2579631e2e41,1,255.40,255.40,2023-06-14
644f8afc-728d-46ce-9372-42ced3efd0ac,1,1700.04,1700.04,2025-03-31
645094dc-4819-49e2-a19f-3e62dbb4163b,1,1572.06,1572.06,2023-06-02
645ebe9b-1a33-4b77-8d8d-044e22761bbc,1,1612.87,1612.87,2024-08-17
6492516c-72af-4e47-8262-ded2edfded9c,1,612.16,612.16,2024-09-10
6499c67e-c68f-4b66-9cc8-2ba87fba11ab,1,1137.15,1137.15,2025-01-09
64a18452-dae5-498a-ba19-7e9f557b9e63,1,419.55,419.55,2023-10-23
64a70279-8609-4880-af29-c0f72ebbfe0a,1,541.46,541.46,2025-07-02
64a7412f-150b-4fa1-b687-15805fbf469f,1,658.40,658.40,2025-12-22
64acbdac-7d9c-429b-8ec5-1daa1da5c353,1,97.60,97.60,2023-06-15
64ace3b6-9e91-44fd-a24a-f0189a455871,1,32.92,32.92,2024-07-24
64bf82e1-a343-4b6b-b19f-815e86a07367,1,736.83,736.83,2025-02-27
64dff775-2266-4824-8f85-39db651aa96d,1,824.80,824.80,2023-04-05
64e76da1-bf21-4991-903e-19e9ff546b60,1,516.30,516.30,2023-05-04
64fc30cf-d950-492e-87d3-dacfdf1f9f82,1,523.05,523.05,2024-08-03
64fff7a6-35ce-4da8-9d3d-c371d6ac0d84,1,1129.00,1129.00,2025-09-04
6504de10-7448-4227-9af9-93de8cf64d3c,1,21.27,21.27,2023-08-16
6508f5c4-2994-4775-ba4b-90e3fdf26daf,1,1835.06,1835.06,2025-02-01
650c78d7-29df-4156-9605-cd5f533e5e69,1,96.50,96.50,2023-11-12
651535c0-d9e7-4673-b2cf-9cd005e1872f,1,745.94,745.94,2024-12-11
65270cce-378f-4d8f-862c-47f72165ce36,1,26.23,26.23,2025-06-24
6530a1bb-2b6a-415d-b826-ef67befab998,1,381.02,381.02,2023-01-24
6530dd25-5913-4494-a86a-9424eb0b1eaa,1,1432.62,1432.62,2025-06-20
65399d75-47e2-4ede-a83e-b503e424e48f,1,1017.38,1017.38,2025-05-10
65632b4e-2c82-482d-a84c-2510823be360,1,439.24,439.24,2023-04-10
65637d1f-5763-4902-9552-0712af92ef22,1,493.52,493.52,2023-01-04
657a9887-3267-4687-815f-b7057746fe6a,1,953.91,953.91,2024-06-11
658126c2-1270-43fc-8884-070570a21221,1,768.57,768.57,2023-10-21
65832226-39d6-45bd-bbbd-50385d074218,1,1332.62,1332.62,2024-11-27
65b410b8-63ed-49fd-85e4-96b4d4da6c84,1,1922.60,1922.60,2025-09-20
65c4b4fb-6526-40fc-bc4d-f6408a7f65ab,1,131.00,131.00,2023-08-12
65df6f0c-76fe-41ca-9976-029c475ee308,1,1033.40,1033.40,2023-08-23
65e76376-d4b8-48e5-8126-855e9d3c23f2,1,715.68,715.68,2024-05-03
65f08334-cae9-418a-aef4-4bdc1b4d4def,1,913.86,913.86,2025-08-30
65f69897-7a8e-4e5c-a444-c04046633755,1,244.44,244.44,2025-07-29
65f76d06-5a2d-465b-87ce-baaaf713c245,1,572.22,572.22,2025-03-20
660d77ff-3654-4cf3-a08e-a67ac884ad42,1,180.33,180.33,2023-01-03
661df416-d825-4e98-9a3b-143f40768c67,1,1105.70,1105.70,2025-11-01
6635f9bc-e7fe-425b-ba33-4745f7c80b90,1,51.31,51.31,2024-01-14
663637b9-a43e-4daf-b439-99edf60ea405,1,1456.80,1456.80,2024-03-23
663718d1-4e34-41cc-94f7-b5ea54d4fd42,1,172.21,172.21,2025-07-29
66383fa3-dec6-4e8f-b21b-76e3482202f9,1,1112.96,1112.96,2025-02-16
6650562d-f6bc-4d08-89d1-9bbd8c596260,1,309.60,309.60,2023-11-06
6650aee8-2a98-4495-9b89-d3838432986a,1,885.00,885.00,2025-07-26
6653bbba-f631-40fb-b6d8-9323970fd74d,1,1977.88,1977.88,2023-04-12
66548fd6-8027-4505-af88-198b4de53f26,1,392.17,392.17,2023-02-23
6655f4f8-7d26-4119-ad61-4f9c7f1d8e4b,1,369.00,369.00,2023-05-11
666b0650-923a-4139-b4d0-28b48ef4d724,1,1015.20,1015.20,2024-01-29
66783830-9f50-4a11-bc78-c405ff6851ff,1,1317.36,1317.36,2025-01-07
6680c5e3-363c-4c32-be3e-14022008bd4c,1,626.56,626.56,2024-12-20
66815708-05fb-4b20-ad31-5ef756500854,1,637.95,637.95,2023-01-05
668b1d14-320f-4e32-842f-b7eb485deadc,1,1438.84,1438.84,2023-11-19
668c4775-ac77-43aa-b1c9-08d816b1298d,1,502.02,502.02,2023-10-07
668c879b-d2dc-42c8-b2b8-d8aa21768dd7,1,269.07,269.07,2024-05-04
6690a951-fc04-4a7a-ae41-5f166263307c,1,167.64,167.64,2025-01-23
66c62f4b-d991-452a-9c10-cd4db4405a30,1,46.06,46.06,2024-06-13
66c901bb-b2f4-4df9-8dec-43879347ce3a,1,1233.20,1233.20,2024-05-25
66cc29ee-6708-4180-8a1f-619ce49d1335,1,2663.17,2663.17,2024-11-28
66ceaf9b-9005-4012-b6ee-3a01c4a604db,1,1130.88,1130.88,2023-06-04
66d71d97-b193-48b8-ae49-c0799bd0d4c7,1,203.76,203.76,2024-06-15
66dbb507-ea58-4411-81cd-8f3c7d0b57ce,1,491.32,491.32,2023-12-13
66f38d43-1df1-47a9-9d71-aa22c6122daa,1,714.01,714.01,2023-10-24
66f5067c-405f-4ae2-97ed-52653975e1a5,1,2270.70,2270.70,2024-10-08
671a8a66-0631-4d18-a9ff-a39885c8eec3,1,508.57,508.57,2024-11-22
6722c244-fde8-4868-bd92-6e02c13661b5,1,553.16,553.16,2023-07-20
674440a3-df1f-4814-aaf1-ee3c9dbfa0d4,1,1021.35,1021.35,2024-04-01
67467281-b3d0-49dc-b4ad-e55548c639cf,1,853.47,853.47,2024-11-04
67577a98-d3fe-4480-a0ca-bbc6f0d65ed0,1,795.15,795.15,2025-12-22
675bb586-f70e-4b43-a66e-a696322f04e6,1,1956.04,1956.04,2025-06-08
6765bf17-3bd3-4005-8448-297c8c757197,1,207.31,207.31,2024-07-28
677a740e-4adb-4881-85cb-135aae2f9cbf,1,342.29,342.29,2024-04-18
677c25b0-6d23-4155-a057-c558f1ba308e,1,127.86,127.86,2023-10-23
677ffb7b-2b98-4895-afa3-fb1d79a376bd,1,680.39,680.39,2023-11-03
67859608-dd58-44e4-837d-cba3c5b050be,1,1568.64,1568.64,2025-05-24
6791ea9b-d83b-449d-a230-e9b9197ee3bf,1,496.26,496.26,2025-09-17
679bbf88-f551-49fe-90c2-43a6cf857ee2,1,284.66,284.66,2025-08-04
67b5c84f-525c-477e-ba18-717c337f2ee2,1,142.98,142.98,2025-03-05
67ec013b-6f78-4265-b065-c0106245d3c9,1,520.37,520.37,2025-07-24
67efd730-d319-4e79-b48b-76aa07f5f4b2,1,1485.66,1485.66,2025-08-17
68054a24-f785-4cc1-b8e5-91c417d2efe7,1,113.45,113.45,2025-02-02
680800a2-a492-4da5-9f8e-c2d58fed71cf,1,894.44,894.44,2025-02-27
680d0f8e-bd3c-465c-9ff1-19fe366d2aba,1,2373.19,2373.19,2024-02-28
680d127a-811c-47e2-86fa-b09f6882b578,1,526.93,526.93,2025-05-18
68131b04-b0fa-47fa-89d8-e098ce6d3107,1,800.70,800.70,2023-01-28
6816439b-7aef-4ca4-ba28-95fae33daafa,1,1309.00,1309.00,2024-10-20
681a035f-e1e3-466c-8a09-bdc139c8a117,1,929.65,929.65,2025-05-21
683033bc-b13b-4ee8-bcdc-6b9b3a014a9b,1,484.98,484.98,2023-02-14
6833b42d-e644-40a7-a722-5280fcf7e86c,1,349.02,349.02,2025-01-25
683fbcee-4c1d-4771-937a-827072186b49,1,214.64,214.64,2023-11-08
6860b33f-44a2-4aad-b2ff-86e15f559c7c,1,726.04,726.04,2024-11-16
6860df84-7a66-48e9-b617-f5180f5224f1,1,271.27,271.27,2024-09-25
68695f07-1550-41d0-97af-dba2d50d90c4,2,502.76,251.38,2025-08-03
68869693-459a-4785-853c-bfb2ff430c3e,1,2144.65,2144.65,2025-04-03
6894b02e-4993-42d4-8c5c-72e07f9aa86d,1,260.39,260.39,2023-11-04
689d9d3b-762f-4c7e-9a34-66056330c4ba,1,744.12,744.12,2024-01-01
689e4534-2e0e-4d6c-9f06-b25efc80ecb1,1,1317.84,1317.84,2023-09-29
68a381d7-fe2a-4078-b143-676d11be1b8f,1,1531.51,1531.51,2025-02-22
68b40bc2-68c9-41ec-854e-9f38c002c580,1,1947.72,1947.72,2025-01-10
68c8a81e-3470-4b92-a1fc-72376877c029,1,1338.77,1338.77,2024-11-19
68dab362-6ca2-4fb9-a92c-6ba9939fa6ec,1,1743.09,1743.09,2023-02-19
68e02b01-610f-4eb8-9261-8d5586826c63,1,50.15,50.15,2023-12-17
69079e93-aeb1-4522-9ecc-bc94eb586c90,1,181.02,181.02,2024-05-12
6917a9fb-beb7-4b53-9ecd-97f56e3ab4ad,1,125.68,125.68,2023-01-17
691bb5ed-68ba-4665-a16a-858feeb2610b,1,1064.05,1064.05,2025-12-09
691cbc0c-7785-4a94-b33f-b753be012bfa,1,795.70,795.70,2025-05-02
69259be4-bbeb-486b-80b4-b922a2fbd132,1,702.48,702.48,2025-10-22
69275829-6c5e-4242-a627-aaf779cd96c1,1,262.48,262.48,2023-06-11
692c1fe3-3bb7-4e67-acc8-f989e232b97d,1,20.33,20.33,2024-06-11
693c634a-60e0-4724-be61-d40758c1f905,1,668.46,668.46,2024-04-27
693f0dbe-4a87-48fb-8e87-b98ec8c0d284,1,1040.94,1040.94,2023-07-27
694d7b00-8d38-4327-883f-13c601b158e9,1,236.04,236.04,2023-10-08
6959046d-ae0f-401d-9f11-bed76a2147bb,1,125.45,125.45,2025-05-21
6960db16-93d0-41d0-9003-22f5a66dc044,1,649.52,649.52,2023-07-10
69a3a98b-fd07-4885-9007-c897b6f6ff69,1,683.48,683.48,2024-06-12
69ab744a-5c6c-4287-aa8c-f464263c382e,1,86.54,86.54,2025-02-19
69ac155e-e0a8-4b90-bbe8-0ab2035e5be2,2,1565.28,782.64,2025-08-13
69be173a-850e-40ad-9872-f72ee5b4a1ae,1,29.74,29.74,2024-11-07
69eb918e-2f8c-45fb-b08f-6c1b3b8a7bd7,1,299.08,299.08,2024-02-10
6a06957b-741b-4e8f-a403-d35633378409,1,38.71,38.71,2025-12-31
6a17f569-8c71-47ce-901d-8dc2423e2c4c,1,111.40,111.40,2024-02-22
6a1a3778-d9fb-4d35-8a50-cf43cc58d6e7,1,1967.65,1967.65,2024-08-22
6a1afce6-9d6a-4282-a830-fc292f5cc178,1,1341.84,1341.84,2023-01-24
6a2b70fd-56d5-4cd3-9c70-671a86caffd2,1,315.84,315.84,2023-06-13
6a429bd5-cd71-42b4-9471-104f1859c5ae,1,366.89,366.89,2025-02-25
6a44b8dd-07e9-46b0-af33-fcbb74a88206,1,345.38,345.38,2023-09-29
6a49a6dc-8372-47ee-a136-00206569bfe3,1,165.94,165.94,2023-11-01
6a4df5dd-6ff9-4246-b8fc-5f403c088b2d,1,380.48,380.48,2023-06-29
6a4fab5f-12e4-4780-ac93-f0c153a2cdf5,1,988.23,988.23,2024-08-15
6a72ef4b-ac71-4ae3-b5e7-cc94511006e0,1,1009.86,1009.86,2023-07-05
6a7cdc07-cc48-4601-b829-f3681e432da9,1,345.40,345.40,2024-12-07
6a7de66f-4bcc-4d1f-8af3-a22632d19bd7,1,89.57,89.57,2023-01-27
6a7ee18d-3dc6-44e0-93be-361fa151f14b,1,316.43,316.43,2025-11-06
6aa49b3d-45c8-4af1-9b22-8a51b2f6900c,1,1341.68,1341.68,2025-11-22
6ab37668-3c5d-4dab-a99b-99c775a8e106,1,1960.60,1960.60,2024-05-15
6ab7520d-2545-42e1-a8e4-1ff60f0e6459,1,349.52,349.52,2025-02-27
6abf3ba6-8625-4c53-ae23-8260d261f228,1,331.71,331.71,2023-09-23
6ad89382-8552-40c9-96ea-4132fd0b06e2,1,1414.85,1414.85,2024-01-23
6b02b8de-1305-40b1-8e9d-5d6f924ef676,1,161.37,161.37,2025-08-09
6b1b8c03-0b7e-4d79-8c1b-0d55933be58a,1,60.54,60.54,2025-12-22
6b3ea254-830d-4996-951a-bcb736a50a97,1,145.72,145.72,2025-09-25
6b40431b-cd24-407e-b8df-bd843c1a55f3,1,941.42,941.42,2025-03-24
6b4c2dac-df93-4659-a30c-e666d36e7cca,1,429.00,429.00,2024-09-25
6b71ff09-b08d-44c9-a1a8-34b93ceee14e,1,128.71,128.71,2024-10-02
6b779bb9-739b-4e04-973b-0a1017686d40,1,600.70,600.70,2023-09-28
6b91a4b6-9daa-4003-8569-c3a77610468f,1,271.74,271.74,2025-04-21
6b9246ca-b6b8-4ef3-af50-c7deef33d1ae,1,367.84,367.84,2023-06-25
6b9fe0a6-7a2b-4b35-b855-ec871b60a8a5,1,1922.70,1922.70,2023-01-25
6ba98cd6-f56e-4de3-aa90-f080122e44dd,1,97.37,97.37,2023-03-31
6bd11bf2-a6eb-42c7-affc-b034cd33e10c,1,192.12,192.12,2023-03-23
6be26db9-deb0-428e-970a-018d12d1c5f8,1,1366.40,1366.40,2025-03-04
6be5ff3a-9931-415c-aba5-68de88dc7289,1,1947.92,1947.92,2025-08-18
6bef6d83-ebf7-4f6b-8ead-59cf617bedda,1,953.40,953.40,2025-07-29
6bf07a35-3198-4190-b291-661efc32d96d,1,1030.91,1030.91,2023-08-13
6bf5e27d-84c6-4b58-a1f5-ddb3901940da,1,310.26,310.26,2025-09-22
6c022dce-a9cd-4c15-a615-fdc694ebfcce,1,474.33,474.33,2024-05-01
6c3b3880-924b-4628-9b23-4e264faed0f1,1,2245.05,2245.05,2025-12-26
6c581685-ed92-48e2-a3a8-fe3ffb39f103,1,1077.25,1077.25,2025-05-03
6c99b726-95db-4721-ac60-7079ca9d32b9,1,780.52,780.52,2025-06-28
6c9e051b-25ef-4d3f-b793-38500c28de25,1,1228.83,1228.83,2025-04-20
6ca0b4d7-1e4d-4c1e-bf12-538de40a6c94,1,731.60,731.60,2025-06-12
6ca3b4fa-6d87-40a1-98c5-334989b3c047,1,371.20,371.20,2025-10-04
6ca653b7-9fb9-4839-9096-da0015a838a6,1,1479.44,1479.44,2024-11-06
6cab9ae0-0f22-45b6-b408-38f7fdc3bfc2,1,906.52,906.52,2025-01-14
6cad65da-f53d-492e-a1c4-aec3a0bd1be2,1,623.82,623.82,2024-09-23
6cba931b-fcdb-4082-87e1-34d8b15ca81c,1,278.19,278.19,2025-02-24
6cccb5ac-8807-4e82-bf17-00eb5ee3a394,1,48.45,48.45,2023-01-28
6cd7a51f-c209-446d-90e8-7393cbe76c4d,1,275.59,275.59,2024-07-26
6cdb930c-dc87-485e-8f6e-1e3025d6ad40,1,709.68,709.68,2024-09-23
6ce0befa-8986-4ffe-ba65-9bb3e2ea33ce,1,456.64,456.64,2024-07-14
6ce87f51-1eb2-4170-b1e2-d719f2034fe7,1,912.31,912.31,2024-11-05
6cf4d2fd-d37f-4059-b1d7-64ba1712df48,1,29.92,29.92,2025-10-21
6cf78d41-942d-4ebe-87b5-b85a4b38f3be,1,834.62,834.62,2024-07-12
6cfa28cf-b62e-410a-a584-83851915bb1c,1,882.96,882.96,2024-01-02
6cfc78a6-0b98-4e6b-a834-81b9f4bc3def,1,477.39,477.39,2023-10-02
6d1b898c-f0f3-493c-9bfc-30150952bf33,1,1053.47,1053.47,2025-12-14
6d377252-2af6-42d8-b961-b8ce0454f5a1,1,473.31,473.31,2023-02-15
6d3b4080-a2fb-4928-a6bf-dbee06242ac0,1,1122.81,1122.81,2025-02-09
6d3e4848-54d7-4728-99e3-05e54a5039e6,1,368.01,368.01,2025-03-28
6d44c07e-3085-4631-ba9b-6daf75960c4f,1,479.10,479.10,2023-12-09
6d46ebb5-c4bd-4247-b20a-67d6c9442628,1,586.61,586.61,2024-09-06
6d4b5d6f-3c97-4377-a218-a051a8b7f08c,1,351.68,351.68,2023-10-15
6d5c748d-023a-45c1-bb21-c90700a9a495,1,81.03,81.03,2025-06-03
6d5f62d9-c80c-42d5-a954-08ae8dc62423,1,135.28,135.28,2025-08-10
6d76a5b7-8003-4081-b151-3aa95de751d8,1,320.03,320.03,2025-10-22
6d8363da-7419-4b05-afa1-ea72999c35a0,1,1025.34,1025.34,2024-12-22
6d861a6f-c8e9-45bd-8d57-21e96cff1fb2,1,485.18,485.18,2025-09-08
6dacfc29-5e5a-45ff-9c4d-76da765ec39b,1,607.72,607.72,2025-02-03
6db27777-5cf2-48a3-a0ee-4f3f7ea19fde,1,333.12,333.12,2025-05-25
6dea4a41-f846-4119-a83b-8a6bb07cd1c9,1,290.90,290.90,2025-08-14
6deb86fb-1dfa-4457-b563-e9d98d52f91a,1,501.55,501.55,2023-09-25
6e23ad9c-e117-4c6d-a745-e1471b2d79c8,1,445.56,445.56,2023-04-24
6e2baa05-8715-4e37-a817-7af530c8477b,1,1029.06,1029.06,2023-02-28
6e43b319-f929-4271-b220-58f9bdb2fd9e,1,29.14,29.14,2024-01-18
6e4c1b29-9ecc-4271-b59a-abfaf1e2c960,1,863.38,863.38,2025-12-29
6e600f9c-b0c7-4b4b-9db1-6c4d77f83e57,1,1279.61,1279.61,2025-08-21
6e659294-876d-432a-a4a3-482f37c783d1,1,1171.44,1171.44,2024-05-15
6e7415b8-5c96-456e-b61e-7da267b8f283,1,272.00,272.00,2024-12-01
6e771bb4-c8de-4d9a-b4dc-f40a226282c1,1,86.18,86.18,2024-01-23
6e8223b8-792c-4809-9f65-d3f6acea0f48,1,1189.83,1189.83,2024-12-16
6e85ef52-67c0-4bff-bf57-d8a8a9ca074f,1,773.80,773.80,2024-05-31
6e9c47ac-b205-4f95-af7f-dad2a041e65d,1,1294.98,1294.98,2023-05-21
6ea28b15-d0a7-43b9-a7ea-ae636f850440,1,2318.14,2318.14,2023-04-20
6ea96992-ca9c-4c16-bfbb-0308abfd45aa,1,731.14,731.14,2024-08-11
6eb21a24-49c4-4a27-a114-ca04fb75848b,1,1496.30,1496.30,2024-04-28
6ec2beb8-0aee-4d6d-b8c5-42bc20b09a72,1,405.68,405.68,2025-04-26
6edd6534-9f88-4802-9ac3-e8c1c0eaf512,1,1205.67,1205.67,2023-11-27
6ef0702e-01a4-49ac-910e-a0bbe9507945,1,33.68,33.68,2024-08-04
6ef1f6e5-17cf-4588-a4f9-7edf2135f0bb,1,772.62,772.62,2023-04-27
6f140dfd-7403-4e8b-8044-b30905555e8c,1,8.38,8.38,2025-10-17
6f17fcc8-4e83-42f3-b6e3-d6060872a9f9,1,184.93,184.93,2025-06-20
6f20b8c3-d434-43bb-bcfb-59685f941349,1,2172.69,2172.69,2025-06-06
6f3c9ce8-6806-4e9b-822c-6ecd90af00eb,1,1521.85,1521.85,2024-02-25
6f43241b-8258-4124-bad5-a23833584bed,1,440.35,440.35,2024-11-26
6f461cd2-f987-4b7e-aea4-391a046732d2,1,862.24,862.24,2023-03-02
6f5022f6-8db9-46fb-8204-6c6e12406ad5,1,878.12,878.12,2023-11-06
6f71b9ba-6b20-4590-859b-3fa5b73cdcb4,1,2219.30,2219.30,2025-12-18
6f97d15b-d51e-4e2f-8754-15a8fc6c9331,1,553.64,553.64,2023-03-09
6fb0c665-4766-429e-8895-df3c7941a6a4,1,162.19,162.19,2024-11-24
6fc3abc8-00b3-4dde-90ec-f6308b9ac0c3,1,1230.15,1230.15,2023-03-19
6fd90b5a-ac7b-4b60-8759-99ad276e7b9e,1,131.94,131.94,2023-10-26
6fe35fa5-7ed6-4106-9244-b343c90f0089,1,1030.05,1030.05,2025-09-28
70143c6d-25c3-46ff-809c-2c6b89011a2a,1,762.66,762.66,2024-07-01
701ea9ae-4218-46cd-9b80-47ca4af001d5,1,398.92,398.92,2025-06-22
70228a7a-8ae5-44ef-9e3f-77066735af48,1,369.80,369.80,2024-04-09
702b7014-adab-4c2f-91a6-46dacd613988,1,401.00,401.00,2024-02-20
702cbbe4-aaaf-4df8-a9af-078af28b96d5,1,879.54,879.54,2025-08-05
703179c1-3a32-4738-9fb5-3919d1b31ef8,1,1070.94,1070.94,2023-04-12
70348a25-fa1c-4356-b36d-22ad0ce04aeb,1,56.34,56.34,2025-10-09
704ea49a-ad30-4a09-88be-b2594e072960,1,799.20,799.20,2025-11-10
7051c804-39e8-4db4-98a9-2f731870eae8,1,1793.95,1793.95,2023-09-27
706017d2-6df6-4277-b893-85d0ea77c46c,1,1347.57,1347.57,2023-12-27
7060b699-415d-45e7-a944-0b9c3c423c26,1,150.77,150.77,2025-08-27
7064a65b-4aa6-4a9f-865c-2dbb24246ba7,1,994.66,994.66,2025-08-13
706ac6aa-a73c-485d-a53b-4b8dc1a6ec68,1,56.70,56.70,2025-10-24
706e3f71-a99c-43da-a5b5-97c6ab5b2ca1,1,2148.70,2148.70,2024-06-02
70718530-0c06-47c9-802e-57a8bf9ad280,1,252.38,252.38,2025-09-20
70830c84-a32c-48cb-abf7-91a336a663e9,1,240.26,240.26,2024-02-23
7084dacc-3f66-4921-a6da-686e77491652,1,465.85,465.85,2023-08-28
70869a45-4a8a-4b17-b09a-083a0c9ea060,1,1834.88,1834.88,2023-01-23
70882740-b9b6-41ff-b69b-a6ad05cb8ff0,1,2253.90,2253.90,2023-01-15
708af036-3e17-442c-9c29-6683b159ea64,1,822.42,822.42,2024-07-02
70a8f0df-25b5-4d9a-b446-37fe20b5cbba,1,1620.58,1620.58,2025-11-27
70b11416-c683-4e2c-9c97-07d5ec85b81a,1,268.76,268.76,2024-12-30
70b6da16-70b9-48f9-9dd0-38288943400b,1,1169.73,1169.73,2023-10-27
70c03847-f05d-4408-ba88-4a7a833a69dc,1,1347.45,1347.45,2024-09-27
70cafdd8-fc04-4f08-9207-0158f2771f63,1,579.90,579.90,2024-11-09
70cefef5-cd60-4db9-85c8-b5d85a2a7ac0,1,57.02,57.02,2023-05-29
70e39ecb-77ec-4430-a885-ca4740ee7a6e,1,178.95,178.95,2024-12-04
70e4d888-0952-48c8-8cb5-ce532a4c01f4,1,699.03,699.03,2025-01-22
70fa41e6-51e9-4da7-8b72-edd889b6a2b3,1,232.42,232.42,2024-04-18
70febf4b-fd4c-4f63-bb88-549df44823e0,1,2119.50,2119.50,2024-04-21
711942ce-cb34-475d-ba7d-0975c94c4e15,1,411.95,411.95,2025-12-10
711b2d4b-0d30-4131-82c8-1148a4b61461,1,118.30,118.30,2025-06-05
7141e68c-b7b5-4bdd-bd57-199aaf9f4673,1,132.27,132.27,2025-05-03
715a7987-2ed9-494b-8eed-8c6e8da406d7,1,1176.75,1176.75,2023-03-31
716fc648-bc23-4c07-ad67-2f1b0d0ab50a,1,359.08,359.08,2024-01-11
7182d248-5afe-421d-ad7d-9f25c3f8f3cc,1,161.73,161.73,2025-07-06
71945c2d-129f-48b1-b6b3-b7b0b4fb02fa,1,1935.94,1935.94,2023-01-22
71a48a5f-ec97-4450-aeee-55c47710512c,1,1215.18,1215.18,2023-01-23
71c2f610-401e-4891-b3cd-e2f95928a5b1,1,931.05,931.05,2023-07-03
71c50b25-1af6-4c3c-a5dc-3b0c8ec67c3a,1,864.96,864.96,2025-07-30
71cfb9a0-872b-4db9-8889-869a2c7d543d,1,352.88,352.88,2024-04-11
71dd2009-7468-4b11-84fa-f7a0c518c070,1,2250.80,2250.80,2024-05-25
71e7ac0c-70a2-4023-85a9-37a979d28895,1,161.19,161.19,2025-09-26
71ed9b3c-ea8c-400b-b9a2-bd013d73745d,1,746.24,746.24,2023-08-11
71f4ad4e-df33-4ee8-bf5d-81db3d574d80,1,1474.72,1474.72,2023-03-30
720c5e44-a894-4ccd-a663-196522da0119,1,286.64,286.64,2024-09-12
720c9b8b-266d-4a1a-b1d9-f69eead38da1,1,2218.85,2218.85,2025-01-31
722af35f-5635-4f8f-bc4c-b74bf5532a95,1,572.97,572.97,2024-11-04
722c8862-e08c-45cc-96ea-8429e3fdca72,1,439.08,439.08,2025-06-08
723020f9-b4c0-4caa-b15c-3bd2088504c6,1,2349.45,2349.45,2025-02-19
7233d5af-9813-4da1-bd21-20ad5f59fb4d,1,636.82,636.82,2023-07-09
723f4b14-4a9a-43af-94f1-edf3da3dd3d2,1,1004.70,1004.70,2023-06-08
725aa10d-63fe-457c-a5d4-ec1951fc4c23,1,1484.70,1484.70,2023-09-09
7265a44d-3cd0-4a4d-84a8-710cacb44f2d,1,27.44,27.44,2025-08-16
7267205e-8f66-4ee7-8557-cad0cf06d5bb,1,329.17,329.17,2024-07-10
726fc529-056b-4931-bbdd-eba0d7c07ab8,1,1481.75,1481.75,2023-08-28
72791a45-665e-4b63-a186-a04227d564bd,1,1358.00,1358.00,2023-05-05
7294dee8-5bd5-495c-b285-f309d95ad95f,1,315.03,315.03,2025-09-20
7296f71d-e4d2-40ab-864a-1ba1877d7d0c,1,433.13,433.13,2023-11-02
72a124ce-75ee-4ca8-b65d-17c2d26a8b3c,1,485.82,485.82,2025-08-24
72b34666-7cb6-484f-b9e2-720ef6cb1747,1,6.67,6.67,2025-03-17
73079edb-5efe-4e1a-8f44-4f17c260f4a1,1,333.42,333.42,2024-12-19
730a006c-308c-4971-a8ca-f7957721f50f,1,2224.85,2224.85,2023-09-03
731b7004-801b-438d-86fc-92267fe1b779,1,1210.39,1210.39,2023-10-01
7321bdcb-eff6-441c-be3d-9753db9c26cb,1,791.28,791.28,2025-08-19
73236a01-54db-43b1-b12e-f0f3cdd2d129,1,229.30,229.30,2025-07-22
732c533b-2404-4313-941b-f8a5720c615a,1,70.84,70.84,2024-05-22
733c01a9-da73-479a-8b44-35646e924eff,1,546.28,546.28,2025-07-18
733e890f-bfef-470f-bdec-4dec2d08e0a4,1,1277.15,1277.15,2025-03-24
739054d7-207c-4452-8fce-6368b0171e20,1,225.56,225.56,2023-06-11
7398d6de-1f76-4e06-98bd-d6412b2dd741,1,234.78,234.78,2023-01-08
73c41e88-5102-489e-be22-202f1af3785c,1,324.52,324.52,2023-01-25
73ceca7e-5cc1-43c1-aa1b-645781c6ef8e,1,1885.60,1885.60,2025-04-28
73d1a9c7-c40f-40f5-8c2b-717ad7e00483,1,713.09,713.09,2025-11-25
73ec5b83-7246-4267-bed4-da72a0d3d8fb,1,339.84,339.84,2025-09-21
740d760b-3471-48ab-a18d-d61c3da7bd62,1,1468.67,1468.67,2024-02-25
740dd662-6d68-47bd-a54c-0527a80f342f,1,753.87,753.87,2024-05-18
74189841-c37b-4389-b722-ad100cf1f09d,1,572.20,572.20,2025-02-15
74246baa-2dca-4c82-8660-a3e9736d417c,1,1019.75,1019.75,2023-12-10
742a65ce-c275-4c6a-a776-8f582f2d4fab,1,1596.38,1596.38,2023-10-06
742ccfe1-88ba-403d-bff3-94a3b508b618,1,919.88,919.88,2024-04-12
743b09e9-e24f-4845-a014-d8d425c2a208,1,138.40,138.40,2024-07-26
743c92eb-e918-4aee-a9a8-5e1b8a5b3040,1,157.14,157.14,2023-12-22
743d5b2d-500b-4959-981c-313393c7afc1,1,1367.35,1367.35,2025-11-09
743dd327-c8be-476c-8128-62e454e03a5f,2,623.30,311.65,2023-10-13
74472f9e-6cf6-4c4b-b8d1-13874b3eedd6,1,810.98,810.98,2023-02-03
7449dee1-8773-4850-8459-ac975b3dfe3a,1,527.56,527.56,2024-11-01
7462f144-c49b-4e62-a5ba-4f0347656069,1,1108.13,1108.13,2024-08-23
746cff4e-019c-4251-9590-65fa795581fa,1,494.60,494.60,2024-05-03
746d2dce-14e0-4791-addb-245319fe719b,1,1468.08,1468.08,2024-02-04
74713664-d0cc-40de-ab8e-7d7c384ed4d3,1,335.79,335.79,2024-05-19
747c6372-a413-4979-9b78-6ce8109425cc,1,335.88,335.88,2025-03-13
748485cb-2bc1-44e9-a2f6-dd04507e4fa4,1,264.78,264.78,2025-08-16
7484f957-f6c5-4e9f-a44c-c88bc5ba85a4,1,421.85,421.85,2023-08-07
748616c8-5bc5-40d1-a05e-23deb56d1bae,1,836.08,836.08,2023-12-30
74b887df-d88a-45a2-aded-fd48a06950fc,1,350.11,350.11,2023-02-08
74be52b3-fbee-4066-b16f-6e038c59fd47,1,875.74,875.74,2024-11-15
74c3a1f7-2235-44b2-8edf-0fe9752b1213,1,463.27,463.27,2023-06-24
74cdae7e-73ba-4afd-a6d7-1157b8faa516,2,1398.24,699.12,2023-11-04
74ceaea2-3d40-4202-9760-037fa1bb318c,1,361.18,361.18,2023-02-06
74d44958-9719-40f9-8a6e-c7747a5042f7,1,1139.47,1139.47,2024-11-15
74d499e3-d09e-4e58-a0b1-5762f3564292,1,612.40,612.40,2025-04-01
74d54610-ae4b-4031-9dd7-2830d3eb39bb,1,162.81,162.81,2023-05-27
74e025fe-e2ee-45f5-acb7-fcc10d59857b,1,445.31,445.31,2025-03-18
74e8fa93-a38f-4315-820a-80acd7a5914a,1,184.11,184.11,2025-05-03
74f4181a-3664-4d95-b85e-3eedcc18c831,1,737.12,737.12,2024-05-03
7505bb0b-b415-4637-8a27-6c0f0afd5240,2,2087.28,1043.64,2023-06-22
750a9c79-21e6-4781-9f1d-9e6dff2985c5,1,871.04,871.04,2024-07-19
75151435-cd01-4b44-a282-80207460aba0,1,1370.32,1370.32,2025-10-22
75187964-d57e-463b-b61c-81841dd95417,1,1862.88,1862.88,2023-10-25
752ba281-c9e3-488f-878b-cab9b91243a6,1,154.07,154.07,2023-12-31
753355ab-093c-47e4-8aee-b08adc809829,1,992.76,992.76,2023-07-22
75741c61-91a3-47f1-9829-29aed6209659,1,522.25,522.25,2024-08-09
7583bd18-48ee-4460-8b40-11c11c5e230f,1,1535.15,1535.15,2024-02-03
758919a8-8d0e-42c8-917d-d36f78d340bd,1,480.59,480.59,2024-01-15
758984dc-3b52-4d98-8f6d-abf63c960407,1,828.69,828.69,2023-01-29
7591c39a-6c22-491f-844e-b25cbc43a566,1,812.60,812.60,2025-02-10
759d3b9a-8fc1-4373-87f5-0e8cdddcc24c,1,2348.97,2348.97,2024-07-10
75b772ff-fd61-4469-b428-ef4d3cfdee39,1,243.26,243.26,2025-04-10
75cf8665-3aa4-4a18-8fae-89a22f6fb81a,1,108.03,108.03,2025-10-25
75d0a2af-1c06-4fa6-921b-a1e492e7fc57,1,169.94,169.94,2024-06-12
75d62e67-00c8-48ed-bde6-e609348f88c3,1,246.90,246.90,2025-09-01
75dc654f-675d-44cb-b028-c1ded6e92ba8,1,582.85,582.85,2023-10-15
75eff7c7-b00d-4ae8-8d9a-815ae9b500a1,1,1285.45,1285.45,2023-04-10
75f93393-46a1-436c-8581-e4562ca0c951,1,121.82,121.82,2024-08-16
7602eb89-ac8f-4efa-9ab5-be11feb423da,1,412.53,412.53,2025-08-10
761d4393-b382-4cde-afa5-b120778bc229,1,82.38,82.38,2025-06-08
761f4bed-e9e0-4492-97c8-0bee95e23c0f,1,327.17,327.17,2023-12-30
762cd511-f827-4761-be1c-2f0577d15700,1,472.28,472.28,2025-07-31
764405f1-a3d2-4bba-bdf8-515a035df601,1,1161.94,1161.94,2025-11-01
764441ea-df61-4f25-a0de-f7712a64a10e,1,1201.12,1201.12,2024-02-13
768250ec-554e-44a6-969e-f4f8dbfc1df4,1,800.60,800.60,2024-05-22
769633d7-4317-4b8e-a1b7-9c119f7a61fa,1,577.66,577.66,2023-02-17
76af894b-aa3a-471c-967a-0427a6466bb5,1,304.32,304.32,2023-11-14
76b0766b-bbd1-44b0-b9df-8f7fe8c8fa9b,1,171.74,171.74,2025-11-12
76bb914e-002c-4953-9bf4-47c3f7ab3171,1,951.23,951.23,2023-08-21
76c02bd4-da6c-4298-b421-63beca4bba0c,1,388.67,388.67,2023-11-28
76c5a26b-f773-424d-b09a-0e972eb14567,1,84.59,84.59,2024-07-02
76ed51d8-b8b9-4baf-841e-c2cc9fb3cbf4,1,166.40,166.40,2025-04-18
76f1d068-e713-471a-bc57-6cf6a693c652,1,697.98,697.98,2024-11-18
76f658e4-93cc-4d9e-b0cf-9f7ed5d7223c,1,257.82,257.82,2024-09-16
76f73d0f-72d3-4ba8-922b-9ddc907c0285,1,492.64,492.64,2024-11-20
76f7c302-b4ce-4f97-9826-5575bbe42855,1,1489.49,1489.49,2023-11-09
770ad902-38ff-485f-94dc-432c6df5fad8,1,570.71,570.71,2024-04-16
770c5f43-87ca-4969-aa55-224c67a2802f,1,1715.04,1715.04,2023-01-07
77339180-ca8d-473d-9bac-88c790a4354f,1,148.00,148.00,2024-06-26
7746cc8c-1d92-41af-a6a9-8a6e86a3745a,1,1343.15,1343.15,2024-01-10
77656969-40a9-407d-8df6-cfdfafdf6f60,1,1111.43,1111.43,2025-07-03
7777eeac-606a-491e-a49d-b1ededad3695,1,638.14,638.14,2023-12-12
777ae580-a3bf-48ae-a602-18e18fb00c5f,1,350.53,350.53,2024-03-21
7795376a-bba2-4994-aba8-1fcca92b2cc9,1,1743.58,1743.58,2023-05-03
77968ea8-d091-44e4-a57b-db790bbd7ac0,1,627.60,627.60,2024-07-11
77a07acc-ecdd-4d80-8433-e8a68e91fb68,1,1921.68,1921.68,2024-08-31
77a31000-09cc-470f-b7dd-b1ca84246d34,1,562.97,562.97,2024-01-28
77d9b7a6-7e71-4946-acf7-0172a3fe0a8c,1,99.40,99.40,2025-04-28
77f0fa5e-dba9-49c4-bb9d-a39dcbae79d3,1,403.44,403.44,2023-06-04
77fff0fe-9b70-49a0-a901-73cd9d157d1a,1,863.17,863.17,2023-11-03
780826ff-6123-4319-9069-c0570adea5db,1,134.20,134.20,2023-11-24
780ad9bf-465d-42a2-be4e-fe50684b2d4b,1,423.99,423.99,2024-07-13
781f1339-565d-4da3-9d7a-189d24159664,1,296.28,296.28,2025-05-21
784203eb-489d-4e98-9e1d-80f097dd09e4,1,2022.70,2022.70,2023-03-29
78578658-af17-405f-8685-2f641ca35f8f,1,134.47,134.47,2023-09-08
7860d001-3c24-4d11-aeab-1a90c8c15d85,1,1329.52,1329.52,2025-09-17
786d5d33-a85d-4a4d-b5a4-38ce81ba72c7,1,186.36,186.36,2023-06-02
788253e9-0e40-4f4b-bf69-30ed931ad3ab,1,758.12,758.12,2025-05-17
78863733-68e8-4e1c-baf1-167b1d51bf05,1,234.37,234.37,2024-03-17
789ef602-e3fc-4361-843c-208231af057d,1,756.37,756.37,2025-04-07
78b345b3-be6f-4d89-98d3-9ccd0338ca32,1,1311.65,1311.65,2023-10-14
78b541ed-c824-4c15-8d95-96ddc4e26c8b,1,680.82,680.82,2024-07-12
78c92f7d-be85-47a7-ae9a-a8bf05b3d50d,1,249.84,249.84,2024-09-19
78d6736e-c249-4f8a-ab52-ad6e5a22c20e,1,620.42,620.42,2024-12-17
78dc4a45-cbd6-4854-9246-9425ec03052d,1,501.30,501.30,2025-12-14
78f3e4e6-60e4-4d0f-a89c-436451f25911,1,463.32,463.32,2025-01-24
78f6b995-47b3-4eb8-bda4-c3c6513d5e91,1,235.95,235.95,2023-02-26
78ff9a6b-8e02-433f-824d-3fc4f012fe07,1,348.29,348.29,2025-02-09
79019cb8-03b2-424b-8e15-7ede1ca5809b,1,482.56,482.56,2024-05-27
790b7752-edcd-4824-bcf5-600c1253607c,1,1934.48,1934.48,2024-12-06
790d3bdd-3021-439c-be4a-e587f716bb5c,1,373.87,373.87,2025-07-29
7928250f-ade3-4ca6-bd4c-6cefbd1b65c1,1,372.42,372.42,2023-09-06
79401bdd-619c-4aba-854a-28b9ab5e8de3,1,576.04,576.04,2023-03-05
79410518-660d-4b8b-a82b-43a54a912802,1,2060.02,2060.02,2023-05-29
794a5977-3f72-44e4-b529-8346d55240fc,1,490.32,490.32,2023-05-11
79503e0d-1505-4268-9be4-9c0ab4312d12,1,336.96,336.96,2025-05-11
795ce19e-2be3-4285-ad2b-cc74602557fd,1,169.99,169.99,2023-04-24
7987280d-0778-4c9e-87e2-b7b8cfb96160,1,438.92,438.92,2024-06-21
798d99fb-2ed7-4961-951e-89e65c4fe578,1,910.35,910.35,2023-10-26
799a2331-a8ac-4073-91dd-c674a41674f1,1,601.08,601.08,2024-04-26
799fd27a-e7c1-4df7-9e8a-417baf55c9b2,1,281.96,281.96,2024-07-10
79c75f62-98e9-4578-9f53-4069cf9e39b1,1,27.97,27.97,2025-08-07
79d2c1d7-1000-4a14-90af-b416883890de,1,268.34,268.34,2025-11-19
79d50b46-1430-49a9-8deb-011d26b6dd29,1,1278.00,1278.00,2025-06-13
79e11c48-70b9-40f6-a032-b5e6f0ff95cd,1,1553.80,1553.80,2024-09-05
79fb464e-10cf-403f-a9f0-517b28eab54a,1,1423.75,1423.75,2025-05-04
79ff37f5-ddf5-4bac-9c55-748945fa49d5,1,1383.20,1383.20,2023-06-23
7a0816df-5878-4bdf-9f13-f5cc08c1b9dc,1,274.51,274.51,2024-09-05
7a14cf98-611e-4047-b90a-474e6185e21b,1,623.39,623.39,2023-08-06
7a2a4090-23cd-4d80-8b87-d8e644915e4d,1,2218.45,2218.45,2023-03-11
7a307926-93a6-47bc-bb8a-285cafd98510,1,1292.33,1292.33,2024-11-30
7a354a74-c585-4f9f-a38a-a2f5362d335f,1,1442.01,1442.01,2024-10-24
7a355759-8350-4c2b-9aa6-ea6832b70c16,1,757.29,757.29,2025-10-04
7a436735-7865-417e-87e9-e14a4398a63b,1,454.78,454.78,2024-06-15
7a4df83a-0583-4954-94d4-13e7701f6eba,1,1419.23,1419.23,2025-11-07
7a5bb1bc-3761-416b-a1fe-a3d2c7925ad5,1,2374.00,2374.00,2024-10-18
7a70c897-5296-4a22-8862-aed6e84b554d,1,320.16,320.16,2025-02-10
7a70f1e0-8c72-4b58-bb09-b58a5a7c7825,1,84.63,84.63,2025-07-14
7a79e8e2-e43d-4011-a215-5170bd2e233a,1,1807.47,1807.47,2025-12-25
7a7fa649-2a47-4c13-882a-31791b3b1e61,1,208.56,208.56,2024-08-17
7a8ae49a-9b9e-4163-bebb-14bf137c2a9f,1,1648.87,1648.87,2025-06-11
7a9e3e4e-254e-4d58-a15d-7b3b292e324f,1,1204.55,1204.55,2025-01-02
7aa55e91-e3b6-4018-a28b-1f3952977033,1,2207.20,2207.20,2025-05-28
7aa88007-c342-4f31-8b0e-12c48194dbaa,1,1673.55,1673.55,2024-09-12
7aaa6336-dda2-4bfd-a747-70a19f29f7df,1,372.70,372.70,2024-09-13
7abf1053-e287-4082-8a1b-80b92fd61145,1,905.00,905.00,2024-08-08
7afb7830-68aa-455f-a759-eb9306fdb09b,1,787.59,787.59,2023-07-13
7b02e435-df6f-4458-a7a0-d5013f3723bd,1,1445.85,1445.85,2024-04-02
7b030b07-5ca5-45d3-b3e3-21fff4b85a03,1,1536.77,1536.77,2025-12-29
7b040680-bfbc-426a-9f69-34a5edf193c3,1,145.14,145.14,2025-11-07
7b1290e3-4876-4dfd-8083-b16ec123a9d8,1,176.00,176.00,2025-04-22
7b1463c9-30bf-4f5a-b01d-e9361527690a,1,1637.08,1637.08,2024-03-03
7b2413e8-005f-4765-975f-310891653dbc,1,236.66,236.66,2024-11-12
7b411510-dac3-48ce-961f-585a56206ef3,1,106.63,106.63,2023-01-24
7b4bbf27-0aa5-497f-a983-8bdc96567e2f,1,445.51,445.51,2024-08-10
7b5f2193-dac5-4d5b-8910-42d056b766a5,1,765.21,765.21,2023-12-28
7b62e628-b34d-4ab6-86da-d79be7c9b4b3,1,635.78,635.78,2023-08-10
7b6b91f4-e12a-4115-b4c8-65aa0b0f0e35,1,95.79,95.79,2025-12-11
7b71418f-4c7c-4e89-9412-3c717dae6320,1,1129.97,1129.97,2023-01-07
7b8a13a4-46f7-4a71-b6af-dfd850a16e21,1,496.46,496.46,2023-03-06
7b90b5dc-2257-4398-9ed9-2dcaf0f879c6,1,401.08,401.08,2025-07-19
7ba32bc9-424a-4c61-9c14-c1a3576419b8,1,2077.80,2077.80,2025-06-04
7babf550-59a0-4204-9955-a3e108528782,1,304.32,304.32,2023-03-24
7bb84553-5f89-4d71-9b03-5c77ec0a3ad6,1,751.36,751.36,2023-07-22
7bc7c7f7-b52b-4796-9cd6-7b903dfc79a5,1,358.53,358.53,2023-08-11
7bd63c59-d7ea-4d5d-9899-4a8bad5d5c2a,1,1774.15,1774.15,2023-02-02
7bf0e7bf-3174-4357-b13a-315f0bc23f89,1,786.05,786.05,2025-07-16
7bf5312e-02bb-4a79-87f0-b657e85704a2,1,185.73,185.73,2023-12-13
7c057ea6-80b7-41e7-9541-7c29d8b29376,1,221.94,221.94,2025-06-04
7c0f803f-17d7-40af-a2b1-070e27e40eae,1,193.45,193.45,2025-10-16
7c37f322-f92f-414b-8300-5549943d5c80,1,1658.09,1658.09,2025-12-25
7c4166be-1965-4efc-a86e-3525714faa88,1,413.85,413.85,2023-06-24
7c45de70-cdab-46c5-9648-43921d0c3e08,1,1946.36,1946.36,2024-10-09
7c6d6de2-d090-44b8-88d0-0d354da17273,1,1251.42,1251.42,2024-03-23
7c6f34d8-8917-4eff-b4e6-a4a448abb446,1,513.95,513.95,2024-10-17
7c7ab696-65c3-4971-bcb1-805d1bf834f0,1,296.26,296.26,2024-07-21
7c7d471a-71cb-495c-9262-8861c0e4f44d,1,408.96,408.96,2025-08-21
7cbbb57b-a29f-489c-aec8-21b5bd3b46e2,1,27.88,27.88,2025-12-10
7cc27448-28ea-4192-9a02-4444f28446fa,1,1061.94,1061.94,2023-11-29
7cd2e58b-0d45-4fa3-b4aa-b2e1f8b9f8fe,1,255.18,255.18,2023-11-29
7ce20ae4-162e-4cca-8b47-89e83a9871c9,1,673.33,673.33,2024-02-16
7cfb02be-f920-413e-9b09-a1fe64c65fae,1,691.35,691.35,2024-07-31
7cfc206b-6bc5-45b3-a41f-58453880446d,1,578.46,578.46,2025-01-06
7d04c49b-5fa6-40c6-b77c-08ca36623cf5,1,879.70,879.70,2025-05-19
7d0b1599-0d6a-4835-b212-ee3b16198e74,1,996.04,996.04,2024-01-07
7d356436-de32-4e32-9cf9-9c462e8ca926,1,1200.75,1200.75,2023-09-29
7d50c0e0-8cdb-4eb8-a4aa-73203cc5992d,1,707.35,707.35,2025-12-27
7d521537-e092-48d0-872d-f911a9b4e4b1,1,74.15,74.15,2023-05-24
7d59af0e-120c-4ea6-a890-140d95bed2d9,1,499.89,499.89,2023-05-01
7d71dde0-0420-4660-b2d3-328eb36bccec,1,1361.46,1361.46,2023-02-09
7d75ef1a-c60e-4839-992c-2069e605278d,1,1769.08,1769.08,2024-06-09
7d801b28-5f08-4c3b-bc28-adb342d8b896,1,352.62,352.62,2023-04-03
7d834b02-53cb-4eb9-8465-d917c6d24540,1,797.54,797.54,2023-01-06
7d894735-a26c-499e-8307-f13d5cdf9d3f,1,35.56,35.56,2024-02-22
7d9dd963-d91e-4551-a57b-ef16c08faa11,1,2145.00,2145.00,2023-02-20
7d9def75-1138-48db-af2f-841100d190bd,1,1011.25,1011.25,2023-05-05
7db14dc0-ae1e-4946-a6cd-1e1620d19426,1,834.26,834.26,2023-11-02
7dc437dd-e395-45ea-95d4-4c348fa95ec3,1,1321.53,1321.53,2024-04-03
7dfcb03a-8f11-460e-83cb-763e38767632,1,1434.06,1434.06,2023-07-30
7e0b6c5e-7afd-40d1-aa78-ff8a735811b4,1,56.08,56.08,2025-09-13
7e136b2b-cfcf-4472-b3b3-141fc3a0f69c,1,1125.26,1125.26,2024-05-07
7e14f5e7-bb1d-432d-9c33-562daafb56c0,1,437.03,437.03,2023-01-18
7e161961-7d9e-462e-a89d-08af41629314,1,23.60,23.60,2024-10-15
7e21776d-d92d-417e-a0da-0919f65f00d8,1,52.62,52.62,2024-06-22
7e2a9ced-8a27-427c-be77-5b7f8b4db6dc,1,755.28,755.28,2023-03-22
7e362e30-8483-48f5-ac5e-b771d9c38ca6,1,336.68,336.68,2024-12-12
7e424685-28db-42c1-91f3-e27887f44648,1,1139.77,1139.77,2025-05-03
7e651cdb-099f-4e11-b430-131be9bb7286,1,261.72,261.72,2025-09-14
7e6a04ec-2f17-41d1-81c4-ebcd7bb6e27c,1,2406.40,2406.40,2023-06-03
7e7838c9-ca55-438b-bc9a-be10238d6f44,1,22.79,22.79,2024-08-15
7e78b1fe-65f3-4ba4-9b69-18ccad4178e6,1,245.70,245.70,2025-04-29
7e8280af-ec51-46f8-8cf1-604e902d35e4,1,1042.87,1042.87,2025-03-13
7e8e3c03-e5c9-43f3-942f-777e92f30f24,1,1869.60,1869.60,2025-01-12
7eb3cbe9-fee0-40ee-bae1-f7af405b7809,1,1987.46,1987.46,2024-11-23
7ec895b1-c180-4e75-b094-8b7e88f73e9c,1,1640.65,1640.65,2023-01-16
7ec98b88-0865-4caa-adf3-66012d9a648f,1,791.53,791.53,2023-11-04
7ecee868-5b77-40a6-88a2-154c98604595,1,770.33,770.33,2025-09-10
7ed56097-6fc6-44c2-8f88-e7c5b22411f8,1,327.09,327.09,2025-03-01
7ed9faf2-bc2d-44fd-8156-18134881190e,1,16.28,16.28,2025-07-20
7edfb18f-cd9a-47c2-8831-7080af890c90,1,613.40,613.40,2023-03-28
7eef09ab-da14-4a47-b823-51d9d94df188,1,554.20,554.20,2025-05-22
7ef91d87-49ff-4428-aaa2-9720652d4a8b,1,71.42,71.42,2023-12-06
7efdb8da-e5d6-4b9b-a1dc-de120dbbba59,1,642.88,642.88,2025-06-15
7f071113-f374-4f85-b31a-a2ed5f3bd756,1,913.71,913.71,2024-11-01
7f104948-e583-43cd-afc9-fada11497919,1,849.12,849.12,2023-12-01
7f2487bc-8c10-4bc1-b36b-8385522fb6b0,1,247.13,247.13,2024-09-19
7f297630-bbca-4210-afe6-1a89d059b594,1,443.96,443.96,2023-09-10
7f2b3c85-ec70-4990-8290-eedd4295edd1,1,941.06,941.06,2025-11-15
7f346bb4-8869-408d-a45e-a7e65cdd8430,1,338.16,338.16,2025-06-17
7f39a07a-94c4-4499-90a2-7c2c251faf10,1,80.95,80.95,2023-09-02
7f39a9a5-ed0d-440c-a562-3c4aff6ce3b8,1,57.22,57.22,2023-09-11
7f3e5e2a-c578-45f0-8b8f-f16c003a5ebc,1,445.80,445.80,2024-10-19
7f4c22c4-880e-4430-8186-fab70f7a5db9,1,1276.76,1276.76,2023-01-20
7f596780-7be7-4711-b95a-fa14aff4ded0,1,481.00,481.00,2025-04-09
7f5b1d1e-dd06-4803-9a60-1fc639898d07,1,230.38,230.38,2024-08-24
7f74740a-3fe7-488c-ada3-1410ac6ffdca,1,1865.52,1865.52,2023-09-27
7f78a63a-f311-48cf-934b-c1e858bd3fd9,1,23.55,23.55,2025-12-23
7f875546-73b7-41bb-a7f2-6c47dc0f891c,1,1744.92,1744.92,2024-08-01
7f8e138a-7dc8-4759-957a-4a633171c6fc,1,427.94,427.94,2023-06-13
7fb350e7-96d6-4fcf-9b67-8a3b40d852f5,1,124.56,124.56,2025-11-25
7fd9c402-5fee-41d4-940c-0fcf6424d89d,1,878.31,878.31,2024-03-12
7fd9c675-d904-4e7f-866c-d4d7c6ee9a92,1,320.80,320.80,2023-05-19
7fde482a-b471-46b8-9e15-3c5cc082ee29,1,344.76,344.76,2024-01-17
8001a023-458b-471e-863f-7404769f6056,1,642.90,642.90,2024-09-25
800edc00-eda4-45b5-94e9-89dc6bb495b5,1,237.14,237.14,2024-02-01
801f9494-f94d-4085-952b-4695b257d64f,1,1721.35,1721.35,2024-06-29
8037b969-7946-4eae-93dc-00ee9203c5d2,1,991.15,991.15,2023-03-07
804e5c38-89bc-46bf-aadf-d32fa2592d2a,1,449.26,449.26,2024-07-09
804f686a-0468-45ab-8c70-c4598a56b467,1,1913.92,1913.92,2025-09-10
806fbdad-2d90-4059-b200-08f320c06aed,1,1365.60,1365.60,2023-10-17
807e2a30-f8ed-475e-a258-33d446742ba4,1,482.88,482.88,2023-03-21
80909476-28e4-4949-9b33-d59b2054ff23,1,1310.85,1310.85,2025-12-20
80978429-f441-4729-95c2-9fad472a3308,1,2208.24,2208.24,2024-05-19
809865ee-b5aa-4831-a4f1-508a884cbe3d,1,90.76,90.76,2023-01-16
8099d94b-e433-4515-9339-2ec04140cc02,1,689.44,689.44,2025-11-08
80ae10d0-18b7-4755-8905-e014abea2b2d,1,315.14,315.14,2024-03-22
80b3b2e1-941f-44fd-a791-d4f60ca22fbf,1,518.94,518.94,2023-08-25
80cfb1db-1287-4313-8f02-6c2c1b414999,1,665.56,665.56,2025-06-05
80e83103-2b5d-4e35-b082-45ca9f6280e1,1,390.43,390.43,2023-12-25
80ed319c-ef01-4e79-a9b2-4a990a8260b6,1,426.93,426.93,2023-01-08
80fbdb3e-9bda-498e-83cf-a636b3cbbe72,1,1162.56,1162.56,2024-01-16
8100dc08-07dd-4bf3-8248-256f6b47738a,1,206.32,206.32,2023-06-27
811198f4-1c67-4756-9063-b069d8db3fd3,1,176.29,176.29,2025-01-15
8112bf5e-c340-410c-8d08-2dc8fab70227,1,902.72,902.72,2023-10-15
811ca035-b98d-44b3-9a67-a0b92836b014,1,45.88,45.88,2023-05-30
81202bad-8962-434e-b70a-f4c3d23b6ead,1,1218.36,1218.36,2025-09-03
81238f51-5251-4c2b-9de3-35c276252e09,1,47.95,47.95,2023-11-15
81242236-d835-4361-bbe8-8dbe5111587c,1,354.61,354.61,2024-06-01
8135ce81-d1a9-4816-b4bc-4ad5834b8b6a,1,245.34,245.34,2025-01-08
813f5d12-ae59-4144-962a-c83a376138ca,1,25.02,25.02,2025-04-11
81556bb2-8270-43f1-b4e3-1b15c2d953ba,1,242.84,242.84,2023-04-08
81570c12-6a33-4754-8d55-ccf138928c17,1,730.09,730.09,2024-05-25
816ce9af-35bc-4068-bec4-2c1ad25d21f9,1,268.74,268.74,2024-09-09
816d6a1a-545b-4bc0-952b-4799b849acf1,1,196.67,196.67,2025-09-30
818cd0e5-099b-452a-9b9d-e53cfaf98769,1,405.60,405.60,2025-01-13
81951a47-fbbb-4051-8484-ed40e2236d87,1,134.22,134.22,2024-09-01
81ad3265-7b3b-4203-8c76-d9ae1e4819b0,1,148.64,148.64,2023-02-23
81db9a62-10a4-47d5-a6b1-7ece85d0cf83,1,2237.70,2237.70,2025-06-20
81df478a-d76e-41e2-afce-78c32642c1aa,1,475.50,475.50,2023-07-08
81e2db6e-be49-4a02-98f9-8c93929b98d1,1,313.08,313.08,2024-01-08
81edceb3-8bb2-4f15-a045-d9e673ad562d,1,121.12,121.12,2023-05-21
81fc1d3f-56bd-493e-9f15-541168379668,1,375.73,375.73,2024-09-02
82010c62-f5f5-4b22-8e8f-a8e0284d82e5,1,364.34,364.34,2024-02-08
82163ddc-f498-4bab-bef1-9e5eda309c7e,1,1159.40,1159.40,2023-04-30
8217a922-2161-4450-b826-eb7b0c7cbdf9,1,132.37,132.37,2023-11-22
821dadce-3559-4fdf-a9e0-5ebd5dfdc4cd,1,382.23,382.23,2023-10-23
82297183-2eb6-4251-9d36-e24ea0ea2084,1,162.46,162.46,2023-07-24
823d473d-44e8-4604-b67f-2dccf80a5c7a,1,549.40,549.40,2024-11-29
823da9af-571e-40bd-9b89-6d966201f0ac,1,301.97,301.97,2025-06-21
823e8c38-0f27-468f-9877-00c0920495bd,1,659.35,659.35,2023-02-11
82529065-43d5-4e40-9bfa-d94b77607dfe,1,325.61,325.61,2023-12-13
8276c48c-9ff8-4ad8-baf8-c27f0fddd13b,1,407.26,407.26,2024-12-16
82851a45-f9a7-4350-a954-00dde76d11dc,1,43.06,43.06,2024-02-26
82877aa9-9119-495e-aff5-cd1ecec159da,1,655.98,655.98,2024-04-07
82902f12-e1c6-43ef-b763-f7ca6c50eaac,1,301.83,301.83,2024-02-27
829ac030-6d5b-496a-adaf-8ebc3208673c,1,943.08,943.08,2025-12-30
829cd850-ecb2-4cc9-9a18-fbfd7b7b57c9,1,1435.68,1435.68,2023-11-10
82b1d4de-8fca-430b-95ab-d1ec28450e08,1,2486.50,2486.50,2023-05-26
82befc49-17cf-46e2-ac5e-7dae6cd01753,1,641.04,641.04,2023-09-24
82d20096-9e47-48ab-bc1d-5882404d3e98,1,541.28,541.28,2023-01-14
82de9e73-3005-4231-b33c-bb95ebdeaaf9,1,619.64,619.64,2023-12-22
82e13537-b022-44a6-adff-0b3bb71b0d2d,1,939.68,939.68,2023-03-03
82e612a8-4597-4767-b31f-fe8e7d6be102,1,2005.11,2005.11,2023-02-05
82fecfdc-73fb-4982-8401-4a72068f19b5,1,1068.75,1068.75,2023-12-05
83018793-d8d0-45f3-90d5-159604336c6e,1,268.39,268.39,2025-05-27
83258987-71c5-4d95-8aaa-e26b6c2719c7,1,1408.45,1408.45,2024-04-22
833152e9-4a19-42df-95de-e80bd699940e,1,282.36,282.36,2024-05-27
833fec42-aa94-49fa-9de3-c4db9dbf8bfb,1,128.67,128.67,2023-08-06
835108d8-9251-4afe-9d7e-5e48c03caa32,1,1836.65,1836.65,2024-11-06
8353d33c-fe02-43cb-96d3-3f6c5ea80623,1,916.44,916.44,2025-07-26
835e0883-94bb-414c-86d2-eecbb3b2bcd9,1,410.47,410.47,2025-11-08
83637de0-7196-41a5-8c0d-640b0626176b,1,750.80,750.80,2023-11-08
8365d2cf-173b-4226-84d9-ea2dcb56eb48,1,354.90,354.90,2025-05-01
836792ab-8028-4777-8c2d-ba0859497837,1,441.08,441.08,2023-04-26
83685a5e-88e5-40f5-9abf-52bca921f65c,1,1220.72,1220.72,2025-12-28
836b47c3-7c71-4cc8-a651-73fa7ccc9258,1,361.23,361.23,2024-12-14
83818bda-075b-4c90-ac9f-e79bc0d57ad6,1,2096.00,2096.00,2023-09-03
8386ef49-86a6-4115-8568-ab65ff263c84,1,623.84,623.84,2025-02-21
8388547d-c99b-48c2-bae9-34702c826c44,1,515.61,515.61,2023-07-08
838bb07c-c58d-4e8c-8475-1be6608b313d,1,981.09,981.09,2023-10-29
838fc165-0fad-4c0b-a2aa-b2527e220195,1,750.70,750.70,2024-10-26
839811e8-8034-442b-af0f-9195b68f04e3,1,1453.65,1453.65,2024-09-19
839a50a5-b845-4c08-8de3-469713f77dba,1,160.58,160.58,2025-07-28
839d3f73-c16b-4577-b8d5-14722ce9c6f9,1,457.57,457.57,2023-01-18
83bbdc68-d333-4f4d-b51a-d0859d4948b1,1,1649.56,1649.56,2023-12-09
83cb3ceb-cac9-40d0-aa00-fa6dee86745c,1,92.26,92.26,2023-06-01
83d50363-3837-45bf-ab16-79f4fa460054,1,109.46,109.46,2025-08-07
83e23e85-b6ea-4139-a2ed-368014a34cec,1,447.88,447.88,2024-02-26
83f61065-d3cf-4d66-ab23-ff8f6253ba76,1,1813.84,1813.84,2024-08-30
83fc7eda-c63b-4662-ae5c-3e02607816a9,1,159.32,159.32,2023-11-17
8419a1ff-4956-4e62-8269-a6aec0ed9119,1,461.80,461.80,2025-05-28
841a33b6-d867-45c5-95f9-39fed6ac7bcc,1,210.69,210.69,2025-12-25
84222f58-f022-44af-bb76-4637d277ab64,1,568.46,568.46,2023-06-28
8435c3fe-079a-4e06-94ad-5ff16898c90d,1,556.24,556.24,2023-08-10
843f9044-7120-4cf5-a2ad-1645ea223f8a,1,814.74,814.74,2023-06-24
847489f1-919a-4ef0-896e-ea2442a46482,1,919.44,919.44,2025-08-18
84757257-b378-4d7a-a59f-939202800850,1,629.01,629.01,2023-04-25
8484dc44-2dc2-4476-ba82-cbb245260dd5,1,60.66,60.66,2023-10-18
849e81ad-7721-44e1-a5b3-3cceb8dd1699,1,31.98,31.98,2023-08-12
84a01954-d9c9-4ec3-a1b5-c8a3da4d7550,1,1271.50,1271.50,2025-07-18
84b23ebc-a253-4d3d-9770-d58ebb32cbde,1,320.14,320.14,2023-07-24
84b559ee-b7af-4ecf-a5ad-ffa5fc71fdd0,1,92.70,92.70,2023-07-28
84ba53ed-17ea-4cb9-9c7d-8d12c7e77d0f,1,309.69,309.69,2024-06-18
84da3e2e-4407-432c-8f3a-984850ed57e2,1,55.35,55.35,2025-06-10
84e7a5d9-069b-469e-9d43-bb6358ad6e95,1,733.30,733.30,2025-11-29
85023342-6429-42d2-b329-c6597df15612,1,541.77,541.77,2025-10-12
8502d93e-eb20-444e-b509-b50ddcb7ff57,1,0.00,,2023-04-14
85086b68-5ed7-47df-8af2-8ea0264208dc,1,440.58,440.58,2023-01-22
850a464d-198c-43a5-892f-d83b29bd0d23,1,300.56,300.56,2024-12-29
8527c5f9-dc57-4594-b171-79363a128dae,1,919.80,919.80,2025-08-06
853473a3-cbb9-47ea-82af-aedea83f657c,1,572.40,572.40,2024-05-14
853880bb-0624-4f38-a714-ea303fde8398,1,301.19,301.19,2025-05-17
85396599-5b4f-41d7-b27f-1cc381f0657a,1,207.59,207.59,2024-11-09
853e8748-efff-4274-9edc-ed90884195e4,1,1838.90,1838.90,2023-02-27
854d0ab3-d156-4466-90a3-ef352f6f4900,1,1223.50,1223.50,2025-08-15
8555eac2-e269-4e42-9904-adc4bf7abfc3,1,1678.20,1678.20,2024-09-01
856db056-e32a-45cb-86be-67499ca3e632,1,315.27,315.27,2023-06-18
85936e74-65f4-4164-88c5-2e8ceeb1e821,1,263.43,263.43,2024-05-07
8594f053-d259-4d81-9100-3543e3472f19,1,1690.28,1690.28,2025-09-21
85f75a40-a7f5-40d0-bc7a-ff62ea61438d,1,182.08,182.08,2024-07-14
85f90fc6-7b34-483d-8707-12e5f2a059e3,1,49.72,49.72,2025-08-04
86010a70-e25f-4611-9d79-0f80b5875e15,1,315.49,315.49,2025-01-23
86082164-1219-4c26-9550-7ed42a573e8c,1,543.72,543.72,2025-04-16
8610c316-d0c5-475e-bc27-098851b1ce09,1,33.41,33.41,2023-04-16
86131e3f-e131-48e9-a50a-e9838788b9c0,1,74.66,74.66,2024-01-10
8619b3c2-2113-4866-ab19-a608d49320dc,1,180.38,180.38,2023-12-13
8623f5ac-37b9-4d6e-809d-cfae021ac68a,1,2071.57,2071.57,2025-01-19
862bd0a4-2f63-4fa7-be61-0d80c876fbd5,1,484.68,484.68,2025-12-03
862e9909-f221-4a7f-8532-3499d7c5216b,1,40.77,40.77,2023-01-22
86497600-4a28-4af5-bda7-f0b21becdd66,1,412.31,412.31,2025-11-02
864c1d67-2463-4434-afbe-bc777e2de034,1,103.14,103.14,2025-08-09
86533d16-3915-4162-b0b4-542e2372a5eb,1,755.78,755.78,2025-01-30
8658ae03-0560-4032-878a-07081f6a5a54,1,0.00,,2024-01-27
866b09a1-4a26-4f83-849d-62d9eedeef39,1,331.18,331.18,2023-01-15
86a89f38-a124-41d4-b5ce-2807034fb25b,1,255.49,255.49,2023-07-23
86c1cfc4-91b3-471f-afdf-a1efe1d05547,1,448.90,448.90,2024-02-01
86cdc2c0-bd07-4ac5-bbee-727d9c9aaa37,1,407.25,407.25,2024-03-22
86d3905d-abf4-4cd3-9edf-4606f6f80da0,1,231.26,231.26,2023-04-12
86fbe5ff-c5d8-4707-951a-b215e073b387,1,156.60,156.60,2023-07-01
86fd72e5-cb08-4413-87a5-9174973ab9a7,1,368.08,368.08,2025-10-10
87094e1c-56be-4148-86bf-ebd851701e5e,1,193.26,193.26,2023-03-22
8725d182-5c6d-446e-aef2-beed443c4dee,1,741.87,741.87,2024-08-04
8734beb2-4489-4845-b83b-f59c93105e39,1,88.72,88.72,2023-10-30
87361a9f-c0bd-4c2d-a8d9-d2b446560d3a,1,366.27,366.27,2025-02-23
873c1a81-e6d8-45f1-8d34-6af714353da2,1,27.30,27.30,2023-09-16
874f113f-7641-449e-a7fa-08000f2b9331,1,82.44,82.44,2024-03-19
8750be7b-d5bb-43a4-80b8-7dc36444ea5b,1,1070.28,1070.28,2024-07-06
8765084a-c3f6-4bc1-9263-a26f63025b9b,1,994.64,994.64,2024-10-05
8776b75f-ecef-43a2-be19-b37aa966544f,1,1585.94,1585.94,2024-08-17
87a923d0-46ca-4a9b-8837-922ed5a303b6,1,334.49,334.49,2023-02-18
87b052e4-c12f-46e9-bd32-6ed04bc62d76,1,90.63,90.63,2023-09-10
87b740c5-3ae6-4c8f-9cb9-d522a027c366,1,914.80,914.80,2023-03-08
87bafe02-6274-42c0-b686-ebd04da118b7,1,195.30,195.30,2024-08-19
87bb957c-93b9-4827-94a0-32fffff5ac3f,1,181.56,181.56,2023-02-24
87da550d-68f1-4945-8ad7-55c99f43fcc2,1,361.72,361.72,2024-01-21
87fe47c4-06d9-4a16-8c4d-9c5cd67638a7,1,766.90,766.90,2025-03-17
8811f11a-2011-48a9-94cf-556290d004b0,1,758.22,758.22,2025-09-22
8812f0f6-98a5-4a62-8570-3932cb79c872,1,58.08,58.08,2023-07-17
88473044-8493-43ad-b811-6fbae7f6ef03,1,1546.85,1546.85,2023-06-25
8849b022-4668-4ed7-a263-322fcc6a7c1c,1,1314.56,1314.56,2024-11-14
88556c45-f721-4fe7-ac70-ca56f4de5863,1,115.53,115.53,2025-03-02
887abf0c-e791-41c3-90cd-37ffd8f98318,1,1967.88,1967.88,2025-04-16
887bc74b-d0fd-4dd2-a59b-5bacdf96a10e,1,487.02,487.02,2024-04-26
888393b6-a094-4596-a34a-93ae05b88aa9,1,288.46,288.46,2025-01-17
88869eb3-f591-4690-a802-514cf839e104,1,1610.56,1610.56,2023-02-05
888f02cb-6433-4e4d-a5ef-b61d7794cee1,1,433.56,433.56,2024-06-02
889dd48e-685b-4c32-a054-01215bc3627b,1,429.17,429.17,2025-10-11
88a97690-f9fd-4346-9578-e79e8c7f399a,1,823.18,823.18,2024-10-16
88b29829-9f4b-408f-afc3-00dfac9f37bf,1,1002.42,1002.42,2023-08-07
88b50c6a-d3bd-4789-b7dc-a808ce9d0044,1,1714.48,1714.48,2024-03-15
88d3b911-b6e8-43e7-9693-179a9879fc6a,1,1318.76,1318.76,2023-10-04
88df6a45-5a2d-422f-948e-2df49a2f8623,1,148.33,148.33,2025-02-06
88f08c34-9c27-4830-b079-76ac085ec97f,1,356.44,356.44,2024-08-26
88f7f097-57f2-445f-a751-5d4b0d829d52,1,547.03,547.03,2023-04-15
890fe536-ef51-49db-9987-1285bd1c782d,1,712.20,712.20,2024-09-03
890fee3b-5170-479f-a45b-bfd55d0d1872,1,935.37,935.37,2023-01-17
89125962-579a-40d6-964a-a98ecb44e051,1,596.58,596.58,2024-02-26
8913f2f0-90cb-4309-9167-dd70cef4d789,1,324.61,324.61,2023-07-05
893bc90f-57d7-41b0-bc18-a5111cd94045,1,270.62,270.62,2024-01-04
89433bbf-4c7a-410e-bec3-9aa7cc21bd61,1,212.91,212.91,2025-08-21
894c2064-76fe-443c-a630-e6b007ffbb92,1,586.35,586.35,2023-05-09
896f73b4-2cf4-436a-8f66-cb36c2dcaebe,1,1262.04,1262.04,2023-06-24
8976ec8a-fbe1-448c-b431-4c09db0e4342,1,288.76,288.76,2023-01-20
897bc49d-9b41-46d4-b68c-9deaca328ebf,1,1746.90,1746.90,2024-05-31
89995e38-55cc-4f2b-b65b-3d5b37c9d352,1,1654.96,1654.96,2025-09-18
89caa69d-e741-419d-8eb4-c02507ed9338,1,785.27,785.27,2024-11-17
89cf6785-4364-46b5-a87b-ecad603166f4,1,382.13,382.13,2023-04-22
89da9d78-5a20-4e04-9e00-2e3b0f7c1a7b,1,110.74,110.74,2025-02-27
89dbf929-29f4-492e-9758-0483264df7a5,1,777.94,777.94,2024-03-16
89e1404c-cf0f-45c6-a195-163c1db9d6f5,1,1161.20,1161.20,2025-03-25
89ef698a-ca46-439f-93ba-dc3ecc5bf684,1,162.33,162.33,2024-09-16
89f0b674-ca32-45fe-a37a-1ce15d7ac053,1,268.17,268.17,2025-04-03
89f6d50b-c996-4fa8-8a1c-6199cb9262b1,1,1888.33,1888.33,2024-11-12
8a211b88-8866-4ea4-9520-f08844d01c4d,1,653.18,653.18,2024-01-17
8a258ee2-29c1-4088-9f2c-246c6855390d,1,642.02,642.02,2023-07-05
8a353f73-a4ba-45b5-a5e7-c785d355e653,1,556.15,556.15,2023-11-14
8a37fba2-2a97-4cf3-975e-cdc00df22a0f,1,486.40,486.40,2023-12-01
8a3e6454-a98b-4a03-8890-b77bd746ed6e,1,268.04,268.04,2025-07-10
8a4c5790-9535-4235-a713-fa9643e4e85d,1,1150.87,1150.87,2023-12-30
8a55a14b-51f5-48f9-bc15-ae1fefda21b2,1,191.58,191.58,2023-06-18
8a597a67-788c-4fdb-b3f1-f770d9824c38,1,574.51,574.51,2023-06-23
8a82563b-5b7e-4101-8d7f-d65419ec5de7,1,32.40,32.40,2023-09-30
8a845c6c-c1c7-4811-8db0-762ef416cb92,1,494.32,494.32,2023-07-05
8a9a5396-9631-48e0-97b1-3a5ad337e0a2,1,1450.20,1450.20,2023-07-19
8abad58e-2958-4581-a84c-acbbcbf6d143,1,560.10,560.10,2023-06-19
8acad514-2cb5-4d83-a340-8f09955da46e,1,881.38,881.38,2024-08-09
8adb2e17-5fe5-4703-8729-a98ec03e41d5,1,636.52,636.52,2025-11-18
8adb4c5c-3f17-4495-b0a6-0bc9148b42fa,1,101.49,101.49,2025-09-28
8ae8c091-dd01-4a91-8c6d-f515c298ee8d,1,215.08,215.08,2024-05-30
8af2b429-3f81-449d-bcca-192decd399cc,1,565.26,565.26,2025-12-18
8afa0c5e-e62b-4207-b9a1-c64ad53de14a,1,1982.96,1982.96,2025-09-04
8b210d49-1491-4371-88c6-38c9d2b45510,1,523.44,523.44,2024-02-22
8b296d44-39ac-4ccd-bbbb-8aec2964dfd0,1,184.32,184.32,2025-02-10
8b399f8c-1250-483b-a779-84ecefb00e4b,1,2284.56,2284.56,2023-08-06
8b3a303e-b5a6-43bb-b3a5-4c88cd9306df,1,1021.12,1021.12,2024-12-29
8b41bcd9-3182-4fde-962f-62e88a0bb8e4,1,553.82,553.82,2024-08-24
8b4205ae-782b-4d0a-ba29-56b7f54793af,1,256.30,256.30,2023-05-12
8b495a46-5212-41b2-8054-e5b07d7120b3,1,1888.60,1888.60,2024-03-04
8b67e858-5714-498c-b230-804c6680fee9,1,38.86,38.86,2025-02-06
8b6aa701-9bc7-4652-b876-4c84025de8b8,1,337.30,337.30,2023-11-14
8b6cb1f8-bd83-4b3b-9136-e1c7544afe6b,1,986.44,986.44,2023-11-29
8b6ed727-0237-474f-b531-dce7ed6fb796,1,71.19,71.19,2024-06-05
8b7e61f4-e3ad-4ceb-9b56-80c7c59b7cfc,1,785.11,785.11,2024-09-20
8b93a094-bafa-4241-80c0-c3d5175896b6,1,1292.85,1292.85,2025-04-24
8bab4c1b-904a-4134-8902-8dd7a0d763f0,1,837.94,837.94,2023-04-06
8bb2d4e3-8143-46e8-922d-4ad9ccb8e56f,1,15.81,15.81,2023-01-30
8bbe40ed-4b92-4c4d-81fd-f130e8a72e7a,1,833.74,833.74,2023-04-07
8bc28c28-1731-43c9-8d86-24095bdb68fb,1,488.46,488.46,2025-10-27
8bc90792-a499-4739-869e-bbf47343aa18,1,485.55,485.55,2024-10-26
8bd9c270-ab77-4b51-af5f-351e2c9f7c77,1,60.18,60.18,2023-07-02
8bdf7e7e-c248-4251-a3b0-f45dc08665ec,1,336.24,336.24,2025-08-20
8be159cd-1117-4f3c-9885-911a138c2e0e,1,55.92,55.92,2023-07-05
8bfa681d-8f82-4371-bf5f-d5e0fd186564,1,704.60,704.60,2023-03-28
8c1254ee-257a-4304-b9c0-cb57dccb8b46,1,937.21,937.21,2025-12-21
8c14efa5-63c2-47b7-9eb5-9846cd4a491e,1,268.33,268.33,2024-04-14
8c17b9c9-1936-4c45-93ba-4224e0f7b1fe,1,108.05,108.05,2024-02-16
8c1a46ed-f63d-4938-9e51-b5b9d4162b88,1,438.10,438.10,2024-05-13
8c31d850-ee4e-4cf1-9406-cfd13474d315,1,1348.12,1348.12,2023-04-27
8c38c18b-02de-4556-9f27-e8b562e03868,1,1433.00,1433.00,2025-09-28
8c394e76-8e54-4391-8fdf-4029e4ec4de9,1,674.08,674.08,2025-02-28
8c48c12b-1747-40f1-8c23-4f1c33abe863,1,140.04,140.04,2023-01-02
8c494fb2-1ec8-4afb-a79e-9573e33df2e9,1,344.28,344.28,2023-07-23
8c5a3de8-cc27-469f-97a8-754dfd4bdfec,1,1919.24,1919.24,2025-01-09
8c63f503-49b2-448c-a15e-729e102925ea,1,53.68,53.68,2025-10-11
8c6b04f6-2b33-4c27-be98-14d092545fb4,1,884.23,884.23,2024-11-17
8c749ed4-3571-43cc-a7e4-8e779bbb6d8e,1,869.40,869.40,2025-12-30
8c7e2904-4237-492a-8017-466e85f4c0a2,1,1704.10,1704.10,2023-05-13
8c8181b4-fe8b-4ccb-bd75-a5f3eeafca83,1,1064.53,1064.53,2025-10-22
8c849775-ae64-450e-8226-c7d924ce80d7,1,410.83,410.83,2025-01-03
8c896a2b-ae7d-4e2c-8964-a565ee62ab17,1,1868.12,1868.12,2024-04-29
8cb04c57-5ec6-4a19-aabf-d36422c7a41b,1,467.70,467.70,2023-08-29
8cb76f16-1e92-4530-b65a-7a1e676502fe,1,183.45,183.45,2025-01-24
8cb94dd4-8f6e-4ada-a00b-c60a4cf3ef34,1,406.15,406.15,2024-03-18
8cc04ee7-d667-4e69-bc30-bdf2c6aac453,1,1839.24,1839.24,2023-04-26
8cc81670-d3a7-49d3-a7ad-3af12aeaff2e,1,194.13,194.13,2023-11-21
8ccb03bf-38a5-429b-b9d9-3ad9d2898c5c,1,150.89,150.89,2023-01-04
8ccb088a-aad7-4a15-b2a8-69bd33acd50a,1,627.84,627.84,2023-01-17
8ccb33e7-6aac-4029-93ca-e6ae9e3720f1,1,2108.65,2108.65,2024-05-11
8ccf8851-fc94-4bc1-914f-c8aa9cdd1043,1,812.94,812.94,2024-01-24
8cd19bcd-70fc-4ce6-b04f-b8a9d5b31c7c,1,1730.30,1730.30,2025-09-22
8cd67ecf-1a5e-4fac-a3c4-9f6116c1cb1b,1,1116.76,1116.76,2025-12-21
8cd6d6b0-0f61-4bdf-ab8e-05d43cef040e,1,83.32,83.32,2024-05-21
8cee9b72-3e97-404c-afd7-071f2147d8e6,1,1266.84,1266.84,2025-05-10
8cf996a3-d028-4602-a066-5e51f76d7126,1,339.45,339.45,2025-03-19
8cfdd1f4-5eeb-497a-95e9-da42391d352f,1,523.69,523.69,2025-01-15
8d09d751-1470-4624-8f2a-61c04f153435,1,399.80,399.80,2024-11-16
8d0dd87f-ae2c-4d9a-8b66-6ff70cbb6087,1,253.72,253.72,2023-05-25
8d1195ad-0bbe-4562-88ae-0c4c2c12710b,1,827.12,827.12,2024-12-13
8d1254cb-2dc6-4ae9-9235-23909264e78f,1,763.89,763.89,2024-09-26
8d1ff9c1-9012-4bad-8175-284e65f1c06f,1,191.50,191.50,2025-10-29
8d3a8cb9-565e-4091-b4cd-aebaaaf6b335,1,2089.20,2089.20,2024-05-20
8d53cea1-40e5-4868-a17a-30898df9616b,1,165.18,165.18,2024-12-03
8d720ee8-0111-44d7-95fa-50564b0f52b1,1,1256.60,1256.60,2025-08-12
8d78f8fe-2f10-4a36-abbf-548f2c9f9936,1,475.44,475.44,2025-06-13
8d7d0733-f080-4087-ab99-89e68999b115,1,452.02,452.02,2023-08-30
8d82442c-b83e-43b7-a30d-ebddcde55273,1,1004.68,1004.68,2023-04-11
8d8748c4-12ab-4acd-a52f-2ae78862923d,1,755.61,755.61,2025-01-23
8d94508a-10e3-4e3b-bc1b-999b96b16459,1,82.72,82.72,2025-10-06
8d97337e-44bd-4ba0-9156-51e922e2dfd7,1,398.45,398.45,2023-02-16
8d986b16-2395-475f-8d49-59ebf7b1b2f6,1,796.56,796.56,2023-02-13
8da411b6-894c-4c78-ad9e-3fc464114680,1,223.16,223.16,2024-11-21
8da62b23-f2e9-4bc6-a036-31adde4c0dac,1,261.46,261.46,2023-08-28
8dca6314-bd9c-4428-b21e-62f096ecc779,1,631.96,631.96,2025-02-15
8dd44a0f-5d9e-4ef7-8314-2c2baa602364,1,978.00,978.00,2023-01-05
8dd906f8-cb3f-4a67-be17-c4a5d8563c2f,1,413.32,413.32,2023-12-08
8de11cb0-04d3-4f73-b003-ac1930c2d46f,1,834.37,834.37,2023-03-04
8dfad03c-73c1-46f6-812d-0d427e81a086,1,1353.40,1353.40,2024-01-23
8dfcbd29-b905-4544-bad6-6eba8c8bf013,1,1917.32,1917.32,2025-07-08
8dffb34c-8b42-4ee7-921d-d567ea53a09d,1,1158.44,1158.44,2024-09-17
8e0235a4-cccf-4e4b-bdfd-507e1aeb2fcb,1,227.81,227.81,2025-11-06
8e392317-ba35-45cc-92e4-446dc5784a40,1,783.14,783.14,2023-03-11
8e3999e1-1c52-4f1b-8165-38b1fcd0f787,1,470.13,470.13,2024-05-02
8e3d7d53-e5cf-45c5-8696-45a58f11d23d,1,347.04,347.04,2023-12-07
8e47fb7d-8a7f-426e-b585-f440c3a98532,1,430.20,430.20,2023-07-13
8e5f26da-1f1c-4b2e-8e29-b6421e03c243,1,271.80,271.80,2023-01-05
8e6b783c-a74c-48ae-8849-82eb7bb96a5e,1,1772.57,1772.57,2025-03-14
8e78fe16-1921-49f0-9d44-4ecc586280f2,1,230.30,230.30,2025-06-08
8e7a5996-d495-4f8f-af72-212480eaf3f5,1,487.81,487.81,2024-01-17
8e86f9b2-d4e6-45f7-b427-fb9ee7912673,1,77.78,77.78,2023-09-28
8e9a911d-9aa8-461d-acb7-6586eac2bf6c,1,536.77,536.77,2023-11-20
8e9df34d-f5dc-4a3f-b58a-982e57056804,1,627.50,627.50,2024-07-15
8eac0a33-cdf9-44a7-9882-b5c1f79efd70,1,314.01,314.01,2024-01-17
8eb232b8-54b5-4b05-af67-8fc82308961b,1,1290.35,1290.35,2023-04-26
8eb5dae2-aa93-440d-bfbd-bf5d7345873f,1,710.01,710.01,2023-08-14
8eb68958-eafc-4247-aadc-1d1ab5201f17,1,727.04,727.04,2024-02-07
8ebbcfe7-11ee-4e9c-a373-848bdfbcec8a,1,1190.00,1190.00,2025-05-02
8ed4e35b-7803-4c73-836d-24e62cad2d65,1,1625.98,1625.98,2025-06-24
8f178f35-3935-41da-bbbb-4aaf494db579,1,74.12,74.12,2025-02-06
8f1c9563-f4ee-48f1-8851-fd317fdd0dfe,1,768.81,768.81,2024-01-07
8f202014-7ac5-40dc-8fba-0368125c5c26,1,678.54,678.54,2023-09-03
8f5cc497-5b84-4f27-a143-05e25a31ac5e,1,222.12,222.12,2024-10-30
8f654132-a9f4-4e23-ab12-bd633900f29b,1,1400.70,1400.70,2024-11-02
8f7f9e0b-5609-4cfe-80d1-f5e654505a11,1,284.77,284.77,2023-05-18
8f7fbbbb-0af6-4c1b-adbe-a9638d951cbb,1,876.98,876.98,2023-01-12
8f8ae861-8668-4afc-a07e-3c20d2384af9,1,938.54,938.54,2024-02-19
8f8f5eb2-806d-4b5c-ad6a-8b4943aca5c4,1,1106.70,1106.70,2023-09-29
8f92fba3-cf08-4c0c-b6d9-8a3f79d4672d,1,97.11,97.11,2023-12-26
8fb00ea8-684c-449a-b5b3-6d8a7276ef02,1,2151.95,2151.95,2023-07-19
8fc1c83d-1ba1-41ff-9f35-f19ea6413865,1,56.77,56.77,2023-02-27
8fe069b6-eeda-4802-8568-f42689e03e22,1,940.92,940.92,2024-05-18
8feb0f6e-cf60-4903-b5f0-f9e892e7d962,1,157.85,157.85,2025-10-09
8feee569-ed8f-4f3a-83b4-7595cdeeaea8,1,395.61,395.61,2025-04-04
8ff84ec9-1564-4dfb-8b94-fea7ff7021c6,1,23.30,23.30,2024-08-27
9002e0d3-d853-4f6e-87ed-f53f7b8629f6,1,216.40,216.40,2025-06-01
90048aed-fb7a-4e18-b86c-2cb22bf5d71d,1,1100.24,1100.24,2023-09-16
901c8a06-a2ac-4255-abbd-c44698bf9cec,1,504.40,504.40,2025-06-22
902144a2-4396-48b6-a2e0-d2810f62b8e7,1,498.12,498.12,2023-06-20
9041d892-cd46-43c8-b761-1b4cc590b4d6,1,257.39,257.39,2024-08-22
907a4097-3ecb-49ba-b17c-c7c835454c76,1,1643.13,1643.13,2025-11-22
908275f5-c1e7-4677-8c6e-a1d443afc863,1,62.03,62.03,2025-12-09
90939d21-6264-4823-b097-a48ebe7f05a2,1,1749.85,1749.85,2024-11-23
9099a283-eedb-4ce5-a7fe-cdcd2528b516,1,630.45,630.45,2024-09-15
909e21ba-8a38-45aa-91be-ba8e0a8aeb94,1,559.80,559.80,2023-10-26
90a43f3d-6428-4b10-9ac5-5b81feda1835,1,1400.35,1400.35,2024-06-18
90ce77e9-7513-43b9-87de-96ea2b0fbe44,1,184.50,184.50,2024-07-14
90cf2b3f-2210-4407-b7eb-980571b22f24,1,229.56,229.56,2024-08-19
90dd9b6d-ccbe-459f-8b81-ba955c01243f,1,1227.04,1227.04,2023-06-17
90dfd252-6e69-4e23-8a76-c9a2f7e71c53,1,1546.85,1546.85,2025-04-01
90e0f4a0-fbdd-4933-8bd5-8bf61efd76e9,1,767.39,767.39,2024-09-04
90ea4f75-6287-490c-888f-fd214bf90a59,1,681.77,681.77,2023-04-02
90f347b3-451f-4cde-a956-67cdcfeaaa24,1,298.37,298.37,2024-03-13
90fca244-fcd6-4e46-9118-63b29c4cd555,1,799.47,799.47,2025-10-16
910aeb6f-6b56-4091-a65c-9da5be160640,1,447.73,447.73,2024-04-09
9123f2c5-c4c9-4949-a334-fca6d04f0a71,1,992.13,992.13,2025-03-06
91354360-eb5c-4275-9ca4-c51c5e92249f,1,899.42,899.42,2025-07-28
9136224b-ae01-4721-a1f2-f52df11f86c6,1,414.26,414.26,2023-12-25
913e93a6-e03d-488d-b573-cc53e845e18d,1,940.36,940.36,2023-02-23
915476bf-be55-43e1-9db4-67a218cabbe1,1,427.35,427.35,2025-12-22
916efd7b-7cc2-49b7-95b4-59923d49e4f8,1,142.56,142.56,2024-08-28
9170d854-c734-417f-84a3-60a6925d5ff4,1,1338.60,1338.60,2023-03-27
91784374-d42e-4d39-8c3f-6f87deeee136,1,15.66,15.66,2025-03-10
91788bdd-4dfb-4b6e-a025-7194c903cc1d,1,832.96,832.96,2024-06-12
917f8d49-2ecc-4233-8c65-c06892c3c2f1,1,1755.94,1755.94,2025-03-02
919337ca-65b6-45bf-8eb8-d1b162ae6405,1,1123.52,1123.52,2025-07-04
919a3950-fad3-4e06-b1f6-7c7b546760b3,1,740.10,740.10,2024-03-14
91a785a0-a29e-40c0-9f60-0db091a5449e,1,96.52,96.52,2023-06-14
91ae757c-8607-4228-920b-58cfbb916d1c,1,314.78,314.78,2025-03-07
91d0f10c-beec-4573-8d6d-3176ee089381,1,68.39,68.39,2025-07-23
91daf3f7-7589-466a-b32e-4b604521b024,1,51.56,51.56,2024-04-28
91e1a4da-2da0-46cb-b143-3edba46bb866,1,2304.10,2304.10,2023-09-08
91e2f520-4f98-468d-b8e5-bfed6e672a66,1,213.22,213.22,2023-01-22
91e62df6-9435-4b94-aa40-49d282033ec2,1,994.05,994.05,2023-07-19
91f97c16-81b6-43bd-8846-8d499ac11a87,1,1049.07,1049.07,2025-12-03
91fe9cd0-4bb8-44ef-86a0-781dfb288b23,1,281.34,281.34,2024-06-15
920368b2-a9b7-4b58-961a-a5bea4e343db,1,1264.45,1264.45,2025-02-24
92051da0-e264-4336-95ad-86bcf1db9ad8,1,484.83,484.83,2025-06-30
9211d6cc-997d-4ca9-949c-0766ffb88ef4,1,1189.70,1189.70,2023-08-14
921bb998-2c6a-40da-b119-96effa1e8469,1,147.56,147.56,2024-10-30
922859fe-ceec-4f87-a097-c1de1a7ae54c,1,715.71,715.71,2024-01-18
922e047f-b5c1-4af0-a296-884f541eb2a4,1,1327.80,1327.80,2024-11-29
9230df03-385d-4b56-9899-c2706f746f9a,1,161.44,161.44,2023-12-15
92600ddc-369d-47be-8fd6-9e6a50803f14,1,484.80,484.80,2023-02-09
926042fc-d9ca-4e7d-a282-84faa0ab3e0b,1,1022.85,1022.85,2025-03-28
929a94a9-b7f2-4aed-b651-c2b2969ac7d5,1,1175.91,1175.91,2024-09-29
92a6584c-85b2-4fa7-9fde-c4f3c92215cd,1,925.38,925.38,2025-10-11
92aab45e-c146-44f8-8d9c-79bc2a418a5f,1,1373.13,1373.13,2024-01-06
92bfd42d-727c-474e-ace9-7eb3cf688f93,1,2020.60,2020.60,2024-05-24
92dd1868-ae7c-43d9-b44f-72b94167fd8b,1,765.94,765.94,2024-01-15
92dddc04-d376-409d-bae7-96df8780141a,1,406.67,406.67,2024-06-15
92dffcd8-b80a-4abf-92cc-2a997d796b8f,1,208.22,208.22,2023-05-02
92ecfd73-8dbd-4e25-8e50-5cee3ebb5527,1,21.12,21.12,2025-05-31
92f713ca-0b69-4a54-b6a3-5a1e0a2302a7,1,177.70,177.70,2025-06-14
92fe947a-32fc-4bfc-b478-5e0b41c43aa8,1,872.12,872.12,2023-10-10
930efd99-a5cf-4a04-a7b1-f7145d3f02a4,1,395.92,395.92,2024-03-02
931f4262-71af-4873-ae58-96d5501a5239,1,1204.88,1204.88,2024-12-03
932c2f0c-bb8d-43c1-a9df-2bc15488ca81,1,1457.52,1457.52,2024-09-18
932c33d4-7480-4629-bf0c-8f4ebc603126,1,1375.12,1375.12,2025-10-29
93343365-5766-4362-9c0a-b496b0f9ef4a,1,375.12,375.12,2024-03-28
933ec0cd-07ca-4fbe-8b82-6efdebc3af7c,1,1302.56,1302.56,2024-05-09
93400bc2-95d4-41cb-b650-67e06b941b94,1,760.55,760.55,2025-11-16
9343e6ea-985a-4548-80ba-22a47213e7cc,1,514.50,514.50,2024-02-05
9348df37-cbd5-4446-9b1a-4ec055f80f72,1,930.35,930.35,2023-10-22
935b5a4e-3ea3-470a-85f2-3922d0394481,1,409.88,409.88,2024-05-12
935d1c24-0246-4d11-97ab-d79712886be9,1,1147.08,1147.08,2025-03-03
935e2b4e-4a93-4430-8f73-ce9ad971958e,1,1351.05,1351.05,2025-07-15
93936dba-e732-457a-9bc7-cef811e6fe56,1,729.60,729.60,2025-12-26
93a4982f-3b0d-46e7-967b-b24d96cf072d,1,358.23,358.23,2023-06-16
93bcdfee-c59b-4ad4-8c73-7be3379785a0,1,860.24,860.24,2023-12-17
93c3d6d5-512d-4d99-9348-f0a86bbfd47d,1,77.00,77.00,2025-06-07
93d63c97-9df5-453f-afd7-ace0ef5513b1,1,1060.02,1060.02,2024-05-29
93e2ca21-64dc-49a8-8575-3a3d664aaddd,1,171.00,171.00,2023-06-26
93e8b90d-d73a-4e2d-8155-0f52bb7202dd,1,1104.40,1104.40,2024-08-28
93f4be74-1e8f-4aa3-8ab8-31f6fbf23f67,1,95.22,95.22,2025-05-24
93fea86c-2009-4b57-83b0-1dbe58e63b5c,1,439.11,439.11,2024-02-28
940d8bcc-e926-4a56-a95a-e210973cb616,1,1143.66,1143.66,2025-11-10
941ef895-e70c-4f78-ac10-6f6cb785d17b,1,912.64,912.64,2024-12-12
94235872-ce9d-4e59-ae9d-60dc6113b767,1,425.25,425.25,2023-10-11
9425b29d-c400-4d41-a50d-01b21a6b6aaf,1,57.68,57.68,2025-01-12
9470bfaf-c328-49e3-8ee9-269348b7cd13,1,22.46,22.46,2023-12-16
94734218-3c65-4ef2-88ab-3f601a03886e,1,888.36,888.36,2025-06-01
94743809-8717-4af0-a52b-d100e20e22b8,1,1521.92,1521.92,2025-07-10
94744954-a9e2-4323-8a80-a37a41113c03,1,1192.32,1192.32,2025-10-26
9482c1a7-191a-4155-9da6-1d5a9b906ef3,1,797.15,797.15,2025-12-08
9482f925-f9e1-4a1a-b472-924dc970fe69,1,140.45,140.45,2024-04-28
94cf76c2-f8b7-4f95-a614-e174f1d5f01d,1,851.09,851.09,2024-12-28
94d93f4e-ff92-47c5-88b8-1679ef8cee34,1,66.48,66.48,2023-06-14
94d9de10-626b-4be2-97e3-fd17947b7b7e,1,638.57,638.57,2025-10-16
94dd4f00-4574-4fc3-b9fe-c5ce7d742554,1,437.36,437.36,2024-01-15
94e74f26-29b0-4b37-8271-0779d864465a,1,1149.08,1149.08,2025-09-15
94ea0fc5-eed4-4e63-929e-798b53fbf38d,1,345.60,345.60,2024-02-26
94eb98ec-f7b0-44ac-8be8-79252db5322b,1,458.10,458.10,2024-07-29
95092352-f9d7-4d3a-969f-042d1d3216dc,1,687.06,687.06,2023-06-03
950ce835-3659-4a8c-938f-b1ef2ec01db7,1,253.04,253.04,2024-05-20
951ce53f-e16d-45e3-ac64-537c4875cddc,1,1251.41,1251.41,2024-11-20
95304f4f-2148-4452-9cb9-b8446d8f7676,1,1804.89,1804.89,2024-04-05
95322664-6f92-4f36-9761-1f80c9e28644,1,375.55,375.55,2023-08-07
9537aef8-deaa-4ac2-85ac-e9e956ee56ee,1,160.30,160.30,2025-12-03
954380e5-42e5-48b7-824f-cb25fd3c18af,1,650.14,650.14,2024-02-23
9555da6e-0eb8-406e-8f74-850fc34adc6e,1,1593.75,1593.75,2023-12-13
95604b1c-ff0c-42a0-9c0a-7cc4f7790f43,1,1320.16,1320.16,2023-08-26
9562dd7b-d033-45d1-ba80-23a07cb9e680,1,1223.07,1223.07,2023-11-28
956dd963-cb3c-4cfc-9126-d2687926622d,1,0.00,,2023-02-23
95726342-5073-40ae-803a-ecab2a50a607,1,931.06,931.06,2025-12-06
95931665-c162-4050-90a9-e2c76c22fd1d,1,59.82,59.82,2025-10-31
959def22-cecd-4cfe-81e0-7edb68ea7d85,1,55.36,55.36,2025-12-15
959e6da9-7308-4aaf-ad94-4a338d864e0a,1,135.01,135.01,2025-05-21
95b47e4c-8253-43de-a5fa-65b0e51411fb,1,339.68,339.68,2025-09-17
95b4a962-4372-4a34-96d5-8607c88e4c47,1,1033.98,1033.98,2024-06-08
95b70f37-59be-47bd-b734-7b4b97da3d52,1,159.28,159.28,2025-04-20
95b8b74b-a338-4893-b9f0-c7b5894fb7de,1,1175.76,1175.76,2024-01-20
95d01db0-2e1e-479e-aedb-379db104a523,1,409.35,409.35,2024-12-03
95e2bc75-fc9b-4cb3-93e3-f02374dd877d,1,994.35,994.35,2024-03-26
9608ac0b-c5d7-4a8d-b125-10d9805a6389,1,426.05,426.05,2025-07-25
960c05cd-2ad7-47bd-86a2-2cdadcd3cdcc,1,736.24,736.24,2025-04-22
96280f6d-001f-46ab-a829-0fd47ec13d6a,1,277.07,277.07,2023-07-01
962bdfe4-42ab-4e80-9bc5-dda8422d79d6,1,430.30,430.30,2023-07-22
96339cf4-7cbe-483e-b4da-7f0985af8127,1,1362.44,1362.44,2023-01-05
963415f6-90d2-4b7e-b0db-c718e1e99689,1,1258.18,1258.18,2023-03-31
96366d2b-e7d1-4b85-aa81-144841c3f0ae,1,270.05,270.05,2025-12-29
9637522c-4641-4e5f-af0c-95d8ba0050da,1,556.60,556.60,2023-04-12
9638c694-b30a-449c-aca4-c1f877afacf7,1,489.24,489.24,2024-06-24
9645dec1-840d-414b-bbd5-48637974c90b,1,274.19,274.19,2025-09-21
964c5411-e8b7-4cf5-a975-6162a41f4c10,1,1261.40,1261.40,2024-11-29
96502ed4-8dc1-4db4-a406-522ff2ef3eb1,1,468.72,468.72,2024-10-29
965d744f-0445-41a8-92af-97e4c536c66e,1,254.29,254.29,2024-04-30
966da436-db67-4c19-881a-b64e5a0a3790,2,1129.20,564.60,2024-12-25
96792482-a3c9-48e4-8d22-38e6c7bf4fbc,1,681.12,681.12,2025-01-03
967a4c05-4f67-444d-859a-207286faa687,1,873.42,873.42,2023-08-03
96891208-bc95-4c72-a3a9-da1d069abf2e,1,102.84,102.84,2023-07-07
96978820-a505-44a2-9925-0e145d29915e,1,390.28,390.28,2023-05-07
96a9b40d-a289-4493-8fa9-569beb75e6c3,1,702.88,702.88,2025-09-18
96abb71d-bf61-430c-b122-2fb068771111,1,935.64,935.64,2024-04-15
96b154d2-6833-4ede-ab1b-be4b1087f61b,1,225.84,225.84,2024-02-05
97071445-e4ca-40f5-8e81-cbbd15e4486f,1,513.30,513.30,2024-02-15
970fc272-8b7f-43cc-8921-c6e03013d704,1,59.14,59.14,2025-12-29
9710160b-de6d-4591-9362-0975ad14ea20,1,1499.71,1499.71,2023-06-04
971419c1-669f-4e36-883f-64c0c23865ea,2,3078.80,1539.40,2025-12-09
971524f7-79f2-4cc8-986b-77203bdc4331,1,976.88,976.88,2025-08-21
9715a1a3-18b2-4db5-bccf-9b9db304821d,1,458.55,458.55,2023-03-08
9719d16c-786b-4874-90c5-0d154bc8f4c9,1,1919.19,1919.19,2025-02-27
974a2447-ab73-460c-83f0-79b3f78ffd83,1,1460.60,1460.60,2024-06-07
9754f318-9ca4-44c6-807b-95f17f2029e8,1,2005.90,2005.90,2024-03-26
97573a6d-97da-460e-abdd-796c5c55dc37,1,173.99,173.99,2024-06-22
9765d07c-3a94-4216-967f-863c351f427a,1,2085.97,2085.97,2023-11-20
9773b290-7b85-41fe-961f-bd918d479e15,1,963.36,963.36,2023-11-28
977d30f1-3559-44a1-a087-ffb778ca6c7f,1,1317.93,1317.93,2024-10-07
9793b9b4-1374-4146-b2c5-bd89b70b3420,1,251.71,251.71,2024-04-20
97a364cb-9902-478f-9925-98cfbca8df9a,1,1009.89,1009.89,2023-12-28
97a6e8f3-9392-47c4-84be-39d32787c092,1,1390.04,1390.04,2025-02-18
97ae16f6-48d2-407f-83c5-dfd69ccd05fa,1,905.68,905.68,2025-12-10
97d93595-9d77-4683-9227-aac41e903705,1,153.18,153.18,2025-06-12
97da4c62-3df0-4bf7-86af-9d45d51cffa0,1,1170.22,1170.22,2025-11-06
97e31876-894c-4c41-9f04-cdec57d62fd6,1,612.00,612.00,2025-09-09
97f3a5de-b145-46b0-98b2-a4ac4519b98c,1,205.96,205.96,2025-03-15
9813613f-f772-40bc-bb43-b082fab4f6a7,1,812.90,812.90,2025-07-13
981fe99e-f818-415e-bb5b-438417a5a428,1,1186.30,1186.30,2024-11-19
981ff8b4-9116-48c5-a675-f233ef1a402c,1,1113.20,1113.20,2025-05-23
98268773-5e14-4ea1-b28b-66261724b6a7,1,427.12,427.12,2023-08-21
982adac8-006a-4215-8d31-83764ac436fa,1,1096.36,1096.36,2025-09-28
9837c6d0-1e4a-4a1a-88d7-516d57819dd5,1,0.00,,2024-09-10
98449ce1-f5fb-40de-99c9-bdb5ed9ec41f,1,1170.68,1170.68,2023-08-25
98470a94-2ad3-482e-a291-aac7d1aec228,1,958.92,958.92,2023-07-24
984b8e95-59fb-407a-a967-8a7605d48307,1,333.30,333.30,2023-05-20
98550b1e-d588-4c1c-a5db-5946a091e5b4,1,1004.91,1004.91,2025-10-07
988a6a49-5d10-4b3e-b85c-a2e85271bd38,1,57.45,57.45,2025-10-21
9897d90d-c81f-4eb9-9f3c-77b681a4ee43,1,927.15,927.15,2023-08-01
98a051b5-dbd8-470c-bb7a-9b775555bafb,1,279.28,279.28,2024-03-23
98a21f1c-914d-4fae-b100-13a7c6deb2f0,1,545.50,545.50,2023-08-08
98b2a04f-2f45-47cd-8b39-e31dfd9f3db7,1,472.43,472.43,2025-08-05
98bdd2b8-6908-4ea0-a7f9-2e136a5bd0d0,1,457.02,457.02,2024-12-19
98c5a516-c478-4479-a91f-1ee082d37a54,1,1770.26,1770.26,2024-06-08
98c9c1c4-ea2d-4edd-ac6f-e3974172615b,1,218.55,218.55,2023-03-21
98cb3cb4-e2f7-47ea-8cf2-fdf8ec1f5d97,1,257.20,257.20,2025-10-06
98d53cf5-4afc-49e8-8c47-6b726e310234,1,234.74,234.74,2024-07-26
98e4dc15-70ae-46f1-8783-96553eacdcd6,1,269.54,269.54,2025-06-21
98f89a64-5c62-4d1a-b529-db40aa23c3b8,1,1171.24,1171.24,2025-10-20
98fc844f-7e18-459c-9c33-07058507acc8,1,1989.78,1989.78,2024-10-20
9901e22d-7aac-46d4-ab5c-2fbf2af693e0,1,161.89,161.89,2023-06-27
990a8d0e-bfa5-4cf5-abe3-4b3726167d12,1,827.70,827.70,2025-01-27
9928d3f0-9f87-4f41-823c-3b130c560ec1,1,926.64,926.64,2023-04-21
9929c722-8f70-4f01-8e33-7defc0f886bd,1,216.85,216.85,2025-12-08
9938f43e-b4c9-42af-8e56-cb69f9aca6ad,1,314.81,314.81,2025-02-28
99407d5f-569d-4ec1-8879-e7c0147a339f,1,194.80,194.80,2025-03-02
9947940b-b745-41b6-8eac-8fd0c9ebc1ae,1,1136.38,1136.38,2025-12-30
995a0113-c00f-4792-b352-201a30c9be41,1,1310.58,1310.58,2023-05-09
995bad11-e365-4b2c-af80-0a845bae64a3,1,1394.70,1394.70,2024-05-19
995bf292-0bde-47ba-9a6a-7b80c46b78e1,1,1654.84,1654.84,2024-08-27
995f33d0-ce28-4b84-bb13-8c6bd31e57cb,1,1274.23,1274.23,2023-07-07
9962dc13-4411-4011-aefa-aa48e1ed070b,1,1857.67,1857.67,2023-10-05
996ce209-12f7-47b0-be1a-cc1c6c253fd3,1,346.92,346.92,2025-09-03
99708e28-bc3e-4c2f-8663-60c00eefe207,1,262.68,262.68,2023-02-19
9974281b-f2e3-4673-a514-e46dc1dd86d4,1,129.64,129.64,2024-05-17
99761ae3-9330-4626-bac3-4112bf6247e2,1,395.58,395.58,2023-06-18
9982bfc8-7fb8-4cd2-8b61-7dc3f914bf8d,1,1009.04,1009.04,2023-09-10
99837629-e3e0-46d8-a67d-6a76e8325744,1,344.56,344.56,2024-07-17
99887c0b-1462-4397-bc80-8a98a188d09c,1,937.68,937.68,2024-12-06
99a0afd8-0771-4287-9050-20dc7e6653b5,1,1514.04,1514.04,2024-12-17
99a75489-a5d0-4b50-8e39-a30b9729a972,1,1272.29,1272.29,2025-10-30
99afee64-9024-4225-84bb-10e079f7f38c,1,126.85,126.85,2023-07-10
99b91e1b-9918-403d-ba6f-d788e47d55a2,1,523.34,523.34,2025-10-20
99c11bd4-2c68-436e-967e-92bfb7f8e534,1,2285.04,2285.04,2024-04-03
99cfc5aa-36de-4ce6-b3be-b3611193874e,1,525.13,525.13,2023-11-23
99dc1f8a-b5b1-403c-aa3f-4471532978ba,1,598.05,598.05,2024-08-21
9a05d4c4-6721-4c78-9d30-e92cfceda3fe,1,697.39,697.39,2023-03-15
9a1c34dc-df68-438c-937d-00260d42be4b,1,1733.85,1733.85,2025-03-25
9a2363fe-6901-488c-bd8a-3090353a044d,1,487.16,487.16,2023-01-13
9a2a6d77-6521-4e2a-8afc-7724cf4c1bca,1,116.55,116.55,2025-04-24
9a2c566c-0c30-4ab1-a66b-268cfa5e2914,1,527.25,527.25,2023-08-14
9a3cfb56-917d-44f2-b720-9add6601ca80,1,1670.44,1670.44,2024-11-19
9a3fb957-9c10-4fd4-b447-fbb0a06a2b0c,1,1175.76,1175.76,2025-11-24
9a40c649-cb92-47cb-9597-8641367232f5,1,125.62,125.62,2025-12-21
9a4f741a-9c62-4ff8-8942-acc05fdbf6bc,1,4.85,4.85,2023-10-02
9a65c076-3575-476b-8c99-0b106556a27b,1,1035.96,1035.96,2025-09-09
9a897dbd-667c-4512-84c6-04cb0cba3ea3,1,1292.02,1292.02,2024-07-03
9a8aa879-d49e-4a1f-8deb-c1980add7ac9,1,1113.72,1113.72,2023-09-28
9a9a209e-875d-4dcb-9046-0c3bfec5548a,1,96.21,96.21,2023-02-11
9aa0b64c-967e-4e7b-94e6-8bda68a721b5,1,1000.16,1000.16,2023-03-25
9aa13bfe-0cb2-4c0b-bd7b-5070b99a4eb4,1,751.95,751.95,2025-04-04
9aa1f218-c112-42dc-80a0-f320879ac141,1,373.90,373.90,2025-07-28
9aa64754-c2ea-44b2-a716-b3d06536010d,1,1895.58,1895.58,2024-02-26
9ab4a8b3-a6f6-4420-b74c-b3e079fa9124,1,177.42,177.42,2023-10-30
9abfe38f-9180-45e0-9945-7484898002a4,1,551.50,551.50,2024-03-11
9ad2bb72-b04b-4584-b95c-ec2d7bd15655,1,624.90,624.90,2025-03-19
9adb5b4e-b3f2-4140-a8d7-61f871c76bcd,1,362.83,362.83,2025-05-14
9ae27ece-097b-4a0a-817b-aa39f8bad003,1,352.66,352.66,2023-05-20
9aee663d-3837-4945-b7c1-5eb0215867e9,1,278.40,278.40,2023-04-12
9af25277-45d9-4e56-b5a0-4e1dc005c4b6,1,62.17,62.17,2024-07-02
9af9b97e-804e-4737-a128-65849b4e02e3,1,905.72,905.72,2024-10-28
9b0198ce-ca1d-429d-9ad7-9207b1102552,1,644.61,644.61,2025-07-16
9b12a5b7-940f-46a5-883f-a2695f8cfac9,1,759.60,759.60,2023-04-01
9b226c6d-1b73-4816-8f3e-c8e2f07dc5f5,1,1254.71,1254.71,2024-02-26
9b2a50be-2d34-40c8-a198-1a4bd1da128e,1,332.48,332.48,2025-12-05
9b32560d-470e-4ab7-80db-3abec6568ed5,1,159.63,159.63,2025-11-26
9b33a68d-4646-4710-b1fa-ffe7ad1099fc,1,50.01,50.01,2025-12-03
9b3f4791-382b-41e7-82b8-8a90f8278a72,1,457.52,457.52,2025-05-12
9b40ee83-83aa-438b-a138-231b34dd1dcf,1,716.10,716.10,2024-04-02
9b48c6fb-333f-417b-a054-e592101b3c72,1,1827.42,1827.42,2023-10-02
9b4f6591-7232-491f-8235-40c7da9683c4,1,665.05,665.05,2025-05-13
9b506ff7-9f29-4f81-9f35-3ab78e118493,1,510.38,510.38,2025-01-20
9b553471-0712-4eba-b5ae-f6e876c491f8,1,705.72,705.72,2024-12-16
9b6472b1-5d6e-46c7-9d81-709b1e541412,1,209.45,209.45,2023-03-14
9b72a9fe-669e-498d-a3e7-3896c784ef4b,1,593.38,593.38,2024-02-28
9b9b4213-1fe3-46e7-a4ca-27449ea1c75f,1,1292.80,1292.80,2023-11-11
9b9b618b-3467-41de-b091-6f27d18181cf,1,389.79,389.79,2024-06-06
9bc3f140-3f36-4300-bacb-af63f14c261f,1,19.88,19.88,2025-03-25
9bd179d6-4fc4-4893-a7bc-de05e3fb18a3,1,349.70,349.70,2024-04-08
9bd9ece6-f828-4c81-9ab1-dffdb402565a,1,1967.00,1967.00,2023-09-09
9bf1883f-0345-4fb1-b72a-98008114fa4c,1,524.95,524.95,2024-05-18
9bf595da-0608-4722-8fb8-d9a8f9a8fdd9,1,511.32,511.32,2025-12-14
9bffa96b-b931-4d57-984f-aee4ea8da8fd,1,31.80,31.80,2024-02-08
9c0256f6-1aee-4105-a450-61c91fd423a4,1,1292.19,1292.19,2025-04-04
9c157711-e8ae-43da-a85f-cec1d7702c0c,1,1287.21,1287.21,2023-12-17
9c176525-30f3-40da-b36d-3daadeb65bae,1,2102.38,2102.38,2024-11-22
9c191295-c0b5-47ec-b19d-52702a49f107,1,992.32,992.32,2024-08-11
9c1b2b3f-3954-4207-94fd-ca961332ee00,1,1940.04,1940.04,2025-07-29
9c2918c8-d228-46ed-85da-e8c814675aca,1,193.10,193.10,2023-08-24
9c3e4065-ee58-44f6-8d86-43df4cb6b7ce,1,1193.04,1193.04,2024-08-12
9c4d8178-ada4-4532-8a3e-13a791240ea8,1,68.52,68.52,2024-01-28
9c542018-c1df-4bcb-8f1b-03a52f20a3ac,1,309.24,309.24,2025-09-24
9c678393-2ced-4c0d-b173-04b5c1dd484a,1,821.90,821.90,2024-03-28
9c694a79-8a3d-44b6-abc7-021aac472c44,1,28.11,28.11,2023-03-03
9c7710da-5c7d-48d3-a81b-4f76091e424f,1,104.35,104.35,2025-06-04
9c788612-a60d-4c0c-a866-f62193ad7a76,1,103.60,103.60,2024-07-13
9c7e3507-4f9a-4528-8d0b-906366c5558f,1,1477.23,1477.23,2023-06-19
9c7f5317-b10b-4962-b01f-ba0670e6f9d7,1,747.68,747.68,2023-02-20
9c918edb-4195-4cd0-96f6-07142a8f974b,1,299.30,299.30,2024-06-30
9caa3398-6619-40c8-8097-223feac90c4d,1,1245.94,1245.94,2025-04-28
9cc3a154-70dc-464e-861c-f4a131a743d6,1,450.93,450.93,2025-06-12
9ccc7889-f0dd-4db0-bff9-392481507e33,1,1482.15,1482.15,2025-12-04
9cd38590-276f-4244-9493-58c77813c60e,2,691.80,345.90,2025-08-28
9cf3c844-0281-4794-9239-348d9d67e2c5,1,131.68,131.68,2023-10-17
9cf86246-823b-43a3-8c9f-2bacdc502be1,1,603.46,603.46,2025-02-19
9cffa370-5fd4-46a6-9bd3-1e61c5fc71d6,1,187.16,187.16,2025-10-17
9d093ec5-351c-4a8c-83c6-50bf48db4569,1,1445.25,1445.25,2023-02-09
9d09cf19-a079-465a-8cc5-b7058af263bd,1,1368.04,1368.04,2023-06-07
9d14a5ed-0075-44af-9823-4bc41b749a9d,1,2415.35,2415.35,2025-01-17
9d1b7107-2be2-43f9-b0be-2bcf007ba077,1,796.50,796.50,2023-05-19
9d1d0c19-4ff2-450f-b8fb-91ecb11457a7,1,557.78,557.78,2025-09-05
9d1fa859-91f3-4ae2-b14a-ceb8f1cace88,1,1070.65,1070.65,2025-07-27
9d290449-fe25-46eb-a3b9-f2f0579b3141,1,599.81,599.81,2024-08-05
9d460a50-2c6d-4d52-b970-5abced6f63a5,1,839.61,839.61,2025-05-08
9d52c38c-a3af-48cb-8710-fa6629aab1f8,1,385.75,385.75,2025-05-22
9d57ec88-d024-408e-9cf6-42adcd24021c,1,288.85,288.85,2023-03-30
9d58b4b6-2455-47cd-b465-f27c0bd174a7,1,557.53,557.53,2023-11-25
9d619a46-4dc0-4006-8ce8-ec7d48c2c3e5,1,1920.85,1920.85,2024-12-04
9d8cae4f-6d5e-4ebf-842d-08a16941d0c9,1,990.76,990.76,2024-12-22
9d906fc8-49b9-40a5-a26b-af5ef7fa2bb7,1,486.67,486.67,2025-09-30
9d9e6fe7-0722-440d-a8ee-aec6f129dfd0,1,550.98,550.98,2023-05-14
9da2e08c-e363-42ce-b53c-2e602500d400,1,1511.69,1511.69,2023-11-26
9daa671b-4997-4aad-a369-732e12c22f83,1,385.71,385.71,2023-03-07
9db5d7d6-4558-4148-8a83-c300525d2dc4,1,49.07,49.07,2025-03-30
9dbf4277-589e-4b66-a7a5-1ec243c3329b,1,189.09,189.09,2025-09-22
9dd10b06-42af-4bbc-9ba4-b93146a4e156,1,341.10,341.10,2024-06-26
9ddfcf5e-2855-466c-b5dd-068b148502f2,1,611.24,611.24,2024-09-26
9de71099-0471-4230-9977-cd87b0617e07,1,1209.48,1209.48,2025-06-21
9de7b893-4f49-4ce8-a4f5-c7b2ca5079ec,1,628.20,628.20,2025-12-03
9df034d3-9caa-437c-bc67-95e2c32fc21b,1,657.26,657.26,2025-08-30
9dfecd3b-eb2c-4685-84d6-cb987d2bbc60,1,20.50,20.50,2023-08-04
9e069061-7e7a-451c-bab5-25e486289bae,1,273.58,273.58,2023-10-24
9e3bc735-071f-4a27-a72e-31b197e1bc36,1,287.34,287.34,2025-02-13
9e451c2d-3a75-4327-83dc-77252869af8e,1,2111.85,2111.85,2023-03-22
9e6518a9-78f9-453d-a858-4f506fc9370f,1,453.26,453.26,2023-05-23
9e860d59-94c6-4506-ab3a-5e70451bfc6e,1,1618.75,1618.75,2024-07-24
9e87b30d-7417-4cb1-a5a7-69e8e790e76d,1,718.94,718.94,2025-04-14
9e8b14e1-7799-403e-9f48-5e4754e54f77,1,908.06,908.06,2025-09-27
9e8da991-91e0-4e31-aa64-f424ffbcc6ee,1,838.14,838.14,2025-01-11
9e944384-5516-49b6-9306-6a39441cccb8,1,1733.80,1733.80,2025-08-22
9e9add66-024c-49c6-bebd-2f2326701a88,1,191.64,191.64,2024-10-15
9eaca4aa-9851-4af6-bd8c-c7b96bcdb95e,1,519.40,519.40,2023-04-22
9eb4c2b9-b416-46bc-b0af-fee458ad4c90,1,480.23,480.23,2023-12-20
9eb5f3b7-1a9e-4e79-8b79-cd1cba7f3ed0,2,2178.40,1089.20,2023-08-12
9ec19ca2-fe63-4a17-872f-b66e5161b6bf,1,767.56,767.56,2024-03-16
9ec9a49f-044b-49c3-b41f-2023505c363f,1,381.60,381.60,2025-10-20
9ecbef4e-744f-49c1-8a6b-804747cba7c8,1,394.54,394.54,2024-06-24
9edd5a9b-a920-435f-92eb-985f38cfa8b6,1,999.20,999.20,2024-01-07
9ee96654-b7ca-4d05-916c-8b8abcb42e14,1,169.56,169.56,2024-08-23
9ee9aedc-741f-4e1d-8b5c-cc26488ae444,1,1426.36,1426.36,2024-10-22
9eefa930-e04c-4e7a-9285-c5f5f6fe34c8,1,491.45,491.45,2025-09-15
9f1e725d-a480-4bf1-bc23-a5f72fd9577c,1,326.22,326.22,2024-05-12
9f43076c-ce5d-4cb9-9d95-7265972d5b52,1,1021.58,1021.58,2025-03-09
9f50a293-4a8d-442b-8009-f032a4422a48,1,943.32,943.32,2023-08-12
9f5f4677-076b-4dcc-a00f-9e0c18f2b50f,1,475.48,475.48,2024-05-03
9f689d10-cbfa-493a-ba6a-78d0259aee3b,1,361.01,361.01,2023-08-24
9f69d845-7df9-4cb3-b78e-045a17bd1f60,1,178.38,178.38,2024-05-23
9f7eac2b-0424-400d-857e-8c8ba9c3c87c,1,1258.96,1258.96,2024-11-12
9f874728-3d83-4007-a28c-b767de125922,1,28.13,28.13,2025-03-05
9f897745-e744-4329-a26e-7681e3a8e2d9,1,668.22,668.22,2023-11-04
9f9bc7bd-5c3d-415c-8a74-982e56ca0fb3,1,67.86,67.86,2025-11-09
9fa30813-2389-4905-9a2d-47fdb3debdc3,1,166.46,166.46,2024-11-22
9fb30a4d-c071-4a38-bffc-4f097f1464b3,1,409.64,409.64,2023-05-27
9fbb74f9-654a-44f9-bdba-ab321fba722b,1,319.74,319.74,2023-03-08
9fbbeeef-1d5b-4f01-a4fb-48feb59fd9e6,1,295.62,295.62,2024-11-01
9fbf6a1e-7b74-4c92-a4eb-93f883e6cdb3,1,336.98,336.98,2025-03-10
9fc9ced7-c95a-4097-b582-b335297ff1b9,1,1352.47,1352.47,2025-05-25
9fd90b11-d5d1-4bef-8449-c38ed04bc1f8,1,1325.27,1325.27,2024-11-30
9feb7f70-2cb6-4fa5-9bb6-43569a8c3437,1,862.55,862.55,2023-02-21
9fed1ec4-def6-43b1-af42-dcdedb076663,1,854.13,854.13,2024-12-31
9ffcbc21-34ce-42e9-aebc-473945dd4421,1,335.94,335.94,2024-01-07
a00725aa-962a-42a1-a069-40345b492980,1,96.76,96.76,2024-04-24
a008aea1-6785-471b-8a6b-67fd0d2a1903,1,1572.90,1572.90,2025-01-05
a0192ac7-8067-4190-9714-5595c3c263f1,1,644.13,644.13,2025-05-29
a02bd5e8-2cb5-4578-8bf0-cb177d5c6552,1,2130.53,2130.53,2024-11-01
a03e235b-6c41-41b7-9d2d-e8daf1ec53e1,1,310.05,310.05,2023-09-11
a03e2e89-a71b-4159-a9b0-46e22490cfe5,1,169.76,169.76,2024-06-22
a06b80bb-a0c6-44c2-a4df-66573196fb2c,1,1120.61,1120.61,2023-05-15
a06ebb06-5774-4216-8545-330a04be618c,1,324.87,324.87,2024-09-02
a06f631a-ba70-445a-983a-f19759822c1e,1,863.41,863.41,2023-03-28
a075e927-5110-4492-b442-7e0b61484bb3,1,872.44,872.44,2025-09-11
a0836439-c972-41eb-8307-146ce4303229,1,282.24,282.24,2024-03-20
a08f0dae-8b9b-4fbf-afdd-13628380186b,1,104.44,104.44,2024-03-22
a099fa5d-5fc2-4d26-a8aa-41cb571ff5da,1,63.70,63.70,2024-07-16
a0ab393c-88c8-4ded-bf6f-8c13453af993,1,2545.02,2545.02,2024-11-09
a0b45327-af8b-4fb1-a53b-7a49a12a118d,1,1482.60,1482.60,2025-09-12
a0b48ea7-b2ae-4aa0-896f-e8bccac6b6dc,1,1476.55,1476.55,2025-02-21
a0bf916e-368b-4c39-9885-3e91507c74d2,1,40.83,40.83,2025-12-28
a0c94a61-f3b5-4c60-b14f-b75001b8ed45,1,2320.95,2320.95,2023-04-26
a0d3f12d-30f9-4dc7-95ec-ecc170753a38,1,1046.45,1046.45,2025-03-18
a0dea76e-9e78-4ba3-a667-85a5bf9ea33c,1,353.44,353.44,2025-08-14
a0eb4c0a-2a67-40e5-9ae7-14be8e65ce16,1,659.48,659.48,2025-03-19
a0fb6a0d-36e4-42e0-95c4-cad7f31d81a7,1,304.78,304.78,2025-09-15
a1001bc8-9758-425f-9ad8-e2dafe17ddb3,1,310.16,310.16,2024-09-23
a109f179-5579-455c-af21-76ab1c21eb1a,1,1250.14,1250.14,2023-08-28
a10bd6cf-8234-4997-beea-b380d0bc1825,1,966.28,966.28,2025-06-30
a11d19a4-1117-43a0-a0cf-954ce16dfe37,1,421.72,421.72,2023-09-26
a126d75d-14df-46cc-8686-33f62a9acf17,1,137.66,137.66,2023-02-20
a12a2031-92da-4b36-9879-27a2da212725,1,733.72,733.72,2025-05-22
a12f9473-9dfb-4067-ad5f-82b3c542806f,1,1528.95,1528.95,2024-11-24
a13a9da2-94e7-4b2a-b434-02ef44cfa6ba,1,240.32,240.32,2024-02-01
a1470e58-5870-4df1-ba40-26c30262b936,1,873.22,873.22,2023-01-17
a1713120-85bf-471f-a2d5-da5de59cb2c0,1,431.88,431.88,2024-09-26
a175a9c3-d7b1-42a9-a332-a50e6992896e,1,2017.65,2017.65,2023-08-10
a17c6143-3b56-4170-b587-2e50c21e65ac,1,1870.65,1870.65,2024-12-14
a18b6360-730d-4e83-8cd6-73b9188e0715,1,196.96,196.96,2024-10-06
a19f2ab0-c0d8-4d09-96a1-f8e2f5298b83,1,1599.25,1599.25,2025-12-28
a1a27485-7134-4c2a-b80b-3657117b355b,1,117.46,117.46,2023-03-10
a1b0511a-ef87-4846-9d50-f0982e2f2252,1,1323.08,1323.08,2023-11-15
a1d64e5f-f48d-4096-952f-1a1dfd46195e,1,88.74,88.74,2023-05-29
a1dc2f28-3e0e-429f-bd9f-e0b9d7aa58b9,1,1169.72,1169.72,2023-04-14
a1e16a4d-d03b-4607-9303-577e19c82de4,1,1812.20,1812.20,2025-12-15
a1ebe82c-10b1-4d85-84b2-9a401b114518,1,290.88,290.88,2025-02-08
a1f4a29a-a078-4cf5-9738-e5abf6100bdd,1,315.07,315.07,2023-04-01
a1ff9e7c-b1e9-4f76-90cb-7b4167b31092,1,120.18,120.18,2023-03-22
a20bc47d-6724-4e29-bd95-8b6ed31f3cf4,1,457.15,457.15,2024-07-11
a2323265-b3de-4005-bb0b-dec5b20f1c07,1,372.28,372.28,2024-07-15
a23cc79c-0789-4691-80a6-82141313cf08,1,645.00,645.00,2024-08-04
a23da939-7d82-4153-b800-3271d25ab894,1,100.08,100.08,2024-04-09
a242ed94-6ab6-41ae-9943-0be108b65fdb,1,478.29,478.29,2023-12-09
a251bb9b-d7ba-4307-a82e-333acb35a473,1,963.98,963.98,2025-01-22
a253f545-8b3c-414e-b2ad-30e9763f0d47,1,819.94,819.94,2023-08-21
a2868475-51eb-4be9-b94f-4af8418d2469,1,302.65,302.65,2023-09-17
a287fc6d-f6aa-4893-b7df-f112bd275765,1,222.75,222.75,2023-04-07
a2880156-0fe4-46db-8f28-538f645f082f,1,168.08,168.08,2024-04-17
a29d3d43-ad1e-47b8-a0dd-b091a5073ae7,1,1445.12,1445.12,2023-08-05
a2bcdf45-98a2-4020-ae18-5055b2fc8f24,1,927.85,927.85,2024-08-20
a2c153ff-274a-4922-87a7-9ead62b7ec1b,1,480.92,480.92,2023-07-23
a2c3cd1f-ebdb-4d5f-b9df-25a0207a9ea8,1,935.42,935.42,2024-01-08
a2ef745a-8f80-42e2-9e5f-abce24654aa9,1,2185.65,2185.65,2025-04-12
a2fcab34-5868-4fda-a0bd-c6623ee07bb3,1,1134.18,1134.18,2023-09-23
a31dfea7-db3d-4d05-99b1-3a2bdd5c423c,1,1127.57,1127.57,2025-02-25
a32a4a61-7731-4b59-92ab-8b5dbabfc1a9,1,645.51,645.51,2024-08-26
a3422e50-9e2a-4324-8f79-a8a75f8a14bd,1,814.54,814.54,2023-11-10
a3446306-a0b0-4eca-8aca-873cb6e7552f,1,1755.36,1755.36,2023-11-23
a34c41e9-9bf8-476c-bc15-374eb0c01080,1,1581.12,1581.12,2023-10-12
a3528d57-2c0f-4a8e-b352-f4914f845f0e,1,360.42,360.42,2024-10-03
a3593aec-d5d1-4ae2-8940-e0fa08509d96,1,348.05,348.05,2024-07-17
a35de9cb-0a0b-4dcd-8cc2-6ad0aef20d14,1,1708.99,1708.99,2023-12-30
a3730262-3cbb-4910-aba5-a104e5c7205b,1,327.87,327.87,2025-08-22
a3738c8b-0f51-49a2-b6c8-202caa67f9b2,1,1597.72,1597.72,2025-08-06
a380e9ba-6887-4634-91ef-6c69e8047e04,1,563.41,563.41,2024-12-02
a387e3d9-91bd-4c83-8d9f-a8f020b4f5a2,1,59.31,59.31,2025-07-11
a3a04269-4684-4598-a57e-d03a28976443,1,684.96,684.96,2023-01-23
a3a66673-22ad-4da1-af10-432d8247dffe,1,635.80,635.80,2023-08-03
a3ab3d8f-457a-42e1-9340-dd02f928a5a6,1,1488.72,1488.72,2023-09-18
a3b5cece-a446-4e72-b64c-911aa9ab364a,1,1838.12,1838.12,2024-08-16
a3c6e768-b465-4081-ac97-fb2625d98a02,1,279.47,279.47,2025-05-20
a3d07cdb-c18d-4deb-bcf5-3f0d8c60722d,1,1331.55,1331.55,2025-07-17
a3d83d8b-8882-48a7-a91b-e0c61f1352ea,1,741.25,741.25,2023-11-15
a40ef7f3-80f1-4e15-909a-b03d489cfaa8,1,1499.33,1499.33,2025-08-08
a415129b-415f-4179-988a-8c2196801c7d,1,388.10,388.10,2024-09-24
a430b35d-7953-4493-b97d-3b2c0575e589,1,662.16,662.16,2024-06-15
a4393a31-727b-48e1-9e66-41880b5ae2c6,1,827.11,827.11,2024-07-18
a45c587f-7b2d-4571-b407-429adc51425f,1,1829.28,1829.28,2025-08-25
a469370a-0bbe-4d96-85d2-3bc0b175159e,1,266.52,266.52,2025-10-20
a469625b-8178-4a1b-b732-4ab14abbdf36,1,128.88,128.88,2024-07-24
a469f40d-96ab-4bc2-be59-aa02e93988b0,1,836.90,836.90,2023-05-04
a4716345-c9bc-49f8-b780-64c8443421d3,1,319.86,319.86,2024-02-18
a4768af1-9356-4b72-8163-1003b92c972e,1,55.22,55.22,2025-06-15
a4862510-83f5-4a4a-a294-7417b5251bb2,1,36.00,36.00,2025-08-22
a4a8a844-8bdf-4208-81c5-bc8b64e94d6a,1,2240.60,2240.60,2025-05-29
a4b0ef52-00db-421d-9af2-01cab36e38c1,1,734.15,734.15,2023-02-22
a4b39cbf-603d-4b7e-acb3-8aa09cc83123,1,429.49,429.49,2024-08-28
a4bebbbb-9c77-40df-9ba9-36d543cd1818,1,65.87,65.87,2023-01-27
a4dda659-67f2-47fb-9a41-6b1688a82092,1,1502.27,1502.27,2024-11-18
a4deb78e-0ea6-4a8d-a2bc-b8da84feb9db,1,790.60,790.60,2024-08-04
a4efda39-ee9d-4a71-9c63-1733d7311191,1,604.75,604.75,2025-05-18
a4fa9bfa-e6b2-4d4a-adb0-1817a3cb2c1a,1,6.95,6.95,2024-01-26
a51f5f0f-7482-493f-965a-80ccee7bafb5,1,860.06,860.06,2024-06-27
a52b4d88-fda7-4ff3-a76c-11fcda9a9daf,1,84.60,84.60,2025-04-26
a55bb796-91bc-45f4-b2f7-ac20a4f305f0,1,2429.40,2429.40,2024-02-11
a55d963c-eb0b-4e49-994a-5da5c4901373,1,879.50,879.50,2024-01-27
a561445c-8e86-43fc-bdcf-671d0e1da8b3,1,56.00,56.00,2023-04-26
a5637759-e10a-4c64-9752-800f42bb7890,1,45.11,45.11,2023-08-09
a577d497-9347-4a31-9501-25864f637747,1,1377.58,1377.58,2023-02-28
a57cd9dc-175a-4423-aaf7-410fea04ce07,1,673.32,673.32,2025-02-18
a58295d4-9288-4cb6-b13f-bd71268f5cfe,1,479.04,479.04,2024-08-23
a587b762-818f-4883-a6f4-b2fd9e891f45,1,1112.87,1112.87,2024-09-24
a59dc0d2-d371-47b0-ae02-b4b3eb5bbc12,1,990.22,990.22,2025-03-15
a5b2b2f9-187b-4952-b3c8-c79fe7779d32,1,96.82,96.82,2023-01-29
a5b3eea7-4806-4252-a9d0-7012e61f1a84,1,1338.45,1338.45,2025-10-13
a5c2c1e0-6436-4a2c-a2a9-62ce1819ce5a,1,517.08,517.08,2023-06-12
a5c4b535-634a-424b-a88b-f49f01b3c186,1,1887.60,1887.60,2025-12-09
a5d2f1c3-3de8-49b4-827d-d561397dbecd,1,1696.56,1696.56,2025-04-04
a5f74227-6f81-48e9-9e7a-6643229d9c2b,1,1208.28,1208.28,2024-10-17
a605b7c9-fb07-4e93-8a37-31ab0be3534a,1,214.66,214.66,2023-02-27
a6181a96-d793-4f1f-bd19-6f8e999a4242,1,326.78,326.78,2025-01-04
a64aa031-f763-443a-9f72-3470dfdda77b,1,608.06,608.06,2025-06-18
a672bfe1-515d-4ee1-b7b3-d35cf71bc83d,1,678.21,678.21,2025-04-14
a680299d-8f02-4e9b-994f-67af94d38feb,1,460.67,460.67,2025-05-04
a6846cde-dec0-4f13-b0f3-bc878ffdd887,1,53.62,53.62,2025-06-08
a687c13f-f416-4d61-a6be-4e5155431649,1,483.38,483.38,2025-05-28
a6916820-1df2-4a39-b615-097059abd2db,1,1638.59,1638.59,2024-06-02
a69686fc-36ed-48dc-8428-ef63e54cc0f7,1,558.66,558.66,2023-02-02
a6a50ff4-6b88-4397-8582-2f752d8b6108,1,357.86,357.86,2024-02-09
a6dbf2e9-8287-494d-814c-fad77426032f,1,748.36,748.36,2025-02-26
a6e26cb1-2e10-4f9c-aba3-34af11450bae,1,825.16,825.16,2023-06-22
a6fdcef2-0f45-49d7-b685-d55f623ff9db,1,89.96,89.96,2024-01-30
a7040d41-8104-4d03-8b4a-c6f7b5c31b0b,1,117.19,117.19,2023-10-02
a71372ab-34cb-4b9a-9338-82b320fa15b7,1,302.81,302.81,2024-07-10
a73b189f-9bc6-4ed1-8818-0a2ef9483602,1,1626.70,1626.70,2025-12-01
a7445137-001c-411d-bd3b-38b45b875cf6,1,153.78,153.78,2025-06-16
a749e7d7-2411-4077-bdcc-f2e173d2b8bf,1,1078.23,1078.23,2024-06-14
a7668617-78db-4de3-8a28-4792ffaca645,1,795.15,795.15,2023-10-03
a7708291-5049-405c-9770-f984588ac85e,1,222.00,222.00,2024-12-23
a7797368-04a6-47d5-9170-133e515eb10e,1,586.12,586.12,2025-12-16
a77da148-da05-4220-9eee-2c9f9970007f,1,328.35,328.35,2023-03-31
a781dac1-1212-4c91-92be-654727f395e4,1,2047.50,2047.50,2023-08-15
a7939a2e-34f4-4404-8ff5-070182226c16,1,99.87,99.87,2025-10-20
a794799c-ba72-43c8-820b-be484e5d92fa,1,211.78,211.78,2023-02-03
a79f41d8-8abf-4736-a514-b571f75602ec,1,818.14,818.14,2025-09-17
a7ab86c2-ed72-41b6-b6b1-c494ca51085f,1,412.22,412.22,2023-02-12
a7be898f-b431-4b48-8b32-4e1305fb2492,1,539.96,539.96,2023-08-20
a7c99bc3-8240-4ba4-8c80-a0bce774f7b6,1,806.49,806.49,2025-11-19
a7d7361e-837a-4dc2-b027-af950806336e,1,1410.21,1410.21,2025-10-05
a7ee0270-aa3a-4d76-bea3-80e19f4cd42f,1,1190.24,1190.24,2024-04-21
a7fa40fd-dde1-41b0-a547-9e2c697e5390,1,97.21,97.21,2025-08-30
a7ff332c-1224-4da9-a0be-2359b8e7ec0c,1,926.67,926.67,2024-06-26
a80acc8d-7a7b-4270-83e4-4f57856b1d9b,1,2349.68,2349.68,2025-06-14
a8350a40-0858-414d-952a-ed00d4aa826d,1,47.17,47.17,2025-11-12
a8390f4e-430d-4c66-b52c-fa697bdb1b63,1,1570.11,1570.11,2025-06-18
a84eda7e-d6e3-4dbd-86ac-3b98b1f349b4,1,663.92,663.92,2024-02-20
a8533c93-2926-41d3-8888-3652b62b10dd,1,824.92,824.92,2025-09-05
a857914a-9ec8-4c1c-a76a-42a673d0d824,1,1009.25,1009.25,2023-02-06
a85adb0c-6517-4828-a40c-352351e3f195,1,866.11,866.11,2024-08-23
a8702d97-10e6-4176-b858-3966757256f6,1,717.36,717.36,2023-04-18
a8799868-8e12-4cd6-ae33-98cf999bc180,1,443.77,443.77,2023-10-25
a883c5f5-c94b-4890-82b9-bc79b10f0863,1,183.35,183.35,2025-06-21
a8980d21-5a77-4c20-915a-123314eadc49,1,1056.33,1056.33,2024-04-01
a89966aa-ad52-4e85-b1da-666c18b77c57,1,156.52,156.52,2025-06-10
a89d8341-5412-4f47-9db3-a240f0f08d0b,1,77.93,77.93,2023-07-29
a8a00531-b036-4c89-bcb0-a7470e282d23,1,45.88,45.88,2023-06-06
a8a36936-6670-4b4f-8d5d-d304fd7178f6,1,1004.25,1004.25,2023-04-21
a8aa1e64-bf68-40e5-bd1d-7f4418225cb0,1,9.40,9.40,2023-12-27
a8b59f56-21c2-48d0-b135-f6066b7e7422,1,1511.76,1511.76,2025-03-09
a8ba8e3c-5f76-4c60-9fa6-e0e0394bd07f,1,1077.65,1077.65,2025-09-19
a8be954f-dce6-493e-a8c7-bdd7adabe067,1,1442.76,1442.76,2023-06-29
a8df0a00-6afa-4b81-a05e-1436e423b21e,1,62.45,62.45,2023-08-11
a91a55e2-bc1f-4314-bfed-1ec892f7101c,1,449.58,449.58,2024-08-21
a9217ddc-3cea-4f89-a217-3b7fc536d2ce,1,162.74,162.74,2023-08-09
a947d1ec-a203-49fe-9989-dea72f4d8bb1,1,327.18,327.18,2023-01-03
a94cd1cb-46d8-430e-8c30-4d149b204b4a,1,116.16,116.16,2025-07-31
a950b04d-476e-4d52-8cca-e47bbfa7b98f,1,1078.78,1078.78,2025-12-28
a9545955-2383-46cf-acf8-c47dccd2eb04,1,465.30,465.30,2023-08-16
a959f6ca-4f60-4262-b41f-3b6d1aa1783d,1,139.76,139.76,2024-10-22
a96f61cc-a82c-4ed3-b50e-da50c56afa5b,1,646.49,646.49,2025-08-13
a97829a9-1076-4870-872a-332a3f49c535,1,179.73,179.73,2024-06-12
a97d3c12-b00b-4505-9453-6b6c6d4ca628,1,975.60,975.60,2023-02-19
a97e07d9-c870-4767-a4d4-d773958ecdf7,1,836.83,836.83,2023-08-04
a98644b2-9a93-49ee-ab8a-f3eef697d176,1,484.11,484.11,2024-11-16
a98d60e9-ab21-4bf4-94ae-05df777edf4d,1,1421.20,1421.20,2024-05-20
a99e7c86-c14d-437e-b377-306244d64071,1,380.43,380.43,2023-08-13
a9aa3f8e-b462-4a78-8ba3-62230dcb8393,1,553.45,553.45,2024-07-08
a9b4adc1-7d88-4e18-b10a-dbd81bed09ca,2,1807.36,903.68,2024-02-17
a9b987d8-4190-4e8e-985f-c584c81e3b3e,1,679.20,679.20,2023-03-19
a9bc670d-c88e-4510-876d-6f4da4b7b612,1,207.36,207.36,2024-07-04
a9c0e92c-853e-4264-b63f-935df74e7518,2,1274.00,637.00,2024-10-16
a9c5baf4-14fe-4842-9064-f897e713ca88,1,448.16,448.16,2023-09-09
a9e82dda-163f-48f2-ac4d-5b3258f14f7f,1,744.12,744.12,2024-09-06
a9f1c264-1e5a-484e-817b-df8fb3663f69,1,622.84,622.84,2024-01-10
a9fe004c-da64-4226-8cec-3727d48887a6,1,101.43,101.43,2024-09-13
aa6363cc-a394-408d-9d2b-a9ccc7f3ee72,1,1750.16,1750.16,2024-10-10
aa6b11f1-6fac-4e57-86cd-f4651dd163d4,1,410.48,410.48,2025-05-20
aa6d7584-8846-49fb-b002-2232c5c04ac0,1,442.70,442.70,2024-05-28
aa9bc58b-378f-4cc8-8d23-4a55ef71374c,1,848.55,848.55,2023-05-17
aaac9b8e-2af0-461c-9849-d5662b3b61b0,1,824.88,824.88,2024-09-09
aaae3222-3f19-4d0f-94c3-9b6d0e31275c,1,692.52,692.52,2024-10-25
aab6ad8e-cf56-4b52-b353-b0d9499c0dc9,1,516.35,516.35,2025-06-28
aabe05a3-66e7-403c-a522-67569c4b1428,1,129.31,129.31,2025-07-23
aac5e8a3-2567-4f2a-9227-b7accdca6bef,1,487.64,487.64,2025-12-23
aac7bdba-4e77-471b-bfd4-57a89e79c031,1,1105.23,1105.23,2024-06-09
aaf808c8-a352-4b48-aa9a-142e3b122f50,1,678.69,678.69,2024-05-27
aaf91531-0200-41f0-8768-a84fa76afde6,1,369.70,369.70,2024-05-25
ab043a75-2ab2-47bb-a1a3-36d0d97319e6,1,358.77,358.77,2024-02-16
ab07d8fa-4aca-4e49-bf07-33cedda72f8d,1,106.00,106.00,2024-07-03
ab3f4c7b-7a15-41fb-b6bc-5bd48911b3a9,1,1204.83,1204.83,2023-07-22
ab4315fa-d5e9-4b88-b53a-4ae0a0be04c5,1,1630.48,1630.48,2023-06-11
ab49eb2b-d5c9-4aee-a702-bf8c26123628,1,1176.59,1176.59,2023-07-18
ab586163-2023-450b-aa25-14bc12fc6b3b,1,1982.90,1982.90,2024-08-10
ab5efb61-d027-497e-b5bc-9aa155ceca09,2,2730.46,1365.23,2025-04-27
ab6b0453-f66b-476e-821d-bde8e384ec88,1,1246.11,1246.11,2025-04-30
ab6c4feb-55d2-436d-8d78-02ecbbb47e6e,1,815.04,815.04,2025-04-30
ab8be989-b577-4d52-8750-86a210325c76,1,403.28,403.28,2023-10-29
aba1fbbf-8d31-4f4e-9b2b-d5c0d947f2ef,1,607.55,607.55,2023-02-10
abb17f97-fac3-4483-b2dd-8e86e40e845e,1,1581.40,1581.40,2024-02-11
abbb03a4-3e29-43e5-a8d1-bf94c1ab72b6,1,357.65,357.65,2024-01-20
abd06c5b-cc94-4b8c-bd2f-297dd6965ed1,1,1189.46,1189.46,2025-08-05
abd13f1a-3d20-4440-80cf-a44d1b7db566,1,1076.61,1076.61,2025-11-02
abe55017-2f0f-450b-8141-245e1bab875b,1,348.00,348.00,2024-01-24
abf5c5d8-7582-40a7-b4a7-4d4353067ada,1,232.18,232.18,2024-01-23
abff8d01-116f-49df-a1a8-49cdb6d77105,1,2068.11,2068.11,2024-10-26
ac060929-33a7-4bf6-ab60-3828d3d2578d,1,591.37,591.37,2025-04-18
ac068625-e88e-4b5d-93ba-ff5932dccf19,1,330.44,330.44,2024-10-17
ac070dc2-d127-4718-94b2-a1fa2cafd8c0,1,270.30,270.30,2024-12-21
ac0d40d6-626a-45f1-9a5e-4a5d2e0ce312,1,546.50,546.50,2025-04-13
ac100258-f97c-493a-b1e8-24e81c3618b1,1,621.48,621.48,2024-02-24
ac1552b4-1982-4948-8757-5d2046c65b1e,1,1558.26,1558.26,2024-10-18
ac1905a0-a8b4-45c8-b74d-08feeb0f9c99,1,569.46,569.46,2023-04-30
ac1f23f9-28b0-466c-86a9-1984125528f2,1,983.66,983.66,2023-10-20
ac243a24-a275-4bd9-bf94-abc9d724f943,1,277.39,277.39,2024-08-22
ac313207-813c-4044-ad11-fa5b268416b1,1,442.96,442.96,2023-02-12
ac33116a-2644-42d9-a8b4-e105ee80598a,1,727.60,727.60,2025-07-10
ac3574df-d969-4fdf-b5b4-1ea2c71ef136,1,1020.34,1020.34,2024-07-08
ac5c43ff-b91c-4533-aa91-8c62daab40aa,1,801.37,801.37,2025-07-28
ac698a91-6311-4b3c-aa6f-15732e792def,1,1237.23,1237.23,2024-07-24
ac6e7511-c0f9-4755-9ffc-a390ed269b03,1,1777.65,1777.65,2024-01-28
ac73b06f-9e72-4dad-96a7-80c18e579579,1,972.04,972.04,2025-02-06
ac78e289-ac05-400f-b22b-50ee89f51b7d,1,214.25,214.25,2023-01-09
ac7ae1c0-0580-4992-959f-27e6cdb00b1d,1,434.66,434.66,2023-08-14
ac91b340-5244-405f-8309-a5b5dc596ffa,1,315.10,315.10,2025-05-11
aca2317a-be38-4527-bf6c-7208009411a5,1,1571.82,1571.82,2025-10-19
aca41c10-2319-46a8-bc2b-edfc23ecb390,1,349.99,349.99,2025-02-15
aca83361-e722-4c58-81b8-100070f2d3a2,1,449.88,449.88,2024-04-09
acb15b9b-fd60-4b05-830f-7e8014f7f2c0,1,2430.20,2430.20,2025-06-21
acbb49f5-db13-4528-bc2a-c7ec90670e73,1,938.05,938.05,2023-03-01
acc34b99-40ca-4564-acdd-b1fb955738c1,1,389.92,389.92,2024-09-25
accd128f-e6fb-4164-b2c1-d685a6437eee,1,1470.51,1470.51,2024-05-26
acd02d93-069f-476f-85fa-87c84e00af93,2,35.24,17.62,2023-12-02
ace86d3e-b3c4-4faf-8436-4a94f3d3030f,1,253.76,253.76,2023-09-07
acf393f9-d519-444d-8793-9c8d5de65232,1,1061.22,1061.22,2025-10-14
ad0a1f13-bcee-4b10-9539-55611a9a90ec,1,1713.51,1713.51,2024-01-24
ad125a76-ba15-459b-b8a3-8a818ee30925,1,373.84,373.84,2024-05-28
ad236d58-5049-405c-af7b-99835619a140,1,947.40,947.40,2023-10-17
ad238d36-dc32-4c97-b9c1-e262f76c8ede,1,1960.50,1960.50,2023-10-09
ad407ee3-ee71-427d-a2b1-bbd3c1d37c44,1,640.94,640.94,2024-08-12
ad4807eb-b8f6-4164-ba11-e1082f8fc2b9,1,36.83,36.83,2023-05-18
ad5009ec-3e77-46d2-857c-a4b37128ca16,1,1895.33,1895.33,2023-06-29
ad674c96-346b-49b7-b77c-e78ae474337b,1,876.66,876.66,2023-02-12
ad70d469-8b38-4a81-99ba-02bfcd307409,1,859.45,859.45,2024-07-16
ad74135b-60c8-4f8d-9a04-17d9fe78109c,1,290.24,290.24,2025-03-26
ad84e900-f78e-4133-b22e-52cca932acfe,1,549.94,549.94,2024-11-14
ad851456-bdc5-4633-8e5b-961f585d4011,1,150.09,150.09,2025-07-13
ad8c0022-cd3d-47f5-baeb-24a3b9de9807,1,546.10,546.10,2023-05-23
ad9e9d74-2d24-41a0-8e56-03307e04ec0e,1,209.16,209.16,2023-11-29
ada26156-7e48-4921-aab8-a49701f36bbd,1,310.65,310.65,2025-06-22
ada40ac0-a4b1-44e4-bb75-cf7fb09fb603,2,1625.72,812.86,2023-03-29
ada924ec-2c18-41a1-a376-14df81a7f08d,1,540.32,540.32,2025-08-02
adc8ea51-1998-47d6-9552-13e59e193fdb,1,856.94,856.94,2024-10-01
addba0d0-536b-4f65-911a-c1ab7555a28c,1,1964.48,1964.48,2023-01-17
ade15f2e-4cf8-4640-87b3-d596d12b2143,1,466.46,466.46,2023-11-08
adfb18dd-a3e9-4f17-a5e2-b89ddb61f26d,1,759.80,759.80,2023-07-16
ae019f2d-6f34-4682-9a23-5f100beb3489,1,819.98,819.98,2023-11-04
ae01a90f-dae4-4236-9a80-9472cdb503f2,1,162.40,162.40,2023-03-21
ae04f3ef-e783-4f2c-ab59-7840c518b6ef,1,123.85,123.85,2024-04-18
ae0ffb93-769d-439b-8518-1416ea188d1a,1,171.14,171.14,2023-04-28
ae130a1a-dc06-415b-bdce-692acc3beb48,1,1042.60,1042.60,2023-02-09
ae26aca3-8516-46d5-aade-b5d1094d2acd,1,333.72,333.72,2024-07-13
ae2ce70e-86bc-4c53-9b1f-e7692124a42c,1,149.50,149.50,2024-05-15
ae4e31cf-594e-4567-babf-14cd094d4ebd,1,195.24,195.24,2025-01-03
ae8107f0-5c43-4149-a615-9111cc53efcd,1,884.08,884.08,2023-04-03
ae8191a6-4ecc-4510-9690-605490e6a652,1,906.51,906.51,2025-11-27
ae8c8dea-a336-4b61-93e1-9a9791afc7d4,1,244.58,244.58,2024-01-13
aef109f5-a6cb-4f33-b830-9c52e97de702,1,800.49,800.49,2023-10-11
af0caa3c-122f-462e-8495-6e6a21cc0211,1,833.38,833.38,2024-05-07
af232ade-f039-415e-9539-348fc8e83907,1,750.96,750.96,2024-01-30
af2ebb35-9c8e-4893-b44f-31289cd53033,1,1201.72,1201.72,2025-11-24
af31dee8-81ea-4853-8415-a46760a55b8e,1,33.36,33.36,2024-06-08
af3a8b53-1c45-4778-84f7-30aadb8a1008,1,831.20,831.20,2025-02-12
af3c9f45-0467-4fa2-b321-112374f80476,1,1068.54,1068.54,2023-06-14
af4afcdd-52cb-4ae0-ae18-c9b3c6da85f1,1,1402.68,1402.68,2024-02-03
af596fa4-d3e0-4466-a562-b7c68b2a6ea4,1,1423.52,1423.52,2025-03-24
af6551a2-31be-49fb-b9c1-afa23a498993,1,1029.90,1029.90,2023-09-07
af70988f-8609-41e5-950e-9c54aaf34721,1,804.78,804.78,2023-12-28
af806827-e7ac-4d2e-a787-cce3687e2ea3,1,313.29,313.29,2023-11-14
af93db35-85ac-43d2-aef1-55e9bf554375,1,466.94,466.94,2023-08-12
af95ac1f-a9f0-4d2c-b883-c726698d7a63,1,24.57,24.57,2025-12-27
af9a634b-f0b4-4a27-9c91-8b18a6cf2962,1,478.40,478.40,2023-08-31
afa3153c-ebd4-45cb-a152-424b180b1a8a,1,145.92,145.92,2023-10-15
afa3dcc0-2e09-4e54-be86-c0bf4e7900d8,1,707.55,707.55,2024-06-09
afb9b175-f808-493a-af4c-460508f0d796,1,1345.22,1345.22,2025-04-23
afc5c20e-4a63-4af5-b6e1-e7ac9fc97264,1,632.72,632.72,2023-11-28
afd5b90b-41a6-4c90-a91c-0da1a5630d3a,1,1354.48,1354.48,2023-04-17
afd66de4-9b5f-4127-9270-481c0bcafa10,1,437.18,437.18,2023-11-20
afd8d868-30c1-4c5a-9c9f-607666613f73,1,1939.00,1939.00,2023-06-13
afe6d7b6-e0f8-492f-aeda-791fd770a730,1,531.06,531.06,2024-05-05
b001724e-0ec2-4829-b77f-7fdccd689f4b,1,1806.28,1806.28,2025-09-16
b017d4c5-9441-4552-bd85-d5ef9298655e,1,457.41,457.41,2024-10-12
b02c8c24-d639-4576-9049-b8fc357eb820,1,263.94,263.94,2024-01-14
b02e1da7-dff6-4376-a24e-ae6510435959,1,929.29,929.29,2023-11-08
b0304411-cfdd-4299-92ea-cac34846f5e8,2,1897.92,948.96,2025-06-09
b031512e-f792-4747-b969-4ba48cdad6e4,1,407.84,407.84,2025-08-18
b0333c0d-5381-4235-b1cf-c83f359ee84a,1,443.94,443.94,2023-03-18
b0355602-bfb8-4ed1-95c0-26140d8f5f5d,1,446.32,446.32,2023-07-15
b05d5545-a7e0-4d76-afc5-e37caa4aa287,1,670.72,670.72,2023-10-09
b062f6dd-32b3-4da5-a7ea-e2c697a4a116,1,667.90,667.90,2024-12-23
b06c5762-fd17-45aa-bd58-2d2ecc1d268a,1,387.72,387.72,2024-03-21
b06fc65b-5667-4c35-88ae-5ca084310554,1,871.53,871.53,2024-02-23
b07a810a-1bef-4085-916b-66defe56f624,1,336.76,336.76,2024-04-01
b07aa066-7354-45ea-a894-9b8d00af5b3a,1,467.15,467.15,2023-07-10
b08307e1-a9b7-41f5-a0fe-d1f372fa10f7,1,1389.42,1389.42,2023-08-31
b0849df2-18d6-4178-85f9-8f7d7f22d4d5,1,425.52,425.52,2025-09-26
b086ccbf-3c44-449b-bba9-4cf02d8802cd,1,333.45,333.45,2023-08-01
b091f2db-bfad-4216-87a5-98c1548b325d,1,1439.39,1439.39,2023-01-25
b0a318ec-628f-471a-bce0-e2e3f5c0a0ab,2,2808.60,1404.30,2023-02-19
b0aa7c2d-21d5-4174-9195-67ba7c2796bd,1,113.80,113.80,2025-08-22
b0ca2259-58ae-4e0c-b835-d78893bbf083,1,1482.52,1482.52,2023-09-01
b0d32922-b0ae-42ab-9678-1842eb2a74b9,1,584.62,584.62,2024-04-26
b0d78504-85fd-40ff-a71a-3aeb9ea9ae96,1,156.06,156.06,2024-02-10
b0d7b232-958b-40a3-a970-9193ff68b1a8,1,1455.87,1455.87,2023-06-24
b0e00fc4-cb87-4110-bc21-3ab1f6797d4d,1,576.32,576.32,2025-10-16
b0e6a969-e213-42b0-b1ee-dba313432e61,1,216.50,216.50,2025-05-08
b0e98b45-a527-4d02-99b2-ef6114c088c2,1,357.46,357.46,2025-05-03
b0ea67ec-056f-45ca-a6c8-d9e2b72d24c9,1,53.41,53.41,2023-02-10
b10dc2ac-5b78-48cc-86f3-3d79b77fc2bc,1,2029.30,2029.30,2024-12-01
b11822ff-ab73-49a1-be9d-d3cc28aca4da,1,332.69,332.69,2025-02-14
b11f9c90-0f26-43c9-bd40-b72a8075b880,1,2213.01,2213.01,2025-01-14
b1441eb8-38f2-4c5c-bab7-bb3b585af8eb,1,334.76,334.76,2024-04-19
b14c2bff-f49a-4bc0-9974-62eeff2bc91f,1,1475.30,1475.30,2025-12-27
b16fad6e-db60-40eb-bdfc-a4f2e83b25f7,1,34.39,34.39,2025-12-14
b17bb800-20d6-497c-91ac-914923e4b52d,1,637.45,637.45,2023-11-09
b1ae9176-f6dc-49f6-884b-5f169a21aea8,1,716.00,716.00,2024-10-09
b1b5d7fd-1e8c-4911-a040-c35c9b6a0f8b,1,453.91,453.91,2024-04-06
b1bb5f1f-a515-42c2-9e34-2c861e29a57b,1,587.32,587.32,2025-06-06
b1bfee53-04ce-4c38-b826-a5f5310eb491,1,487.66,487.66,2025-04-13
b1ca2234-b568-43d5-8e83-800f6f1d6849,1,330.75,330.75,2023-03-05
b1d277c6-aa78-4c00-9550-eabff84e462f,1,724.80,724.80,2024-09-05
b1d81887-4739-4c7b-bff3-0c8d83ff3e96,1,447.20,447.20,2024-08-03
b1d9deb7-8ac0-4308-bac9-222493b66c15,1,1783.08,1783.08,2024-11-26
b1e21d6b-447c-49f5-9161-f817dc91a0d8,1,557.30,557.30,2023-02-18
b1e22571-4212-4f7c-8854-a4ca0459b778,1,865.48,865.48,2024-11-26
b1ec4eb7-acf6-40e0-925b-08c95f3f018c,1,334.12,334.12,2023-12-11
b1f41379-a5a3-4ddb-8892-feee53b324ff,1,108.67,108.67,2023-03-11
b1f7c6f6-6f2c-430a-8011-513fbfe06963,1,1015.79,1015.79,2025-10-12
b1fcaed0-e805-4b3f-b6b2-81717ade2a67,1,733.68,733.68,2023-10-29
b21d1924-bd2a-4b9f-bb30-e92a60c2ad65,1,366.80,366.80,2025-12-08
b21dce97-f032-47f1-a101-deba05cb26f6,1,227.39,227.39,2025-06-11
b22fbb3c-c3b8-4fbf-9496-d8d84f8ad146,1,374.44,374.44,2023-11-30
b237570b-caf6-4649-aa7a-e4473fcbb7d7,1,1376.28,1376.28,2025-08-20
b240c292-ffe4-48b5-adae-c2d14bae5d71,1,1045.76,1045.76,2024-09-07
b2501e77-9158-4477-86f5-3760e6a58161,1,434.60,434.60,2023-04-25
b255b709-502b-4dc0-89c6-589a71ca8099,1,2258.50,2258.50,2025-06-01
b25f8e3c-a69e-4a99-83a8-960f5de0e8ae,1,860.36,860.36,2024-08-15
b263c33b-cd89-4d24-b6a6-d37711ab78d7,1,67.46,67.46,2025-02-13
b2a7931b-13f0-4259-8497-f15da449d83b,1,809.44,809.44,2024-05-18
b2a9dff8-be3a-43d1-ae0e-74497b3fe5cc,1,1159.92,1159.92,2025-03-05
b2d03e94-1f48-4cdc-ae55-a18f81698cd4,1,870.50,870.50,2023-12-25
b2d31e65-f2bd-43de-a179-20ecaba22912,1,340.23,340.23,2023-11-26
b2decab7-49ba-46ac-9a44-3dd202529390,1,67.23,67.23,2025-07-06
b2e6bea5-2f9e-4133-a698-33d55130cda5,1,90.34,90.34,2025-01-04
b2f125f6-4b4b-47f2-ab0f-f00882d13ea5,1,788.94,788.94,2023-12-16
b300b3a6-576e-4dd3-80c8-ef4c127c2f33,1,660.48,660.48,2024-06-29
b303ce4d-8796-43ce-9a82-66e254b72d4f,1,421.00,421.00,2023-04-27
b307dfea-7ed4-4fb5-af22-700befaae2e7,1,553.36,553.36,2023-10-16
b31dfc5e-a4a7-49db-bef7-a25498a126a2,1,245.46,245.46,2025-10-25
b3302dfa-1990-4710-bc7a-9bd5971642dd,1,119.60,119.60,2023-08-21
b3338169-dcfc-4b72-abbb-ae74db9b4d43,1,200.49,200.49,2025-12-18
b33d9c7c-4e73-4dcc-8664-82ee6844a0e3,1,225.53,225.53,2025-06-13
b34ce304-26d3-4deb-9e02-4096684727e8,1,724.53,724.53,2023-07-14
b354f19d-3d22-4110-a63f-69ea0d5098fc,1,824.28,824.28,2025-06-27
b38f6de4-90c8-400b-bad0-8f4597826620,1,202.12,202.12,2025-01-22
b3a93bdf-7b65-4877-85fc-4c0daa28eab0,1,1074.00,1074.00,2024-04-23
b3e771d3-23d0-41a1-bfa3-30ffebd66712,1,661.68,661.68,2024-04-27
b41d5a3d-f3fb-4964-9a15-45466c52fc9a,1,720.78,720.78,2023-02-26
b41e70e8-5a1a-4a61-9e1e-20171e43d2b9,1,376.79,376.79,2025-05-14
b4294c75-5df7-4720-a025-92a6e89b8731,1,1078.40,1078.40,2025-04-25
b42eea4b-5783-4ea9-a9d2-a25d4641b888,1,992.26,992.26,2023-06-12
b4305a2e-86e9-45b3-b4e4-b04bfd68d348,1,376.50,376.50,2024-04-06
b432ece9-76dc-46b5-a076-aed65ed3e00e,1,505.32,505.32,2024-06-15
b438d027-9a96-4aa2-840e-a393390ba9cf,1,459.42,459.42,2023-12-08
b45c6169-4cad-49bd-b688-b0df3bbd390f,1,747.18,747.18,2025-03-24
b4626256-3375-4947-aeee-5b2297c8d04d,1,1647.96,1647.96,2024-09-27
b46788bd-d38e-43e4-8de1-087bafa14a55,1,816.87,816.87,2024-04-21
b481e163-4563-4943-8dcc-90154f8aa6f8,1,1207.33,1207.33,2024-07-25
b48353ec-391f-4854-a801-d2f9c52f4850,1,96.00,96.00,2025-03-31
b4848204-fa06-4d04-9bcf-ecffa4771141,1,39.93,39.93,2025-09-17
b4863fc4-7bee-4ac4-93e2-cb6e497559cd,1,32.52,32.52,2023-05-12
b4a43314-69b3-4362-afed-4447dfe2da25,1,259.17,259.17,2025-10-11
b4b4aba9-4db7-4ad7-85c3-822093cc50ac,1,310.65,310.65,2025-12-24
b4c52729-f7bf-4e41-8cfc-6b839b987781,1,483.86,483.86,2023-04-24
b4c5d4cb-c497-4da8-a8c1-b719825c54b1,1,203.30,203.30,2025-05-15
b4da51c6-82ad-4bd9-ba3c-59b63401cef8,1,1055.59,1055.59,2024-08-26
b51c8012-2927-46ea-9451-35236971dd2b,1,645.45,645.45,2023-09-21
b524b52a-5e4f-4928-ae87-895d780f5153,1,454.27,454.27,2025-05-21
b53a72de-c7fc-4ea1-beed-1089e3e5ef84,1,439.30,439.30,2024-03-02
b55a0fbd-6210-4dc7-b5cf-03eba482471e,1,1359.39,1359.39,2023-09-11
b55a33f4-ff42-42d6-b242-9c28db87de0f,1,276.10,276.10,2023-01-27
b55a478e-0541-43ca-ae12-bda9b2ec7ff4,1,906.30,906.30,2023-06-11
b55c73cc-cb70-40db-8920-f0ba5d7637ea,1,712.10,712.10,2025-12-22
b5663d62-60fd-444f-aa42-cb5161336c44,1,834.52,834.52,2023-01-22
b5739858-f585-4094-afb2-3fd95c2c1dc4,1,56.36,56.36,2024-07-30
b58d332b-4fea-48cf-85cc-1354e95e9a2c,1,7.76,7.76,2023-05-13
b5920752-939c-4c0a-824c-028029670256,1,1113.44,1113.44,2024-11-06
b59f3eec-1552-4035-99d5-0ca1fc821162,1,593.91,593.91,2024-06-05
b5b20c08-98e6-4005-ab74-4ecb835b7cc5,1,531.68,531.68,2025-11-05
b5e2cf5d-4547-48d9-90d1-cc8aeb0a0a80,1,156.39,156.39,2023-07-07
b5ea457e-e736-4a4d-9efb-14f3e01622ef,1,1775.85,1775.85,2023-12-11
b5f43f50-68d7-4d6b-9b73-e5ee4eccd313,1,175.95,175.95,2025-03-06
b6003313-ab11-475c-9d15-af8dc6068e85,1,126.12,126.12,2024-10-27
b60223b2-fc35-4bc6-8a95-83f44b3c8939,1,54.76,54.76,2025-08-11
b61578b3-1b95-452e-a97d-b63144c769c0,1,2218.10,2218.10,2023-07-24
b620c496-c8a9-4944-ae14-bf86035c13fd,1,1751.72,1751.72,2025-07-25
b6295b75-66d4-4fc8-ba95-ce9be9dadcfc,1,359.48,359.48,2023-03-23
b6302044-6513-4cf3-acd2-9a4ba444b4b7,1,1434.30,1434.30,2025-06-30
b64e26cf-3c9b-4542-bb1d-23a8d8c823b0,1,191.78,191.78,2024-07-18
b6631bb4-84cf-45f9-a131-aaed5de7d461,1,2011.62,2011.62,2023-09-29
b66a26c3-caf2-46c4-b0d3-8708dd0717e1,1,280.94,280.94,2023-05-06
b67af865-cfc3-445b-9464-cda8dbf7fa26,1,670.33,670.33,2024-02-25
b68848ea-1156-45d0-aa9a-d6c593d0d346,1,84.98,84.98,2024-09-02
b68c55b2-79ac-446d-8e03-87ada246ea52,1,25.70,25.70,2025-02-20
b694d3af-a523-4337-a179-af4c302289f2,1,367.66,367.66,2023-08-25
b69f2d3f-599b-4f92-86d0-a9e5217fbc77,1,193.25,193.25,2024-09-26
b6a26dd3-e7d2-4025-a3ac-73ad30eed426,1,410.19,410.19,2025-05-07
b6a35409-1c20-486b-b5d0-44fb2cd64d84,1,947.58,947.58,2024-07-23
b6abe0f1-116a-4341-b264-487b7ce8256f,1,833.08,833.08,2025-07-10
b6b0eef8-e0dd-47c6-9f80-44eef0b9cd2c,1,197.76,197.76,2025-01-26
b6c02711-f941-4aad-b10f-71f57de14528,1,1223.88,1223.88,2025-02-11
b6d09d3f-2c76-4da4-a829-96b32ba095a8,1,155.70,155.70,2025-08-23
b6e7dddd-7b4e-4fd4-b3f0-61a27b5aab2e,1,994.00,994.00,2023-08-10
b6f6dbf1-d6d4-41cc-995d-82f8ee4a9b5d,1,329.60,329.60,2023-11-12
b71e78c3-55bf-4148-b4f5-6852d5d7846b,1,771.72,771.72,2025-02-02
b731aa06-ce72-429a-a6f3-1683f2b062af,1,450.77,450.77,2025-07-16
b73f6e64-378d-4f8d-8761-f9da039479c1,1,95.30,95.30,2024-03-27
b7426edd-f8bd-4ac6-9fed-7221ebcd63b3,1,487.97,487.97,2025-10-04
b74cc7fb-f034-4e51-b464-8743aa8940a7,1,43.61,43.61,2023-06-30
b75ae08c-20f3-43d7-8955-c5d4a700c13d,1,909.24,909.24,2025-10-18
b76b81ce-5b1d-40a6-91de-7f1e09838f18,1,333.77,333.77,2023-03-05
b7704b5b-f166-4e82-9f78-57fa26fbee49,1,327.71,327.71,2023-03-17
b778ea24-d3bf-47ab-a8f4-dd83a91f262e,1,929.78,929.78,2025-09-27
b77909d9-b4fe-42a3-98be-e7af3cadbcb2,1,238.33,238.33,2024-01-27
b78d3bbf-22e3-4603-be7d-55f1438ad3d9,1,380.95,380.95,2023-04-11
b78fdb25-cf2a-4b23-afbc-dc1376a5ccd9,1,1527.72,1527.72,2025-11-08
b7926cd7-6e0e-40b9-bfe7-f1fcb966b030,1,1999.44,1999.44,2025-07-06
b7934184-5b44-4209-90e4-02ba3e744efc,1,1165.54,1165.54,2023-11-14
b79e4158-3734-4dd6-9235-c4b29a9df98b,1,683.10,683.10,2025-04-01
b7a4c255-41bb-4a39-9dd6-e8ee08ffab9d,1,992.88,992.88,2024-05-15
b7c6b586-713a-4907-ad24-5c4f25aeb769,1,336.37,336.37,2025-05-12
b7d6a62f-9468-4f11-9150-190b5c21018d,1,299.97,299.97,2024-12-04
b7dce930-1b0e-4b26-91bc-b8109425fef2,1,27.66,27.66,2025-06-18
b7eb565d-a286-4e8a-bef6-592d7634e1a7,1,165.19,165.19,2025-03-18
b7eeb5fa-588e-4a83-bdc2-b1d624cf8e36,1,180.65,180.65,2023-03-19
b81296a7-18cc-4325-9dfa-a3564a334b34,1,422.78,422.78,2025-02-09
b8453190-3b01-4ebf-85b3-77b8abc712c7,1,1499.16,1499.16,2023-03-25
b85a295a-7229-4502-a2b8-608c4c6eaa33,1,1079.40,1079.40,2023-12-10
b85ae192-38aa-4c4e-b704-66350fe53ece,1,905.85,905.85,2025-08-06
b87e4b03-0496-489b-acbb-8966135044b7,1,881.60,881.60,2023-05-19
b8870d92-d3f0-441d-820f-5cb08bc8054f,1,533.44,533.44,2025-07-30
b891757e-f7e7-4744-8993-113eb9cdc58c,1,41.96,41.96,2025-02-25
b8943df8-c9ab-4a91-9674-b9e20e5995aa,1,788.73,788.73,2023-08-19
b89a3e7c-5476-4d30-b657-c7e808510276,1,2360.70,2360.70,2023-01-20
b8c20889-0055-47d8-9a0c-2aac165d4c7a,1,1694.95,1694.95,2023-09-16
b8cbab80-5024-4521-b8c9-fbee8a3f29dd,1,1096.35,1096.35,2024-06-18
b8e064ff-bcf9-4e04-9789-0cf369cf7e4a,1,17.87,17.87,2023-02-11
b8e0b7de-d100-45c0-8497-90fe985c2090,1,471.37,471.37,2025-04-12
b8e947ad-2daf-43c4-9a01-8171d92f0dba,1,283.42,283.42,2025-08-17
b8f0ca00-8937-481c-8c4f-817c6d22dfd3,1,1360.32,1360.32,2025-05-11
b8f3108b-67a9-4d9b-9a3b-081da1501014,1,48.02,48.02,2025-08-23
b902f4e6-8e97-450e-8b79-6616ac63bd84,1,165.35,165.35,2024-06-17
b90f0b18-d6ce-4975-8a75-3c9e17b854c9,1,494.92,494.92,2025-05-31
b91340e3-9afe-48a7-a0d8-82e46b8d8642,1,835.66,835.66,2025-12-10
b91cad08-aadf-4030-ad5a-3ff63ae4e0be,1,841.58,841.58,2025-09-04
b924cc7b-83dd-4c2c-86df-fb726100c7f1,1,346.60,346.60,2025-05-20
b927efea-015a-4944-8dfb-e47f1ca216a2,1,917.43,917.43,2024-02-02
b93b17fb-f76d-45fd-bd16-45a0d253d966,1,574.19,574.19,2023-04-04
b9599622-7466-4dc9-a4db-70c40eb496ce,1,985.20,985.20,2024-01-16
b9736cde-21bb-4549-80ad-720a01a5bbef,1,871.29,871.29,2023-12-27
b986671b-786b-4ef9-96c4-ad8380e0608b,1,326.23,326.23,2023-05-05
b9897c01-3ccc-438d-9c04-d57e92af7e84,1,2354.65,2354.65,2025-04-09
b98abe5f-6cbf-41fb-977b-e9e63739fcb7,1,90.78,90.78,2025-08-17
b98daf50-7fca-4b4f-b80f-1e2e2ea0a752,1,600.15,600.15,2023-04-26
b9a693ef-3571-4561-bd12-c52be64f17e3,1,326.40,326.40,2024-05-08
b9add00a-ec64-4a9b-bcf1-c29e09b4413c,1,1039.72,1039.72,2025-10-16
b9be511f-2715-48b1-9ea0-42e2ba18a02a,1,1704.56,1704.56,2023-05-15
b9be6f81-2b42-4175-b57c-f62f5fbf371d,1,1658.92,1658.92,2023-10-03
b9c3267c-299d-4a89-916c-d9fda26d3ed1,1,148.43,148.43,2025-09-22
b9c7ae3f-6051-4883-8fa8-3c99580d9a8f,1,627.45,627.45,2023-08-07
b9f787e8-6edc-419f-966f-4e518f55ae0e,1,201.84,201.84,2023-04-20
b9ff1d9e-e9cd-4115-8946-6957e47f763e,1,487.59,487.59,2024-11-19
ba1b3912-aba9-4d76-9d64-cc9dbe078e3c,1,57.48,57.48,2025-07-11
ba1f1431-4081-40e8-8b5e-60592a0e2f4e,1,1783.58,1783.58,2023-11-17
ba236c22-e92a-4b97-91db-1a374204d733,1,1142.76,1142.76,2025-09-01
ba26dbc3-2d3b-4adc-a386-d673412dff6c,1,862.76,862.76,2023-11-26
ba731464-ac3c-427f-894e-48548e4ea889,1,467.64,467.64,2024-12-24
ba7a32fe-30d8-4dfb-b1bd-9d3f918c2b6d,1,497.03,497.03,2023-10-30
ba90194d-8d62-46ae-9bb1-0c304ca547ec,1,1855.36,1855.36,2023-10-18
ba92992e-44f8-453c-9224-6d05d3692867,1,1263.55,1263.55,2024-11-13
ba9b9531-66cc-4f46-ba53-8c4ca404aeeb,1,365.37,365.37,2023-01-17
baa93b01-cb77-4aa6-a74c-f567d368093b,1,275.02,275.02,2025-03-20
bab37acd-d952-45e1-a768-81328a9b7814,1,116.01,116.01,2023-08-31
bab4eb77-959f-4841-ad19-312dde3b5a64,1,1056.86,1056.86,2025-03-05
bac2b1e1-4125-44e2-9894-8127b76091df,1,69.12,69.12,2024-04-05
bad8c843-6cb9-42c7-9795-6ddce160fff9,1,1705.68,1705.68,2025-05-25
bae0dd1d-965e-44b5-a10d-612f8d47cba8,1,651.33,651.33,2023-10-30
bae72596-54a8-43d4-9102-f671001470a5,1,467.50,467.50,2025-04-20
bae9ceb0-9df3-41a6-8f88-3544c912b547,1,113.52,113.52,2025-12-04
baee4701-6bde-4fb8-b6e1-2e779284bc31,1,654.63,654.63,2024-09-26
baf8034c-b4fd-4347-8e16-abcbc654001d,1,973.68,973.68,2023-05-04
bb03120a-ad5c-47b5-ac41-9c0d14bc3de0,1,345.70,345.70,2023-10-02
bb0320e7-ee04-4878-a0d7-c7588304d2dc,1,334.94,334.94,2023-10-02
bb35cc3e-e5a2-438d-b68e-586655d157b4,1,329.89,329.89,2023-12-28
bb5e14d6-5b74-4fdd-9c97-46949884f76d,1,561.06,561.06,2023-11-05
bb688c2c-780b-4ab7-86b4-8b84f3cd7717,1,512.40,512.40,2025-04-24
bb7a48cc-2261-4c1d-a217-80af36fea182,1,658.10,658.10,2023-01-05
bb9b5e21-cb6b-484c-914c-fca1f60094d8,1,993.86,993.86,2024-06-16
bbaa574f-e0e3-45ce-84af-ecb79f2ebefc,1,311.85,311.85,2023-11-01
bbab3b0e-60a1-451d-a4a0-aaadb436e8fb,1,2239.01,2239.01,2025-05-30
bbb6f405-8d11-4a34-acd0-9dfbabbdfc6d,1,71.74,71.74,2025-07-25
bbc0cfb3-1d83-4a54-a0f4-3fd3bd605a8c,1,1591.70,1591.70,2023-11-10
bbc55b2d-40f3-4c0d-ac48-c3039c83d480,1,1302.45,1302.45,2025-05-20
bbe21402-2a5a-4275-a1f6-2c893afbdc4b,1,1538.44,1538.44,2023-05-06
bbf1eeac-c109-46ba-a772-bff7ec6696a0,1,336.72,336.72,2025-12-20
bbffb1fa-0513-401d-ba78-c64e2f6c6ffb,1,722.98,722.98,2023-07-11
bc0e4f1a-01e9-4d71-8f9f-639d331f8e45,1,853.06,853.06,2025-09-18
bc34f0cb-d39a-4a2b-bec9-55cb7b8fc1d5,1,888.50,888.50,2023-04-21
bc55dba0-58c8-47e4-b81e-494dab1230cb,1,74.72,74.72,2024-03-08
bc5ec5bb-6f14-4555-81d7-e6b28d2902b2,1,91.64,91.64,2025-10-13
bc78f272-31b0-4416-9c05-47b760d90873,1,2372.72,2372.72,2024-04-30
bc7fb075-dbe5-4dc7-b956-43d201fcbb10,1,1363.35,1363.35,2023-09-15
bc8bbed0-0e89-4457-9a5d-1defd2d6bfa4,1,1453.90,1453.90,2023-11-04
bc97eb7b-cf8d-440d-bf58-c799a844f459,1,360.90,360.90,2024-05-17
bc9834d6-0ca1-4971-9ed6-d9996b6d1ba0,1,153.14,153.14,2023-09-24
bc9b235b-c63a-4e9a-b7b2-e442b4708bd9,1,656.00,656.00,2024-11-05
bca37653-50c7-4baa-aa3c-6137e48623dd,1,354.65,354.65,2025-02-09
bcb08f0f-9a4a-4ffd-91db-ded0cbf4f192,1,355.62,355.62,2024-11-15
bcbfe54f-e076-4b2c-ba1c-220f3ade7026,1,510.89,510.89,2024-09-06
bcc7d412-e2b0-4e9c-aebd-34002463c11b,1,270.49,270.49,2024-11-09
bcc82784-8232-4904-a71e-d05e3875825a,1,543.74,543.74,2025-11-15
bce4808b-2b5b-4e12-a06c-e216b54a126d,1,214.83,214.83,2023-05-01
bce8e033-fb70-4bf3-95fd-46d7cfbfd796,1,60.21,60.21,2024-05-18
bcefa36d-2976-474c-bec6-ec9ebcf5aa47,1,895.35,895.35,2023-01-30
bcfd7663-27e1-4751-8756-78cb49a947a5,1,88.09,88.09,2023-02-10
bd0af4fa-b6d9-466a-954a-677d34af7216,1,787.02,787.02,2023-07-20
bd2a206d-e6e3-4e47-b6e6-89f599c08884,1,1677.42,1677.42,2025-02-26
bd2c6c1e-c97f-446d-8036-511d4f6d42ac,2,1339.72,669.86,2025-02-08
bd303739-8f5a-4787-8edd-8e22536019db,1,4.54,4.54,2023-08-13
bd3269e7-bffb-446f-88e0-83dfca1a55f5,1,1519.06,1519.06,2025-11-04
bd332331-1e5a-49ba-b1e7-e085b28bc259,1,1208.37,1208.37,2025-02-23
bd37414a-4784-459f-a86e-dac1f82e98dc,1,271.87,271.87,2025-12-04
bd73f845-faa7-476f-a634-ba2ad3fa1479,1,1323.56,1323.56,2025-06-07
bd778a5f-9402-4cf2-a1cc-e66d92b9876c,1,1431.59,1431.59,2024-11-03
bd8bfb67-d82d-4c61-9486-27032b66b8ec,1,1211.68,1211.68,2023-06-19
bd934eab-cf53-4f3f-bfc3-11bc3906f2a9,1,911.43,911.43,2025-07-07
bdac8aee-481e-485c-af2e-fabdede0fd03,1,248.40,248.40,2025-12-19
bdb4ee73-dda5-40e1-ad3b-944c113a096c,1,1034.33,1034.33,2023-11-28
bdbca2cf-0654-490b-98fa-6147c5b51c1f,1,889.55,889.55,2025-10-28
bdbe08b2-c8bd-4913-be68-0fae9bfaf6d7,1,332.12,332.12,2023-02-03
bdc02ba1-acd1-4303-ad8b-b832dd9b2d0c,1,457.52,457.52,2023-12-20
bdc4d63a-9e01-4cc8-a364-637f9eb3b815,1,572.89,572.89,2023-06-18
bdc7c359-ad35-4fd0-85dd-b4e358e817ef,1,1329.32,1329.32,2025-06-22
bddb7249-45cb-4ff7-a63e-04381486a406,1,1213.75,1213.75,2024-12-31
bded4034-72d3-47b5-8f77-f149c0a16aeb,1,1888.44,1888.44,2025-04-25
bded6a97-c2e6-4493-a952-f47d0bc07ae6,1,1253.45,1253.45,2023-03-31
be0009cf-6156-43b8-9adf-1726d2c780f8,1,765.68,765.68,2024-12-18
be04e89f-6a8e-49aa-a9c1-a0c63818a9bd,1,42.43,42.43,2023-06-28
be06f567-ced1-42d0-95b2-95167df00c9a,1,278.43,278.43,2023-01-16
be1175ea-f73d-456a-9640-95b488148f2e,1,197.23,197.23,2023-12-22
be1992b4-69aa-4d06-849c-ff2c8776bcd2,1,147.57,147.57,2024-06-16
be1faf7c-2d24-40c0-8231-082e50da6bb3,1,616.42,616.42,2023-06-12
be340ce7-de70-4ff7-afb7-1f57cc1472ae,1,333.82,333.82,2025-10-02
be3de265-d471-4d86-8d36-645980f6c26c,1,2272.95,2272.95,2023-02-16
be41056b-8597-4cc5-9222-df6aa9690cdc,1,63.25,63.25,2023-02-12
be634283-1fdf-4df3-9c7e-fdeb859d4ec0,1,429.12,429.12,2025-10-15
be794b8b-11ed-4d75-a46e-1223df957a2c,1,635.90,635.90,2025-06-21
be855ef9-2475-473f-b2a8-76d6f03e77ba,1,2032.99,2032.99,2023-03-20
be9908fa-97bb-4d39-b732-488493c9899b,1,397.80,397.80,2024-06-16
be9f4666-58a8-4bdc-aa83-66e92fee273c,1,2286.30,2286.30,2025-08-07
bea2ceca-a7bd-4535-ae90-4535ed4d303c,1,1749.90,1749.90,2024-05-26
bebc3319-f0c6-4410-92c7-d2b22d6b672e,1,662.74,662.74,2023-06-12
bec12dae-41c1-4751-8520-d557d5a0bb99,1,1469.31,1469.31,2025-03-26
beccaf09-6527-42aa-9d43-1d3f76c880ae,1,617.44,617.44,2023-04-14
becebd19-183e-426b-8bfb-f113c7c3fa76,1,285.50,285.50,2023-05-05
becec9eb-2c81-4f99-a153-74b0f6257ed1,1,241.06,241.06,2024-03-02
becfa316-c66b-4a01-8f90-1410bfba290b,2,1842.96,921.48,2025-10-20
bf00f56c-6a49-49a6-8ee2-5e54bfcb3388,1,518.72,518.72,2024-09-12
bf0f2743-5b54-49d1-b3b5-9e3575ee03a6,1,310.48,310.48,2023-12-05
bf15e7c3-3da9-4900-b590-2b6b9de2d438,1,781.10,781.10,2023-02-21
bf1d234e-5561-492a-a060-8801f187a112,1,473.52,473.52,2025-05-30
bf24803e-5b55-48bf-89c8-8707e9feb50a,1,0.00,,2023-03-26
bf3f51d5-2557-482c-888c-6ea499f9a338,1,236.00,236.00,2023-03-01
bf539a64-2727-4262-9dfc-765595359336,1,271.35,271.35,2024-01-14
bf5ab6b5-22d9-4a06-80cd-efb45c85080f,1,440.97,440.97,2025-09-11
bf658944-d2c6-43e1-b651-10d4a51c200e,1,445.19,445.19,2024-05-09
bf680949-ea3d-49d5-b81b-910569eb80f4,1,1430.01,1430.01,2023-08-22
bf813ae0-76b9-4ba2-851a-494ec8836d46,1,1907.76,1907.76,2025-01-15
bf8ea596-98a7-4d12-bd8b-0acb508f8aa3,1,526.54,526.54,2023-06-16
bf971338-d239-427f-8f9f-3f8bd5c45f4e,1,1278.94,1278.94,2023-02-01
bfa99ddb-f22c-4a47-8863-96750d8ce576,1,332.67,332.67,2025-08-15
bfaa8cc5-a66d-49b1-a694-111bf65b74d9,1,963.59,963.59,2024-07-22
bfb5e595-fd1f-4a89-bea4-3216aebb261d,1,839.60,839.60,2023-02-18
bfb8abb9-a18c-4492-b4e0-079a98fb4727,1,340.83,340.83,2023-06-24
bfbf6e07-b62d-47d2-9cfe-4e77577118f8,1,1695.80,1695.80,2023-05-26
bfbf7b8e-4686-4e8c-9eeb-3d24cab337d9,1,954.18,954.18,2023-08-16
bfcc8e33-c7da-450f-8bab-99ee6a3990da,1,125.55,125.55,2024-12-20
bfcf648c-fc3a-4087-8ff9-aa6c083863e9,1,124.07,124.07,2025-06-11
bfdfdc4e-0514-4667-b459-d0cf3dad1127,1,1419.64,1419.64,2025-03-20
bfe9aa03-b057-48c9-b0e1-661653fddaa7,1,84.46,84.46,2023-10-25
c01a48b1-6937-4c46-9c3a-bd2a62ccac09,1,1379.90,1379.90,2025-04-22
c01ddf41-b729-41ab-a68b-9e0ce9e11053,1,301.95,301.95,2025-07-15
c0229fda-07fe-4c5b-ab04-4815a8e34c57,1,244.85,244.85,2023-06-10
c02d56d7-e626-48b3-b038-98bb4a72e12c,1,663.56,663.56,2023-02-21
c02d7852-205a-40de-8413-0c746bf49fd0,1,130.30,130.30,2024-10-16
c02ec514-85d6-45db-b829-2547ae5a7d60,1,1340.31,1340.31,2024-05-09
c02f5543-219e-4915-a5c6-543e2162c519,1,258.57,258.57,2023-11-05
c0489444-11d8-4b0e-a1b2-43177fb45dfc,1,585.12,585.12,2023-05-17
c05e5ade-b303-4188-b378-cb94478b2f00,1,914.17,914.17,2024-08-30
c068eaaf-7780-4193-8b4f-95aeec4a91df,1,1580.58,1580.58,2024-12-13
c074718e-425a-409f-b337-c59979844388,1,375.84,375.84,2023-02-12
c08724f3-58e3-459e-98fb-bbcb6332b5f8,1,762.07,762.07,2025-12-02
c0a16918-8eb7-40a4-87f2-af7932331357,1,909.54,909.54,2023-03-28
c0b2c69a-4195-434d-98fd-0cde39203212,1,1293.12,1293.12,2025-12-29
c0bd494b-69e6-4df4-8be7-3aeb5a6ae3c6,1,1166.30,1166.30,2024-02-01
c0c06ac2-1e81-4c83-aad1-09be7b5cf2e3,1,1068.65,1068.65,2025-02-06
c0ce86bd-1efe-4c0a-b466-7c79422757e2,1,1168.30,1168.30,2023-08-14
c0cffa73-35b5-4ec5-b3ed-8f33f587d26d,1,1471.43,1471.43,2023-09-13
c0db31a1-46d7-4dbe-93f4-d942d208206e,1,916.33,916.33,2023-01-20
c0e9a3aa-d872-446a-908b-90e62598c556,1,1732.30,1732.30,2024-08-03
c10c0af4-2f08-4f6b-b357-acbc09775fa8,1,236.61,236.61,2023-12-04
c10d1327-9645-40b2-bcce-40da573e4de4,1,606.73,606.73,2023-11-28
c10e07c1-bf8e-4640-be8d-544af23c3d37,1,1771.69,1771.69,2023-11-29
c118ea20-e9b1-442d-8bf8-eddc0e38fca9,1,456.44,456.44,2023-09-27
c13c9de3-5c99-49f7-9861-08c234e12327,1,1337.53,1337.53,2024-11-16
c148a441-ec69-4750-971d-93349c20ac24,1,1545.85,1545.85,2024-12-05
c1554fc5-94f8-46b0-ad8d-59c263627f49,1,1063.08,1063.08,2025-05-12
c1791401-4152-4270-b7a2-25e237405d95,1,1532.99,1532.99,2025-07-18
c1840a08-c0b0-4405-996e-5344850d3ae1,1,70.02,70.02,2025-11-21
c18db661-e8a0-4202-8e8a-4401d33039fc,1,974.02,974.02,2024-07-12
c194c25a-1136-4096-8881-c5fdd015e5cb,1,1636.78,1636.78,2024-01-21
c194f97f-00e3-4026-95b6-de85390239d9,1,743.28,743.28,2025-04-02
c195842c-ed8a-4d7e-88f1-651410160de4,1,2009.61,2009.61,2024-07-14
c19d8534-66e3-49ec-bab8-8b166dcb9bf1,1,841.88,841.88,2025-10-05
c19eb471-81e3-4c99-b350-003550711923,1,464.80,464.80,2024-03-19
c1b270f9-8f9b-4b39-85ab-f186f317481a,1,873.93,873.93,2025-03-16
c1e13d6a-57e9-4210-87a0-0f82a63d39c7,1,90.86,90.86,2025-01-03
c1ec436f-ee55-43a0-8416-b187eaa0b7dc,1,135.36,135.36,2025-04-06
c1fcdfc3-21b2-4aa6-95bc-cd83bb853c91,1,1026.03,1026.03,2023-12-18
c2466df2-a6aa-438a-bed9-2bb4f665b584,1,879.96,879.96,2023-01-01
c248c7be-cfa1-444f-ba41-c36cb3c6544f,1,543.28,543.28,2023-06-14
c251ce26-0894-42cb-b6cc-28e5343d3d8a,1,318.46,318.46,2025-03-26
c257db6d-186f-49eb-8232-660c635ab65c,1,1780.65,1780.65,2024-07-25
c25d52c2-cbdb-4d33-af65-665fae2054f6,1,998.60,998.60,2024-02-24
c2667162-48ce-4772-848f-8175a5b05c8f,1,120.02,120.02,2025-01-30
c276445b-6d18-4dc3-8adf-d1de5f27c920,1,732.44,732.44,2023-03-27
c27cd62e-bd9d-4363-a11c-084a11ffee87,1,308.40,308.40,2024-06-23
c27f0bc5-f8e2-4377-b8a0-6724931ed007,1,154.33,154.33,2025-10-11
c28cdf3e-f2df-4452-83ff-5dd4f8742e05,1,598.35,598.35,2025-06-16
c2ab2d0c-656b-4797-9a3e-4acd04efed60,1,378.67,378.67,2024-12-23
c2cb0dc5-3ec9-4e84-8dd6-cc77067b7dc9,1,790.26,790.26,2025-02-13
c2d2a9dd-e511-4bfc-b193-00ceff72f4b8,1,272.94,272.94,2023-06-18
c2d55546-1c09-49c6-9e52-f0766642ab4a,1,2058.80,2058.80,2024-09-14
c2dad97d-02d3-471a-a271-ba6c378a4387,1,528.80,528.80,2025-03-26
c2ee5d35-e5dd-4dae-ac75-ea46382c01b4,1,341.92,341.92,2024-11-23
c2ee81bc-812e-432c-ad6b-9c9023e28314,1,1635.80,1635.80,2025-02-07
c2f060a5-107c-4da4-a120-7d8710da6af6,1,1705.28,1705.28,2023-09-02
c2f0ad8b-71ab-40c4-a5d9-85a373b0d58f,1,246.47,246.47,2023-05-19
c2fae2e4-8a27-4ae0-8bc6-5d59b853096c,1,1149.01,1149.01,2023-08-26
c2fdb44a-7a8e-454f-9c44-91791d7a0bd0,1,778.52,778.52,2025-11-22
c2ff32c1-4472-456a-9071-e9ede9d3e56e,1,1705.86,1705.86,2024-05-26
c308821f-5da7-4b1b-8ff2-b1001c7c3615,1,107.38,107.38,2023-07-14
c335e611-f0a9-4ba0-94c1-2a89cc5bdf58,1,486.45,486.45,2023-01-15
c33b88b0-b677-4cbe-9928-662561a2bcaa,1,1165.48,1165.48,2023-12-22
c346755a-637f-4a8a-8bb1-805fa24dd10f,1,1240.97,1240.97,2023-10-21
c34a3e3a-8377-4534-8649-c6f8655f7af1,1,163.42,163.42,2025-08-07
c355853e-b0d9-451c-acc0-067f141f746e,1,553.26,553.26,2024-05-03
c35654d8-e175-4717-8d8f-5d33626a3ca6,1,60.08,60.08,2024-08-17
c3595dc2-0bd3-42a9-abc7-8c063e9ace12,1,907.38,907.38,2025-09-11
c36ec876-f8e5-4ab6-ba23-2517d231cae3,1,275.61,275.61,2024-12-16
c372710d-1d47-46b9-82f0-5e1e03053c1e,1,2584.06,2584.06,2024-11-12
c38295b5-8aa8-426e-adcf-956ff26a81f1,1,831.28,831.28,2025-12-27
c39dba82-bb5c-42be-8460-583a1955ca1f,1,484.70,484.70,2025-01-30
c3a00c6f-2321-41e1-8471-04c036136e15,1,1506.60,1506.60,2024-11-06
c3b0de86-15b7-4e01-9bc8-41bd6b9c7e6b,1,1817.37,1817.37,2023-03-09
c3c79a6f-302c-4608-9911-5c6d49f6487e,1,1381.90,1381.90,2023-03-06
c3ca7c8c-a7bf-4ec6-8d43-6e09aebd0fbb,1,533.61,533.61,2025-08-19
c3d19c00-b106-4ff9-8ac4-3aa3b5bd4f66,1,340.65,340.65,2023-06-06
c3d1b0b7-be94-4e36-9229-e29b56430354,1,1131.36,1131.36,2025-10-12
c3d82df3-016d-4d99-8257-15f53c11cf24,1,1516.64,1516.64,2024-11-13
c3deb5e3-b3d1-4679-b2f8-cb32a0082d91,1,139.70,139.70,2025-10-22
c3e4f741-a316-438a-9bf2-fad14fecad08,1,292.40,292.40,2025-08-16
c3e521f8-1dcc-4878-9846-4739d0823913,1,253.80,253.80,2024-08-01
c3f6a393-bcc9-48a7-b894-80737e488ba7,1,2159.68,2159.68,2023-12-25
c3f7b54c-9bdd-4337-a24f-1eb53d4e80f8,1,359.10,359.10,2023-04-14
c414777b-6673-4343-bcfd-24be650b8d2c,1,284.90,284.90,2025-03-01
c4155487-7af1-49a7-a510-09455775cf92,1,336.91,336.91,2025-10-09
c4378a22-38f5-4cf2-a559-fa56dd0a88d4,1,942.48,942.48,2024-11-07
c44b04e8-f51e-4df3-86c3-998e8f14aac7,1,1150.17,1150.17,2023-09-27
c44f1306-055e-41e3-83e5-123ef593d27f,1,1334.83,1334.83,2023-11-07
c458a3bc-4cfd-486c-95e6-438b370c0904,1,0.00,,2024-03-06
c4615234-8044-4eb2-b66e-dbf4a0ea0251,1,1572.16,1572.16,2024-07-26
c495b59f-c521-470f-a3c0-209e77f95f1a,1,512.28,512.28,2023-08-24
c49b7f47-d6cf-4ee7-b9d0-df45cf0f8289,1,64.40,64.40,2024-09-11
c4b27b21-bc0d-46ed-bb12-2ee53d305a07,1,1447.86,1447.86,2024-01-07
c4b3486f-c68a-4cec-ac52-8ec320aad273,1,1250.76,1250.76,2024-12-05
c4b4ba55-898b-487b-84df-d7718fc72891,1,149.36,149.36,2024-03-28
c4b6605f-72c6-4219-aee2-a4775ac5edbd,1,24.51,24.51,2024-08-11
c4b9c81a-8e38-4e72-a8b5-63b5a9fb7e6b,1,263.28,263.28,2023-02-20
c4bd9b59-7fd9-496f-ae5a-88566791659c,1,349.11,349.11,2024-12-11
c4be67ec-7e79-4106-9344-58e1dbcffeee,1,1590.35,1590.35,2024-02-11
c4c90473-562c-417a-a8bf-b4b7d0cbe9f1,1,560.20,560.20,2024-12-17
c4ca0233-4273-4de8-abad-2b997fa8c425,1,1617.72,1617.72,2023-01-08
c4de412a-863c-4d68-9806-bcbd3e45b500,1,1484.74,1484.74,2024-08-13
c4eaf1f9-8a6c-4ef2-b43a-90ec4ca2d829,1,229.84,229.84,2024-07-17
c4f00fdc-151e-4f32-a32c-1c938028f1d4,1,469.31,469.31,2023-09-09
c50ef346-f34c-4c78-8892-111c1bee4909,1,646.80,646.80,2025-04-20
c5105f30-6e1d-48a8-8c8b-3cb7e4ea1dbf,1,374.55,374.55,2023-12-22
c5128bbd-8599-4b12-a2fc-717c6fe69da7,1,78.33,78.33,2024-05-04
c51b2922-ca91-4df7-b174-5b78c705dd1e,1,364.15,364.15,2024-03-02
c5203938-b338-4d54-a57e-d7b188c0cd16,1,645.80,645.80,2025-06-03
c526199b-1591-4a0d-b407-18eacf553bea,1,2466.40,2466.40,2025-12-11
c526e125-6d25-4689-9b74-b16bc33be859,1,1027.92,1027.92,2023-09-09
c5281b69-f89a-41cb-bf5a-b521fe61ad5a,1,644.90,644.90,2024-09-15
c54819e1-300f-4951-8b5f-0c81b96d3171,1,227.99,227.99,2025-03-12
c5546ad0-9d62-4af8-a755-00916a4e9ed9,1,593.16,593.16,2025-11-21
c563c681-f270-493d-a5af-35fad733766f,1,872.94,872.94,2025-09-22
c570896e-240b-4dd5-9c00-01e60d927c37,1,1322.80,1322.80,2025-05-08
c5722afd-2dd2-4305-91a4-cc464eee85b6,1,1047.60,1047.60,2025-08-28
c572aa5b-51d4-4f72-ac77-8135fad76ab7,1,418.38,418.38,2023-01-07
c593dc7f-9c05-4dd8-9d0c-eb48e5b3d26f,1,563.07,563.07,2023-08-08
c5a9106e-aa3c-48dd-be34-cde12559506f,1,192.45,192.45,2023-02-13
c5b504dd-4e28-45e9-b708-0b78bebf5e40,1,227.36,227.36,2024-06-19
c5cc8316-83bf-4d11-b7ed-519f4a7cf739,1,1376.12,1376.12,2025-02-02
c5d208d4-e0ba-4fa7-8ecb-1542e1770969,1,1234.25,1234.25,2023-11-07
c5e3e804-b22d-4bd2-b79a-d9f4ed8e6a72,1,651.51,651.51,2024-11-14
c5e3f524-41dd-4517-a192-023b91426c7d,1,1559.56,1559.56,2025-01-16
c5f8e2f8-414f-4994-a845-77805e20c957,1,1962.58,1962.58,2023-07-30
c63b3175-9ecf-43b5-ba4d-70ac939db503,1,108.53,108.53,2024-07-02
c642aec4-c4d0-4ca5-a48c-b66a0ad995d1,1,905.92,905.92,2024-01-26
c6482fd2-19b1-4bb6-933f-afca2eccad55,1,1371.10,1371.10,2024-10-04
c6514738-fecd-49a4-a1ab-61e1d3056c96,1,562.60,562.60,2024-07-11
c65dbe7c-afd7-47a8-adcf-cef50c0cbedc,1,408.72,408.72,2025-12-24
c6608fed-89b4-4919-a5b5-19ead0e5350e,1,14.76,14.76,2023-10-16
c67d3af5-3df6-43ad-9f50-651d3014d441,1,249.22,249.22,2023-01-11
c6808f09-d3e9-41f3-baa9-b02bc819dcb4,1,254.37,254.37,2024-06-05
c6962a24-48cb-4fc7-be59-3147fc8d6fde,1,480.42,480.42,2025-11-13
c6a9dcde-342e-4b30-926d-20bb033fd3c3,1,507.00,507.00,2024-07-13
c6aa7bea-7138-4e2c-9e3d-b5b2ade778df,1,1197.52,1197.52,2025-10-11
c6aba64f-da41-4fb6-b057-ffbf89711599,1,374.29,374.29,2024-08-31
c6ebc07d-df31-4996-a8c6-57fe7e10605c,1,814.15,814.15,2023-09-10
c70d8f19-5fb5-4340-aa7c-4177d73386d3,1,328.98,328.98,2023-12-15
c7262bd3-41d5-423d-904a-eed19bc13571,1,162.62,162.62,2025-02-19
c7386f17-b579-4381-95f4-26b2ffbb2888,1,1478.41,1478.41,2025-11-02
c741509a-b84b-41db-86a5-f4ac586f7a14,1,182.28,182.28,2023-09-09
c742c207-e868-4c61-9e9a-638269b75a59,1,1149.91,1149.91,2024-04-21
c7434c90-2e83-4104-b61c-782cd35cc2a3,1,356.59,356.59,2024-07-02
c7560755-74c8-4097-9d4c-069c7bd9412d,1,485.20,485.20,2025-07-22
c7569b9b-ca12-4556-b5cc-a86b92e92aa7,1,233.78,233.78,2024-03-31
c76b3113-f162-47bb-b69b-c1c3f9aa5c86,1,161.48,161.48,2023-02-25
c7af562e-d625-434c-9473-dab5ab3942d4,1,346.90,346.90,2024-03-29
c7b2845e-7b8e-4100-b6b9-4a4fecd5c075,1,150.20,150.20,2025-04-04
c7b59ff2-f38f-4125-9fbb-8bac91a5b683,1,176.84,176.84,2024-09-17
c7c30bc0-b8ac-4aa2-8de4-58486d47f399,1,753.06,753.06,2023-04-07
c7d8ca9f-917b-4af7-a33a-15ba03a331eb,1,474.85,474.85,2025-11-28
c7e7c8c0-0906-4f79-aeab-eca3cd62499e,1,693.08,693.08,2024-01-27
c7e9bd6c-ca82-49fc-9d01-4f859cb08acd,1,253.68,253.68,2023-09-15
c7eee466-ea96-4da4-9f46-76a12ff24e9a,1,544.36,544.36,2023-04-05
c7f93638-213f-4464-9b14-e9504a6fde70,1,175.08,175.08,2023-08-03
c7fa0bf5-bb2b-4ac2-a00b-2b3d7132f5aa,1,26.24,26.24,2025-11-02
c80080ec-6428-4ad5-80d0-d8e2152eedaf,1,829.24,829.24,2025-12-15
c809e185-e206-4815-a417-3b82fe84fafc,1,498.49,498.49,2024-02-26
c8169e32-5263-4195-b729-4c21208bc725,1,910.72,910.72,2024-02-14
c8197cac-9656-4a76-82ad-4f7be36585bf,1,37.36,37.36,2023-04-24
c81a5f0f-1b1b-4a94-b983-4d4b1c65f6bd,1,941.33,941.33,2025-01-14
c81e660e-8de9-4f45-bc60-ddd6b9a05e77,1,172.80,172.80,2025-03-26
c8271d45-0e3c-4c44-9f72-e09ddc5d1c14,1,772.42,772.42,2024-11-16
c830a598-e82a-4214-9be1-89ffa9993646,1,898.18,898.18,2025-12-07
c837f0cc-7629-48b6-8727-152c5a14bab2,1,933.82,933.82,2024-04-17
c83a5465-e899-49dc-ad48-3acfd3de9724,1,495.75,495.75,2024-10-10
c8473aca-5fb6-4ffe-b08a-77e41532d942,1,80.50,80.50,2023-11-20
c8482c26-20fa-4fd2-8652-74d1e8d29b72,1,427.98,427.98,2023-10-20
c854427a-9eee-4880-81aa-d39aab399e3d,1,9.49,9.49,2023-03-25
c87e488f-c019-457a-aa7f-521ba4fae839,1,205.86,205.86,2023-10-20
c881464b-c358-4cfb-875f-a0cf4974e1b7,1,409.74,409.74,2023-05-19
c8866ee5-9a72-415f-99eb-dc47e054ed3a,1,299.36,299.36,2025-08-28
c88994e7-49ef-4088-8ab7-2eb99be4e2ac,1,739.41,739.41,2025-06-24
c88e2b51-2eaf-4258-8cd3-ade36d3dea46,1,62.51,62.51,2023-01-10
c89a10a3-17ef-41fc-841b-1a37a931f647,1,1225.50,1225.50,2024-01-06
c8a0b0e5-99e9-4189-ac1c-5523b1e94190,1,421.77,421.77,2025-12-31
c8a758c3-bd5c-4a43-9989-f01b2f16e803,1,930.62,930.62,2025-07-09
c8aa4156-82c8-4298-951c-50ddb3ad675c,1,1478.65,1478.65,2025-02-11
c8c672c0-db76-4701-8e3f-c460287e5974,1,22.36,22.36,2025-01-09
c8cea36b-dbd0-4831-9830-86bb9e3372d7,1,192.00,192.00,2024-01-31
c8d8e631-e65c-4372-9719-90246c09f3f0,1,982.07,982.07,2025-01-26
c8ff4dd8-47c7-4498-b915-9063e95e1564,1,539.68,539.68,2024-08-08
c902eb2e-e2b3-47d1-9bb6-d3934905377a,1,770.20,770.20,2023-01-23
c914ce72-7e9d-445b-9dfc-cc0d27b13192,1,238.70,238.70,2025-07-26
c92a3700-0578-47d5-88eb-cbca750f484c,1,458.96,458.96,2023-11-30
c92f9027-b3f4-4dcc-97bb-7dfcc8b8d8e7,1,1157.34,1157.34,2025-09-29
c931d0e3-5f0d-4d27-aa9c-544459e26dc8,1,184.89,184.89,2025-10-18
c95811d6-28f9-4112-a1ae-c062d3bc3182,1,102.65,102.65,2024-06-19
c958e75e-21d5-4971-b367-49b52cf6bf75,1,1932.76,1932.76,2024-12-23
c95b6b5e-72a1-4fd9-9d02-fa19871f804a,1,799.97,799.97,2023-12-15
c96f473f-b354-45e2-a9c8-b28d2fb6f73e,1,36.00,36.00,2025-05-14
c97cd72c-7dec-4bb9-be5a-f91f9f869477,1,245.23,245.23,2024-04-01
c9a87d11-11dc-4326-9632-6aeed5ba45ff,1,357.88,357.88,2023-09-18
c9b54beb-c078-49a9-8f56-3aac92793743,1,691.45,691.45,2023-04-21
c9b8eb8c-e0c7-4c21-b578-7f56c7d08075,1,717.98,717.98,2024-02-18
c9c5709f-9b3c-4070-b1a3-134d77e40dd6,1,953.80,953.80,2023-04-11
c9ceacdb-9f24-4788-805c-c2d749fa68d6,1,479.40,479.40,2025-06-22
c9d1504b-82ca-43de-9d9e-fc3903d2c22a,1,349.51,349.51,2025-08-28
c9d58426-96ef-456d-8cc3-59325c031a06,1,294.56,294.56,2024-07-09
c9e896e3-0c4e-45e5-9433-1bc0bc5af34e,1,601.38,601.38,2024-01-08
c9fde1eb-c3aa-4fe0-bfa2-e68406c7b6cf,1,270.75,270.75,2023-05-25
ca10e38f-278d-4a10-9963-5d2b2c8ab416,1,788.60,788.60,2024-07-28
ca25e736-5599-4673-ae3e-18742f41130f,1,0.00,,2024-12-22
ca55e73a-c6b4-4e50-97f8-c158e029d0cf,1,99.32,99.32,2025-07-05
ca5dc9bf-05a9-46d6-aa51-ec9cdfbf05af,1,363.55,363.55,2025-09-13
ca73e49a-8f5f-4aff-b0a6-3a61a148daa7,2,1583.36,791.68,2023-11-19
ca8e8e6b-4316-4435-bdc5-5f44d9f0ade0,1,74.26,74.26,2024-04-28
ca90001c-8943-414f-b668-705d1a10748c,1,388.03,388.03,2023-02-01
ca953e46-7ee6-49af-b928-1b752be73a3e,1,2354.39,2354.39,2024-01-18
ca97b99b-e1e9-495e-8929-e5b0b2eee937,1,481.00,481.00,2023-01-12
ca9e39ee-e223-431a-a21c-52593ff9de89,1,445.86,445.86,2024-10-28
caa508d1-d1d3-4d2e-8a97-d5fc6b3d2a10,1,1817.87,1817.87,2023-12-24
caa6e212-a5ef-4592-87d0-536e44c0d4c5,1,813.68,813.68,2024-02-13
caa7c04f-c2de-434a-a46d-87b83664fe70,1,552.06,552.06,2025-01-21
cab21b78-7f88-4bc2-ad89-a1ac5acab153,1,94.72,94.72,2024-09-22
cab725a8-33e9-4123-827e-03735886692a,1,1455.77,1455.77,2024-11-29
cabd761f-deac-445e-8c09-837c053e9f6d,1,897.70,897.70,2024-09-12
cac49626-c6e7-436d-97ca-2a8d962e1e62,1,745.56,745.56,2025-09-27
caef3c9e-1b9d-4f1b-b52a-6cbf1c17729f,1,519.78,519.78,2023-09-09
cb04ce57-0060-46d6-a37b-7f716dd5b912,1,182.95,182.95,2024-10-27
cb10aff8-4820-4cba-b8f6-2a57ef2e273a,1,158.95,158.95,2024-12-02
cb430603-c88f-41b8-bb01-bd8ecb054b74,1,55.44,55.44,2025-05-25
cb4a11c2-de99-44b0-aa05-a5f7b8048514,1,433.30,433.30,2025-07-27
cb505aa3-0c4a-4f81-a1c2-e70c629153bf,1,307.72,307.72,2023-05-21
cb53c7e0-e46a-43a7-994f-fee115978679,1,271.13,271.13,2023-06-01
cb60a67b-9fb3-44b3-90fb-b59d623c9859,1,171.44,171.44,2024-06-17
cb6361c9-064d-4315-85d7-cb96bede1bcb,1,1062.50,1062.50,2024-02-27
cb718a05-4b89-44b1-aa62-9b76fab2e923,1,983.75,983.75,2023-11-28
cb868e49-d04b-4f1b-98df-90df4833f982,1,259.04,259.04,2024-06-16
cb86a0d8-8a6a-4b25-aa5c-456dc6b4ebbd,1,303.26,303.26,2025-07-22
cb8e00d5-280e-4eff-8ac5-a0fc982a0848,1,735.12,735.12,2024-11-08
cbc249c7-689d-418c-bf7b-340a782df8d1,1,356.94,356.94,2024-12-15
cbcb7fe9-e052-46a8-a015-a8cea904b9a6,1,234.96,234.96,2023-04-21
cbd03adb-ef08-458a-990a-a63c88acd319,1,1986.30,1986.30,2025-07-24
cbd431cc-ea7a-4c21-a1a1-a29c5228ed8d,1,597.76,597.76,2025-06-28
cbe164c4-0e02-43f4-945c-bc2488cb4750,1,500.79,500.79,2024-10-02
cbe75a08-1c14-4790-82f7-cddffdef51b4,1,433.81,433.81,2024-10-29
cbeb15b4-c6d3-4f0a-8d80-63691c474b1a,1,262.50,262.50,2025-12-27
cbecb05f-2be8-4abf-ad3e-7f09b9678175,1,1157.50,1157.50,2023-02-04
cc014e9c-13a3-48dd-b826-be2310aa2d7a,1,344.09,344.09,2025-12-02
cc150005-ebd8-4d1b-885f-3aa606273ee6,1,213.72,213.72,2024-03-29
cc3fb20d-61bf-48c3-80a7-28c5ee7beff1,1,1389.57,1389.57,2023-01-16
cc4fe8a4-1343-4a9f-bf0b-a26bbd1517d2,1,980.73,980.73,2025-09-08
cc56afd5-1208-4360-b9c4-7e7b20391c50,1,743.05,743.05,2023-01-16
cc57ae4a-1176-4a1d-844d-c1894f38f23d,1,1165.50,1165.50,2023-02-01
cc5fcfb8-9fc6-4092-b91c-187a3179ab12,1,2507.49,2507.49,2023-11-25
cc6a7faa-1fa8-4957-a530-07b0ecbe0b73,1,917.97,917.97,2024-03-17
cc7a26e9-95f3-4307-a722-ae70051ac3b9,1,314.35,314.35,2023-12-15
cc96d39e-2617-4619-82a5-c59e86b4b101,1,245.48,245.48,2024-06-14
cc9b5903-966c-4708-9686-2101ba380355,1,996.98,996.98,2023-01-31
ccc38bf7-5ce4-4add-9296-7d65da9f81c9,1,1578.52,1578.52,2023-05-09
ccd3af49-8dab-4a98-8d5e-c047e8273beb,1,119.90,119.90,2023-08-06
ccdf28d5-ef9e-4839-aa7f-849b204c2f75,1,302.77,302.77,2024-08-21
ccebb9ff-4e7b-4695-ad9b-009358f1f5bf,1,247.65,247.65,2024-09-28
ccf5237b-13fd-43ff-8e0b-0ca7283c5bd5,1,499.26,499.26,2023-09-12
ccfe6343-8f24-4dc4-b06e-f9ac9ccee410,1,650.78,650.78,2025-01-31
cd1723c8-cd90-4157-b8ab-64a6ed3a227d,1,997.92,997.92,2025-02-27
cd18ea34-0a2d-4943-a03c-61f387f7cb0e,1,740.16,740.16,2024-04-22
cd20063c-21e0-40e7-bc2c-17ff0a943503,1,256.00,256.00,2024-07-16
cd25ec88-8a6f-437b-a8ab-a1bbdb06609a,1,1006.03,1006.03,2023-01-03
cd5c9b30-854b-4963-b6b2-031fe644a1fe,1,1281.76,1281.76,2024-10-03
cd5dc32e-5b56-4c78-879f-624ca308ae53,1,171.80,171.80,2023-05-21
cd6d047c-ecb0-45d0-b9e3-de4ded6ffcf8,1,674.81,674.81,2023-04-01
cd72f297-2cc7-41b5-b947-6077f731904f,1,1105.71,1105.71,2024-07-16
cd877f8a-5e75-46b3-aee4-5240ad6fd173,1,908.42,908.42,2023-08-11
cd8badd2-8fcb-4cf8-a3de-261fa5cb2573,1,1677.55,1677.55,2024-08-02
cd9f09dd-8348-4399-9fe3-c493aaa718d5,1,360.26,360.26,2023-04-04
cde0ccad-4264-41ff-ab1f-85ed21f4aa7e,1,25.31,25.31,2023-11-03
cdeb8ab9-9ece-4b21-a9f4-07eee9320c6a,1,680.33,680.33,2025-11-12
cdf0baa1-5ea1-400e-9f36-840317482564,1,1773.14,1773.14,2025-11-24
ce13cd56-3e16-4d57-bf3b-e8c3299420aa,1,568.29,568.29,2023-10-12
ce289de4-7921-4ac8-92cd-fc085ac85bf1,1,266.12,266.12,2024-09-03
ce37626d-c13b-4b6a-9dd6-5ae9c5b92e88,1,705.46,705.46,2023-10-01
ce3b2247-fbd9-4ffc-b63c-bb055a69008e,1,542.09,542.09,2024-07-19
ce3dce25-2b2e-47d7-99a8-a8efe23c1a49,1,449.79,449.79,2023-03-27
ce68210c-1bdd-4bea-aec2-1c06f99773b2,1,1280.88,1280.88,2024-07-12
ce6ad5d5-29e6-48c5-9c06-d9079165332a,1,682.13,682.13,2025-03-09
ce76a365-16bf-4177-b142-282f8f4eddd1,1,83.38,83.38,2024-10-15
ce8a5306-d243-4d1b-96bd-5e9f4e7a081e,1,1345.20,1345.20,2023-03-21
ce998ffe-cb76-4381-88e6-0e13d5e278f1,1,642.04,642.04,2024-11-18
ce9ed0bd-5196-4fc0-a90b-e69f1b874376,1,924.03,924.03,2025-06-07
ceaade53-2032-419e-825e-f87bea1403f5,1,859.42,859.42,2024-12-17
ceab62ec-8577-46fd-b58d-0e15211eac54,1,692.25,692.25,2025-05-24
ced77ca3-7926-4748-8d86-5569608251be,1,335.95,335.95,2025-04-24
cee1f36e-9d08-44f9-8572-c9989303f62c,1,83.50,83.50,2023-10-21
cef8617b-cc43-42e6-94ee-8c7101d51305,1,121.17,121.17,2024-12-04
cf05d83e-68a3-4262-9aee-626437c07aaa,1,154.50,154.50,2024-12-22
cf0e6d2b-315c-467a-85d8-a6ad77d0359e,1,517.62,517.62,2023-12-23
cf119520-54bd-4eab-b5ff-d964abc4ce1c,1,242.41,242.41,2024-03-08
cf11be94-02a6-427c-8d16-192b515b1487,1,377.16,377.16,2023-07-24
cf18d1b9-b281-48f0-865e-b4e1fe801c84,1,1401.77,1401.77,2023-11-10
cf2af950-056c-46c4-9820-239f173b9380,1,960.52,960.52,2025-08-22
cf2df4a6-c972-4c70-8561-88e7566b8b3a,1,1198.47,1198.47,2025-04-30
cf2e3296-7184-4713-a55f-65b7e709fba6,1,454.64,454.64,2023-05-17
cf36405a-1b6c-4aa7-80a7-bdd43c5d46b9,1,16.15,16.15,2024-04-07
cf42dd2b-316f-4d81-97a2-f01b44c485ff,1,1011.84,1011.84,2023-04-26
cf4e23cf-62a9-4a3e-98d1-ba9027e4f366,1,240.22,240.22,2024-04-06
cf5e3a1b-b488-429a-8479-dfde2f061408,1,612.42,612.42,2025-04-01
cf82779e-3079-49c6-9a5a-4d67055ae18d,1,748.24,748.24,2023-11-28
cf8307d0-afd6-4fe1-9189-51f442b6a851,1,211.36,211.36,2025-01-14
cf852d30-3f65-4186-9cef-8fe23f5100cd,2,2192.68,1096.34,2023-02-12
cfa57f25-8f67-4b46-97af-d8f26e1450f9,1,13.42,13.42,2025-05-04
cfb7fd57-a20e-4bb3-a2b1-9e4c2988ae6f,1,207.94,207.94,2025-04-15
cfc8457d-0710-4233-97c6-c47557ee2ce9,1,1443.93,1443.93,2025-08-03
cfc86e84-523d-43f9-8a9e-5ce82544bd53,1,1764.58,1764.58,2024-01-23
cfd3aab2-3365-425b-a592-2f7ad525aa88,1,425.76,425.76,2024-03-19
d00217b2-c595-4ec6-9b1e-cf2b7f7fbada,1,1680.48,1680.48,2023-08-05
d02312d9-fdcb-4956-87fc-ff29a541d05e,1,63.43,63.43,2024-08-11
d02bbb81-93d0-47d7-899f-c300c00b2c91,1,1083.91,1083.91,2023-06-20
d036f927-c4e5-424c-9543-c99eee078cb4,1,122.84,122.84,2025-02-07
d037c5e3-3183-4b8a-98b9-562608ab8a4b,1,1021.87,1021.87,2023-04-30
d03825ad-b84e-4b3d-adc7-8f160b217608,1,1150.60,1150.60,2024-10-18
d0404aae-f58e-449e-9226-74f614756dfe,1,798.44,798.44,2023-01-01
d048c8af-ff5f-474a-8a53-76abc027c505,1,456.76,456.76,2025-02-09
d04bab10-320a-4342-bfda-02b7382d0fd1,1,90.80,90.80,2024-01-01
d04de68d-3e0b-412b-b1e1-84c1ed9d3f55,1,614.08,614.08,2024-05-24
d05478d1-e894-4f33-84bd-10ac8838e119,1,331.06,331.06,2025-05-08
d06d6a99-f54b-4f4d-adb0-73e273c1f322,1,1379.88,1379.88,2025-04-27
d0703539-f85f-429e-9623-8684f6e16ffb,1,654.83,654.83,2025-06-01
d0713654-25cb-49de-8add-f902c46ea4cd,1,538.85,538.85,2025-04-15
d085b2f8-b9e7-4748-b631-2921e6bd6e87,1,358.00,358.00,2024-06-02
d08aba95-52b7-45f6-a695-66490744add6,1,985.07,985.07,2023-11-08
d08fa2c6-9326-404e-8ad9-4050305770d0,1,0.00,,2025-06-27
d0908ff4-6288-401a-9d0e-10f33f7999f5,1,43.12,43.12,2025-01-24
d0b66c10-6bfd-41bc-9a93-03eae75ec164,1,425.17,425.17,2024-04-30
d0cab89c-9e3e-456a-bf2e-e58ccf164ed5,1,346.96,346.96,2025-04-18
d10327ba-fa9f-4b46-b908-2fbdebd4e04b,1,734.92,734.92,2025-03-25
d10c7983-9123-4a9d-8f77-283d94dbaa54,1,565.76,565.76,2023-03-18
d1199b2a-d1f3-41ee-9770-5961331b98e9,1,704.94,704.94,2023-07-21
d1239f58-7ec4-489e-a62c-04a614e27438,1,156.14,156.14,2025-09-17
d14dfe1b-9817-4ce0-9bb9-97226ed53543,1,408.72,408.72,2023-10-10
d15aaba3-b320-4d2a-b9a1-6ef67e49e02b,1,67.26,67.26,2025-03-06
d1636e46-f0da-4089-8b65-249275f5ebd1,1,1768.00,1768.00,2024-12-10
d169a88b-19e8-4744-a23b-7fdadf469b4d,1,411.55,411.55,2024-09-07
d16e25db-3c3b-4708-bc98-e67ec2092705,1,83.85,83.85,2024-01-31
d1750d71-0dc1-4e41-a924-213edfa1d3aa,1,261.87,261.87,2025-07-27
d18137e6-f3cd-44ab-84a4-559576597666,1,205.26,205.26,2025-08-26
d197de74-b08e-4c07-85de-fc2b6b628c4b,1,283.37,283.37,2023-01-06
d1a9f011-8d85-45ce-978d-b4b1dbebde7e,1,167.04,167.04,2025-06-03
d1aab379-b25e-41cb-a7ee-b6c83bf67606,1,401.92,401.92,2023-02-12
d1b43f6f-00ed-4120-9222-078af8bffbfe,1,1105.06,1105.06,2025-06-30
d1b50b65-e556-46d8-971d-bf18d70cad8d,1,89.24,89.24,2023-05-25
d1db846f-d714-4d26-8fa9-4b982cd819a3,1,242.52,242.52,2023-05-31
d1eba380-12a7-43d9-bfe6-e68694a2314b,1,1194.55,1194.55,2023-01-26
d1eebe93-dd78-4dda-a155-678e71a91222,1,81.91,81.91,2025-05-22
d2063fca-1297-4b03-bc34-edb23a8de5a3,1,605.92,605.92,2025-02-01
d2194c6f-86f4-432a-9bf7-e0d6fcdcf0fa,1,1973.74,1973.74,2023-08-06
d22c0fcb-a709-4845-be77-12d84b89d5d8,2,2414.68,1207.34,2024-09-27
d22c2fca-fece-4273-aac3-b110c8138064,1,1107.47,1107.47,2025-03-15
d24995c7-8df0-4be1-bf61-2d92509c0b54,1,2315.34,2315.34,2024-10-23
d24c9f86-499c-440e-bd94-8671b0f36f66,1,954.49,954.49,2024-07-19
d25864f2-25d4-40fc-a154-2765d756ba9c,1,105.06,105.06,2023-07-10
d2690f57-b14e-4a2e-9187-7bc86abda041,1,1204.36,1204.36,2025-05-18
d2727908-d735-492a-8ce4-02d1a5b2782b,1,660.45,660.45,2025-05-04
d27a4fa6-d853-41c0-9c7a-8f900977d8a2,1,974.98,974.98,2025-11-18
d295fe47-6713-4257-b870-491eba91e273,1,620.00,620.00,2024-04-16
d2b71eea-8ef8-4afb-8dde-1089e1203fda,1,1032.13,1032.13,2023-10-12
d2d73be6-4b7a-4caf-bcb8-d48f2644dab3,1,1363.32,1363.32,2023-03-08
d2eab2be-346b-4225-8286-fe2b88cf8b83,1,70.37,70.37,2023-11-29
d30fb36f-75a1-4732-8416-0d5eae5cc28a,1,181.86,181.86,2024-12-21
d3379d87-d851-4192-8d0a-87f39ba02459,1,1593.62,1593.62,2024-02-11
d37ee471-6e3b-4507-a21c-1209c3a1962d,1,423.64,423.64,2023-04-17
d37f6d97-43c5-4563-94bd-43b7e36382a4,1,842.43,842.43,2025-10-11
d39475f0-bb95-4b47-abc6-647987bbac11,1,1112.62,1112.62,2024-11-28
d3c0331b-c002-4999-8fb3-0320e9bdb511,1,115.98,115.98,2025-10-04
d3c41461-912e-4ca2-af7b-60893ee40698,1,131.24,131.24,2024-06-21
d3e4dde1-d92e-4689-b889-8d3eee0e2646,1,1323.71,1323.71,2024-08-22
d3ecea4e-fba3-49bf-9971-a776876d88f4,1,1191.81,1191.81,2024-12-22
d3f293f0-849d-4d98-8a0e-957f9df6d9f1,1,998.47,998.47,2025-09-11
d3f3eaaf-ceea-459f-bdbc-5a27098256a4,1,1460.49,1460.49,2023-07-30
d3f5b956-3bdd-42b4-871f-796dbc3b1846,1,214.07,214.07,2023-12-17
d3fe22d3-3011-4743-aa49-680daa5b654d,1,496.96,496.96,2023-02-01
d400f82d-31d6-46fd-97bd-19a200418183,1,1952.80,1952.80,2025-07-07
d40b8464-92c3-47b3-b663-4fd8dfa8620e,1,164.38,164.38,2023-06-12
d438abb3-3a78-4bfb-9ea9-6338316fe89d,1,238.30,238.30,2023-04-24
d44b52d4-a5f3-40c9-b783-ee09638be0f6,1,217.36,217.36,2023-04-15
d4838f7c-b0ee-4a41-b349-9a2f43ea3062,1,1780.95,1780.95,2025-07-02
d48fcfea-1dd8-4835-ba0d-e9883830b360,1,667.03,667.03,2024-05-01
d4958480-6e00-4063-ad0a-d4fad783f6b5,1,611.74,611.74,2025-05-01
d4aee54d-8fd3-4455-8796-47bc26889e4a,1,826.47,826.47,2023-12-10
d4b09e38-dedc-4f98-8d9f-047a92c1b7b4,2,1708.64,854.32,2024-05-22
d4c77cc3-8279-4d00-b8c3-93c12a7f571e,1,695.88,695.88,2024-04-16
d4d2db94-52ef-4d50-a330-27bb31b419a3,1,1879.20,1879.20,2024-08-21
d4d42607-08ec-4946-8292-baa248df6080,1,1419.39,1419.39,2025-05-20
d4e0097e-0e05-4305-8527-dbd9cac965b7,1,543.25,543.25,2023-03-06
d4f07021-45af-4041-849c-d82684ed89d5,1,170.49,170.49,2023-09-18
d4f8d7c3-f2ad-4ec9-9751-a07d100220f1,1,803.92,803.92,2025-08-16
d4f90c7e-df70-4c5e-aaf4-596fd43e526e,1,831.03,831.03,2025-01-14
d50653a9-8c23-49b5-88c1-e321fbb7c395,1,168.81,168.81,2023-02-01
d51032ed-af33-4380-bafd-82e9c6eb8844,1,684.94,684.94,2024-02-22
d514e24d-6617-4495-931a-b4fad0409d28,1,1326.90,1326.90,2025-04-03
d53c380c-d520-494e-8bd1-d99ea1769b16,1,637.17,637.17,2025-11-14
d53df7a7-cc96-462d-a354-24eb214cfb58,1,457.00,457.00,2024-08-31
d55cec3a-3568-4809-9268-358f6cd65311,1,135.88,135.88,2024-04-14
d57a1134-c82f-48db-9bc6-9dfca6a148c3,1,227.40,227.40,2025-10-02
d57af542-4027-4ec7-aedb-93bd2eadb530,1,856.17,856.17,2023-02-03
d580a185-255c-4550-b395-f09f6c5c241a,1,356.69,356.69,2025-06-14
d5b250f9-2a4e-480e-acb2-136bf41caec7,1,846.67,846.67,2023-02-07
d5c77db0-e4b7-4816-b511-8a7646a65865,1,1574.05,1574.05,2025-04-15
d5d9a385-2bb2-4cbc-9c79-4cdb74c88361,1,62.05,62.05,2024-07-24
d5e2e854-b935-46d8-afb2-de39ff72b56b,1,89.30,89.30,2023-09-11
d5e652b7-1a83-4240-b0a3-a4122cfc142d,1,851.09,851.09,2024-08-05
d5f1c4fd-c149-46bd-b302-5a537f1d0d4a,1,9.99,9.99,2024-10-01
d5ff79dc-e5fb-4b5d-b24c-1363ef9dbfbc,1,1528.60,1528.60,2025-12-25
d60a8f7c-3deb-4f85-80f1-d220b1405aab,1,306.39,306.39,2025-06-06
d61a080a-3fec-4a37-95be-a8dc33e88249,1,1833.00,1833.00,2023-09-22
d63327dc-68a6-4c04-b889-cc66471c5a71,1,1756.16,1756.16,2024-02-12
d63f85ab-5e12-48f8-b786-ad350fec5af6,1,284.15,284.15,2025-12-05
d6408d37-e92c-4c0f-acda-4dceebe2712d,1,740.36,740.36,2023-12-20
d641beaf-b11b-477e-8150-bdcbe285db4d,1,664.86,664.86,2024-08-03
d6462d44-5d7a-4c37-a12b-1c11e54532d1,1,2040.95,2040.95,2025-12-19
d653271d-2692-4b3d-9091-63f9cc66cb07,1,2273.68,2273.68,2025-04-08
d67612eb-4969-457a-b1d3-7b9e3fc698da,1,193.27,193.27,2024-04-21
d67d87a0-63d5-4284-a101-cbb122a39c78,1,54.80,54.80,2025-07-29
d67ff9ea-e9de-4024-a45b-52edf379026f,1,67.80,67.80,2025-05-19
d6842f14-03cd-401a-8e6e-4dcc5276aaa3,1,772.47,772.47,2024-02-02
d6921fbb-3499-4c46-89f1-197c567fc2c0,1,305.38,305.38,2023-06-29
d69d09a4-7678-4f04-a161-4e8f91ca2b5e,1,0.00,,2025-04-10
d6a9b899-ff90-46f4-9613-2301a4d327c3,1,1417.48,1417.48,2024-08-24
d6bbb8fc-9a09-4f4d-82f5-5a69156d2b65,1,944.45,944.45,2024-12-17
d6bee1c4-99e3-43f2-9716-4453adf11ef3,1,159.74,159.74,2024-08-27
d6de0902-ea89-4692-9176-37b264d88360,1,828.60,828.60,2025-03-16
d6e00eb9-5ea8-4892-a8c9-cf595ef3943e,1,690.42,690.42,2025-06-06
d6e9ebe0-189b-48d4-99d7-2f60529d82f8,1,228.62,228.62,2023-12-23
d6f68e61-b5dc-4f04-b7f4-37ee4564c913,1,1993.43,1993.43,2023-05-15
d70af45c-5050-439e-a8ea-db3ac0f77231,1,754.62,754.62,2025-12-20
d748b1db-e62d-45d4-8c87-87ec6ee79b66,1,1136.61,1136.61,2023-10-23
d74bdd2e-a605-41a8-b080-2b271e27e6a0,1,947.95,947.95,2023-03-25
d74d930e-0e0f-4619-a926-61f516ca331c,1,366.49,366.49,2025-10-11
d7a30642-6efd-4026-91c0-11ba4d159927,1,27.06,27.06,2023-04-06
d7b93d73-7455-4d86-b4c5-ec98b1751d57,1,430.59,430.59,2024-02-23
d7be7b4f-b967-4dc6-96fd-d1a5f17312f4,1,1326.09,1326.09,2024-08-22
d7cb2a2e-180c-442f-9454-322fe654b0e2,1,407.08,407.08,2025-05-09
d7d0fa7c-fff3-411a-9ba3-171730203726,1,489.95,489.95,2025-01-23
d7e90130-41c6-4219-9884-a1782efc5ab6,1,938.79,938.79,2025-06-13
d7eaa90f-2e8a-4175-a721-837f624a7cab,1,345.10,345.10,2025-04-16
d7f06ac8-5097-4bc8-84fb-f3d54738bad5,1,32.18,32.18,2023-08-10
d7f7cbb4-1112-458f-a50f-43f3dee99a76,1,462.54,462.54,2023-03-18
d80abce2-10f9-4550-bb1a-0f5c402bd4d9,1,98.14,98.14,2023-06-25
d81440e8-2949-42da-8ae8-355be7727868,1,1762.34,1762.34,2024-06-26
d8211808-3e3f-4fcf-af65-6186eb37b884,1,312.52,312.52,2025-05-16
d8289d23-bbc1-45b4-950d-46dbc20bbe47,1,2296.48,2296.48,2024-12-25
d82efc41-8f90-4f81-9c57-9337a51cf515,1,285.46,285.46,2024-10-29
d83779d9-77a8-47c9-81cb-45ca50a5a475,1,37.16,37.16,2025-09-08
d85b6e9a-8453-4645-86f3-f304cbc53d6c,1,433.61,433.61,2025-01-18
d868f143-b264-44f0-a73b-0091eec78850,1,825.18,825.18,2025-12-19
d86d40b3-1bbe-4de1-813b-28768731d008,1,693.24,693.24,2023-04-18
d87db1a9-7504-411e-b8d1-540c6d20806f,1,203.17,203.17,2025-08-24
d8867545-5025-4c18-95fb-f5dccabaef3c,1,1014.66,1014.66,2025-02-08
d88a0619-23f1-427b-97eb-c00bff68728e,1,391.62,391.62,2025-07-08
d8a29687-d5fd-4cce-9627-a8eeff7d485c,1,1207.08,1207.08,2024-09-25
d8ac0a90-2159-4dd3-87f8-8b4fcfb45858,1,563.84,563.84,2024-08-29
d8c024a9-a99e-4f9b-b68e-af5851ddaa9d,1,503.05,503.05,2025-11-21
d8c06b4d-7466-461b-9f25-f6b4b6612bf9,1,1643.01,1643.01,2025-05-29
d8c4d0ff-1e88-4d86-9160-afc79e18eca4,1,464.63,464.63,2023-11-26
d8cb1885-3bfd-425a-afeb-2925d02ce29e,1,311.25,311.25,2025-01-06
d8ec0bb1-7cde-407e-b8f5-a03d8643e053,1,854.52,854.52,2025-09-06
d8f495fe-ce4d-4904-8dad-1be47b04e080,1,814.46,814.46,2025-01-12
d907ba3f-1949-4b8a-9754-81a3d6ccc7cd,1,511.86,511.86,2023-12-26
d9227c05-e3f9-41de-acef-faf8774502d6,1,1123.85,1123.85,2025-07-20
d92bf054-6142-4878-bb81-f50122699844,1,371.26,371.26,2023-06-04
d92d9519-9e24-4724-a47a-7b03768ae6fb,1,130.87,130.87,2023-06-23
d9531d11-ee54-4bf9-9664-b3c9364a602f,1,947.16,947.16,2024-07-20
d95c41eb-30c6-4b0e-b3cb-552ec3984008,1,1230.25,1230.25,2025-01-05
d96688c9-8623-481e-8224-da50bd10f69f,1,969.08,969.08,2024-08-23
d9738a63-c262-4e44-afdd-42c0484c6265,1,1061.60,1061.60,2023-06-17
d9743227-da43-4b72-9c4c-1f300873505c,1,916.80,916.80,2024-08-05
d9750f00-d5ab-48ae-9112-fbc03d8f95f4,1,1008.24,1008.24,2025-02-27
d984aca1-4956-40ae-b3de-6bad969ec315,1,690.98,690.98,2023-03-10
d98b3a7d-75c1-4a6b-a651-d31178d26909,1,321.62,321.62,2024-05-15
d98cf11b-b16c-4719-b299-60e10ee2ed66,1,664.78,664.78,2025-12-06
d98d214f-c2ab-4876-b71b-d82d635589f4,1,645.34,645.34,2024-11-02
d99b9f1e-6733-4b48-ae97-4af34fa122df,1,515.81,515.81,2025-05-09
d99cd3a8-eb87-4518-a441-a0a58ff91293,1,1635.50,1635.50,2025-09-10
d99f0444-6db6-4f62-9b10-75578c8e652c,2,912.18,456.09,2025-02-19
d9b833fd-0964-45f3-9f36-8532241939f4,1,1287.74,1287.74,2025-03-11
d9c2bbe6-cd94-4d81-9dfe-d9c811269065,1,165.59,165.59,2025-06-02
d9c8515b-a8da-4212-abb2-ca1f921c4a7e,1,1365.92,1365.92,2024-09-04
d9d0744c-a3d2-4357-9986-63ca261ef842,1,307.49,307.49,2024-02-09
d9d6a4a0-2506-4256-b1e8-8d0aed5bbf60,1,837.79,837.79,2023-02-03
d9e30a2a-5730-45bd-9ba9-dbd7e8df92cb,1,258.42,258.42,2024-12-27
d9ed7f16-4747-44b1-8091-c0dfdad67be0,1,1418.85,1418.85,2023-03-25
d9f9b5fe-a9e3-4351-8b1a-951c241f6135,1,1809.25,1809.25,2024-09-22
da0434fd-bf3a-448b-9a1b-4d6d578b4cf1,1,51.99,51.99,2025-08-08
da0e862a-4b3e-4d2a-8f74-15e82f10b1cb,1,1059.95,1059.95,2025-08-03
da12e424-1d7a-4394-83c6-b64adb22bdac,1,771.03,771.03,2024-12-31
da49ac02-b39e-4f6f-95ad-90f0182e4fe0,1,1596.35,1596.35,2024-01-20
da5e1572-06d4-4990-932d-4ea01c8a80c5,1,365.82,365.82,2025-12-22
da695b09-69f8-46e9-b5ab-963c2c5ec803,1,89.83,89.83,2025-03-15
da7caa20-4eec-4db4-b81e-475e990b73d9,1,963.45,963.45,2023-12-01
da8ab774-2b59-4574-b243-73ac9b72f0e4,1,1823.82,1823.82,2024-11-09
da8ad382-a20b-4170-8b38-43fb552b85f0,1,2008.76,2008.76,2023-12-12
dab7ec06-7c00-454f-89a5-6ba74a9877e1,1,809.06,809.06,2024-01-20
dabc789b-cfb6-4ba8-8021-812f90361b02,1,1011.85,1011.85,2023-11-19
dabd385c-d2c5-49ab-b830-aa05d2d4dd05,1,599.52,599.52,2024-09-14
dacb75a7-31f9-463a-9b6c-af6893c96652,1,563.59,563.59,2023-10-02
dad09e6b-c416-4ab7-8212-ee84c42a9e00,1,1790.24,1790.24,2025-01-09
dad0cd83-3561-400b-831d-88bf2c9a0cbf,1,1258.08,1258.08,2024-01-09
dae25c57-947b-435c-9416-21333374d708,1,1723.04,1723.04,2025-07-15
dae77a5f-7874-4da1-a595-0b2cb4fa860e,1,83.54,83.54,2023-02-20
db008757-dd6d-43eb-b983-1b333ac5e17d,1,901.11,901.11,2024-08-26
db00ebd5-3d7b-40c9-a6b9-83745e4f2127,1,208.73,208.73,2024-04-23
db07709d-322b-4bb1-8e8d-7351590ec298,1,438.31,438.31,2025-10-14
db20a56e-dc81-4fe7-8eda-8bbb71710434,1,674.86,674.86,2025-04-12
db2d0fff-f047-44e9-b3fe-b7dea2e0f358,1,121.05,121.05,2024-04-16
db32c6d7-8bdd-4220-82b1-e5c04fcbd951,1,305.75,305.75,2024-05-20
db3b9b18-6f37-4c25-bf85-f33e1b7796c9,1,447.85,447.85,2025-05-04
db4c0d45-c1e6-478a-be81-d07d6c510a95,1,1392.20,1392.20,2023-04-22
db4f2cd5-ddab-468c-988e-d4d7da6d5bb2,1,1871.32,1871.32,2025-08-19
db5fc59e-df3a-42bd-b478-3e0c61205840,1,340.88,340.88,2024-06-13
db707b39-7132-4dcf-ba17-c8a4e8750483,1,957.38,957.38,2024-08-24
db7cd71e-5516-4bc8-a322-0c46b7ee828e,1,700.62,700.62,2025-09-16
db8ebf72-b596-48f5-bfe4-0c2da1226850,1,1281.06,1281.06,2024-01-09
db9f0820-73cb-4f6b-a278-0d7437511316,1,1404.93,1404.93,2024-05-23
dbb54645-7dda-41b6-97c4-caed47c4cc51,1,419.07,419.07,2024-12-17
dbc13cfa-1b3e-4c12-8ef5-c99486ee04cb,1,770.85,770.85,2025-11-20
dbd959b8-8888-4491-a59b-918547e9773e,1,560.85,560.85,2025-12-02
dbdb8161-98e3-40ba-8f8f-3f8a8b017ef7,1,1849.32,1849.32,2024-09-02
dbe0b32f-3ff6-46c0-b524-ce35dd3f1285,1,2129.61,2129.61,2025-10-28
dbe5f454-8d8b-4190-a0ca-5e562ab7ab01,1,938.76,938.76,2023-12-03
dbf6145e-a86b-4a66-8d8f-309c8de73ae8,1,489.57,489.57,2023-03-09
dbf8880b-701e-472a-a2fc-fa61933f125f,1,220.24,220.24,2025-11-07
dc05fa81-9e08-4083-a045-9a6a75cef7db,1,1113.18,1113.18,2025-04-21
dc0eef8c-14e3-418f-a1d7-e25514b28960,1,942.56,942.56,2025-03-18
dc18314c-510f-4c61-a129-e7ff18189b01,2,914.66,457.33,2025-04-21
dc2a9875-37e8-4a6d-8902-78b31c417ab4,1,267.55,267.55,2023-03-01
dc34691c-01ea-45e8-ab5f-b38f525f3553,1,455.11,455.11,2024-01-08
dc4f433b-3c43-42d1-a455-855663ec37f8,1,82.97,82.97,2023-12-24
dc5eaeb1-9c82-4ad7-a440-a52a00ad9f4e,1,1836.60,1836.60,2023-04-28
dc6756f8-52b9-4c08-a3ad-2aef0452d9af,1,627.90,627.90,2023-09-01
dc6a9182-3039-4552-803e-b22f2dfd6fcb,1,2018.15,2018.15,2025-04-22
dc6d665e-cb3d-45f5-9ee1-aa32960efa4a,1,252.24,252.24,2023-03-21
dc9d41e7-699f-4b05-ad8e-8aead26984e7,1,1152.90,1152.90,2024-02-08
dca21033-16ec-44b5-8f6a-d43f09536c4a,1,1247.87,1247.87,2025-12-01
dcaeedcd-67d7-4873-8f7b-524587aa2080,1,333.07,333.07,2023-11-16
dcb17ca6-442a-4da0-a443-06c5f1ffb7d6,1,772.40,772.40,2025-04-06
dcd0b43d-eb93-4edf-b3a4-914640770635,1,1098.28,1098.28,2023-07-09
dcd1e2d9-e189-40ef-ae58-83cbc2a7f547,1,356.66,356.66,2025-11-30
dcd99a8e-1848-4650-ac25-0fe8662d2cde,1,1889.56,1889.56,2025-01-26
dd068b8c-2680-4974-bcec-f63d43603bb9,1,275.52,275.52,2024-05-26
dd126923-9756-4070-b5c1-225355decd9a,1,132.61,132.61,2024-11-24
dd126974-7545-44d3-879c-9d9dcde1e1d2,1,1160.25,1160.25,2023-06-30
dd15ba5a-b3ff-4f24-848c-4960af3b3b95,2,873.64,436.82,2024-02-28
dd1a6953-61cc-4642-98fe-fecc8d183d5f,1,527.94,527.94,2025-04-29
dd21a19b-16fa-4c2e-9c6a-f7860a4b49c6,1,544.72,544.72,2025-11-13
dd35b405-2842-424d-8920-a3c87a65ec16,1,41.74,41.74,2023-12-23
dd4134c4-6d95-4e68-8716-4cd25fb27eb2,1,89.70,89.70,2024-04-25
dd5969e8-1b24-40e7-99db-881f595342d0,1,668.52,668.52,2025-04-25
dd59ba71-36b8-4481-bb3a-4e3e7c52fa17,1,259.23,259.23,2025-08-21
dd7476ce-4a06-41ad-9234-154626e045fb,1,1501.75,1501.75,2024-03-03
dd769216-9e55-497e-a471-262f18a96290,1,500.82,500.82,2025-03-26
dd79c4ab-d0bd-4160-8dec-728dc967c613,1,2408.00,2408.00,2024-02-13
dd802334-ff5d-4f22-ac01-a5610dfb1823,1,494.50,494.50,2024-11-25
dd839d94-bc11-4e6d-8657-52d85849b91a,1,898.87,898.87,2025-02-02
dd8b806c-a268-463c-a509-f05b9eed9237,1,1774.45,1774.45,2025-01-31
ddaa5963-8c73-42bf-8133-c9411ea8fea0,1,663.58,663.58,2024-10-14
ddb2277b-fec4-4348-828f-daa80897bae9,1,1408.95,1408.95,2024-03-16
ddc38d4a-fc6e-459b-b684-b8a653130cad,1,976.07,976.07,2024-12-28
ddd3f8f9-8042-4e9d-9e56-d7490ae12d01,1,364.23,364.23,2024-01-13
dde630e0-cbee-4346-9d1c-153ef6ebcacf,1,2121.47,2121.47,2023-09-06
ddf08ae0-34e6-4a9d-99ae-1f6eb5944a43,1,579.68,579.68,2024-09-24
ddf66267-40dc-43d0-9b90-eccb57170190,1,616.76,616.76,2025-08-18
ddf7c3e8-32c7-4e9f-bbe2-588bf748934a,1,1606.02,1606.02,2023-03-10
ddfb4b7b-c940-4073-8937-f6c3a189140d,1,1407.44,1407.44,2024-07-12
de0f406e-d14c-4bc3-bf12-744ed70e5f6d,1,224.76,224.76,2023-02-27
de13d2ae-7d5f-4e3a-a54b-13636176c1e1,1,411.12,411.12,2025-03-16
de36f6f6-5ea8-46af-a098-953688bc9518,1,287.76,287.76,2025-08-30
de3ae0c8-b190-4f7d-b24b-b6f51da93e5d,1,411.51,411.51,2023-04-10
de4908b0-c3e6-419b-8461-db6132a8a01c,1,913.02,913.02,2024-01-17
de4a4162-38a3-4774-9bd7-50e7ce55a3c7,1,38.97,38.97,2024-12-15
de55aafd-4a61-4c0b-b0a6-0c6bc565b841,1,1161.61,1161.61,2023-08-20
de6a4c5b-616e-426f-8982-33d21a164704,1,1968.72,1968.72,2024-09-18
de89a7c7-84d8-4c7b-a294-f5d3797d71fe,1,1501.04,1501.04,2024-07-26
de937957-b641-4131-8e58-a09ccb4c5158,1,1474.65,1474.65,2025-06-27
dea079bf-9d99-4cf7-a59e-6ddcb9868041,1,68.08,68.08,2023-08-10
dea07b4b-cd17-4b48-b736-a4ac12bd332b,1,809.20,809.20,2025-10-05
deaaddae-370b-4ace-884e-844481291a28,1,1610.32,1610.32,2024-02-20
deaf7224-742c-40e5-9aec-65499bdbca5e,2,394.84,197.42,2025-11-15
debd90b1-9233-4874-a141-c462b41cd358,1,165.74,165.74,2024-10-25
ded8eeb5-761c-4ca7-96f1-d7e0c3cb9f79,1,236.57,236.57,2024-04-07
ded907ca-d3a3-4deb-b28a-09bf9b1091ac,1,930.40,930.40,2023-05-10
def1c799-9cdf-48fd-95cc-89b0067e6df1,1,923.02,923.02,2023-07-02
defa0011-fc5a-493e-bb70-b7810ca6f40e,1,368.12,368.12,2023-10-15
df0ff726-1c8a-45e6-a46c-f4a979633a2f,2,901.96,450.98,2025-04-11
df1c9cd7-5100-4d30-ac95-c1ad49c0bff4,1,967.30,967.30,2025-06-20
df1ecd34-0cec-4de7-805f-833b6bf738f5,1,1002.06,1002.06,2024-02-13
df2ed047-144e-4b00-96ad-d0998a4ce170,1,642.79,642.79,2023-11-29
df30f2f5-3226-486f-8595-30c1a1295a39,1,0.00,,2025-10-09
df40ae0a-e1cb-4d85-b4f1-7153e3b89773,1,617.52,617.52,2024-05-05
df562fa7-b578-4233-a71f-d489ec5bb1e0,1,151.36,151.36,2023-03-28
dfae6b2d-c6fe-462e-b006-58ed94168bf7,1,1994.80,1994.80,2023-03-30
dfae9066-a502-4d0c-b24d-9126c2b69d38,1,1453.61,1453.61,2025-04-26
dfb665b6-a128-449b-a16b-48e0bcd27897,1,413.60,413.60,2025-07-15
dfb68a5f-bb81-41f0-bbc4-d138ec737598,1,462.48,462.48,2023-07-25
dfcd64ef-361f-4434-a9b3-ff945bc72ca3,1,371.55,371.55,2025-07-03
dfce4fb6-b95e-4103-86d1-dbc27a884b4d,1,376.11,376.11,2023-08-29
dfceadd0-c01c-47fd-a464-800f0fe5c896,1,132.52,132.52,2023-08-12
dfd97075-e78d-4ff7-9455-9b72186fa278,1,232.36,232.36,2025-04-09
e00da49d-effa-4002-b040-413c4690fb15,1,198.49,198.49,2025-06-26
e01f2d89-fdb8-4e48-87df-cc39293aa0cc,1,528.15,528.15,2024-01-10
e02437a2-374f-4c2c-9c01-ae7b9d72bd2c,1,127.17,127.17,2023-02-22
e0272cc8-cc24-445a-ad84-c7a051d901a6,1,1159.38,1159.38,2024-03-14
e03797fc-0461-4c9c-9067-a19e562406e3,1,68.21,68.21,2023-04-02
e03f589d-aeca-404c-a840-4cd4a18b6413,1,347.71,347.71,2025-01-20
e05074ee-8941-4c02-8dc7-f3d72d942f7e,1,470.58,470.58,2025-01-21
e05cc03e-16fd-4f59-904a-f9e74b5e5448,1,717.15,717.15,2023-07-04
e0618f83-6804-440d-b637-fdadb608a8cc,1,1039.66,1039.66,2023-09-03
e070028b-039b-41db-96c8-15e555f47f7d,1,1572.48,1572.48,2025-09-03
e071beab-3802-4cb7-8326-ca99417463dd,1,1195.05,1195.05,2024-09-08
e082977e-f0ed-41aa-b90e-3e1d6f2cec49,1,1817.85,1817.85,2025-08-05
e08b02a5-35ac-4b95-a3eb-7abd39acc433,1,213.02,213.02,2023-12-18
e0ada076-e945-458c-8eb1-8194ad9f1325,1,932.60,932.60,2024-12-08
e0ae5d9a-3fa8-4319-a013-55d4764f4e90,1,175.80,175.80,2024-10-09
e0cac955-6324-4ac5-a94b-37bcb8c34677,1,873.72,873.72,2025-11-09
e0ccb419-f5af-4aff-9530-20e89a0a58ed,1,1089.12,1089.12,2024-03-08
e0e361a4-4004-42c2-a1f2-8f588f71831f,1,745.14,745.14,2025-05-15
e0ebb3c7-b8a3-43fa-b769-44b886b5ca8f,1,542.58,542.58,2024-05-20
e0f66c22-f81c-4d0e-be83-a44d7369eed3,1,1804.16,1804.16,2025-06-14
e13676e5-1201-41c5-8534-65b63e49d3fa,1,474.52,474.52,2025-10-11
e144b6aa-89a5-45bb-b009-91ec574d5150,1,327.30,327.30,2024-07-30
e15dbf63-b3d3-48df-aef1-4d0c386d4f4c,1,532.72,532.72,2025-08-17
e171405c-9701-4619-bab4-afab01491e7b,1,54.18,54.18,2025-12-31
e182c3bb-088b-49e3-bcee-da34d72f89b3,1,731.92,731.92,2023-08-31
e199519f-5da3-47b3-8281-5e4adc07ad2d,1,251.68,251.68,2025-12-16
e19bbc4e-ba2f-4ca6-aa0a-b7ba689ddd56,1,104.40,104.40,2025-02-26
e1ace5f0-b439-4b44-9d95-31c2eaf8276b,1,1090.68,1090.68,2024-06-26
e1b30110-525f-4b10-b951-35a7ffb547f6,1,161.68,161.68,2025-09-09
e1b33498-8974-4baf-9928-3cfc76da7bc3,1,49.43,49.43,2024-01-17
e1b9bd2e-779f-4702-9a6c-df5c4aea5fef,1,319.55,319.55,2023-04-23
e1c4cc44-f8cb-4a5c-93b8-fba45f1d437f,1,40.98,40.98,2025-04-09
e1cde87f-ec95-4f87-ae5e-c36572eb7474,1,540.58,540.58,2024-05-21
e1d2f4ec-2304-45d2-abe9-599384354724,1,654.90,654.90,2023-12-02
e1d55f85-6967-4586-b046-30085fa72012,1,1411.02,1411.02,2025-06-24
e1f9c456-de70-44b1-8193-bdee2fbd641d,1,670.23,670.23,2023-04-04
e1fd8e85-fff0-46a2-bb79-05b846099f3e,1,794.48,794.48,2025-12-02
e1fdc6d1-6978-4221-bfb7-5c574b8c031f,1,1001.09,1001.09,2025-11-29
e237c877-2e0e-4673-8ed7-cd177e14c595,1,416.77,416.77,2023-03-12
e23ee028-9b64-4a54-9966-a73bf77f4366,1,263.48,263.48,2024-02-17
e25e9dde-ef1e-47b7-9f20-18e52a4ec91a,1,198.09,198.09,2023-11-27
e2775db5-ec2f-44a9-a1bb-bc3c9bc16986,1,505.17,505.17,2023-11-21
e28cf7a8-b3ab-41cc-8ed3-15201091e48a,1,241.24,241.24,2025-06-06
e2cdd04c-05aa-4be7-9f0c-6e1323c44489,1,1704.04,1704.04,2024-04-13
e2d1fc94-27e8-4dd9-bf54-ade204be96b6,1,2279.30,2279.30,2024-10-29
e2da43f2-7538-4359-980c-b619001cd8a3,2,1713.42,856.71,2025-06-02
e2dfa949-836e-4c5f-bdef-4bc322dca10f,1,868.72,868.72,2025-12-28
e2ee9666-4b79-40c2-955e-d53e76f6f68a,1,1202.15,1202.15,2025-03-27
e2f05428-42aa-4709-b820-cad24b4b04fb,1,987.13,987.13,2023-03-26
e31db345-7b6b-411e-8aeb-99597ca2f582,1,86.40,86.40,2025-03-10
e3213a11-3e54-44cc-b750-48938dcfe8c8,1,1051.09,1051.09,2025-11-09
e34200a4-8945-4b63-8df0-31914feeec66,1,87.48,87.48,2024-05-13
e35347fb-2d5f-425f-b7c3-c20174f89719,1,283.67,283.67,2025-07-05
e359e5e1-8458-4fa3-bd2c-d7e342295702,1,698.34,698.34,2023-05-07
e3776e99-66c7-4c2f-9e45-698f903cad56,1,405.72,405.72,2025-11-08
e37fb2dd-2f8a-48e5-86bc-b0d00415052c,1,1165.15,1165.15,2024-06-04
e38e039d-9edf-4835-8512-cb2e3a068e71,1,932.85,932.85,2025-07-21
e3937842-2471-4b34-8b68-dc4454312373,1,230.75,230.75,2023-04-17
e3a953a9-6489-4728-ae51-61d5d9d07971,1,822.98,822.98,2023-11-29
e3af47e2-2d8b-45d2-9a88-b6512a939a04,1,1413.21,1413.21,2024-08-11
e3cff9a7-cca4-43bf-9962-163def78b47b,1,1948.75,1948.75,2023-01-08
e3d43569-b064-4420-b101-362e1a6c8913,1,1270.08,1270.08,2025-04-06
e3ea2d7f-c219-4845-99eb-404c1851d1cf,1,87.30,87.30,2025-06-02
e3ed0d4c-6ed1-440e-89b2-aa913bf75895,1,1734.80,1734.80,2023-11-05
e3f01fdf-b35d-4230-bd4c-57b34bda64a8,1,463.47,463.47,2025-09-27
e3f302d0-5f21-4ba2-9016-f08b913df498,1,663.19,663.19,2025-07-01
e44ea92e-6e7f-4639-b4f7-5fef740d6899,1,788.05,788.05,2023-06-13
e45c500e-ebdd-4d37-8db5-ed45fcfc7f44,1,177.52,177.52,2024-02-10
e45fbf0c-777c-412f-9275-5c2569ab9b4c,1,236.45,236.45,2023-03-17
e46a92b1-26e8-415e-a331-0e4351ea7701,1,847.42,847.42,2024-10-22
e4718201-cfd5-4e63-99c5-510912706177,1,931.92,931.92,2023-07-16
e4805b0e-ba2d-4c51-8419-8f10c7e8bccd,1,1394.33,1394.33,2024-09-20
e4a24c83-9a6d-4ea0-bf21-2de6596d9500,1,219.40,219.40,2024-05-03
e4af65aa-08f3-43a9-9398-592b698681df,1,330.19,330.19,2024-01-24
e4b9b94e-3946-47ea-b1be-c3c90133570f,1,639.97,639.97,2024-11-25
e4c4cc4c-61a2-4b14-a491-8bd2e79398c7,1,345.48,345.48,2024-07-28
e4c7f7be-8ed3-4531-a586-b31a165058be,1,655.08,655.08,2023-01-21
e4cee509-217a-4255-922f-b3beca184e53,1,56.76,56.76,2025-08-05
e4d24182-0ffa-40ee-83b5-5d5786ae9201,1,1766.72,1766.72,2025-05-11
e4e9fbf6-e472-4813-bb34-6b4be187e480,1,1117.68,1117.68,2023-05-03
e4f2803b-e5a0-4fa0-871b-e1a16b94bb8d,1,1040.52,1040.52,2025-04-04
e4fb1e59-0626-4c64-9d0d-074cc429693b,1,1479.21,1479.21,2025-12-15
e503b22b-fbd7-406c-81ab-d289482a5282,1,800.20,800.20,2024-11-06
e5057071-932f-4d84-9318-85081ad7587c,1,16.35,16.35,2025-01-30
e5308b72-b336-4f7e-a6db-2f3a9e871d39,1,1422.20,1422.20,2025-08-02
e5344937-5992-4dba-b03d-0b2fe3ff4fcb,1,397.89,397.89,2025-12-11
e53a619b-52bb-49b0-8a76-d3247b800ec0,1,774.69,774.69,2025-04-02
e5877871-59a7-4c37-89e6-39d6f440c0d2,2,4306.96,2153.48,2024-08-16
e59a2d7a-4f03-4a3d-b5b3-706b0993f014,1,81.57,81.57,2024-10-12
e5a66b85-e29e-40fe-92ea-c86dfda0eaa1,1,789.94,789.94,2024-11-25
e5a82573-a363-4d05-9918-796593181c9b,1,944.95,944.95,2024-11-23
e5b32ef9-2514-4502-ae4c-4b85110de65c,1,689.56,689.56,2023-01-01
e5b729e9-10a5-4194-b61a-658970f4e3ff,1,458.89,458.89,2025-04-27
e5b7752e-d67e-4505-913c-e97381436ae0,1,577.90,577.90,2025-03-10
e5cb5401-9d02-4f2d-8057-d21d2387c031,1,1188.14,1188.14,2024-11-13
e5d6ce9f-c751-4523-897c-9f4e19870d8c,1,1343.68,1343.68,2023-11-01
e5d9040d-1aa4-4f19-8e1c-230c295b260d,1,503.36,503.36,2024-01-06
e5e09b0c-04cc-4b10-839f-82795a1ceb3c,1,635.02,635.02,2025-05-18
e5e650c7-db55-4b32-bf43-08894b80dcb6,1,1704.30,1704.30,2025-12-13
e5e8b563-3848-408b-82f6-2b6b2f8fbe65,1,110.30,110.30,2025-06-24
e602163a-49ef-4146-a68f-7c1acced4c38,1,340.83,340.83,2025-12-02
e6149638-85c1-403b-9165-27a3ad99c58b,1,1384.24,1384.24,2025-03-27
e615d90b-a43a-459b-9824-7162a42d8cde,1,842.86,842.86,2024-02-13
e621edb2-ee5f-49d5-a885-7fbabe47939a,1,146.31,146.31,2025-01-14
e626d551-519a-43ae-93dc-c8c8f4d0f2d5,1,1453.01,1453.01,2024-08-11
e62ba94b-9988-4a12-bb31-03c3fa60f04a,1,322.93,322.93,2025-02-23
e64152b4-a49b-4671-88da-ca13c671c92d,1,1102.09,1102.09,2024-01-24
e6586718-9b80-443e-a779-78431881d990,1,1049.40,1049.40,2023-07-11
e6660b2a-491c-4778-9aa1-df0ba1961801,1,166.10,166.10,2025-09-29
e675b4c7-eaab-47ed-9cb2-5a2ad260a510,1,51.92,51.92,2023-08-12
e678883a-36ce-44ac-a845-807c3be35923,1,1981.89,1981.89,2024-08-03
e678b181-c195-4666-a663-704d5f082eb7,1,1138.01,1138.01,2024-05-04
e67ab6ed-d263-469f-bc6f-dd48a0095a5e,1,251.15,251.15,2024-08-28
e688b58c-6cb8-49e9-b6dd-7f244622390c,1,490.99,490.99,2025-02-09
e68aa52f-f4f1-4bd7-a2c6-9d34feb12af1,1,1207.21,1207.21,2023-07-10
e68e4345-3d74-4da8-83be-274378caf0ab,1,1032.62,1032.62,2025-09-17
e6a16894-e85f-4f14-a727-93bd2a3c9368,1,1018.48,1018.48,2025-11-08
e6b23125-d568-492f-9032-5480b01b5658,1,351.26,351.26,2023-12-29
e6b79290-9f0c-44dd-ad2c-b04de1956123,1,1753.96,1753.96,2023-08-02
e6bddcc3-e6f8-4195-a091-b634a8cef04f,1,248.85,248.85,2023-02-10
e6cb403c-a482-4040-a3f0-d798d40a6bf2,1,815.59,815.59,2024-06-15
e6d894b2-7756-4837-8e6f-c50fa7cef6a3,1,1642.46,1642.46,2024-11-12
e6eb45a3-fbef-4069-98f6-b696c91c9320,1,743.82,743.82,2023-08-27
e6f6c747-1d83-4b2c-8989-44ed33f80a58,1,1004.91,1004.91,2024-10-08
e70de55b-590d-4f58-b0c6-5aebc30cf778,1,1134.57,1134.57,2025-07-15
e715dee1-ea8f-4070-9861-77969ab4c2cb,1,197.83,197.83,2024-02-03
e7183f5e-435a-4dc2-ac6e-d21b242f5e2e,1,1424.43,1424.43,2024-06-03
e71bef25-7f5f-4a16-958e-d5c101fdc5af,1,1208.52,1208.52,2024-07-27
e72f3acb-a16c-45eb-874a-abc61e9c4a25,1,935.68,935.68,2023-07-04
e732a683-6d64-419e-b913-d8e89594a115,1,1859.98,1859.98,2023-11-27
e734227a-cdd0-4b25-abbe-4eba4ceb6fe7,1,1680.85,1680.85,2024-12-26
e737d84e-8349-4a68-8595-204c4865b03a,1,299.24,299.24,2024-06-27
e73ca02f-73f1-4ffe-a8ff-da2b3d4cdf7e,1,1298.55,1298.55,2025-11-10
e768aa36-1f6f-4c17-98b8-e6c5cef81de1,1,626.65,626.65,2023-06-05
e7867bbf-0136-4f98-8a5a-62d3ec9fba0a,1,51.36,51.36,2025-06-05
e7927c36-33f9-476b-872a-5b8c39832fbf,1,2280.55,2280.55,2025-03-10
e7a4e064-c531-4074-9bd1-e92c9ca32e67,1,36.94,36.94,2023-10-25
e7c922cc-09af-4014-9129-b8fde38122c7,1,30.75,30.75,2025-08-30
e7daacc9-48b0-4d61-a8c2-579ffe7e8f5d,1,2172.79,2172.79,2024-05-17
e7e1e12a-a917-4719-b073-201f46a7a82e,1,851.87,851.87,2023-05-16
e7e20d8d-3e2b-4737-ac46-2d8b581c3608,1,933.94,933.94,2024-10-06
e7ea85d8-95fc-4e19-8b43-b01975498dae,1,850.96,850.96,2025-10-17
e7f2418a-953f-4fd4-a069-4b6d04b51c12,1,872.76,872.76,2025-02-04
e8053392-2d12-494e-b63e-7fe19d0ede28,1,463.66,463.66,2025-04-07
e821de9c-1e9c-4287-8a10-14675f1a0e50,1,1468.24,1468.24,2024-02-29
e8417f7d-7c7e-4e90-a7d4-71e9005a89ef,1,1581.84,1581.84,2024-06-25
e84e3bd6-753b-446c-8264-9cacffc7b392,1,499.29,499.29,2023-02-25
e84e3e46-932a-45bf-a453-474612113363,1,507.81,507.81,2025-06-22
e84fc871-de89-4181-a99c-10dbdb44b8de,1,276.44,276.44,2024-01-01
e8623a5e-8c72-43ba-9205-aa60fdc135ed,1,382.00,382.00,2023-12-17
e86bd846-b55e-4dd5-96c2-8ce66025a26e,1,717.24,717.24,2024-07-17
e86f8bd4-cda0-4cab-aa90-c9c8cddb8f2d,1,117.54,117.54,2024-09-23
e877ba23-cf63-4f5b-b0d2-9556d87d6475,1,145.65,145.65,2023-07-09
e8858968-2a1f-4485-9e40-4175345f8050,1,1328.86,1328.86,2024-09-12
e8999dee-ec97-4643-97fc-9b1735a4a053,1,418.39,418.39,2024-01-03
e8aa1ab9-dceb-481a-96c6-d1040ac9eadc,1,422.76,422.76,2023-02-28
e8ad9302-5842-4418-b9d3-4ac5c5425acd,1,1091.73,1091.73,2024-04-15
e8b9c59c-bc3b-439d-b40c-e9a318bb1b9b,1,74.33,74.33,2024-07-05
e8c4b5a3-30fe-4fd2-8073-fbdccd06d0e6,1,462.16,462.16,2023-03-15
e90514d0-4280-4b82-8b28-8a7b5de577c4,1,72.25,72.25,2025-07-10
e90f9565-934a-43c8-8340-5061984a00c3,1,176.63,176.63,2024-11-17
e9139562-34b8-4dc0-a00c-a70ed3739793,1,56.43,56.43,2024-03-20
e93c2aa1-4c71-4424-90bd-724d7b5bba48,1,1011.46,1011.46,2023-11-18
e93df3c4-053a-461e-9257-f9f2153adbf4,1,289.62,289.62,2023-10-27
e93f7e4e-3cd9-4777-babd-9bd21b3cdf2b,1,844.48,844.48,2024-07-26
e95b6461-c35f-4e4e-822c-d1cd42a080ef,1,383.76,383.76,2023-03-22
e9727d2e-1192-4ffa-b2ec-2bc5e38d104e,1,1011.90,1011.90,2025-06-19
e99f816d-2927-4870-9338-dbcfa2e93a9d,1,412.11,412.11,2023-02-21
e99fa103-474c-4b5f-a4dc-9a0b203de3b0,1,921.58,921.58,2023-09-17
e99ff3ca-1870-4054-bad2-59dfc708be8b,1,1966.84,1966.84,2025-07-28
e9b89caf-8a93-4d39-813d-3c538cda74ec,1,393.02,393.02,2025-09-02
e9c74cd6-2128-41ac-a0ca-4b4c2e3cefe0,1,217.25,217.25,2023-04-12
e9cb5776-51d5-4043-8f0c-9fbe8f700a96,1,538.45,538.45,2024-07-14
e9d1b837-b519-4092-9352-a1211f30df05,1,145.02,145.02,2023-07-24
e9d2fa12-e8c3-4491-b504-990af74dde68,1,1058.26,1058.26,2024-05-11
e9f24dba-13fc-4494-b8e5-c6601ed60796,1,426.88,426.88,2023-08-06
e9f66b89-cbe0-421b-8145-0c9b56717057,1,1250.64,1250.64,2023-11-29
e9fc67c0-ea02-4c8c-b179-e9829bec5c86,1,451.89,451.89,2023-10-07
ea1197f6-bf67-498b-a280-15820e074ee9,1,382.13,382.13,2024-07-24
ea164b91-f3a0-4aaf-a852-8d4875225396,1,273.89,273.89,2024-03-10
ea1c7fd1-bb14-4353-96c2-fa5864763622,1,1187.60,1187.60,2023-01-07
ea2aaae9-60a6-4e36-85d9-6457a10db698,1,116.55,116.55,2024-05-03
ea3f40e7-cc59-4f6e-ab70-b7e919b691c9,1,355.22,355.22,2023-05-04
ea42fcdd-5791-4844-9d96-ba21b2e7a7e6,1,110.56,110.56,2024-09-11
ea468cd2-0a8e-4a0a-8d6a-8c853e4a9853,1,1682.59,1682.59,2025-11-03
ea4cd607-8e48-4a8c-a3e4-79461fcfcb8e,1,238.85,238.85,2025-03-19
ea4fb08e-6fbe-4ae1-ae4d-c918521a880e,1,442.21,442.21,2023-06-27
ea5a52e4-9830-48e4-97d6-dbfe7572c337,1,1918.10,1918.10,2025-02-13
ea5b3bcd-e068-4420-b8bd-727a68c4ecaf,1,345.84,345.84,2025-08-04
ea610895-da65-47e3-9ad2-2e5b95a093a7,1,82.51,82.51,2024-05-05
ea7dbecd-e06f-40d4-af53-5f89e401ce0f,2,2237.82,1118.91,2023-01-06
ea818a10-bfa9-4ecd-b6f1-310e92347bd6,1,227.18,227.18,2024-01-21
ea8b31f5-ccae-48fe-94eb-8e20af7c7d2b,1,196.42,196.42,2023-03-27
ea8c988a-cdee-4bbc-98d4-c81bf89dab0b,1,208.71,208.71,2024-04-17
ea993df0-9af1-4aea-8e5c-d243b0054358,1,1254.01,1254.01,2024-06-14
ea9a5102-4557-41ab-9422-8d75e0d0734f,1,179.76,179.76,2025-09-05
eaac53de-c51f-4535-b5b6-20c328cb9da1,1,978.93,978.93,2025-11-28
eac04858-b4d7-4748-b3f8-33d35db58cdc,1,432.72,432.72,2023-10-21
eac1e888-de65-4815-8a50-74f307960260,1,696.16,696.16,2023-03-26
eac59504-4075-463e-9900-8c66ce9ccae5,1,423.86,423.86,2025-07-01
eaf1ea5c-14a3-4e19-acf7-8256f6585975,1,1109.73,1109.73,2025-04-21
eaf8905d-0224-42aa-b547-912483e56206,1,504.45,504.45,2025-07-28
eb0407b7-7dcb-4d3f-8959-cea1b792c9cb,1,548.00,548.00,2025-07-30
eb125723-edd9-4249-a6f8-f882b907be84,1,966.53,966.53,2023-10-13
eb2387b3-6606-4857-bd85-1d4010d7115a,1,1689.29,1689.29,2024-08-10
eb3a4a37-f7b7-4b26-8b11-1d734ef78764,1,447.76,447.76,2025-03-07
eb543234-30d1-4d32-8eab-57ffdeb847e8,1,709.40,709.40,2023-07-08
eb66cedb-b691-4877-97dd-145e074b2e75,2,1838.76,919.38,2023-06-07
eb68e020-1924-4a3c-9264-2dcdd8614b58,1,459.67,459.67,2023-05-01
eb7157f0-e5d1-4d75-ac69-d4c03f4c4bee,1,289.64,289.64,2025-09-04
eb78002c-b82c-419c-9650-69b53b9d4f5d,1,320.91,320.91,2023-08-28
eb8a7cf0-f820-4b34-9a67-28c3a546e95b,1,295.80,295.80,2024-09-18
eb99ec9f-ec3c-4e2d-9060-f6dee1ffa16e,1,653.72,653.72,2023-12-26
eba59ca9-827e-4b0b-be1b-a26531702990,1,473.76,473.76,2025-03-11
ebd0d97e-0f08-4fbf-af19-18b51e8719a0,1,953.18,953.18,2024-01-11
ebd2a60e-b7e0-4c29-a555-3d490a8021c8,1,956.04,956.04,2024-09-10
ebe8cac0-9204-4f3e-a8a7-ed7da585744e,1,642.20,642.20,2024-10-05
ebe90057-be2a-4bef-b9a7-2adec571ff4e,1,1660.87,1660.87,2024-09-28
ebf23019-3023-4a61-8468-02d42ee1b3dc,1,1152.16,1152.16,2024-04-17
ebf4a80a-0473-488b-8219-17cc3a9dc781,1,259.40,259.40,2025-12-18
ebfb7179-1fbc-49d2-bae8-d68a4b7215b1,1,71.74,71.74,2025-03-21
ec084346-882b-4051-a54d-1d36808576f2,1,900.79,900.79,2023-03-21
ec0a9fa5-713a-40db-ad56-f480a68f48f4,1,1669.72,1669.72,2024-08-30
ec331e24-f83e-4424-a953-3e74edb07bca,1,1239.60,1239.60,2025-08-29
ec47409f-e3e8-40fa-a190-06c000f036b0,1,909.54,909.54,2025-06-07
ec4ba0d5-259a-4210-8d61-79c411f6cad3,1,663.45,663.45,2025-03-17
ec5464a1-8773-4e8a-b013-d7625d4a2b4a,1,85.65,85.65,2025-10-05
ec55bbbf-2ef1-4fb7-8489-2fe0c4f31cf1,1,244.84,244.84,2024-06-11
ec58c1c4-7f15-4753-94f9-a7cde3d7954f,1,564.63,564.63,2025-04-27
ec63cef8-d657-484f-883f-b301f3401e5c,1,469.29,469.29,2024-03-01
ec6efc34-e8a6-42aa-8779-b08a9997fc63,1,452.86,452.86,2025-07-21
ec7dcbe8-51b6-4a00-98ce-caf0a5726ac5,1,450.32,450.32,2024-02-19
ec86a890-d7b0-4bdc-966e-3cbe9aea622f,1,792.78,792.78,2024-04-08
ec8ef28d-44d4-42e5-9254-3531c8fbbbc5,1,437.07,437.07,2024-04-08
ec909bc8-e2c8-4ce0-85f2-f2300b4370e8,1,37.60,37.60,2025-05-07
ecae7ebd-0e5f-4db6-984a-ef791f83f24a,1,340.32,340.32,2025-05-28
ecc94063-4d79-4623-ac0d-430f16cb573c,1,1614.06,1614.06,2024-09-20
ecda9c6e-93a6-4be4-80bf-af5ce9f6bc46,1,935.56,935.56,2024-08-25
ece3738d-1285-455c-a753-11414352322a,1,284.51,284.51,2025-07-15
ecea934f-263d-479a-83ba-c96e3c8f5a90,1,153.99,153.99,2024-12-31
ecfdc7ec-06e3-4095-89c9-fb449ad25103,1,667.95,667.95,2025-07-17
ed1bc2d9-9c28-454e-96ed-21ffc233361b,1,44.52,44.52,2024-08-30
ed20e734-0430-409d-b922-80ac7dfd523d,1,625.38,625.38,2024-08-12
ed3fa2a2-8eb2-452f-8f5b-2740520bacdc,1,700.71,700.71,2023-05-24
ed4bec3f-0aa3-41a2-aa2d-e9b9e52744e1,1,537.23,537.23,2023-06-25
ed4e2b23-620b-4d5e-919d-d3494ad86a06,1,1163.03,1163.03,2023-10-14
ed6dfdb6-0f38-4edc-9dcd-5f34e8b79f9f,1,346.65,346.65,2023-05-02
ed83cef6-f857-4817-8b59-575c5f7db347,1,1688.04,1688.04,2025-11-20
ed9384c1-2a9f-4a5a-9e61-af453cd76bc9,1,526.59,526.59,2024-11-28
eda676a8-a9d5-4a31-87d4-99fd78dc28b7,1,230.45,230.45,2023-12-09
edb3a9b4-22f3-46dc-a8a3-dd24f803ccbf,1,2144.45,2144.45,2025-11-28
edbc36d8-9a30-4096-9977-66bea71c8948,1,183.07,183.07,2023-10-09
edcf79dd-7e26-44ae-9997-6388742bf60d,1,272.55,272.55,2024-08-15
edd32be9-2905-4dd7-877b-1426b73c62ab,1,1361.10,1361.10,2025-09-25
edd7baa9-038e-4673-ba5b-726883ebdb05,1,1793.00,1793.00,2024-04-11
ede4b7f6-6c0e-46e1-a916-85747002450a,1,1799.16,1799.16,2023-05-10
edecae6a-68ee-4fdb-8054-a1debd40659e,1,659.36,659.36,2023-01-16
edfe5c58-5605-42fc-a60c-c6cd3a127b93,1,755.52,755.52,2025-10-01
ee01c05e-6cc3-4514-9257-e28815d48ee8,1,515.80,515.80,2024-09-02
ee260218-577c-4ea1-855f-468f9c401f8e,1,144.24,144.24,2023-10-19
ee27e2de-e850-4880-9077-5ad553e7b9a7,1,1467.30,1467.30,2023-08-24
ee2f4e50-5328-44e5-a707-d0f00e953e25,2,1121.84,560.92,2024-07-18
ee3720a2-96e0-4443-9892-d167e382e107,1,675.52,675.52,2023-11-27
ee3e2b23-40d5-4971-9239-d9b4c2358189,1,831.96,831.96,2023-08-21
ee4856af-0c4d-40ce-8ab6-a3373f1d8405,2,813.84,406.92,2023-04-27
ee608e1f-7f64-40ae-b846-e85d6627cd56,1,1373.31,1373.31,2023-01-17
ee823f36-2de6-44f5-a798-1259719be0ca,1,505.36,505.36,2025-11-03
ee8749ab-6cd2-44e2-b683-35eeb9247dfb,2,902.50,451.25,2023-06-08
ee90112f-abf4-49aa-a777-205378efb790,1,1066.95,1066.95,2024-03-15
ee906cfe-bda0-4104-848a-441e7cafb69b,1,57.08,57.08,2024-09-24
ee9ba9f6-6949-4c3d-a3f5-fe538b611bbc,1,118.00,118.00,2025-07-01
eea04d1a-78a1-40a4-8464-7aed90704cfb,1,2072.50,2072.50,2025-08-11
eea3316e-b1a7-4a11-84b5-7bb8f37b8d86,1,1108.98,1108.98,2023-07-24
eea6c6c7-a54d-4e8e-bd5a-7ee32c6765df,1,1130.88,1130.88,2024-02-24
eebea50d-5a6c-433e-af5f-8913d13a962d,1,557.75,557.75,2025-08-16
eee38f3e-ec98-4abc-89ee-69ae9af63bc3,1,1438.44,1438.44,2023-05-23
eef29a4c-3ed0-4ae3-b6c0-b07490490d09,1,2070.10,2070.10,2023-08-27
eefaacd2-6263-48fd-a159-cf7f8be0685e,1,269.46,269.46,2024-03-21
ef1ed1a0-591d-4edf-b206-791dd578128c,1,487.34,487.34,2025-09-05
ef2eea84-41a2-49fd-8f0b-0227a1c1c07a,1,1764.72,1764.72,2025-01-23
ef4531dc-ac9b-4b56-9487-18a0d755db73,1,173.43,173.43,2025-06-12
ef45c6ef-686d-44da-9af1-e92c025e9ed9,1,547.71,547.71,2023-02-23
ef57073f-9480-4065-b04c-9d0b155f4086,1,227.84,227.84,2025-01-30
ef609bc6-f0f1-4a53-b5e8-bbd4eb1feef5,1,24.83,24.83,2023-05-23
ef6791b6-6946-4a1f-bf8b-f62b3f9b1b1d,1,103.00,103.00,2024-08-18
ef6ee4b4-dbdc-4460-8e59-09d7880753ad,1,1182.03,1182.03,2025-04-24
ef746279-abfb-40e4-81e6-c7910c45af70,1,1716.90,1716.90,2025-12-11
ef9be032-3255-4431-bff4-3db29497477b,1,922.94,922.94,2025-05-03
ef9f7c79-9b37-40ab-9b58-2e9ec8ab2ea8,1,395.72,395.72,2024-08-02
efa5cf36-e7d4-4742-b916-8e444347abf9,1,1494.92,1494.92,2025-11-17
efa8c7a7-2956-4c67-a6ff-b2a15ddc7abb,1,387.71,387.71,2024-06-17
efab64b5-2702-49a1-80a6-a43b1a3710ae,1,308.64,308.64,2024-02-01
efaf272d-69b7-4cc7-a8f5-8d016109234e,1,877.96,877.96,2023-06-20
efb1af4a-38f5-4bdc-a1c5-6346003eb0b1,1,120.59,120.59,2024-05-04
efb33c41-a1e7-48f2-85f6-868b3b05ffa2,1,581.66,581.66,2024-01-18
efb46829-a8e3-42ca-a7ee-92a99cb07e44,1,675.36,675.36,2024-09-20
efc44d72-39b9-48e6-9ef8-2b0da14cb296,1,393.85,393.85,2024-03-13
efc69a91-fe60-47d0-b7a6-ff08c538486b,1,2078.50,2078.50,2023-12-13
efcde67b-d217-43e3-bdb9-9432f7447d89,1,769.54,769.54,2023-04-14
efd1482b-7015-45c6-874e-dfd607fa6936,1,795.60,795.60,2025-08-09
f0113876-72c1-4c56-a3b7-367b3d55489e,1,646.60,646.60,2023-11-07
f01670fd-7e67-40e2-a811-b7ebfe8c3938,1,1512.24,1512.24,2023-12-29
f019d98d-b590-4d58-9f5d-27e9e18253b1,1,2376.35,2376.35,2023-09-09
f025bd70-ab1e-46b7-9c4e-3ef222d5df3d,1,2215.65,2215.65,2025-03-28
f0383a42-003d-47b1-bfd5-c458e92ba5e9,1,97.49,97.49,2023-08-11
f038525d-ffcd-4dbd-96aa-a79425f0994e,1,272.24,272.24,2025-12-18
f03cf8e4-f42f-4ca3-9d19-b3a47a453fdb,1,356.80,356.80,2024-09-11
f048fc39-dbca-4cfd-8161-e369ebd44c37,1,784.33,784.33,2025-01-03
f0636972-c737-427a-9e34-106afa902bfb,1,613.68,613.68,2025-11-02
f06e6597-5bf1-457c-8af9-31dcc1cf39ea,1,983.95,983.95,2025-01-06
f08e93cd-d638-4944-8352-4d9d1e1aaee0,1,722.05,722.05,2025-12-21
f099fb0e-baca-412d-85d9-aa8b90674a08,1,26.04,26.04,2025-08-24
f09a55a7-f289-4554-9f16-0ccd1dd22fda,1,544.62,544.62,2025-11-03
f0a968a6-aea2-449e-bdc2-c940fa26897a,1,1669.44,1669.44,2024-07-27
f0b3ba86-0d07-40d0-b09a-04e8979ab104,1,1400.38,1400.38,2023-01-24
f0bed2cb-2a9a-4870-93de-91789db59d84,1,417.20,417.20,2025-10-16
f0c3c3dc-a885-4f61-81f2-11d7153db7db,1,289.04,289.04,2023-01-04
f0df1708-65cc-4686-a7d5-0d916ef8051f,1,1977.95,1977.95,2024-03-28
f0f23d18-07d8-4b22-8040-0151944b4d33,1,322.22,322.22,2024-02-24
f1008f68-a35b-450c-aee9-e2b9bc0469f2,1,26.42,26.42,2023-06-03
f105c2d8-7acc-4c3b-b90c-a4475352db34,1,2152.60,2152.60,2025-12-10
f10dffb6-f8c3-453e-b6cf-c4c4c8026a45,1,1480.50,1480.50,2025-11-13
f10f4140-6aa2-4cc7-a8d0-0c769bdfd91d,1,441.80,441.80,2025-12-02
f10f5e2d-af35-4d31-b14d-bbab3b591927,1,431.33,431.33,2025-07-23
f112a09a-c601-4f8c-b5de-6c97c623db71,1,17.16,17.16,2023-08-25
f1164f45-97e2-4dce-8710-9bd2e373712e,1,281.09,281.09,2024-12-28
f11a09e5-1c37-4770-ab5e-6c3d5f8c8e9b,1,213.03,213.03,2024-11-09
f139df30-0b7c-4108-80b4-0761f08717cb,1,397.12,397.12,2025-11-30
f15e6976-6343-4154-a3fe-37bd904b9616,1,193.88,193.88,2023-09-24
f16651bd-1346-4353-a0c3-1350d86c0de5,1,532.61,532.61,2025-04-17
f16e09b5-d96b-4d4e-acc6-34234167a8cc,1,1092.42,1092.42,2024-10-03
f16f74a0-587e-40e0-8542-07b09b0fb8ce,1,336.15,336.15,2023-11-01
f1758208-2e29-4386-ae89-6265847aefa5,1,1384.84,1384.84,2023-05-30
f17ff4d8-cd02-49b7-9147-a17d71e3b64b,1,474.04,474.04,2024-11-08
f186e47a-a794-4320-8cf6-e8b87fd238c3,1,456.52,456.52,2024-10-01
f19ba98d-3814-4caf-885f-8a0851a7cc62,1,191.04,191.04,2025-01-30
f1a1fe41-76ef-4c6a-86e4-743950df607e,1,46.99,46.99,2023-07-25
f1b46b8c-2d97-443a-98ee-0e5cb362fb84,1,1580.80,1580.80,2024-01-26
f1ebd811-ebad-44c5-b778-827457c62155,1,227.42,227.42,2025-04-30
f1f58294-a66c-43f2-87f2-b5814809c026,1,364.25,364.25,2023-06-06
f1f5a477-1474-44cd-bc47-3155dc2fa969,1,382.30,382.30,2023-07-12
f204be89-4a4b-4563-8cf4-77ef18c8a616,1,1277.50,1277.50,2025-10-20
f20da490-e36f-4f3a-b8d3-80ca90e07b7e,1,1669.72,1669.72,2025-06-28
f2203acf-8eed-4d34-b384-3346945f4281,1,1646.12,1646.12,2025-06-09
f253c5ea-e496-4033-9c69-96783fe2c214,1,283.74,283.74,2024-03-10
f2553659-5232-466f-a891-a19885035630,1,415.17,415.17,2024-04-22
f2859cd2-cdf9-409a-9eb7-9d9ed3ad30e0,1,529.54,529.54,2023-01-26
f295afdb-dbe5-4057-8832-0ec29408d639,1,1596.35,1596.35,2025-08-23
f29e5b1c-99db-46e7-848c-a532a38ae71e,1,1414.85,1414.85,2023-03-04
f2a2070a-292e-4d95-bb3f-9c93a881a5bb,1,367.75,367.75,2023-05-08
f2a2a958-d99e-49eb-869d-c5a7f7983520,1,1088.03,1088.03,2025-06-08
f2b31bb5-8bd2-4305-8f10-57ddf55255e5,1,1067.55,1067.55,2023-11-20
f2b973d1-1fad-4075-b768-7f27ff8b3b0a,1,391.18,391.18,2023-07-14
f2cb9995-2557-4c31-9d86-2a59afad4bdd,1,1016.22,1016.22,2024-10-16
f2d058ca-7b2e-429d-9f80-bd12299606d2,1,1170.03,1170.03,2023-08-22
f2d3f761-0ba3-4279-94cb-056407437c3b,1,192.99,192.99,2023-09-28
f2df8f17-1d5c-495c-95a4-d81baeee0e2c,1,217.48,217.48,2025-01-11
f2e3c6db-ac3f-4cd7-9756-3839559a822e,1,442.75,442.75,2024-03-23
f2e3f818-5d8a-4c2d-a76e-34788b19d195,1,1612.55,1612.55,2024-10-28
f2e9984e-99bd-4dcb-8f78-4fb7db004526,1,625.00,625.00,2023-10-25
f2fc1aa4-480b-4c56-9881-19cbba9e7071,1,289.36,289.36,2023-02-02
f3202dac-657b-466e-ab72-c78f4e7f014a,1,1469.75,1469.75,2024-10-19
f32491e9-9357-43d1-805f-4cbf93c0d448,1,333.91,333.91,2025-10-19
f32d5478-afd9-4ca8-86da-9c40a67015ac,1,1312.60,1312.60,2025-06-09
f3367455-d6e0-40b3-8542-3494e26a3364,1,1266.49,1266.49,2023-04-10
f3408741-606e-480b-aec3-c60aa09c2594,1,506.83,506.83,2023-11-19
f34b6900-146d-492f-bc4d-efb0cae47c05,1,531.79,531.79,2023-10-26
f350b1aa-756b-4367-bbde-74d5d62e2276,1,583.56,583.56,2025-08-31
f3612f34-1783-4035-9aa4-aa06d74cc026,1,149.85,149.85,2025-08-30
f3adea7d-245e-4eec-8f6b-95506a2f7860,1,203.58,203.58,2024-11-18
f3b092b7-3364-4f27-bb9b-04e7d490e1fd,1,1202.70,1202.70,2025-04-21
f3b22dae-5aba-4e9f-867a-e42f464f05df,1,99.66,99.66,2025-08-02
f3bf1db3-0bc5-486f-90be-db84526a523e,1,174.99,174.99,2025-02-21
f3cd0681-81f7-4175-9f59-bdecf7b453f5,1,1054.34,1054.34,2024-06-15
f3d5a5a8-85f4-4bbc-a714-710970f1c61b,1,732.46,732.46,2024-11-24
f3d5f858-88a4-4745-a155-467b806eed0e,1,596.70,596.70,2023-08-04
f3d6b9f2-d4d7-40ca-b08d-16769d09a404,1,513.10,513.10,2024-07-12
f3d95352-ec64-4e98-b17f-be611b0ca9c5,1,143.77,143.77,2024-02-29
f3dc9c56-5d53-42c8-9e23-89109983d568,1,451.65,451.65,2023-01-12
f3f2f142-3817-4cd8-b584-78446a182068,1,644.52,644.52,2023-12-24
f3f869a2-b17f-4a96-9731-3195b6f2df85,1,1825.40,1825.40,2024-05-14
f41facd1-1344-42f6-869a-cda367d73e57,1,1169.72,1169.72,2023-01-21
f441d92e-321e-4450-b630-40dc76c1db25,1,334.06,334.06,2025-08-19
f44f3085-003d-4fcf-a78c-22c81263ead3,1,198.75,198.75,2024-02-25
f4564728-3c73-416e-aa0f-1d92c431cbe5,1,1772.02,1772.02,2025-09-15
f45dbbd1-e021-43f9-b04b-dd28ad20aba4,1,1264.52,1264.52,2024-12-11
f477caab-c2e3-494a-9fb6-4946ae9aeae7,1,214.71,214.71,2023-06-22
f48e9f04-9612-412d-8c68-3a9bcd103252,1,612.52,612.52,2024-04-24
f4acc7e2-fa57-4cea-b957-134490a4a421,1,1647.72,1647.72,2024-03-09
f4b881b1-a40f-4883-be23-ec28b1ea56f0,1,384.15,384.15,2025-05-31
f4c3a4de-3106-4b75-9fe9-70ca1f1e01cf,1,421.08,421.08,2024-01-31
f4c80445-e2d1-4d4c-b3ef-757622a82fff,1,798.77,798.77,2025-11-10
f4d864d7-f72c-4d7d-a2ea-e3e89f1fc0b8,1,1097.30,1097.30,2024-04-01
f4e1048a-f417-4dc9-b954-018b6be4d062,1,1408.77,1408.77,2024-02-07
f4e7b21f-1d65-4b22-b919-410ed899e84e,1,276.56,276.56,2023-02-24
f4e95734-5052-4700-a077-96a38685abaa,1,387.47,387.47,2025-04-12
f4febffa-1b63-4b2a-aa25-a4e8683f6225,1,454.61,454.61,2024-02-18
f50a615b-2e13-480c-baf5-0c027fa61547,1,1013.28,1013.28,2025-12-08
f511365c-759e-4b26-8c2a-e513ad5595a5,1,438.45,438.45,2025-06-17
f516470f-2548-42e0-86bb-0c437bae78c2,1,18.75,18.75,2025-07-25
f51cf3c0-d9ab-4ec0-a1a4-818d8c641217,1,897.60,897.60,2025-09-01
f5282b37-8c97-4c5c-9309-cd561ad9ee47,1,251.04,251.04,2023-03-09
f52e8022-f912-40a5-bbb4-3f949446aa2d,1,761.97,761.97,2023-06-25
f5348c17-cd2f-4a12-b985-f1de16f8a267,1,1000.10,1000.10,2023-09-03
f53d488d-e994-4cd2-9ab9-5b799f76385e,1,857.36,857.36,2024-02-23
f5513c8b-dc51-4835-88d0-a87178d2ccaa,1,494.24,494.24,2025-05-31
f557a14a-4daa-4225-b5be-f16126be2bea,1,321.58,321.58,2024-05-09
f558d6ea-dd7e-4333-aa53-990d80e1caa2,1,324.97,324.97,2025-11-12
f56febb1-484b-424b-806e-10295b4d5bbf,1,13.65,13.65,2024-08-06
f57d43d4-d294-4cfe-955a-7a63ea315920,1,501.84,501.84,2023-12-03
f57e6f5d-00e9-4548-b178-0a92e6eeba72,1,1469.72,1469.72,2025-10-05
f586a744-d249-404b-a636-c7ffe060036b,1,1253.32,1253.32,2024-06-15
f5b68a44-f4ca-42a6-a4b2-6f7546011655,1,208.01,208.01,2025-12-21
f5f6cef2-5345-48bf-a4b4-5afab7ab6d77,1,359.21,359.21,2025-08-24
f5f71def-2318-45c6-a3c3-ecf705a4702b,1,483.67,483.67,2024-09-21
f60d02bd-c37f-4d73-855f-e0c6dde677c1,1,705.22,705.22,2024-06-11
f612a408-b7b1-4bd0-a1ec-21513a6b1f24,1,1755.22,1755.22,2025-10-01
f6204f2d-2f33-4232-a27f-df4009bcc25a,1,2337.62,2337.62,2023-05-24
f62f7486-bfb6-4261-b70c-a09a809c2262,1,544.05,544.05,2025-10-12
f63cd029-1457-42a4-af94-3bb6a9889449,1,343.85,343.85,2025-12-14
f63f31f7-8ecd-4e33-aa3e-948e5a81a1c5,1,358.17,358.17,2024-03-04
f646ecd0-52ad-4518-8e74-dd164fe45fbb,1,2064.51,2064.51,2023-04-15
f64a3ec6-c058-4572-a8d2-011695f666fa,1,346.28,346.28,2025-05-20
f65a9197-fcc0-4bd2-aaf1-645193d5125a,1,707.98,707.98,2025-07-09
f668178c-9f6b-4893-bec5-e67ca14b1c0d,1,787.18,787.18,2025-03-22
f66c7331-a172-4ee3-83e1-847c8420e0d8,1,1049.37,1049.37,2025-12-30
f6785768-2c65-4208-9948-bccc565b3cb1,1,1943.95,1943.95,2024-01-29
f682349d-4c6a-4a82-ba65-e451a0efc206,1,1851.20,1851.20,2023-10-01
f6a0ee8d-7870-4e4c-896f-ff65685a712d,1,282.21,282.21,2025-09-01
f6b9d4ca-5bc6-4796-93b9-846bd41f1324,1,754.78,754.78,2024-11-27
f6d7607d-cea2-4164-a039-18313fd915e3,1,1795.76,1795.76,2024-10-24
f6e920ac-3733-4608-bc3c-bbb94c63c61b,1,1031.63,1031.63,2024-01-02
f6ee88fb-5d81-4128-a424-75b136a3f5a3,1,1995.52,1995.52,2023-11-01
f6f5552d-266e-4626-9723-559884bd25ec,1,133.51,133.51,2024-01-12
f7062f38-5ab7-48e7-ba6c-2d922190ad33,1,126.17,126.17,2024-07-26
f7119360-be88-4244-b0ab-ce82b58a3648,1,1950.08,1950.08,2024-07-08
f7130d71-ec33-4dd6-bf42-b289af709f80,1,797.22,797.22,2024-01-15
f71e8e41-8075-40cb-9a83-362f9e9f9a73,1,837.95,837.95,2025-08-29
f721eaa3-0d5e-4a0b-bfba-30b1ded711b7,1,730.20,730.20,2023-03-29
f731e8db-4972-4cf8-8525-f35944af95d9,1,305.31,305.31,2025-01-07
f75efed8-2d6b-4953-8fea-d84ec98cfd48,1,1406.32,1406.32,2025-07-07
f7797551-298a-4b44-b349-9a5e1cc4ec86,1,583.71,583.71,2024-02-24
f783fd33-18ed-4c57-8a0a-056b18316028,1,346.24,346.24,2023-05-17
f7b0cc65-3846-4e86-9cc2-b33f5fab816a,1,894.47,894.47,2023-09-05
f7b471d6-df48-4923-be0b-38e546a8a0b5,1,615.81,615.81,2024-11-03
f7efce80-bbf6-42f7-9baf-a1a7b74e085a,1,405.90,405.90,2025-09-02
f8134e00-05f6-4fde-9f10-c67f55350761,1,101.33,101.33,2025-06-24
f817d46b-b351-4be8-9971-c1399ec8956a,1,346.82,346.82,2025-08-07
f8355228-2cbc-4b86-88cf-82437b65ff3f,1,547.01,547.01,2025-08-11
f838de92-f1e4-4db5-8bc2-ea1c69a4571b,1,357.60,357.60,2024-01-28
f83cad25-6468-4486-8083-ff044cf4b3de,1,820.89,820.89,2025-03-21
f8434845-8032-4ee2-a5f2-d47ebdd427f3,1,273.84,273.84,2023-07-25
f84ceda9-ed3a-4308-9608-f4685200c3d2,1,48.20,48.20,2025-08-23
f85c49cf-844a-44b4-87a4-f60ae94bfee9,1,394.31,394.31,2025-09-10
f8644f2f-ddfc-45c2-b72c-74985a15fc95,1,949.59,949.59,2023-08-10
f875bcd0-ae30-42c5-b411-a25794fbb49c,1,858.86,858.86,2025-09-02
f88c2664-01bc-475c-9cdc-23fc50805bbf,1,242.86,242.86,2025-06-03
f8931f74-a3ee-4ca0-a742-d054a55d2641,1,189.11,189.11,2023-07-29
f8a2b913-51d9-402c-bc4b-89ba04e4fd49,1,326.89,326.89,2025-06-10
f8aa36b3-f101-4e55-a0f7-e6643744511f,1,814.16,814.16,2024-09-08
f8bfd445-c51e-4f3d-ab31-3a82fb50b8c8,1,427.10,427.10,2023-07-17
f8c7ca32-6310-4399-a4a6-990b64b5ece2,1,1175.07,1175.07,2024-04-06
f8cf0485-133d-4c8c-9d74-562edbafd4c9,1,233.91,233.91,2024-07-16
f8dfb1b8-88c5-4d12-9704-37cd7d708f8e,1,218.75,218.75,2024-09-30
f8ea1476-ee5a-4c08-8532-dbd465568a44,1,582.66,582.66,2025-10-29
f8eb51b8-5938-4971-b0f6-d8b690e65aa4,1,371.04,371.04,2024-06-25
f8f2390d-38eb-4c56-9b4a-5a768c1708b8,1,709.65,709.65,2025-09-13
f922add6-7186-4f6b-b8b1-d6d7e1e7b715,1,100.63,100.63,2024-08-20
f9533583-a07d-4fbc-8351-429480230815,1,627.55,627.55,2025-01-05
f958f9a6-4736-4cc5-ad5a-b0063a1dda1b,1,1242.91,1242.91,2025-03-05
f95df44c-e111-4434-bcf4-ea176f1e587e,1,421.12,421.12,2024-04-24
f96af2fa-b5d0-42dd-934a-532cf13043f0,1,902.83,902.83,2024-06-28
f972db54-73f6-4dd0-bf26-427b806ed6b4,1,153.36,153.36,2025-08-06
f980c29c-4b32-4b05-b4e4-8d5639f2eb71,1,1188.16,1188.16,2023-04-15
f9846201-90e7-4250-b86d-cb006f11a8eb,1,2310.50,2310.50,2024-12-03
f98fd283-e9ec-49b8-a6e5-dfe0ec11f240,1,9.99,9.99,2024-08-04
f9dafc66-3d60-40c4-915a-2848e3b41fe7,1,364.52,364.52,2023-03-08
f9dc2131-5b57-47f2-a879-d48dce0333f7,1,209.49,209.49,2025-09-26
fa0efa76-a448-4e55-9124-7a25124884d1,1,838.04,838.04,2025-08-29
fa1c7b4a-ab21-4471-9b19-af8d842b4424,1,817.40,817.40,2024-04-14
fa1e9f29-a03f-4e71-b40c-f9cbdd8919d5,1,1549.46,1549.46,2023-12-28
fa2c0f6e-a670-4a43-9824-a2e156557c28,1,1376.15,1376.15,2025-04-29
fa40092d-9504-4df5-a645-49cfbd2204eb,1,1482.93,1482.93,2024-09-21
fa48bba7-0496-47c5-952c-216a015583b9,1,666.10,666.10,2023-07-07
fa540f84-813a-463e-a291-ed24f07227ac,1,1295.45,1295.45,2025-02-20
fa57958d-5c99-46ed-a030-5edd3538674d,1,1380.50,1380.50,2024-10-05
fa61726a-eedf-4f78-9c99-4976008ec990,1,489.36,489.36,2024-08-01
fa6b2b3b-57ab-4b9c-8012-d01344c21fbf,1,966.87,966.87,2024-02-07
fa777757-915c-41d2-b5a8-3c62e3bb935b,1,1611.20,1611.20,2024-11-04
fa823ae2-bf0a-4b33-b642-6796fdbb7edb,1,96.16,96.16,2025-04-19
fa86516c-91ff-4eaa-8546-6870a976294d,1,315.70,315.70,2024-11-19
fa87fb09-6f26-424b-b740-eaf17e991651,1,2596.81,2596.81,2023-11-06
faada9c3-46ca-4fb7-ab01-4b6be21fb94f,1,395.34,395.34,2024-09-10
fab014c1-47bf-424e-870d-cc6ce777dac2,1,1424.16,1424.16,2025-11-12
fabf5972-b176-4788-bbd4-a82f6b69b696,1,31.28,31.28,2023-10-03
fac2de8b-d309-49f4-962a-f80e01ca939f,1,135.20,135.20,2023-10-27
facfe8c2-f84a-44ec-9515-e617fed907e2,1,307.93,307.93,2025-09-01
fae596f7-a6b8-4a4f-a246-96455954b354,1,646.72,646.72,2025-08-23
faf7e81e-373a-468c-97f2-3c1d25a0e12b,1,33.62,33.62,2024-01-31
faf9440b-f4ec-4cad-abc6-ec7a242f4c73,1,1058.16,1058.16,2024-07-24
fb37f89d-a68d-429d-866b-ba305269bc84,1,447.22,447.22,2025-11-09
fb3c320b-509b-451f-908c-e6f532c7cdac,1,509.56,509.56,2024-02-27
fb3fdcd4-605f-49bb-b3a2-5bcbf5a66d2f,1,366.58,366.58,2024-11-14
fb5498c8-a5ba-4edd-bf9a-2833d320d3b2,1,109.56,109.56,2023-09-03
fb624f1c-14b1-4cd3-b7f7-3151ecda2ea8,1,374.95,374.95,2025-04-11
fb756923-f910-4bb3-b105-32523990e2c9,1,155.52,155.52,2023-03-05
fba3273c-d660-48a4-90ab-ba83551cca64,1,1783.01,1783.01,2023-05-07
fba39e28-053a-4f7f-94f6-703ed6afee3f,1,1099.62,1099.62,2025-10-13
fba86e1e-34a1-48ba-9c7f-bd64ac5d2bd1,1,270.58,270.58,2024-08-01
fbc21364-7a7c-43c8-ad0f-775e8188fd5d,1,665.18,665.18,2024-10-14
fbc6e633-5b6f-49e0-a6bc-35aaa34ac905,1,320.38,320.38,2024-11-14
fbc9a5c6-e7f8-46fe-8c8b-2b58e6fdb144,1,444.89,444.89,2023-08-15
fbca2021-282c-4cb2-9608-62d18e9caef2,1,206.74,206.74,2025-09-01
fbca8a75-4eb8-413b-891d-2fd954f2532e,1,1396.60,1396.60,2024-02-20
fbdba6f3-003b-4ca2-9ba7-50f2c4b70f32,1,940.73,940.73,2024-01-17
fbdd12d8-4348-4ee8-91d5-0b98b1c8f06c,1,382.24,382.24,2023-07-28
fbde7e54-6280-4750-b3b9-95989a4d027c,1,2125.71,2125.71,2025-06-17
fbfd8d9a-3c14-423c-964d-5331e2b1ebcc,1,471.10,471.10,2024-05-21
fc106020-4973-46d3-9d05-11451d7bbb68,1,273.00,273.00,2025-05-15
fc125e15-60ea-4a7e-99a8-f5808fb78e04,1,222.73,222.73,2024-12-04
fc261a31-5691-4e98-800b-137f8a9cf5cc,1,1619.60,1619.60,2024-12-04
fc292993-6ab4-4c03-adbe-72e1be2540fe,1,608.87,608.87,2025-07-18
fc2d401b-c626-478f-921f-6459e15530c5,1,478.26,478.26,2023-05-31
fc3ae8c4-6efa-4e7d-b286-2eb111dd5af3,1,655.37,655.37,2024-08-17
fc5ae805-f2c2-4359-8e6c-ae97fa8279f5,1,79.29,79.29,2023-10-16
fc713b1b-e329-451f-8370-f6e705de7ead,1,227.42,227.42,2023-10-03
fc75de3d-d473-43b5-852a-2da70e00583d,1,1513.50,1513.50,2025-05-14
fc84382a-08f7-4961-9cbc-12e470c9a3d4,1,1107.80,1107.80,2023-05-02
fc8d23dd-45d4-400b-95b4-2a72ab8a67b7,1,967.44,967.44,2024-02-18
fc90898a-7543-4648-a846-19aa9ba7723b,1,1232.97,1232.97,2025-07-25
fca264f8-6977-464d-b58f-8c3207308432,1,78.53,78.53,2025-11-25
fccfe292-cd7f-4b11-bb03-27c971659d8d,1,322.32,322.32,2025-06-06
fce31861-ee98-451b-9a40-22e6a4e17c00,1,215.28,215.28,2023-04-17
fceaa43c-4965-4b0d-a772-03bd0f0d25cf,1,272.38,272.38,2024-10-02
fd2dd4e4-f17a-4c4e-84b3-725c567d8eb7,1,922.94,922.94,2023-08-06
fd32c920-b89a-45d4-bf5d-3e07036dda75,1,767.83,767.83,2025-12-29
fd43f429-7064-414b-8dc5-47c1f409ca34,1,355.96,355.96,2025-12-21
fd5f6e5f-acae-4508-9396-2be6f278cac8,1,1874.97,1874.97,2024-03-11
fd62d44b-d958-4a62-b4bb-7921901cf5ca,1,316.44,316.44,2023-04-08
fd854fa2-eb8c-4c85-9b13-5ce8dec8551f,1,2416.40,2416.40,2023-12-15
fd8dea94-6913-4df6-9e7f-99ce02cabb95,1,977.08,977.08,2023-04-04
fd9874ec-d27a-4ee6-8226-b2dce60a4bde,1,667.94,667.94,2025-05-04
fdadc7a5-07ac-4f99-b886-3ec66769c47a,1,1161.12,1161.12,2024-07-26
fdbcb7e2-5da7-409f-abea-b9d7e798054f,1,996.16,996.16,2025-12-13
fdbeccd2-13b5-46eb-b41b-ca37d9f94c01,1,1062.24,1062.24,2023-03-26
fe0129cb-a835-41b5-b0e8-025f82985eac,1,116.55,116.55,2024-06-08
fe0f4163-243b-43d8-a2c9-7eff6f1b0b30,1,782.68,782.68,2025-11-13
fe127bc2-5d7e-4d89-8e29-e60f4f2e0518,1,1324.04,1324.04,2025-09-15
fe15ea25-15b2-4724-8b15-ad469f2a6cef,1,91.26,91.26,2024-05-02
fe1be3e9-bee1-4c65-b7a3-19c6619c4a06,1,1702.83,1702.83,2023-06-21
fe290032-68c3-4565-a5e2-e0176ed26dba,1,1574.45,1574.45,2025-10-10
fe498bc1-68e5-4840-9e26-24cd6a514ef1,1,995.52,995.52,2023-04-07
fe568d34-12da-4c46-b864-cb10b7c23f92,1,344.74,344.74,2023-01-24
fe5d7109-a715-48c8-805c-d34ad60461b9,1,959.36,959.36,2023-07-17
fe8a4627-0b7b-4da1-bd1f-a6480db29f7f,1,1079.10,1079.10,2023-05-15
fe924949-1447-4297-94fa-3ae5cc2050ac,1,1074.60,1074.60,2024-08-15
fe946650-7bd5-4249-9127-d967f69fe193,1,87.52,87.52,2025-10-21
fe9b780c-a9ed-4ac2-b3bf-9f7f9569c9cd,1,340.45,340.45,2023-09-11
fea3be55-b6e9-47c5-bd39-863160ab633b,1,788.32,788.32,2024-11-02
feb85aee-d44e-4816-92e3-61e0cd145373,1,742.14,742.14,2024-05-04
feb88192-1599-4d5a-be4a-deac3a39d050,1,1638.16,1638.16,2025-06-27
febbc710-1973-4634-9153-5994eafd680c,1,1194.33,1194.33,2025-11-19
fec0438d-12e1-4061-998e-42bbd8d2bb04,1,646.45,646.45,2024-11-17
fedafd29-f273-402a-9024-25ebcb222192,1,242.32,242.32,2024-11-10
fee91972-6f7b-43e7-9e19-f0104bf7e012,1,632.72,632.72,2023-04-03
fef8c080-ebe5-4fb0-b8c1-8e479498f904,1,281.04,281.04,2025-04-10
fef9b10b-4f36-4e79-86b8-2a3d7a197bbb,1,996.48,996.48,2024-09-07
ff12b988-79e2-453b-98a7-72d5d79788b6,1,1999.36,1999.36,2023-11-26
ff15d8c8-6364-4208-be63-29c6488e8e98,1,570.33,570.33,2024-05-08
ff17662b-06d9-4391-94ca-74050944c6e5,1,800.02,800.02,2025-09-27
ff17bd6f-c984-44fb-a656-1ffcc61c3d58,1,751.74,751.74,2024-04-14
ff1bdf3c-3b91-4214-acb0-7e392250bb68,1,666.46,666.46,2023-01-23
ff353ea8-ec23-4e50-870c-666a10f6c3a9,1,411.03,411.03,2024-06-06
ff4625af-bd20-463b-b275-b5f3d436a7a8,1,435.74,435.74,2024-11-22
ff54c509-760b-45a2-95b9-cf2f00502527,1,114.70,114.70,2025-05-05
ff6c058f-a631-4506-8e35-f691ba8a4581,1,164.65,164.65,2024-06-30
ff71a568-8794-4fab-a463-760ea3578285,1,84.43,84.43,2023-10-20
ff743f6f-d798-4b0c-ab63-81076975cae6,1,188.76,188.76,2025-09-07
ff757363-ab90-489c-87c9-12242ab20c6c,1,170.92,170.92,2025-03-07
ff7d68c9-0fc6-4d9c-bdc9-2a2295a99a4c,1,1139.26,1139.26,2023-10-12
ff80ce28-6f8a-4a45-9de8-5b4cddfe55f7,1,877.88,877.88,2024-06-17
ff825125-b735-4d3a-90f9-5696133fe69c,1,6.16,6.16,2024-12-09
ff83457c-fde6-44af-980a-ec23fc43664e,1,389.90,389.90,2025-05-25
ffa37bc3-4193-493e-a199-2d4f99071db4,1,146.15,146.15,2023-07-06
ffa8dce6-ae3a-4adb-863b-5ad5373b7275,1,409.41,409.41,2025-06-02
ffbb5901-b85c-4d0a-97e6-d31adcf67d9f,1,121.65,121.65,2023-12-16
ffdf6588-0ffe-4184-a9c4-91dd33dfeff6,1,354.10,354.10,2025-10-22
ffe2ea17-b7e1-4b62-a0d7-59cdc823214a,1,79.20,79.20,2024-07-28
fff446b9-bb46-4c13-b28a-030b532da8fe,1,30.40,30.40,2025-01-11
fff4bad5-898d-4119-bd51-3ea9677769ad,1,108.29,108.29,2025-05-16
fffb0041-5ba0-4fa5-b14e-8bc786a883f2,1,1963.96,1963.96,2023-01-28
