customer_id,signup_date,region,membership_tier,marketing_opt_in
244220c6-4b0c-400c-a626-c97d73fe6a93,2023-03-01,Africa,Gold,Y
3e773705-cb10-4e5b-bb0c-85e2a9bb8ea1,2022-10-27,Oceania,Gold,Y
66815708-05fb-4b20-ad31-5ef756500854,2021-01-19,Europe,Bronze,Y
d44b52d4-a5f3-40c9-b783-ee09638be0f6,2021-08-21,Oceania,Gold,N
6b40431b-cd24-407e-b8df-bd843c1a55f3,2024-10-15,Oceania,Bronze,N
088debf8-e37b-459f-a59c-1c56d4109e50,2022-10-21,Asia,Silver,Y
c5b504dd-4e28-45e9-b708-0b78bebf5e40,2023-04-28,Europe,Silver,N
db9f0820-73cb-4f6b-a278-0d7437511316,2023-03-11,Asia,Silver,N
fd5f6e5f-acae-4508-9396-2be6f278cac8,2024-01-02,Oceania,Bronze,Y
fc261a31-5691-4e98-800b-137f8a9cf5cc,2024-10-28,Oceania,Gold,N
8776b75f-ecef-43a2-be19-b37aa966544f,2023-04-24,Oceania,Gold,Y
42ad622b-dc5b-4dc1-97b8-e22fd48f9d47,2024-02-14,Africa,Bronze,Y
1863f159-5ab2-c279-6e14-5fa48ee58a98,2025-12-05,North America,Bronze,N
43e71949-86f6-445f-a2e5-a9b94ec59497,2024-04-16,North America,Gold,Y
6635f9bc-e7fe-425b-ba33-4745f7c80b90,2022-12-13,Africa,Bronze,Y
deaaddae-370b-4ace-884e-844481291a28,2022-09-17,Africa,Silver,N
70a8f0df-25b5-4d9a-b446-37fe20b5cbba,2025-05-07,Africa,Gold,Y
9773b290-7b85-41fe-961f-bd918d479e15,2023-11-16,Africa,Gold,N
0bb9c606-5320-46af-beb0-b8d1e3e7e32d,2023-08-23,North America,Bronze,Y
8a4c5790-9535-4235-a713-fa9643e4e85d,2022-07-08,Asia,Silver,Y
2c0ef6cf-727d-264a-4cc4-a7e5fd25bca9,2026-01-05,South America,Silver,N
bf971338-d239-427f-8f9f-3f8bd5c45f4e,2021-04-06,Europe,Bronze,Y
f53d488d-e994-4cd2-9ab9-5b799f76385e,2023-12-21,North America,Silver,Y
790b7752-edcd-4824-bcf5-600c1253607c,2023-09-20,Oceania,Bronze,Y
c8a758c3-bd5c-4a43-9989-f01b2f16e803,2023-10-04,Asia,Bronze,Y
ecea934f-263d-479a-83ba-c96e3c8f5a90,2023-04-13,Oceania,Gold,N
fe8a4627-0b7b-4da1-bd1f-a6480db29f7f,2021-12-17,North America,Platinum,N
5c0234de-f9e9-4c13-ae2f-ce74400766dd,2024-06-21,Europe,Bronze,Y
8527c5f9-dc57-4594-b171-79363a128dae,2024-04-23,Europe,Bronze,Y
42646fae-b502-42a1-8cc0-c06ce764b5ee,2021-12-23,Oceania,Bronze,Y
031aa07c-fa0d-4017-a4d9-cbd8535d3c13,2022-09-23,Europe,Bronze,Y
f3d6b9f2-d4d7-40ca-b08d-16769d09a404,2023-09-24,South America,Bronze,N
b1ae9176-f6dc-49f6-884b-5f169a21aea8,2023-05-03,North America,Gold,Y
27346c0b-7b56-4038-bb30-8369824dfdf7,2022-11-01,North America,Bronze,N
31242890-12c6-4e8a-9b8e-698381d0934d,2024-03-07,North America,Silver,N
6508f5c4-2994-4775-ba4b-90e3fdf26daf,2023-06-29,South America,Silver,Y
2ffeb9b1-01ff-4c42-81fc-072de8177702,2024-01-12,Asia,Silver,Y
8b495a46-5212-41b2-8054-e5b07d7120b3,2022-08-12,Europe,Silver,N
7a355759-8350-4c2b-9aa6-ea6832b70c16,2025-09-15,Europe,Bronze,Y
768250ec-554e-44a6-969e-f4f8dbfc1df4,2023-03-13,Oceania,Gold,N
5d8c8633-e673-458e-93f7-0eea9c8a9bef,2023-04-09,Asia,Bronze,Y
b255b709-502b-4dc0-89c6-589a71ca8099,2024-01-05,North America,Platinum,Y
86497600-4a28-4af5-bda7-f0b21becdd66,2024-03-25,Oceania,Gold,Y
0a609a44-d558-4631-82b8-78440102c253,2023-11-04,Africa,Bronze,Y
15224687-6efd-4fb1-a4a9-358820155171,2023-10-19,South America,Silver,Y
4cdf781d-762f-4404-a94b-4729be578609,2022-07-23,Asia,Silver,Y
7ec98b88-0865-4caa-adf3-66012d9a648f,2022-05-10,South America,Bronze,Y
8d7d0733-f080-4087-ab99-89e68999b115,2021-10-18,Oceania,Silver,Y
48889d86-cf17-4ca4-bdc6-042016a979fa,2024-01-09,North America,Bronze,Y
458a13df-0ade-4275-be2b-3ce2a13ff68d,2024-03-07,Asia,Gold,Y
e5b32ef9-2514-4502-ae4c-4b85110de65c,2021-12-11,Oceania,Bronze,Y
a31dfea7-db3d-4d05-99b1-3a2bdd5c423c,2025-01-16,Oceania,Bronze,Y
cab21b78-7f88-4bc2-ad89-a1ac5acab153,2022-12-23,Africa,Platinum,Y
0bb8ca85-c64e-45d7-b6bb-954ce888b983,2024-12-22,Europe,Bronze,Y
18fa85bc-e595-44d1-8c8e-9cbb98a45d37,2024-06-18,Oceania,Bronze,N
89125962-579a-40d6-964a-a98ecb44e051,2022-08-21,Africa,Silver,Y
3e93b295-e1cc-462e-bc04-09c7f532f65a,2024-05-02,Oceania,Bronze,Y
18fdd2b9-79e5-49aa-992a-35497ba109d0,2023-07-01,South America,Gold,Y
d30fb36f-75a1-4732-8416-0d5eae5cc28a,2023-05-07,Oceania,Platinum,Y
7d59af0e-120c-4ea6-a890-140d95bed2d9,2022-12-23,South America,Bronze,Y
15aa772b-e4dd-42e4-9a43-13448f30dcbb,2023-08-30,Oceania,Silver,Y
dea079bf-9d99-4cf7-a59e-6ddcb9868041,2022-05-12,Asia,Platinum,Y
67577a98-d3fe-4480-a0ca-bbc6f0d65ed0,2025-11-01,North America,Silver,N
2bc11bf7-4675-4f60-be4f-f60d093fbebc,2025-04-17,Asia,Bronze,Y
910aeb6f-6b56-4091-a65c-9da5be160640,2024-02-11,North America,Silver,Y
8ebbcfe7-11ee-4e9c-a373-848bdfbcec8a,2023-12-11,Europe,Gold,Y
c88e2b51-2eaf-4258-8cd3-ade36d3dea46,2021-11-22,South America,Silver,Y
93c3d6d5-512d-4d99-9348-f0a86bbfd47d,2024-09-16,Asia,Bronze,N
e2f05428-42aa-4709-b820-cad24b4b04fb,2022-02-25,Africa,Gold,Y
d1239f58-7ec4-489e-a62c-04a614e27438,2025-09-08,Europe,Silver,Y
e737d84e-8349-4a68-8595-204c4865b03a,2022-07-22,Asia,Bronze,Y
32632cc3-665e-416f-9b67-b77503b88938,2023-03-12,North America,Bronze,Y
7afb7830-68aa-455f-a759-eb9306fdb09b,2022-06-19,South America,Bronze,Y
ea8c988a-cdee-4bbc-98d4-c81bf89dab0b,2022-10-20,South America,Bronze,Y
8e7a5996-d495-4f8f-af72-212480eaf3f5,2023-04-23,North America,Bronze,Y
471886d9-893a-4348-835f-2c0648ae3a47,2024-08-08,North America,Silver,N
8bbe40ed-4b92-4c4d-81fd-f130e8a72e7a,2021-09-23,Asia,Bronze,Y
929a94a9-b7f2-4aed-b651-c2b2969ac7d5,2024-05-20,South America,Bronze,Y
74246baa-2dca-4c82-8660-a3e9736d417c,2022-04-05,Oceania,Gold,Y
ee2f4e50-5328-44e5-a707-d0f00e953e25,2023-08-10,Europe,Bronze,Y
ff757363-ab90-489c-87c9-12242ab20c6c,2023-08-27,South America,Platinum,Y
d8a29687-d5fd-4cce-9627-a8eeff7d485c,2022-12-01,Europe,Bronze,N
8c6b04f6-2b33-4c27-be98-14d092545fb4,2023-01-24,South America,Silver,N
f01670fd-7e67-40e2-a811-b7ebfe8c3938,2023-03-02,Asia,Platinum,Y
9dd10b06-42af-4bbc-9ba4-b93146a4e156,2022-09-30,Oceania,Bronze,Y
7c057ea6-80b7-41e7-9541-7c29d8b29376,2024-08-31,Africa,Silver,Y
1b3e2271-1a71-4bdf-bb6d-e07125b08a57,2022-11-10,Africa,Bronze,Y
0d4ae279-93e6-452f-b59a-183a3662dd98,2022-08-24,Asia,Platinum,N
748485cb-2bc1-44e9-a2f6-dd04507e4fa4,2025-01-26,North America,Platinum,N
8dd44a0f-5d9e-4ef7-8314-2c2baa602364,2022-06-14,North America,Bronze,N
26ae933e-5d16-419e-89c4-dfe90b1051c3,2022-09-19,Asia,Bronze,N
21aa6694-eed0-4f87-a79b-eb3e049d2c1b,2025-05-15,Oceania,Bronze,Y
922859fe-ceec-4f87-a097-c1de1a7ae54c,2022-10-23,South America,Silver,Y
750a9c79-21e6-4781-9f1d-9e6dff2985c5,2023-12-18,South America,Gold,Y
2cef1862-f643-4af0-ae84-4e383011230a,2023-09-12,Africa,Bronze,N
dbdb8161-98e3-40ba-8f8f-3f8a8b017ef7,2024-04-18,Africa,Silver,Y
fa2c0f6e-a670-4a43-9824-a2e156557c28,2023-05-24,Asia,Bronze,Y
31bf8a3c-5ae5-4068-92ed-9291c3da1521,2022-10-22,North America,Silver,Y
27d1f2df-dd80-4dfa-8f3f-b1bc0357085e,2024-02-13,Asia,Bronze,Y
6a1afce6-9d6a-4282-a830-fc292f5cc178,2022-01-17,Europe,Bronze,Y
21540cfb-4447-424b-ab1e-12d2904fa9a6,2025-10-10,Asia,Silver,Y
43ad3d62-b17c-4b21-8dbc-2c1ca4afe7bd,2022-05-29,Asia,Bronze,Y
b300b3a6-576e-4dd3-80c8-ef4c127c2f33,2022-12-25,North America,Bronze,Y
02b77c5d-37ab-4ae7-b9c9-3336916a3c1a,2024-09-19,Africa,Gold,Y
9a9a209e-875d-4dcb-9046-0c3bfec5548a,2022-02-17,Asia,Bronze,N
8419a1ff-4956-4e62-8269-a6aec0ed9119,2023-09-22,Asia,Bronze,Y
6094413d-03c8-4477-addc-d3ff8b1096c0,2022-09-24,Oceania,Bronze,Y
b2f125f6-4b4b-47f2-ab0f-f00882d13ea5,2021-12-26,Asia,Silver,Y
116303c8-e883-44e9-a985-f85b1b583934,2022-12-24,North America,Bronze,Y
b0ea67ec-056f-45ca-a6c8-d9e2b72d24c9,2022-01-15,Asia,Silver,Y
b8e064ff-bcf9-4e04-9789-0cf369cf7e4a,2021-05-16,Europe,Bronze,Y
01c4225e-be40-4b83-89c6-2b6b58974643,2024-06-21,North America,Platinum,N
4dc41ea9-e36d-4559-a49c-9a6e9968484e,2022-03-27,Asia,Silver,N
7fb350e7-96d6-4fcf-9b67-8a3b40d852f5,2025-09-26,South America,Silver,N
4cfa8966-fd33-4f49-aa86-961aa59e126f,2023-03-30,Oceania,Bronze,Y
0a8b8d55-7dc0-4b4d-acbc-eb79a3ea218d,2021-04-23,Oceania,Silver,Y
37d9f94a-87e8-43e5-b4ae-6f01bfc3535d,2023-02-22,North America,Silver,Y
79d50b46-1430-49a9-8deb-011d26b6dd29,2023-07-27,Europe,Bronze,Y
703179c1-3a32-4738-9fb5-3919d1b31ef8,2022-04-21,North America,Silver,N
b9599622-7466-4dc9-a4db-70c40eb496ce,2022-09-25,Africa,Silver,Y
e2da43f2-7538-4359-980c-b619001cd8a3,2025-02-06,Oceania,Bronze,Y
919337ca-65b6-45bf-8eb8-d1b162ae6405,2025-05-31,Africa,Gold,Y
8b3a303e-b5a6-43bb-b3a5-4c88cd9306df,2024-01-16,North America,Bronze,Y
5ed8e959-56bd-4a85-9ca6-865991ed007e,2024-07-12,Europe,Bronze,N
ba236c22-e92a-4b97-91db-1a374204d733,2025-07-06,Africa,Bronze,Y
8a37fba2-2a97-4cf3-975e-cdc00df22a0f,2023-11-17,Oceania,Platinum,N
98550b1e-d588-4c1c-a5db-5946a091e5b4,2025-05-03,Europe,Bronze,Y
b1bb5f1f-a515-42c2-9e34-2c861e29a57b,2024-09-08,South America,Gold,N
040bb5f4-2d37-452e-9227-66ecd16d299c,2023-01-15,South America,Bronze,Y
1e177178-8eec-4bf2-bade-297e1fd81ffc,2021-04-26,Oceania,Bronze,Y
2b3fa032-0c02-4f4b-879a-d9f47c36590c,2024-10-22,North America,Silver,Y
d6462d44-5d7a-4c37-a12b-1c11e54532d1,2025-06-09,North America,Bronze,Y
39039516-db69-4c05-8c80-09f3b7daa7c1,2023-12-09,South America,Silver,Y
b0d7b232-958b-40a3-a970-9193ff68b1a8,2023-06-10,Oceania,Bronze,Y
b6295b75-66d4-4fc8-ba95-ce9be9dadcfc,2022-07-01,Africa,Bronze,Y
1aeb1100-82cd-4317-bc24-5777d41b34ac,2024-08-28,Africa,Bronze,Y
abbb03a4-3e29-43e5-a8d1-bf94c1ab72b6,2023-05-29,Oceania,Silver,Y
c96f473f-b354-45e2-a9c8-b28d2fb6f73e,2024-09-17,Africa,Bronze,Y
9136224b-ae01-4721-a1f2-f52df11f86c6,2023-03-26,Europe,Bronze,Y
139e2e60-080a-4d72-a6af-2eefcfe2123a,2025-05-06,Europe,Silver,Y
54ccaa01-5394-4d80-b12d-9d9e9cd9cfb8,2021-08-03,North America,Bronze,N
1873b726-3af8-4d8e-b143-100a59da673e,2023-10-11,North America,Gold,Y
7ed9faf2-bc2d-44fd-8156-18134881190e,2025-04-25,Europe,Silver,Y
fea3be55-b6e9-47c5-bd39-863160ab633b,2024-05-04,Oceania,Silver,Y
baf8034c-b4fd-4347-8e16-abcbc654001d,2023-04-26,South America,Silver,N
b9be511f-2715-48b1-9ea0-42e2ba18a02a,2021-11-30,North America,Silver,Y
e6b79290-9f0c-44dd-ad2c-b04de1956123,2022-10-01,Asia,Silver,Y
15969802-b6dd-4257-bb7d-9f1c57eb89b1,2021-07-19,South America,Silver,Y
fd43f429-7064-414b-8dc5-47c1f409ca34,2024-11-02,North America,Silver,Y
55088818-a027-4a20-bae0-6f30dfd2a536,2024-07-09,North America,Silver,Y
7f78a63a-f311-48cf-934b-c1e858bd3fd9,2024-09-26,North America,Bronze,N
a781dac1-1212-4c91-92be-654727f395e4,2023-03-18,North America,Gold,N
cb6361c9-064d-4315-85d7-cb96bede1bcb,2023-05-03,Europe,Silver,Y
338c1ad0-5116-4ee6-8705-4e87ffa5016c,2022-12-04,South America,Silver,N
b2a9dff8-be3a-43d1-ae0e-74497b3fe5cc,2024-01-05,Oceania,Gold,N
df30f2f5-3226-486f-8595-30c1a1295a39,2024-09-11,South America,Bronze,N
ff353ea8-ec23-4e50-870c-666a10f6c3a9,2022-11-04,South America,Bronze,N
d3fe22d3-3011-4743-aa49-680daa5b654d,2022-05-06,Oceania,Gold,Y
3170616d-6766-4298-a431-55ae493c34c2,2025-08-13,Europe,Gold,Y
63f0144f-9933-4056-ac39-e3be251b677a,2022-12-13,Europe,Gold,N
2652048e-4cfa-4494-9aa2-22caa9fb289b,2022-02-01,North America,Silver,N
38d95d60-9715-4fa5-8de3-d7fbf1d288ad,2022-01-22,Europe,Bronze,Y
53172e89-1595-4106-9511-6c5f34c4f6ad,2023-12-22,North America,Bronze,Y
7f071113-f374-4f85-b31a-a2ed5f3bd756,2022-11-23,Africa,Gold,Y
3270e4fa-abae-4f43-bcae-8081bdf070aa,2025-09-11,South America,Silver,N
ca25e736-5599-4673-ae3e-18742f41130f,2023-03-11,North America,Bronze,Y
850a464d-198c-43a5-892f-d83b29bd0d23,2024-01-11,Oceania,Silver,Y
a3528d57-2c0f-4a8e-b352-f4914f845f0e,2024-05-26,Asia,Silver,Y
ac060929-33a7-4bf6-ab60-3828d3d2578d,2024-07-31,Africa,Bronze,Y
fc84382a-08f7-4961-9cbc-12e470c9a3d4,2022-10-09,North America,Bronze,N
e4805b0e-ba2d-4c51-8419-8f10c7e8bccd,2023-05-29,Asia,Silver,Y
689d9d3b-762f-4c7e-9a34-66056330c4ba,2023-02-21,Asia,Bronze,Y
d99b9f1e-6733-4b48-ae97-4af34fa122df,2024-07-15,Oceania,Bronze,Y
01fab3cc-8f3b-4740-b341-4c2456f44cd3,2024-01-10,Africa,Silver,Y
56c07f2b-3875-4569-ae85-fb01030e22b3,2021-11-02,Oceania,Bronze,Y
49e8033d-c248-4e0e-9845-1d78b82e322d,2021-12-25,Africa,Silver,N
3d394e8e-740e-4626-acd0-b2e607a33bd0,2025-01-05,North America,Bronze,Y
689e4534-2e0e-4d6c-9f06-b25efc80ecb1,2022-03-17,Asia,Gold,N
2032e362-de61-480d-8acf-b1a031b592b7,2024-07-31,Europe,Bronze,Y
18745d8d-749e-4d5a-bb3b-87263d9c123a,2022-12-28,South America,Bronze,Y
d53df7a7-cc96-462d-a354-24eb214cfb58,2023-02-25,Oceania,Bronze,Y
6017de79-a2fa-48fd-9196-1086ecf27c4b,2022-08-26,Africa,Silver,N
9974281b-f2e3-4673-a514-e46dc1dd86d4,2023-10-29,Asia,Gold,Y
05c482d9-274f-4158-bca2-03c8a23306ae,2023-03-30,Asia,Gold,Y
393fee64-7968-4391-889b-058b07336e4e,2024-05-26,Europe,Gold,Y
7a354a74-c585-4f9f-a38a-a2f5362d335f,2023-09-13,Oceania,Bronze,Y
90ea4f75-6287-490c-888f-fd214bf90a59,2021-05-30,South America,Silver,N
c074718e-425a-409f-b337-c59979844388,2022-05-31,Asia,Silver,N
d74d930e-0e0f-4619-a926-61f516ca331c,2025-03-04,South America,Bronze,N
5e203e03-e02e-474e-b88c-57b8c79f5ff5,2022-12-03,South America,Bronze,N
bca37653-50c7-4baa-aa3c-6137e48623dd,2024-04-29,North America,Platinum,Y
eea04d1a-78a1-40a4-8464-7aed90704cfb,2025-03-02,Asia,Gold,Y
bd8bfb67-d82d-4c61-9486-27032b66b8ec,2022-07-31,Africa,Silver,Y
681a035f-e1e3-466c-8a09-bdc139c8a117,2023-10-07,Asia,Silver,Y
adfb18dd-a3e9-4f17-a5e2-b89ddb61f26d,2022-05-04,South America,Silver,Y
65632b4e-2c82-482d-a84c-2510823be360,2022-06-13,Asia,Gold,Y
6d44c07e-3085-4631-ba9b-6daf75960c4f,2022-08-02,Europe,Gold,Y
dd35b405-2842-424d-8920-a3c87a65ec16,2022-08-30,Europe,Bronze,N
5954d3d2-288a-4503-ae41-3b92cbf829fb,2022-06-03,Europe,Gold,Y
80909476-28e4-4949-9b33-d59b2054ff23,2024-03-30,Asia,Gold,Y
2a8ad6ae-6d1f-44a8-9500-19fc23c0a6b8,2025-05-30,Oceania,Bronze,Y
6ca0b4d7-1e4d-4c1e-bf12-538de40a6c94,2024-04-15,Oceania,Silver,Y
458c6bdd-9e70-49ff-8cd7-897f286d84e5,2023-01-17,Europe,Silver,Y
7edfb18f-cd9a-47c2-8831-7080af890c90,2022-02-28,Asia,Bronze,Y
8594f053-d259-4d81-9100-3543e3472f19,2024-10-09,North America,Silver,Y
a8350a40-0858-414d-952a-ed00d4aa826d,2024-11-03,Asia,Silver,Y
b7704b5b-f166-4e82-9f78-57fa26fbee49,2022-04-21,Europe,Gold,N
0a8c53c6-dc66-42dd-bbfd-7fc9e07985cd,2023-06-22,South America,Bronze,N
216db33d-73f3-4aa9-af3f-7de4880035d0,2024-05-21,North America,Bronze,Y
4db23912-d03a-4ab2-9a5e-7f196f8c1c22,2021-12-26,South America,Silver,Y
ebe90057-be2a-4bef-b9a7-2adec571ff4e,2024-01-03,Africa,Bronze,Y
bf8ea596-98a7-4d12-bd8b-0acb508f8aa3,2022-01-27,Africa,Silver,Y
d2eab2be-346b-4225-8286-fe2b88cf8b83,2023-07-06,Oceania,Bronze,Y
e05cc03e-16fd-4f59-904a-f9e74b5e5448,2022-05-20,Africa,Bronze,Y
d3f293f0-849d-4d98-8a0e-957f9df6d9f1,2025-03-11,South America,Bronze,Y
19743ef5-e2d2-47ee-abe7-d778346f865a,2023-06-21,Africa,Bronze,Y
7a5bb1bc-3761-416b-a1fe-a3d2c7925ad5,2023-06-08,South America,Gold,Y
fc106020-4973-46d3-9d05-11451d7bbb68,2024-02-28,Oceania,Platinum,Y
247474b3-1d7d-4bb3-8e00-44e207af3b8a,2023-06-29,Europe,Bronze,Y
b85a295a-7229-4502-a2b8-608c4c6eaa33,2022-05-07,Oceania,Silver,Y
248dcd4e-0e19-4cf6-8831-1c3a7398f5c5,2025-03-24,Oceania,Bronze,Y
82529065-43d5-4e40-9bfa-d94b77607dfe,2022-05-06,Oceania,Silver,N
3de5d3d6-4403-4cf4-9df8-5b5ec9c00887,2022-08-09,Asia,Bronze,N
454f9fe2-08ca-4e08-bd84-e3ee7a653499,2021-06-04,North America,Silver,Y
5c02ecd8-f83a-4522-9c58-79da02bc44a8,2022-09-05,Asia,Bronze,N
c2ff32c1-4472-456a-9071-e9ede9d3e56e,2024-05-06,Asia,Bronze,Y
191578fc-ed09-4d70-a08d-fc3de313633f,2022-11-04,Europe,Silver,Y
e4a24c83-9a6d-4ea0-bf21-2de6596d9500,2022-06-18,North America,Gold,N
345fc257-5530-4b76-b7bb-8679479b6f82,2023-11-04,Oceania,Bronze,Y
49b12a03-10c0-484c-8237-739a6995d1fe,2021-07-30,Africa,Silver,Y
ece3738d-1285-455c-a753-11414352322a,2024-05-20,Africa,Platinum,Y
a950b04d-476e-4d52-8cca-e47bbfa7b98f,2025-08-03,Europe,Gold,Y
c4de412a-863c-4d68-9806-bcbd3e45b500,2022-09-17,North America,Bronze,Y
61d81be9-a250-ed78-7e22-32796e71ad1d,2025-12-29,Africa,Gold,Y
9b0198ce-ca1d-429d-9ad7-9207b1102552,2025-01-22,Oceania,Silver,Y
ae130a1a-dc06-415b-bdce-692acc3beb48,2022-02-21,Asia,Bronze,Y
3e7b3e3c-5a69-4d3e-8d5c-8c667379db61,2024-04-23,Asia,Silver,Y
4fe681fd-addf-4952-b2f7-c416e2daf886,2025-04-02,Asia,Silver,Y
a794799c-ba72-43c8-820b-be484e5d92fa,2022-08-27,Africa,Silver,Y
abf5c5d8-7582-40a7-b4a7-4d4353067ada,2023-10-07,South America,Bronze,Y
c02f5543-219e-4915-a5c6-543e2162c519,2023-05-29,Europe,Bronze,Y
cdeb8ab9-9ece-4b21-a9f4-07eee9320c6a,2025-01-19,North America,Silver,Y
d5f1c4fd-c149-46bd-b302-5a537f1d0d4a,2023-05-17,South America,Bronze,Y
028163fd-4ff5-40af-a258-aa8ff6f4dc6c,2023-08-17,Asia,Silver,N
0fe21064-f94a-4290-afb2-5b78c9627d7c,2023-03-02,North America,Bronze,Y
bfbf7b8e-4686-4e8c-9eeb-3d24cab337d9,2022-10-18,Asia,Bronze,Y
05e7dce3-ce1b-468b-b8af-6533b6bad5b9,2023-08-31,Oceania,Gold,N
730a006c-308c-4971-a8ca-f7957721f50f,2021-09-13,South America,Bronze,Y
4a090af7-30ae-4074-a506-213e347b6810,2024-07-10,Oceania,Bronze,Y
b34ce304-26d3-4deb-9e02-4096684727e8,2022-04-24,Oceania,Bronze,Y
454afde3-0251-4db4-b810-453b7471a091,2023-08-01,South America,Gold,Y
87094e1c-56be-4148-86bf-ebd851701e5e,2022-06-08,Africa,Silver,N
e62ba94b-9988-4a12-bb31-03c3fa60f04a,2023-08-23,North America,Bronze,Y
03305744-9ae4-46ba-8228-62c4b7ab7799,2023-09-25,North America,Gold,N
438a229e-3ec5-4f5d-95da-25e2c0793a18,2023-09-09,North America,Bronze,Y
742a65ce-c275-4c6a-a776-8f582f2d4fab,2023-08-05,Oceania,Silver,Y
abd13f1a-3d20-4440-80cf-a44d1b7db566,2024-08-28,Asia,Bronze,Y
eac1e888-de65-4815-8a50-74f307960260,2022-07-20,Africa,Bronze,N
353fe8c3-92e7-4ba5-866c-daddbb5ed054,2022-11-16,South America,Silver,Y
097b4bfe-fbd4-4390-945d-3345255b0697,2022-03-13,Europe,Gold,Y
c3595dc2-0bd3-42a9-abc7-8c063e9ace12,2025-09-02,Europe,Silver,N
ede4b7f6-6c0e-46e1-a916-85747002450a,2023-03-24,Europe,Silver,Y
bf539a64-2727-4262-9dfc-765595359336,2022-04-17,Oceania,Silver,Y
8d1254cb-2dc6-4ae9-9235-23909264e78f,2024-05-06,Asia,Bronze,Y
ff4625af-bd20-463b-b275-b5f3d436a7a8,2023-02-16,Oceania,Bronze,N
db32c6d7-8bdd-4220-82b1-e5c04fcbd951,2023-12-07,Asia,Silver,N
8fc1c83d-1ba1-41ff-9f35-f19ea6413865,2022-04-20,Africa,Gold,Y
5b6ac8c4-d28f-40a1-bbaa-c9672fde9027,2023-07-22,Asia,Bronze,Y
4aa77a4a-aca1-4999-9078-00b2ecae0e74,2022-08-24,North America,Bronze,Y
bfe9aa03-b057-48c9-b0e1-661653fddaa7,2023-05-07,North America,Silver,N
1bda6e42-8138-4573-8a3e-8a692d7e4d55,2022-12-09,Asia,Bronze,Y
2740dcf4-8a20-41ce-aa6a-92bdc4e964f6,2022-10-29,Europe,Gold,Y
1bbcb748-bb55-4fa3-ae26-651915f87768,2025-01-09,Asia,Silver,Y
32303ee2-2707-46ba-8faa-3b1f60c5e090,2022-05-25,Asia,Bronze,Y
89e1404c-cf0f-45c6-a195-163c1db9d6f5,2023-07-27,Africa,Silver,Y
5790b532-cdd3-47ac-940e-c73113e67487,2024-12-04,Europe,Bronze,Y
6abf3ba6-8625-4c53-ae23-8260d261f228,2022-06-22,Africa,Silver,Y
a4768af1-9356-4b72-8163-1003b92c972e,2024-02-15,Europe,Silver,N
a5c4b535-634a-424b-a88b-f49f01b3c186,2024-04-11,North America,Silver,Y
7bb84553-5f89-4d71-9b03-5c77ec0a3ad6,2021-10-09,Oceania,Bronze,Y
ca5dc9bf-05a9-46d6-aa51-ec9cdfbf05af,2024-07-21,Africa,Silver,Y
3ba3536a-9baf-481b-b3ac-90702be785f7,2023-12-05,Africa,Silver,N
c3ca7c8c-a7bf-4ec6-8d43-6e09aebd0fbb,2023-11-29,North America,Bronze,N
033d66ef-63cb-42ec-99e3-e3edc91ec4ed,2023-11-29,Africa,Bronze,Y
b78d3bbf-22e3-4603-be7d-55f1438ad3d9,2022-09-30,Asia,Bronze,N
2687c2ed-6fc0-4743-a1cb-0b88f8272b68,2024-10-19,Oceania,Bronze,N
08a8fbdc-522a-4bb1-9c24-c791ad07020c,2023-09-01,Africa,Bronze,Y
951ce53f-e16d-45e3-ac64-537c4875cddc,2024-07-10,North America,Silver,Y
80e83103-2b5d-4e35-b082-45ca9f6280e1,2022-06-29,Oceania,Silver,Y
1d2c87ce-8b95-4b57-bff5-106df8db3033,2023-06-22,Africa,Bronze,N
d53c380c-d520-494e-8bd1-d99ea1769b16,2023-12-04,South America,Bronze,Y
ff83457c-fde6-44af-980a-ec23fc43664e,2023-09-14,Europe,Bronze,N
c958e75e-21d5-4971-b367-49b52cf6bf75,2023-01-06,Oceania,Gold,N
84757257-b378-4d7a-a59f-939202800850,2022-04-08,South America,Silver,N
1eabb6f1-3114-4744-b15c-ffc9c3397b73,2023-04-24,Europe,Platinum,N
066d7a74-a4ee-4dc1-b32e-3c1661af716b,2025-02-28,Africa,Silver,Y
c7434c90-2e83-4104-b61c-782cd35cc2a3,2022-11-23,North America,Bronze,Y
76f1d068-e713-471a-bc57-6cf6a693c652,2024-07-26,Europe,Bronze,Y
d641beaf-b11b-477e-8150-bdcbe285db4d,2023-11-10,Asia,Bronze,Y
5b612cb1-b605-4cb5-bf2a-e006c8ab7726,2021-10-30,South America,Bronze,Y
4efaa16b-ea35-4283-8d82-721d75361064,2023-07-28,Oceania,Bronze,N
a4bebbbb-9c77-40df-9ba9-36d543cd1818,2022-01-12,Asia,Bronze,N
53adc24e-e9ad-4501-991c-34457e939dd5,2023-07-29,Asia,Silver,Y
4743e975-e139-4508-89f1-b51b3d2a802f,2024-05-16,Europe,Bronze,N
4e333ecd-7e85-4680-b49d-0f7d66d46361,2023-08-16,Europe,Bronze,Y
006c386b-a1a1-44d8-8402-483c95f14a8a,2022-09-26,South America,Platinum,Y
c0a16918-8eb7-40a4-87f2-af7932331357,2022-07-16,Oceania,Bronze,N
d1636e46-f0da-4089-8b65-249275f5ebd1,2024-02-02,South America,Bronze,Y
40dbfc66-1ea9-4ab6-9d06-5b495523cc71,2023-05-20,South America,Silver,Y
b7426edd-f8bd-4ac6-9fed-7221ebcd63b3,2024-04-23,North America,Silver,N
921bb998-2c6a-40da-b119-96effa1e8469,2023-12-07,Oceania,Bronze,Y
0e034580-0890-496f-b526-16f4f98e7156,2022-03-14,North America,Silver,N
c1b270f9-8f9b-4b39-85ab-f186f317481a,2023-09-19,North America,Gold,Y
c9d1504b-82ca-43de-9d9e-fc3903d2c22a,2024-04-05,Oceania,Bronze,Y
316d171e-be94-44cc-8d45-76d689fa004f,2022-04-08,Oceania,Silver,Y
4c956585-a59b-4682-b3ff-e304b50e33d7,2021-10-23,Asia,Silver,N
9b9b618b-3467-41de-b091-6f27d18181cf,2023-02-11,Oceania,Silver,Y
f57d43d4-d294-4cfe-955a-7a63ea315920,2022-04-03,North America,Silver,Y
34dcbb35-386e-46b7-a1bf-d3738372bb35,2024-09-02,Africa,Bronze,N
4cb95f10-90e3-4ab5-a0ce-1ab42733677f,2024-03-01,Europe,Bronze,Y
8f7f9e0b-5609-4cfe-80d1-f5e654505a11,2022-10-26,Europe,Bronze,Y
907a4097-3ecb-49ba-b17c-c7c835454c76,2024-12-13,Oceania,Gold,Y
f1a1fe41-76ef-4c6a-86e4-743950df607e,2023-04-24,Europe,Silver,Y
c593dc7f-9c05-4dd8-9d0c-eb48e5b3d26f,2022-06-28,North America,Gold,Y
44fbb5b9-c9e5-4194-b746-682ad4e73adb,2022-11-19,Africa,Platinum,Y
cd6d047c-ecb0-45d0-b9e3-de4ded6ffcf8,2021-05-06,South America,Silver,Y
d9743227-da43-4b72-9c4c-1f300873505c,2023-06-17,South America,Silver,N
a4fa9bfa-e6b2-4d4a-adb0-1817a3cb2c1a,2022-09-30,South America,Silver,Y
eee38f3e-ec98-4abc-89ee-69ae9af63bc3,2021-08-22,North America,Bronze,Y
6960db16-93d0-41d0-9003-22f5a66dc044,2021-08-06,South America,Silver,Y
668c879b-d2dc-42c8-b2b8-d8aa21768dd7,2022-12-14,Africa,Bronze,Y
a0192ac7-8067-4190-9714-5595c3c263f1,2023-12-02,Europe,Bronze,N
c2ab2d0c-656b-4797-9a3e-4acd04efed60,2024-10-23,Africa,Silver,N
39e44780-2ca6-435b-b9a9-44eb645e065b,2022-09-21,North America,Silver,Y
8e31ea45-2b34-b52b-644c-5b7d95ea0734,2025-12-31,Europe,Bronze,Y
4b52155f-02e0-46aa-bd7b-3a654d02229f,2024-12-14,North America,Gold,Y
f65a9197-fcc0-4bd2-aaf1-645193d5125a,2024-05-21,Europe,Silver,Y
507c2d67-b297-4805-8789-7a52402cab0c,2023-11-09,Europe,Bronze,N
9b32560d-470e-4ab7-80db-3abec6568ed5,2024-05-09,South America,Silver,Y
ad8c0022-cd3d-47f5-baeb-24a3b9de9807,2021-09-29,North America,Bronze,Y
2b99d124-dcaf-4a81-8bec-22ae888a037b,2024-01-08,South America,Silver,Y
8b296d44-39ac-4ccd-bbbb-8aec2964dfd0,2023-08-16,South America,Silver,N
52cb4029-9bfa-4397-853e-1ddac6ba6896,2023-03-25,Asia,Bronze,Y
593489bd-1041-43b3-b106-6b732e1fc0be,2024-07-19,Africa,Bronze,Y
08485159-6240-44e5-aa9d-ba8aea66cf46,2021-08-25,Oceania,Gold,N
55b19861-16bf-4099-a5de-d7959b6845e5,2023-03-04,Asia,Bronze,Y
9719d16c-786b-4874-90c5-0d154bc8f4c9,2023-10-13,North America,Bronze,Y
bab4eb77-959f-4841-ad19-312dde3b5a64,2023-11-21,Africa,Bronze,Y
4a8459ce-7d47-4283-81f7-9abe387507ac,2023-08-21,Asia,Silver,N
f038525d-ffcd-4dbd-96aa-a79425f0994e,2025-04-23,Europe,Gold,Y
c0489444-11d8-4b0e-a1b2-43177fb45dfc,2022-06-06,Europe,Gold,Y
d9c2bbe6-cd94-4d81-9dfe-d9c811269065,2025-02-01,Asia,Bronze,N
a587b762-818f-4883-a6f4-b2fd9e891f45,2023-09-28,Europe,Gold,Y
0664a4a8-a539-45ec-a4f0-881df43b3e69,2022-07-04,South America,Silver,N
4307599d-a2d6-4bb8-b454-cd84f93c3ab0,2022-05-04,Oceania,Bronze,Y
aaac9b8e-2af0-461c-9849-d5662b3b61b0,2022-12-21,Oceania,Bronze,N
3a43b0dd-5b31-4046-8488-c51439e22f3a,2022-04-23,South America,Platinum,Y
cf119520-54bd-4eab-b5ff-d964abc4ce1c,2022-11-14,Asia,Bronze,Y
d4aee54d-8fd3-4455-8796-47bc26889e4a,2022-10-06,North America,Gold,Y
0b2833f5-150e-48e2-96f0-415038855fa2,2024-09-22,Africa,Gold,Y
f204be89-4a4b-4563-8cf4-77ef18c8a616,2024-08-11,North America,Silver,Y
073780b9-63d6-4fba-b385-87b1cc98db3d,2023-02-16,North America,Bronze,Y
636fb8f7-3f95-41d3-a5c7-db3510e1aa52,2021-07-29,Africa,Bronze,Y
71dd2009-7468-4b11-84fa-f7a0c518c070,2023-04-30,Africa,Silver,Y
35a6c365-6126-47c9-91c9-64f4d7153f7e,2021-10-16,North America,Silver,Y
75187964-d57e-463b-b61c-81841dd95417,2021-11-11,South America,Bronze,Y
723f4b14-4a9a-43af-94f1-edf3da3dd3d2,2023-03-22,Africa,Silver,Y
5242f3c8-b510-4a9b-83a1-57be1537102c,2023-05-14,North America,Bronze,N
57fe485f-4e59-4445-8bcf-5ff055f0fb43,2025-09-07,Oceania,Silver,N
feb88192-1599-4d5a-be4a-deac3a39d050,2024-08-18,Oceania,Gold,Y
5a67082d-db90-4308-9446-19777cfce364,2023-06-05,North America,Bronze,Y
358048c8-cb2e-4e7b-8b8d-cd0928ad858b,2023-09-18,Oceania,Gold,Y
210b6a65-6d8d-4d76-a7ea-2294e08ed269,2024-01-17,Oceania,Silver,N
f6f5552d-266e-4626-9723-559884bd25ec,2023-07-29,South America,Bronze,Y
44d7df9a-238b-45b7-ab64-777c6177a771,2023-03-29,Asia,Silver,N
5650e485-9142-494e-b0fe-4912baed6139,2025-04-30,Oceania,Gold,Y
70830c84-a32c-48cb-abf7-91a336a663e9,2023-06-06,Asia,Silver,Y
c10e07c1-bf8e-4640-be8d-544af23c3d37,2022-10-14,Asia,Bronze,N
9e8da991-91e0-4e31-aa64-f424ffbcc6ee,2023-02-15,South America,Bronze,Y
6a17f569-8c71-47ce-901d-8dc2423e2c4c,2023-12-11,Oceania,Bronze,Y
99837629-e3e0-46d8-a67d-6a76e8325744,2023-05-29,Europe,Silver,Y
36088cd0-7815-423c-a34d-c342539c1573,2024-12-13,North America,Gold,Y
b1ca2234-b568-43d5-8e83-800f6f1d6849,2021-12-25,North America,Bronze,Y
92ecfd73-8dbd-4e25-8e50-5cee3ebb5527,2024-02-08,North America,Silver,N
51b7a067-1337-4249-8769-9a946215b08b,2025-02-08,Europe,Silver,N
506e3e93-5d3b-4df5-b7f6-16fc55cf9f68,2022-01-08,Europe,Bronze,Y
39a85ca9-32d1-4e25-a213-12b3637e7876,2022-12-10,Asia,Bronze,Y
1c215aa9-e75d-450c-85da-d60e73d651d0,2023-04-17,North America,Bronze,Y
9d9e6fe7-0722-440d-a8ee-aec6f129dfd0,2022-05-07,South America,Gold,Y
edd7baa9-038e-4673-ba5b-726883ebdb05,2023-07-04,Europe,Silver,Y
a6e26cb1-2e10-4f9c-aba3-34af11450bae,2023-05-04,South America,Bronze,N
e45fbf0c-777c-412f-9275-5c2569ab9b4c,2021-09-24,Europe,Bronze,Y
fd2dd4e4-f17a-4c4e-84b3-725c567d8eb7,2022-11-25,Europe,Gold,Y
2da3dab1-97b7-43a8-8dd4-1b5ecd9101e6,2022-06-04,Asia,Bronze,Y
68054a24-f785-4cc1-b8e5-91c417d2efe7,2024-12-18,Asia,Bronze,Y
c414777b-6673-4343-bcfd-24be650b8d2c,2023-12-23,Asia,Gold,N
3a5b171c-b7a4-4108-8dac-20f90abd99fd,2022-07-27,Oceania,Bronze,Y
581e52e5-d692-4f8a-a177-cb4ec5affac2,2024-09-17,Europe,Silver,Y
5efa9c5b-7421-4f46-a37e-4b0122bae10e,2021-10-22,Asia,Bronze,Y
63edbae3-9c9b-4e79-9e6f-1e24a8b1e1a7,2025-07-27,South America,Gold,Y
db4c0d45-c1e6-478a-be81-d07d6c510a95,2022-11-10,Europe,Bronze,Y
8812f0f6-98a5-4a62-8570-3932cb79c872,2021-12-28,Africa,Gold,Y
94ea0fc5-eed4-4e63-929e-798b53fbf38d,2023-04-03,Asia,Gold,Y
d4c77cc3-8279-4d00-b8c3-93c12a7f571e,2023-12-27,Europe,Gold,Y
66383fa3-dec6-4e8f-b21b-76e3482202f9,2024-06-21,North America,Bronze,N
2acdb86b-9e0f-40ec-b41d-32a64d04afc6,2024-08-26,North America,Bronze,Y
c830a598-e82a-4214-9be1-89ffa9993646,2024-02-25,Asia,Silver,N
b14c2bff-f49a-4bc0-9974-62eeff2bc91f,2024-08-06,South America,Bronze,N
5128f5f5-e102-4708-a1fd-341df472b40b,2024-04-16,Oceania,Silver,Y
edbc36d8-9a30-4096-9977-66bea71c8948,2023-03-10,North America,Bronze,N
493acbb8-cbed-4ad3-9aa1-a0c404f08bdf,2022-09-09,Europe,Bronze,N
96891208-bc95-4c72-a3a9-da1d069abf2e,2023-05-14,Africa,Silver,Y
a17c6143-3b56-4170-b587-2e50c21e65ac,2024-08-11,Africa,Gold,N
386c190a-6448-400a-80fe-ef233e6f094c,2022-06-20,Asia,Bronze,Y
5f541a0d-7b4b-4a29-1991-61163aa4fcd6,2026-01-11,Oceania,Bronze,Y
eac59504-4075-463e-9900-8c66ce9ccae5,2025-02-06,North America,Bronze,Y
126f28a9-107d-4387-88c2-1370c2a423f2,2023-08-19,Europe,Silver,N
b76b81ce-5b1d-40a6-91de-7f1e09838f18,2022-04-16,Asia,Bronze,N
efaf272d-69b7-4cc7-a8f5-8d016109234e,2022-03-13,Africa,Bronze,N
584f218a-39dd-41e1-a222-c7758f24da7e,2025-02-12,Europe,Bronze,Y
1a67ace5-d670-401d-ae24-83390cf78ae8,2023-03-09,Asia,Bronze,N
3c56d33c-0975-48b9-9da5-ec70dd0e9847,2024-11-01,Asia,Silver,N
94743809-8717-4af0-a52b-d100e20e22b8,2024-11-14,Africa,Silver,Y
9bf595da-0608-4722-8fb8-d9a8f9a8fdd9,2024-06-24,North America,Gold,Y
e182c3bb-088b-49e3-bcee-da34d72f89b3,2022-08-24,Oceania,Gold,Y
b9add00a-ec64-4a9b-bcf1-c29e09b4413c,2025-05-18,Africa,Silver,Y
362cb840-4493-4724-9db9-be25ff329536,2022-07-18,Oceania,Bronze,Y
dd7476ce-4a06-41ad-9234-154626e045fb,2022-07-07,Africa,Silver,Y
7f39a9a5-ed0d-440c-a562-3c4aff6ce3b8,2022-01-13,North America,Silver,Y
4988e784-f13d-4936-a816-4d9a715dbf9a,2023-12-06,Asia,Bronze,N
65399d75-47e2-4ede-a83e-b503e424e48f,2024-06-24,South America,Silver,N
5d501ff8-631a-45d7-93cd-b211596f17ff,2024-02-05,Europe,Bronze,Y
7ecee868-5b77-40a6-88a2-154c98604595,2024-04-02,South America,Silver,N
bc8bbed0-0e89-4457-9a5d-1defd2d6bfa4,2023-08-19,North America,Silver,Y
189bdfe5-1a78-4efb-89b9-e2acd24f9fce,2022-07-04,Oceania,Silver,Y
2722e695-4618-4f72-aeec-67d5e942c749,2024-05-21,Europe,Gold,N
fab014c1-47bf-424e-870d-cc6ce777dac2,2025-10-10,Europe,Silver,N
64a18452-dae5-498a-ba19-7e9f557b9e63,2022-05-25,North America,Bronze,Y
7b1290e3-4876-4dfd-8083-b16ec123a9d8,2024-11-05,South America,Bronze,Y
4ac51aaa-8cb8-4eff-ba06-c22d569e0e6d,2024-08-21,Oceania,Bronze,Y
01030bad-3e60-4aeb-8816-2ff7e1f07aeb,2022-07-01,Europe,Bronze,Y
a9aa3f8e-b462-4a78-8ba3-62230dcb8393,2023-07-17,Oceania,Silver,Y
c9b54beb-c078-49a9-8f56-3aac92793743,2021-12-30,South America,Bronze,Y
092385fe-23d3-4d22-b080-bed6bc3e34af,2024-02-27,North America,Bronze,N
f586a744-d249-404b-a636-c7ffe060036b,2023-11-19,Oceania,Silver,N
f41facd1-1344-42f6-869a-cda367d73e57,2021-03-28,North America,Gold,Y
8976ec8a-fbe1-448c-b431-4c09db0e4342,2022-10-17,Africa,Platinum,Y
ea1197f6-bf67-498b-a280-15820e074ee9,2022-12-17,Asia,Bronze,Y
3ae9e50d-3723-49df-91c3-5e9b84aff003,2023-12-05,Africa,Silver,Y
740dd662-6d68-47bd-a54c-0527a80f342f,2023-10-20,Oceania,Silver,N
2ccd00e7-92ca-30b9-91d9-ee264997dd20,2026-01-09,Asia,Bronze,Y
06970811-8b49-475c-8cf5-a642bb09a475,2023-06-28,Europe,Gold,Y
34cd5d6f-52bd-407b-87b5-c69a4a13de29,2024-08-30,Europe,Bronze,Y
931f4262-71af-4873-ae58-96d5501a5239,2023-10-22,Africa,Bronze,Y
6066eb28-1f72-4864-b77c-82a7cd38b317,2022-05-16,Asia,Bronze,Y
ca90001c-8943-414f-b668-705d1a10748c,2022-09-02,North America,Platinum,N
1fa56d46-bb39-4d05-a63e-642d33eae04d,2022-10-02,North America,Gold,N
cd20063c-21e0-40e7-bc2c-17ff0a943503,2022-08-08,Oceania,Silver,N
2ef49ce2-dae5-4aea-84f9-d5f93b821b5c,2023-04-26,Africa,Bronze,Y
d8211808-3e3f-4fcf-af65-6186eb37b884,2024-01-21,Oceania,Silver,N
084ec551-b609-4146-a67a-a6887bca7185,2023-10-13,Europe,Bronze,Y
fbc21364-7a7c-43c8-ad0f-775e8188fd5d,2024-04-11,South America,Gold,Y
3a90dd8e-7b1a-4085-ac0c-2dcc67cae086,2024-11-26,Africa,Bronze,Y
03b75c77-a4f1-41c0-94e6-30e8ecc5a85e,2022-05-24,Africa,Gold,Y
359e2500-4d6c-4b33-82d5-4b3f9594e474,2025-06-22,Africa,Bronze,Y
b42eea4b-5783-4ea9-a9d2-a25d4641b888,2022-04-24,Europe,Silver,Y
23966b83-5cd1-4b22-b0e8-b2fa4fc34759,2022-05-19,Europe,Bronze,Y
0bb6d8c8-cd51-4ef4-965b-66a0acfd3dc1,2023-06-22,South America,Bronze,Y
761d4393-b382-4cde-afa5-b120778bc229,2023-12-31,Oceania,Gold,N
e8aa1ab9-dceb-481a-96c6-d1040ac9eadc,2022-05-25,Asia,Gold,Y
3201491b-907e-4623-8654-9f04314d877f,2022-06-12,South America,Bronze,Y
368219b0-2940-4284-a360-5973e42fe2d2,2024-01-26,Europe,Gold,Y
743dd327-c8be-476c-8128-62e454e03a5f,2022-09-01,South America,Silver,Y
7b2413e8-005f-4765-975f-310891653dbc,2024-10-05,Europe,Bronze,Y
fc713b1b-e329-451f-8370-f6e705de7ead,2022-06-08,Oceania,Gold,N
4258c537-0634-4829-ae38-7d2318871b69,2023-10-17,Asia,Silver,Y
f56febb1-484b-424b-806e-10295b4d5bbf,2024-01-05,Europe,Silver,N
a80acc8d-7a7b-4270-83e4-4f57856b1d9b,2025-01-13,Europe,Bronze,Y
2ce70822-dc96-4387-a124-646113fe7335,2023-03-18,Asia,Gold,Y
29c09a85-48c9-4572-8ba4-0fdb105fef51,2023-11-24,North America,Bronze,Y
ddf7c3e8-32c7-4e9f-bbe2-588bf748934a,2021-08-27,Africa,Silver,Y
5b2b3ed6-2a12-4112-9be7-22127a0051fa,2023-12-16,North America,Silver,Y
5e351973-b733-4c9e-977b-08a8f5ffb939,2022-04-11,Europe,Gold,N
1725b9ae-9e36-4de9-af2f-009e7f44f777,2023-02-18,Africa,Bronze,Y
14a61d46-2b18-40ed-ba56-352da6fe223a,2023-09-16,North America,Platinum,Y
b51c8012-2927-46ea-9451-35236971dd2b,2022-09-26,Asia,Platinum,Y
dbd959b8-8888-4491-a59b-918547e9773e,2025-02-26,Africa,Bronze,Y
4e5b2424-385c-4e81-8aca-c467ecba5167,2022-04-11,Africa,Platinum,Y
423c6112-bda3-4fdd-bc27-49710a128475,2024-04-13,South America,Bronze,Y
c0e9a3aa-d872-446a-908b-90e62598c556,2023-04-23,Asia,Bronze,Y
9002e0d3-d853-4f6e-87ed-f53f7b8629f6,2024-10-21,Oceania,Bronze,Y
2b0a9941-ad08-4bab-8872-544c6020c52e,2023-12-24,Oceania,Bronze,Y
ed3fa2a2-8eb2-452f-8f5b-2740520bacdc,2023-05-08,Europe,Silver,Y
51c77965-2198-49cc-bcb4-3d57e8049941,2024-10-18,North America,Gold,N
73ec5b83-7246-4267-bed4-da72a0d3d8fb,2025-02-17,Asia,Bronze,Y
2e07772e-0db9-4ca1-9600-543077c5e3ee,2022-01-31,North America,Silver,Y
933ec0cd-07ca-4fbe-8b82-6efdebc3af7c,2022-12-09,Asia,Gold,Y
44f09273-2cb0-4cfd-8329-6076e847da6b,2022-06-16,Oceania,Platinum,Y
080e09dd-2ff8-40d0-b534-dc34e68bea34,2022-09-22,South America,Bronze,N
4f21818e-2d63-4b08-a267-9a06f4d191f8,2024-03-05,Asia,Platinum,Y
66d71d97-b193-48b8-ae49-c0799bd0d4c7,2024-03-12,Asia,Silver,Y
53c7c650-7762-4f09-b6d1-5ee942b7a3f0,2022-12-20,Oceania,Silver,Y
c44f1306-055e-41e3-83e5-123ef593d27f,2023-05-28,Asia,Bronze,Y
0958bcd3-231f-4920-ac7e-f40de1ae4953,2024-03-24,Europe,Silver,N
4fb8939e-56ec-43c9-bf36-d82d2b3143f7,2024-04-08,Oceania,Platinum,Y
a89966aa-ad52-4e85-b1da-666c18b77c57,2025-05-12,Europe,Bronze,Y
415ca82f-71d3-4abc-9624-78bec86ca69a,2023-08-23,Asia,Bronze,Y
2650b72f-6043-4b9f-9510-c1efe415626d,2023-01-04,Europe,Bronze,Y
75151435-cd01-4b44-a282-80207460aba0,2025-01-10,South America,Platinum,Y
bf3f51d5-2557-482c-888c-6ea499f9a338,2022-07-11,Europe,Platinum,Y
7d0b1599-0d6a-4835-b212-ee3b16198e74,2022-06-16,North America,Silver,Y
92dffcd8-b80a-4abf-92cc-2a997d796b8f,2022-03-01,Asia,Silver,Y
a3a66673-22ad-4da1-af10-432d8247dffe,2021-12-05,North America,Bronze,Y
6cd7a51f-c209-446d-90e8-7393cbe76c4d,2024-05-14,North America,Bronze,N
65c4b4fb-6526-40fc-bc4d-f6408a7f65ab,2022-09-29,Europe,Bronze,Y
8b67e858-5714-498c-b230-804c6680fee9,2024-11-10,North America,Gold,Y
6b91a4b6-9daa-4003-8569-c3a77610468f,2023-11-25,Europe,Bronze,N
5ff44565-e4d4-4726-a091-c424916539d2,2025-07-17,Africa,Silver,Y
e2775db5-ec2f-44a9-a1bb-bc3c9bc16986,2021-12-06,Asia,Bronze,Y
d02bbb81-93d0-47d7-899f-c300c00b2c91,2021-11-01,Europe,Silver,Y
a7ab86c2-ed72-41b6-b6b1-c494ca51085f,2022-01-26,Oceania,Platinum,Y
f516470f-2548-42e0-86bb-0c437bae78c2,2024-12-02,Africa,Bronze,Y
d036f927-c4e5-424c-9543-c99eee078cb4,2023-08-16,Oceania,Silver,N
3fb9aead-9cc3-4afa-8794-244b130d87e1,2025-03-14,Europe,Bronze,N
1a59b8ec-57da-4885-8b5c-414af7da7bc5,2022-10-05,North America,Bronze,Y
4d014aad-a2bb-455b-8ffa-c6a9e306a0b1,2022-08-20,Africa,Bronze,Y
52949fbd-1243-4159-9df5-6402492ca612,2023-05-22,Oceania,Silver,N
47eebcf2-6664-b678-5203-d212098aa62c,2025-12-15,Africa,Bronze,N
3e84455f-a755-4468-9e74-e1224aed4cc8,2023-10-13,North America,Bronze,Y
11187b88-8519-4182-add8-cccca29bc628,2023-11-02,Europe,Bronze,Y
359758ba-e355-4ffe-8314-8ef96e0cbe86,2023-02-03,Oceania,Silver,Y
1045b84d-e9d9-440f-bc86-918620926390,2023-04-04,Asia,Silver,Y
3a8d5560-1bcf-40cf-9769-8f99976770b9,2023-02-07,North America,Bronze,Y
4a3a7cf0-d163-4ff2-93a9-901990c01631,2022-09-08,South America,Silver,Y
8c7e2904-4237-492a-8017-466e85f4c0a2,2022-08-24,Oceania,Silver,N
53a1a9a8-b3d3-4437-a918-53bf23db8f35,2024-01-21,South America,Gold,N
dcd99a8e-1848-4650-ac25-0fe8662d2cde,2023-04-27,Asia,Bronze,Y
d22c2fca-fece-4273-aac3-b110c8138064,2023-10-27,Europe,Bronze,Y
60f8e5b7-8e0e-48a4-ae40-cf207fcbb0f7,2025-05-09,South America,Bronze,Y
7a7fa649-2a47-4c13-882a-31791b3b1e61,2022-09-27,Oceania,Bronze,Y
514ee8ed-aa78-4f71-a9a2-5417778bd697,2024-01-31,Europe,Bronze,Y
798d99fb-2ed7-4961-951e-89e65c4fe578,2022-10-09,South America,Gold,Y
be41056b-8597-4cc5-9222-df6aa9690cdc,2021-03-05,Asia,Silver,Y
c8cea36b-dbd0-4831-9830-86bb9e3372d7,2022-04-18,Africa,Gold,N
4cf9f844-12da-4aa1-ab10-aaa46ea180c8,2024-05-02,Europe,Bronze,Y
5e19c478-4143-4597-9ea7-5453f2506a88,2023-03-21,Europe,Silver,Y
d8cb1885-3bfd-425a-afeb-2925d02ce29e,2023-06-23,Asia,Bronze,Y
5a07600b-0e6d-4d8e-9fd9-33a05d15fa8e,2023-12-21,Oceania,Bronze,N
a680299d-8f02-4e9b-994f-67af94d38feb,2024-11-23,South America,Bronze,Y
8ed4e35b-7803-4c73-836d-24e62cad2d65,2024-04-22,Europe,Gold,Y
60152641-bb2c-472d-8333-b0fe02759ce1,2022-04-26,North America,Bronze,Y
245520fb-b141-4d57-b86c-2f9e1fbf068b,2023-02-19,South America,Silver,N
4e05461a-199d-4e84-98ab-bdf2a420cfea,2024-02-29,North America,Bronze,Y
4955cff9-eb4a-4fdc-a863-fb5c1ab90da4,2025-01-21,Africa,Silver,Y
11b67738-43ed-4e83-b0df-d90c0af6d6d5,2022-04-30,Africa,Platinum,N
6d377252-2af6-42d8-b961-b8ce0454f5a1,2022-06-15,North America,Bronze,Y
cc96d39e-2617-4619-82a5-c59e86b4b101,2023-04-19,Europe,Bronze,N
ba1f1431-4081-40e8-8b5e-60592a0e2f4e,2023-11-10,South America,Silver,Y
5f2dc50c-ece4-46a6-8238-6c4495a2392d,2022-07-16,Oceania,Bronze,N
960c05cd-2ad7-47bd-86a2-2cdadcd3cdcc,2024-06-01,North America,Silver,N
a4a8a844-8bdf-4208-81c5-bc8b64e94d6a,2024-06-22,South America,Bronze,N
a9545955-2383-46cf-acf8-c47dccd2eb04,2022-05-22,North America,Bronze,Y
9b48c6fb-333f-417b-a054-e592101b3c72,2022-01-27,Oceania,Bronze,N
82befc49-17cf-46e2-ac5e-7dae6cd01753,2022-02-12,South America,Bronze,N
5bad287f-59bb-4917-a2d6-2c8b95e27771,2022-05-24,North America,Bronze,N
758984dc-3b52-4d98-8f6d-abf63c960407,2022-01-05,Asia,Silver,Y
c2667162-48ce-4772-848f-8175a5b05c8f,2024-02-11,South America,Gold,Y
d9d0744c-a3d2-4357-9986-63ca261ef842,2022-06-10,North America,Silver,N
c19eb471-81e3-4c99-b350-003550711923,2022-05-06,Asia,Bronze,Y
52d8e13b-8bc3-43bc-a306-28c251f63263,2022-03-31,South America,Bronze,Y
39093829-edaa-49d9-9bbd-038e2d65e1e7,2024-02-14,Africa,Bronze,N
a672bfe1-515d-4ee1-b7b3-d35cf71bc83d,2024-11-10,Africa,Bronze,Y
3a9123c9-712c-4b84-afc7-788ec919b3c7,2023-01-28,South America,Bronze,Y
639b3f82-f10a-422d-8b34-c046eb8f1b09,2023-03-20,Africa,Bronze,Y
b59f3eec-1552-4035-99d5-0ca1fc821162,2022-11-25,Europe,Silver,N
95304f4f-2148-4452-9cb9-b8446d8f7676,2023-09-08,Asia,Bronze,Y
24e071eb-a94d-4fda-b685-88e104eeb368,2023-09-12,Africa,Gold,Y
3827a293-f799-4a9d-92ab-a2c9a909483c,2024-08-22,North America,Silver,Y
3b0c0fcb-ea2a-4e03-822b-1acb37622fda,2024-10-30,Africa,Bronze,N
6a7cdc07-cc48-4601-b829-f3681e432da9,2023-08-08,Oceania,Silver,Y
13ffcbb3-1d7d-4f67-b670-3f3b8ba4a65d,2021-05-13,North America,Bronze,N
d4d42607-08ec-4946-8292-baa248df6080,2024-08-20,South America,Bronze,Y
5cf2f8d2-9968-44a9-8af2-7d2f8159fd47,2022-09-18,Oceania,Silver,Y
e1ace5f0-b439-4b44-9d95-31c2eaf8276b,2023-03-05,Asia,Bronze,Y
acbb49f5-db13-4528-bc2a-c7ec90670e73,2022-10-22,North America,Silver,N
c7d8ca9f-917b-4af7-a33a-15ba03a331eb,2024-11-15,Asia,Gold,Y
ca73e49a-8f5f-4aff-b0a6-3a61a148daa7,2023-02-17,Europe,Bronze,Y
0df665b9-8f25-48a2-8415-9d77e0ca81c0,2021-11-24,Europe,Bronze,N
4764a956-9968-4a3c-a684-79846b0dd81d,2023-03-10,Europe,Bronze,Y
7462f144-c49b-4e62-a5ba-4f0347656069,2022-11-24,Africa,Bronze,Y
e19bbc4e-ba2f-4ca6-aa0a-b7ba689ddd56,2024-04-23,North America,Bronze,N
4cfc9ca9-f6b1-40e2-af28-5c3220c6f80e,2025-03-19,Asia,Bronze,Y
22847787-5076-40c5-8455-77fcdfdee2bd,2022-10-07,Europe,Bronze,Y
6cfc78a6-0b98-4e6b-a834-81b9f4bc3def,2023-07-04,Oceania,Bronze,Y
ff71a568-8794-4fab-a463-760ea3578285,2022-08-03,North America,Bronze,N
87bafe02-6274-42c0-b686-ebd04da118b7,2022-09-28,Europe,Gold,Y
829ac030-6d5b-496a-adaf-8ebc3208673c,2024-11-15,Africa,Bronze,Y
2218f4b6-f542-4c48-9479-59df167c1165,2025-09-20,Asia,Bronze,N
e5344937-5992-4dba-b03d-0b2fe3ff4fcb,2024-07-19,Europe,Gold,Y
98b2a04f-2f45-47cd-8b39-e31dfd9f3db7,2024-12-13,Oceania,Bronze,Y
75f93393-46a1-436c-8581-e4562ca0c951,2023-04-20,Oceania,Silver,Y
40faa7ae-e150-4cb7-a156-8334f907a338,2023-10-08,Africa,Silver,Y
b06c5762-fd17-45aa-bd58-2d2ecc1d268a,2023-12-13,Oceania,Bronze,Y
ad125a76-ba15-459b-b8a3-8a818ee30925,2023-11-19,Asia,Gold,Y
548dea62-21ec-405a-8bbd-93915133e308,2023-03-27,North America,Gold,Y
a0d72005-411e-8bac-d192-4b21b54c54f9,2025-12-03,Oceania,Silver,Y
e5b7752e-d67e-4505-913c-e97381436ae0,2024-07-20,Africa,Gold,Y
2811a218-42f8-46be-8275-734bd32e6fc6,2022-06-04,South America,Bronze,Y
9adb5b4e-b3f2-4140-a8d7-61f871c76bcd,2024-06-20,Asia,Bronze,N
be1faf7c-2d24-40c0-8231-082e50da6bb3,2022-10-29,North America,Gold,N
91f97c16-81b6-43bd-8846-8d499ac11a87,2025-03-04,Europe,Bronze,Y
c276445b-6d18-4dc3-8adf-d1de5f27c920,2021-07-10,Africa,Gold,Y
ea993df0-9af1-4aea-8e5c-d243b0054358,2023-10-31,Asia,Bronze,Y
fa1c7b4a-ab21-4471-9b19-af8d842b4424,2023-01-04,Africa,Bronze,Y
345cbcab-a040-4bca-9bc8-3ad60c2a7837,2023-04-09,Africa,Bronze,Y
f31b74f8-163b-6001-17f9-31b676b3c18e,2025-12-18,Africa,Silver,N
9f7eac2b-0424-400d-857e-8c8ba9c3c87c,2023-10-24,Africa,Bronze,N
f3d95352-ec64-4e98-b17f-be611b0ca9c5,2023-06-14,Asia,Gold,Y
ae01a90f-dae4-4236-9a80-9472cdb503f2,2022-06-16,South America,Gold,Y
b0d32922-b0ae-42ab-9678-1842eb2a74b9,2024-01-08,Oceania,Silver,Y
24516596-e7dc-5d43-e5b5-64c91a56b638,2025-12-03,South America,Silver,Y
5e86ca3d-07d7-42df-8ef0-4ec3fb2d6908,2024-06-18,Oceania,Silver,N
85f90fc6-7b34-483d-8707-12e5f2a059e3,2023-10-08,Africa,Silver,Y
0a316b9e-76df-46d4-9925-1ad714b77c79,2023-09-11,South America,Silver,Y
bbf1eeac-c109-46ba-a772-bff7ec6696a0,2025-03-03,North America,Platinum,N
34641417-e8fc-4b4b-993b-07335181e98d,2022-08-21,South America,Bronze,N
e5a66b85-e29e-40fe-92ea-c86dfda0eaa1,2023-04-12,North America,Silver,Y
571cdfbf-8dd9-4b83-9877-c24c8842955a,2025-04-02,North America,Bronze,Y
a8a00531-b036-4c89-bcb0-a7470e282d23,2023-02-10,Africa,Bronze,Y
8cf996a3-d028-4602-a066-5e51f76d7126,2025-02-26,North America,Silver,N
97573a6d-97da-460e-abdd-796c5c55dc37,2023-09-19,Asia,Bronze,N
37daa076-88b8-4f7f-8b95-306c8192ae93,2022-11-03,Oceania,Bronze,Y
fc292993-6ab4-4c03-adbe-72e1be2540fe,2023-12-07,Africa,Gold,Y
18f56437-dc66-47f6-bd85-931776f19892,2023-01-22,Africa,Bronze,Y
38aa22b4-bdb3-40de-92cf-17aea61adc10,2022-09-09,Europe,Silver,Y
75cf8665-3aa4-4a18-8fae-89a22f6fb81a,2024-12-23,South America,Bronze,Y
21198e7e-9ec4-4786-8327-6984e0ad133d,2022-05-16,Oceania,Bronze,N
c89a10a3-17ef-41fc-841b-1a37a931f647,2023-10-03,Africa,Silver,Y
849e81ad-7721-44e1-a5b3-3cceb8dd1699,2023-02-17,Africa,Gold,Y
6ca653b7-9fb9-4839-9096-da0015a838a6,2023-06-18,South America,Bronze,Y
cf4e23cf-62a9-4a3e-98d1-ba9027e4f366,2023-07-11,Europe,Gold,N
75d0a2af-1c06-4fa6-921b-a1e492e7fc57,2023-01-16,Africa,Silver,Y
4ec0f5a0-df25-41d4-a53e-41b45cbdfd47,2023-08-24,Africa,Silver,N
680d0f8e-bd3c-465c-9ff1-19fe366d2aba,2023-12-24,Asia,Gold,N
8bfa681d-8f82-4371-bf5f-d5e0fd186564,2021-04-22,Africa,Silver,N
34c07100-7179-4639-b08f-b8a15d654a47,2025-01-20,Africa,Bronze,Y
1837e8b9-2a3c-4f6b-bcef-0b0b05d9f92f,2022-08-11,Europe,Platinum,Y
32bfd79e-566e-4dd6-b4b6-9c804b4616d5,2024-05-24,Oceania,Silver,N
995bad11-e365-4b2c-af80-0a845bae64a3,2022-11-02,Asia,Silver,Y
6ce0befa-8986-4ffe-ba65-9bb3e2ea33ce,2024-06-24,Africa,Gold,N
7f3e5e2a-c578-45f0-8b8f-f16c003a5ebc,2024-03-26,North America,Gold,N
4fd7fa9e-d44a-4f1d-9f26-808c0a9b3d13,2024-11-06,Oceania,Bronze,Y
74e025fe-e2ee-45f5-acb7-fcc10d59857b,2024-02-19,Asia,Bronze,Y
9aa13bfe-0cb2-4c0b-bd7b-5070b99a4eb4,2024-02-29,North America,Gold,N
b2d31e65-f2bd-43de-a179-20ecaba22912,2023-07-29,Asia,Gold,Y
e503b22b-fbd7-406c-81ab-d289482a5282,2024-03-30,South America,Silver,Y
7b5f2193-dac5-4d5b-8910-42d056b766a5,2023-01-06,Africa,Bronze,Y
20793a98-f94c-9458-9aff-badc7754cdfc,2025-12-01,Oceania,Bronze,Y
4862f17d-d37f-4be6-8dde-abcc6b258cbb,2022-10-03,North America,Silver,Y
b11822ff-ab73-49a1-be9d-d3cc28aca4da,2023-12-15,South America,Bronze,N
b98daf50-7fca-4b4f-b80f-1e2e2ea0a752,2021-08-04,Oceania,Silver,Y
c33b88b0-b677-4cbe-9928-662561a2bcaa,2022-09-22,Oceania,Silver,N
baee4701-6bde-4fb8-b6e1-2e779284bc31,2024-07-21,North America,Bronze,Y
bfb8abb9-a18c-4492-b4e0-079a98fb4727,2022-01-21,North America,Bronze,Y
d40b8464-92c3-47b3-b663-4fd8dfa8620e,2023-01-22,Oceania,Bronze,Y
1ab9a3c6-192f-4bba-80ef-c826381f453e,2024-06-09,South America,Bronze,Y
cf11be94-02a6-427c-8d16-192b515b1487,2022-09-14,Africa,Bronze,Y
36fea0b4-38cd-4122-bc01-45e14ce2afa2,2022-02-01,Oceania,Bronze,Y
959def22-cecd-4cfe-81e0-7edb68ea7d85,2025-11-08,South America,Silver,Y
6049cbb0-3db5-433f-85d7-3ac4ea248e1a,2022-02-20,Europe,Gold,Y
a947d1ec-a203-49fe-9989-dea72f4d8bb1,2021-12-12,South America,Bronze,N
2c485eaa-bdf4-4a6e-967c-b4617721025f,2024-03-05,North America,Bronze,Y
da7caa20-4eec-4db4-b81e-475e990b73d9,2022-05-31,South America,Gold,Y
af9a634b-f0b4-4a27-9c91-8b18a6cf2962,2022-11-29,Asia,Bronze,Y
c5e3e804-b22d-4bd2-b79a-d9f4ed8e6a72,2024-03-07,North America,Bronze,Y
f2e9984e-99bd-4dcb-8f78-4fb7db004526,2022-08-01,Oceania,Gold,Y
862e9909-f221-4a7f-8532-3499d7c5216b,2021-11-09,Oceania,Silver,N
5fb7d2ad-2d81-4d61-83ed-35f4ad28eef9,2022-05-23,Africa,Silver,N
966da436-db67-4c19-881a-b64e5a0a3790,2024-11-05,Africa,Gold,Y
d57a1134-c82f-48db-9bc6-9dfca6a148c3,2025-01-15,Oceania,Silver,Y
4683145a-7644-4415-938a-c7df459e7d82,2024-01-25,Asia,Silver,Y
ab043a75-2ab2-47bb-a1a3-36d0d97319e6,2023-12-02,Europe,Gold,Y
f0c3c3dc-a885-4f61-81f2-11d7153db7db,2022-05-18,South America,Bronze,Y
152e0e50-a163-4dd0-b401-f83dafb9b139,2023-01-22,Oceania,Bronze,N
de89a7c7-84d8-4c7b-a294-f5d3797d71fe,2023-07-19,North America,Bronze,Y
ada40ac0-a4b1-44e4-bb75-cf7fb09fb603,2021-04-14,Europe,Silver,Y
ed4bec3f-0aa3-41a2-aa2d-e9b9e52744e1,2022-03-08,Europe,Bronze,Y
cf2df4a6-c972-4c70-8561-88e7566b8b3a,2024-05-15,North America,Silver,Y
b07aa066-7354-45ea-a894-9b8d00af5b3a,2021-08-07,Europe,Bronze,N
19d026f8-a2dd-47a5-a92e-3e8902cef4af,2024-01-15,South America,Silver,Y
1a950f3e-bd84-46da-a266-04f3c9afd545,2022-02-15,South America,Bronze,Y
4c70c16f-c917-4796-a838-4c4f95635189,2024-06-05,Africa,Silver,Y
b73f6e64-378d-4f8d-8761-f9da039479c1,2023-07-15,South America,Silver,Y
125fb3c7-949e-44c5-af86-d40b3274ac64,2022-01-25,Europe,Silver,Y
117fc586-ee5c-4219-a943-b33211bcfbb2,2024-01-28,Africa,Gold,Y
7fd9c402-5fee-41d4-940c-0fcf6424d89d,2023-09-07,Asia,Bronze,Y
ac068625-e88e-4b5d-93ba-ff5932dccf19,2023-11-15,Europe,Bronze,Y
8e9df34d-f5dc-4a3f-b58a-982e57056804,2023-11-09,Oceania,Silver,Y
f8eb51b8-5938-4971-b0f6-d8b690e65aa4,2024-04-13,South America,Bronze,Y
113c55b3-d10e-4106-b556-6a1cbea354be,2022-08-28,Oceania,Silver,N
e8858968-2a1f-4485-9e40-4175345f8050,2023-10-05,Asia,Silver,N
e4718201-cfd5-4e63-99c5-510912706177,2023-02-13,South America,Bronze,N
eea6c6c7-a54d-4e8e-bd5a-7ee32c6765df,2022-07-02,South America,Silver,N
94a9922e-f67e-d93e-0d78-343ad6d21b30,2026-01-04,Africa,Gold,Y
715a7987-2ed9-494b-8eed-8c6e8da406d7,2022-01-17,North America,Bronze,Y
9a2363fe-6901-488c-bd8a-3090353a044d,2022-10-16,South America,Bronze,Y
21b80e00-138e-47cb-9038-edd2694cad07,2024-04-01,Asia,Bronze,Y
a9b987d8-4190-4e8e-985f-c584c81e3b3e,2022-11-28,Asia,Bronze,Y
64ace3b6-9e91-44fd-a24a-f0189a455871,2024-05-11,Europe,Bronze,Y
a2323265-b3de-4005-bb0b-dec5b20f1c07,2024-01-19,Asia,Gold,Y
a1dc2f28-3e0e-429f-bd9f-e0b9d7aa58b9,2021-08-15,Asia,Silver,Y
cb505aa3-0c4a-4f81-a1c2-e70c629153bf,2022-06-17,Europe,Bronze,N
37c1e3b4-66e6-4521-93be-ae79820a816f,2024-06-21,Asia,Gold,Y
5e98552b-d087-4adb-9c37-04a1bd446be7,2021-05-07,South America,Bronze,Y
e602163a-49ef-4146-a68f-7c1acced4c38,2025-09-05,Africa,Bronze,N
b55a478e-0541-43ca-ae12-bda9b2ec7ff4,2021-09-08,North America,Bronze,Y
0474be6d-b6c9-467b-9a8b-831d002eac1e,2024-05-31,Africa,Bronze,N
283ba30f-90b4-4e15-889f-f69f7c1f2057,2024-02-29,South America,Bronze,Y
4dc3a23c-892e-42a6-8d54-d814cbe9b012,2022-12-07,Europe,Silver,Y
51c4a48b-d79a-4414-af05-499070857047,2025-06-04,Europe,Silver,Y
0a2f6639-cd5d-4a83-b6aa-e31f7dc980c0,2022-10-04,Africa,Silver,N
5c338a83-7c80-4067-9afc-00ac9bd2ce6b,2023-05-26,Asia,Gold,Y
3bb554f6-b5d0-4641-9309-30f9ddb28551,2023-02-02,Africa,Silver,Y
375d02fe-86c1-4f97-9f52-434780f6638e,2021-05-06,South America,Bronze,Y
503b4078-a39c-4ec6-b746-4c02871854c1,2023-08-24,South America,Gold,N
940d8bcc-e926-4a56-a95a-e210973cb616,2023-12-13,South America,Bronze,Y
8d82442c-b83e-43b7-a30d-ebddcde55273,2022-02-15,Africa,Bronze,Y
e3213a11-3e54-44cc-b750-48938dcfe8c8,2024-12-20,North America,Bronze,N
f7119360-be88-4244-b0ab-ce82b58a3648,2023-11-17,Africa,Silver,Y
821dadce-3559-4fdf-a9e0-5ebd5dfdc4cd,2022-08-29,South America,Bronze,Y
6be5ff3a-9931-415c-aba5-68de88dc7289,2024-12-10,Asia,Silver,Y
4acafd79-ec60-4353-b12d-2edce6b03b0d,2024-04-17,Africa,Bronze,Y
098108dd-4549-42ba-a79b-62cac29e32b0,2024-02-14,North America,Bronze,Y
7d521537-e092-48d0-872d-f911a9b4e4b1,2023-01-27,North America,Silver,Y
d24c9f86-499c-440e-bd94-8671b0f36f66,2023-09-07,Europe,Bronze,Y
08dddb4e-a40a-4762-bc9f-211fee71bdec,2024-04-16,Europe,Bronze,N
7f297630-bbca-4210-afe6-1a89d059b594,2023-08-14,Africa,Silver,N
9e8b14e1-7799-403e-9f48-5e4754e54f77,2023-10-19,South America,Silver,Y
743b09e9-e24f-4845-a014-d8d425c2a208,2024-07-07,Africa,Bronze,Y
70e4d888-0952-48c8-8cb5-ce532a4c01f4,2024-07-07,South America,Platinum,Y
58351f3a-6394-446d-b36e-943796d4890c,2023-11-30,Europe,Silver,N
b3e771d3-23d0-41a1-bfa3-30ffebd66712,2023-11-15,Oceania,Gold,N
661df416-d825-4e98-9a3b-143f40768c67,2024-03-20,Asia,Silver,Y
4c103b3c-6cfa-4ad5-9cdd-488f6c5f451a,2024-08-01,North America,Gold,N
83818bda-075b-4c90-ac9f-e79bc0d57ad6,2023-01-11,Oceania,Gold,Y
b6631bb4-84cf-45f9-a131-aaed5de7d461,2023-01-22,Europe,Silver,Y
fec0438d-12e1-4061-998e-42bbd8d2bb04,2024-10-06,North America,Silver,Y
3174266b-c2cd-42ca-bfe4-989e8e93ccaf,2023-02-06,North America,Bronze,Y
1e171c05-bd50-4fad-851c-94d7dd7803c1,2023-12-02,South America,Silver,Y
f8aa36b3-f101-4e55-a0f7-e6643744511f,2022-11-17,Africa,Bronze,Y
bd303739-8f5a-4787-8edd-8e22536019db,2022-10-27,Europe,Silver,Y
79401bdd-619c-4aba-854a-28b9ab5e8de3,2021-04-28,North America,Gold,N
5bb94ebd-f399-4791-adf9-9a171add4ff5,2024-06-12,Oceania,Bronze,Y
76b0766b-bbd1-44b0-b9df-8f7fe8c8fa9b,2025-05-21,Africa,Silver,Y
ff1bdf3c-3b91-4214-acb0-7e392250bb68,2021-11-28,North America,Silver,N
346683ad-c68f-4f12-bd02-c8fbbb6329e8,2022-06-01,North America,Silver,Y
06ff421a-3c2b-4098-8445-b53d0155801a,2023-05-11,Oceania,Silver,Y
ab5efb61-d027-497e-b5bc-9aa155ceca09,2024-06-02,Oceania,Bronze,N
29c649ec-2b48-4034-88e5-e76e68eac538,2022-09-29,Africa,Bronze,N
84ba53ed-17ea-4cb9-9c7d-8d12c7e77d0f,2023-01-26,North America,Bronze,Y
87bb957c-93b9-4827-94a0-32fffff5ac3f,2022-05-22,Oceania,Bronze,Y
7795376a-bba2-4994-aba8-1fcca92b2cc9,2022-03-10,Africa,Bronze,Y
bc34f0cb-d39a-4a2b-bec9-55cb7b8fc1d5,2022-11-21,Europe,Platinum,Y
631ad1c6-8753-4734-8fdd-6e56eb851b88,2022-03-17,Europe,Bronze,Y
46e8b91f-8633-4088-b296-f9f05bb57547,2023-09-07,Europe,Bronze,Y
4cca3dda-7cbb-4627-9929-c7c73709d7d3,2024-07-05,Europe,Silver,Y
84a01954-d9c9-4ec3-a1b5-c8a3da4d7550,2025-06-02,Africa,Platinum,Y
c741509a-b84b-41db-86a5-f4ac586f7a14,2022-10-29,Asia,Gold,N
28791fa4-7a80-4dd0-8286-2014ff41e2a0,2021-11-07,Africa,Gold,Y
01a07005-e5bd-452e-8e80-c47e7635f660,2025-03-23,South America,Bronze,Y
24478e0a-45e2-4ee1-add5-5c3c8c7c0585,2024-05-18,Oceania,Bronze,Y
13974770-15bd-48ba-9caa-f6a5451ea1db,2024-02-10,South America,Gold,N
28f4b935-f30d-45ef-8a67-03ccd9296018,2024-02-01,Europe,Bronze,Y
ad5009ec-3e77-46d2-857c-a4b37128ca16,2021-08-05,North America,Bronze,N
ab8be989-b577-4d52-8750-86a210325c76,2022-02-26,North America,Bronze,N
4d7e6eeb-04eb-4694-92da-e5a7bc11733c,2022-09-30,Africa,Silver,Y
9c1b2b3f-3954-4207-94fd-ca961332ee00,2023-08-25,Asia,Platinum,Y
17caf26b-cbfe-4d65-a23b-34635f6763a6,2025-05-07,Asia,Silver,Y
4fa03f26-f6f7-40cc-a9ec-8e49d1bdb8c0,2025-05-02,Asia,Silver,Y
36833a2b-d040-4417-98d6-51edf8d3e093,2024-03-28,North America,Silver,Y
9de7b893-4f49-4ce8-a4f5-c7b2ca5079ec,2024-04-17,Africa,Gold,Y
915476bf-be55-43e1-9db4-67a218cabbe1,2025-05-19,South America,Bronze,N
b986671b-786b-4ef9-96c4-ad8380e0608b,2022-06-29,Asia,Bronze,Y
bdbca2cf-0654-490b-98fa-6147c5b51c1f,2023-11-18,Africa,Bronze,Y
9af9b97e-804e-4737-a128-65849b4e02e3,2023-07-04,Oceania,Bronze,N
050d939a-5bac-4cbf-bda1-9f55de77bb21,2022-08-21,Oceania,Bronze,Y
e9727d2e-1192-4ffa-b2ec-2bc5e38d104e,2025-06-04,Asia,Silver,Y
60b4fc7e-2dc4-4848-b318-7e8f6afe39bf,2023-03-17,North America,Bronze,Y
e1b33498-8974-4baf-9928-3cfc76da7bc3,2022-05-03,Europe,Bronze,Y
5d15c129-9425-4e90-9aeb-50557d692580,2022-11-03,North America,Bronze,N
3e540130-5c18-41cc-87d2-046421fc2591,2021-08-04,North America,Bronze,Y
217c82b1-c884-4ac6-a19a-4805e03a0ab6,2024-01-24,Asia,Bronze,N
6edd6534-9f88-4802-9ac3-e8c1c0eaf512,2022-08-05,Oceania,Bronze,N
d4d2db94-52ef-4d50-a330-27bb31b419a3,2022-11-02,North America,Silver,Y
f8a2b913-51d9-402c-bc4b-89ba04e4fd49,2024-05-29,Oceania,Bronze,Y
21d73c7c-1f5d-4fee-9b05-100d00dafbb8,2023-10-21,Africa,Silver,Y
4036d3f7-4dbf-4a86-9b18-0366c500c091,2022-03-01,Asia,Silver,Y
0cfcef2e-ad5c-4886-a9cb-02abab5712fd,2025-01-09,North America,Bronze,Y
e5e09b0c-04cc-4b10-839f-82795a1ceb3c,2023-06-27,Africa,Bronze,Y
6a4df5dd-6ff9-4246-b8fc-5f403c088b2d,2023-01-10,Asia,Gold,Y
c19d8534-66e3-49ec-bab8-8b166dcb9bf1,2025-04-09,Oceania,Bronze,N
d7eaa90f-2e8a-4175-a721-837f624a7cab,2023-09-01,Africa,Silver,Y
1e603c12-842a-4c9c-a444-6273e0d2aa98,2023-11-27,Europe,Silver,N
86082164-1219-4c26-9550-7ed42a573e8c,2023-12-12,Europe,Silver,Y
930efd99-a5cf-4a04-a7b1-f7145d3f02a4,2023-05-26,South America,Gold,N
01f0977c-077d-464a-be57-13bec0752cd6,2021-07-30,North America,Bronze,N
89995e38-55cc-4f2b-b65b-3d5b37c9d352,2024-03-13,Asia,Bronze,N
d4f90c7e-df70-4c5e-aaf4-596fd43e526e,2023-10-14,Asia,Bronze,Y
758919a8-8d0e-42c8-917d-d36f78d340bd,2022-09-28,Asia,Gold,Y
b091f2db-bfad-4216-87a5-98c1548b325d,2021-02-18,Africa,Silver,Y
12b4beca-fc1b-4468-bd62-9cd2b9d33fc7,2023-06-22,Oceania,Bronze,N
7182d248-5afe-421d-ad7d-9f25c3f8f3cc,2025-01-20,Oceania,Silver,N
a8df0a00-6afa-4b81-a05e-1436e423b21e,2021-10-18,Asia,Silver,Y
731b7004-801b-438d-86fc-92267fe1b779,2023-03-04,North America,Silver,Y
6ae1a31f-a7b6-3925-b3c1-20c39b0108d2,2025-12-27,Africa,Bronze,N
38ce9369-5940-4314-9eda-a4c6dadce584,2022-07-02,Oceania,Bronze,N
ad0a1f13-bcee-4b10-9539-55611a9a90ec,2023-02-24,Europe,Silver,Y
645ebe9b-1a33-4b77-8d8d-044e22761bbc,2024-04-09,Asia,Gold,Y
d9ed7f16-4747-44b1-8091-c0dfdad67be0,2022-11-25,Oceania,Silver,Y
97071445-e4ca-40f5-8e81-cbbd15e4486f,2024-01-12,Oceania,Bronze,Y
2a9edda7-761a-4914-8931-b2d4d3def87c,2022-06-12,Oceania,Gold,Y
12eb2b26-9555-404f-a966-af113521fe14,2024-06-20,Africa,Gold,Y
e732a683-6d64-419e-b913-d8e89594a115,2023-01-22,Oceania,Bronze,Y
c742c207-e868-4c61-9e9a-638269b75a59,2023-09-09,Oceania,Silver,Y
183a0c9e-cc4f-442e-8742-26cb168cab75,2022-12-10,Oceania,Silver,Y
9b4f6591-7232-491f-8235-40c7da9683c4,2023-09-22,Africa,Bronze,Y
91ae757c-8607-4228-920b-58cfbb916d1c,2024-08-18,North America,Silver,N
f3dc9c56-5d53-42c8-9e23-89109983d568,2021-11-20,Africa,Bronze,Y
079b1b13-08a4-4364-8f46-b0e0aa8b967c,2024-04-21,Asia,Bronze,Y
fc2d401b-c626-478f-921f-6459e15530c5,2022-08-25,North America,Bronze,Y
d1750d71-0dc1-4e41-a924-213edfa1d3aa,2025-06-01,Asia,Gold,Y
2bd45fe6-c33c-494c-9571-7ec665cb3d88,2024-12-16,Africa,Bronze,Y
9aa1f218-c112-42dc-80a0-f320879ac141,2023-12-21,North America,Silver,Y
0158ad3c-0b71-40c1-b177-ea39396f10cf,2021-04-21,South America,Silver,Y
2415a4d5-5564-4396-aef8-6c0252847edd,2023-03-29,Africa,Bronze,Y
6c74eed4-4578-f4e6-332b-ad052c682589,2026-01-04,Asia,Bronze,N
dd126923-9756-4070-b5c1-225355decd9a,2024-01-08,North America,Silver,Y
acf393f9-d519-444d-8793-9c8d5de65232,2025-01-15,North America,Silver,Y
532f4810-1b46-4772-a04c-5909993cf602,2024-06-26,South America,Bronze,Y
be794b8b-11ed-4d75-a46e-1223df957a2c,2025-05-01,North America,Platinum,Y
fdadc7a5-07ac-4f99-b886-3ec66769c47a,2023-01-13,Asia,Gold,Y
fccfe292-cd7f-4b11-bb03-27c971659d8d,2024-08-17,Oceania,Bronze,Y
7a52cd11-cb32-32ab-b5e9-fa216fef2a24,2025-12-02,South America,Bronze,Y
d400f82d-31d6-46fd-97bd-19a200418183,2025-06-01,North America,Bronze,Y
6cab9ae0-0f22-45b6-b408-38f7fdc3bfc2,2023-10-05,Europe,Gold,Y
890fe536-ef51-49db-9987-1285bd1c782d,2023-11-25,Oceania,Platinum,Y
451e97b4-f1e4-4ff1-a53e-25e368244f1f,2023-07-16,Europe,Bronze,N
53197dab-b026-4d90-a301-5c63d7acef68,2024-05-07,Europe,Bronze,Y
5a41e7f9-6137-4bba-a8f4-5ce307460647,2025-08-02,Asia,Gold,Y
461e5bd0-7762-4057-a06d-779296ae2fcf,2022-12-29,South America,Gold,Y
5a94ca8a-1013-4e94-1b1b-eaa3b484befe,2025-12-18,Asia,Silver,Y
90048aed-fb7a-4e18-b86c-2cb22bf5d71d,2022-06-21,Asia,Bronze,N
22249813-0a6b-4e3d-94fd-0594ecf91245,2022-09-11,North America,Platinum,N
02b3c948-4db6-4475-a7dd-1ac44282b6e4,2022-12-01,North America,Gold,Y
fbde7e54-6280-4750-b3b9-95989a4d027c,2023-11-23,Europe,Bronze,Y
926042fc-d9ca-4e7d-a282-84faa0ab3e0b,2023-09-26,Oceania,Bronze,Y
d8289d23-bbc1-45b4-950d-46dbc20bbe47,2023-02-26,Asia,Bronze,N
2a74889c-6f74-4c44-b1ac-96a2944b8033,2024-04-20,Asia,Gold,Y
8b41bcd9-3182-4fde-962f-62e88a0bb8e4,2023-01-05,Asia,Bronze,N
69259be4-bbeb-486b-80b4-b922a2fbd132,2024-09-08,South America,Bronze,Y
4217615d-8753-4b91-bf6a-889cd8528f07,2024-05-16,North America,Platinum,N
38e7e019-fb89-46c8-87ec-fe71d49347fc,2022-11-13,North America,Bronze,Y
a5f74227-6f81-48e9-9e7a-6643229d9c2b,2023-05-06,Asia,Bronze,Y
26f08b2a-f130-43c2-aece-3669b0ae3571,2021-10-14,Asia,Bronze,Y
120d0a8b-e410-455b-904d-498c8a3045ec,2022-05-05,South America,Gold,N
c8d8e631-e65c-4372-9719-90246c09f3f0,2024-02-02,Oceania,Bronze,Y
644f8afc-728d-46ce-9372-42ced3efd0ac,2023-12-25,North America,Bronze,Y
833fec42-aa94-49fa-9de3-c4db9dbf8bfb,2022-01-05,Europe,Silver,N
59b5d37d-0cd4-4a59-b3f3-7e94c46eaad8,2022-05-26,Oceania,Silver,Y
02465a1c-377e-473c-b0b3-79fb8a9dc373,2021-09-27,Africa,Silver,Y
90cf2b3f-2210-4407-b7eb-980571b22f24,2023-02-11,Asia,Silver,Y
333778c0-5ed0-4957-92e4-f341d3b27e9e,2024-07-21,South America,Bronze,Y
a8a36936-6670-4b4f-8d5d-d304fd7178f6,2022-11-03,Asia,Gold,Y
2da61acf-b630-4d90-affa-40f7350cf740,2024-04-14,Oceania,Bronze,Y
95e2bc75-fc9b-4cb3-93e3-f02374dd877d,2022-04-23,Africa,Bronze,Y
f3d5a5a8-85f4-4bbc-a714-710970f1c61b,2024-10-04,Oceania,Bronze,Y
06339f7f-8ec4-4aab-aefb-4b37a50ee5e7,2024-10-10,Oceania,Bronze,Y
1cf98855-719d-454f-81c6-af4013d5ac4f,2021-11-08,Asia,Bronze,Y
b7eeb5fa-588e-4a83-bdc2-b1d624cf8e36,2021-06-22,Europe,Gold,N
1ea48e7d-216c-4adb-bc07-4af529460959,2025-06-19,Oceania,Bronze,N
be1992b4-69aa-4d06-849c-ff2c8776bcd2,2024-04-19,Africa,Bronze,Y
3d2accf0-ec1c-44a8-a8f8-794b9f65aed1,2024-06-17,Oceania,Bronze,Y
853e8748-efff-4274-9edc-ed90884195e4,2021-11-05,Oceania,Bronze,Y
95322664-6f92-4f36-9761-1f80c9e28644,2021-09-04,Africa,Bronze,Y
7f39a07a-94c4-4499-90a2-7c2c251faf10,2022-12-03,Europe,Silver,Y
fbc9a5c6-e7f8-46fe-8c8b-2b58e6fdb144,2022-04-20,South America,Gold,Y
7a9e3e4e-254e-4d58-a15d-7b3b292e324f,2024-10-13,Asia,Silver,Y
600fc79c-fbce-4087-96d2-b14d07faf6f7,2024-10-27,Asia,Bronze,Y
01f239e4-3965-4c7a-82ff-3b13d32a27d1,2021-08-19,Europe,Silver,Y
96339cf4-7cbe-483e-b4da-7f0985af8127,2021-11-18,Oceania,Silver,Y
bbe21402-2a5a-4275-a1f6-2c893afbdc4b,2022-03-03,South America,Bronze,Y
55d0cda5-b88a-46f5-91ef-00be92b1493f,2024-01-23,South America,Bronze,Y
37d9a97c-2148-4314-9e8c-7851fc42cbee,2022-10-08,Africa,Bronze,N
c87e488f-c019-457a-aa7f-521ba4fae839,2022-06-26,Asia,Silver,N
c8a0b0e5-99e9-4189-ac1c-5523b1e94190,2025-11-19,Africa,Bronze,Y
0a803acd-3264-4fac-ad57-e1210fa8d98b,2025-04-04,North America,Silver,Y
7591c39a-6c22-491f-844e-b25cbc43a566,2023-07-20,Oceania,Silver,Y
91788bdd-4dfb-4b6e-a025-7194c903cc1d,2023-02-20,South America,Bronze,Y
cb04ce57-0060-46d6-a37b-7f716dd5b912,2023-09-10,North America,Silver,Y
dd126974-7545-44d3-879c-9d9dcde1e1d2,2021-11-28,South America,Bronze,Y
e2d1fc94-27e8-4dd9-bf54-ade204be96b6,2023-05-17,North America,Bronze,Y
901c8a06-a2ac-4255-abbd-c44698bf9cec,2024-09-16,Asia,Silver,Y
24a167fd-34c6-4a9b-a07c-0594b13e655f,2023-10-18,Africa,Bronze,Y
e5cb5401-9d02-4f2d-8057-d21d2387c031,2023-02-02,North America,Gold,Y
0cc664cb-132a-c1fa-9d51-65083b4a17cd,2026-01-09,South America,Bronze,N
de4a4162-38a3-4774-9bd7-50e7ce55a3c7,2023-12-21,Europe,Silver,N
b31dfc5e-a4a7-49db-bef7-a25498a126a2,2024-05-10,South America,Bronze,Y
c8866ee5-9a72-415f-99eb-dc47e054ed3a,2025-01-01,Oceania,Platinum,Y
285946b3-7218-4854-be5a-60994dc80592,2024-11-21,Asia,Platinum,N
61bdbe67-3f0a-4ea7-9905-be03bd2e54df,2024-12-02,North America,Gold,Y
f980c29c-4b32-4b05-b4e4-8d5639f2eb71,2022-06-04,Europe,Silver,Y
9a4f741a-9c62-4ff8-8942-acc05fdbf6bc,2022-05-06,Europe,Bronze,Y
6e771bb4-c8de-4d9a-b4dc-f40a226282c1,2023-10-18,Europe,Bronze,N
dc5eaeb1-9c82-4ad7-a440-a52a00ad9f4e,2022-04-24,North America,Silver,Y
c5cc8316-83bf-4d11-b7ed-519f4a7cf739,2024-04-27,Africa,Silver,N
eefaacd2-6263-48fd-a159-cf7f8be0685e,2023-12-21,North America,Gold,N
3a7c0072-76c1-43d0-96bc-17e51bbc697f,2024-02-05,Europe,Gold,Y
9c2918c8-d228-46ed-85da-e8c814675aca,2022-09-05,Africa,Bronze,N
43363c52-7e1f-4ddc-8210-a538720a1986,2025-04-12,Oceania,Gold,Y
1b75614f-aa08-4677-b2e6-af5816879c67,2022-04-19,Oceania,Silver,Y
accd128f-e6fb-4164-b2c1-d685a6437eee,2023-09-24,Europe,Silver,Y
2e4827e2-0ceb-46f4-b54c-087fade0fa8c,2023-09-08,Oceania,Gold,N
eda676a8-a9d5-4a31-87d4-99fd78dc28b7,2023-10-19,Oceania,Bronze,Y
634ee115-5c81-4bad-8bb3-4c1425818b22,2022-07-20,South America,Silver,Y
122ee3f9-24dd-4139-aac4-ecdc2f6458e8,2023-04-30,Asia,Bronze,N
b8c20889-0055-47d8-9a0c-2aac165d4c7a,2021-11-28,Europe,Silver,Y
711b2d4b-0d30-4131-82c8-1148a4b61461,2025-05-18,South America,Bronze,Y
a6dbf2e9-8287-494d-814c-fad77426032f,2024-01-04,South America,Bronze,N
a19f2ab0-c0d8-4d09-96a1-f8e2f5298b83,2024-08-16,Africa,Bronze,Y
92aab45e-c146-44f8-8d9c-79bc2a418a5f,2022-12-17,Africa,Silver,Y
42d13934-0e99-4c65-a5b6-83a8d97bdf61,2023-04-25,South America,Silver,Y
4236158b-3194-4d43-95e1-d191ca3d02cf,2024-03-28,South America,Silver,Y
f4acc7e2-fa57-4cea-b957-134490a4a421,2022-03-27,Europe,Silver,Y
151b3925-3426-4911-8749-802844ef50c8,2023-05-16,Africa,Gold,Y
29d19f4a-16ed-467a-8f86-4ad191113feb,2024-03-13,Africa,Bronze,Y
25769caf-a6a0-4f89-a549-7e8a4bfaaaef,2024-06-14,Oceania,Silver,N
b4c52729-f7bf-4e41-8cfc-6b839b987781,2021-07-07,Oceania,Silver,Y
7a79e8e2-e43d-4011-a215-5170bd2e233a,2024-06-12,Europe,Gold,Y
909e21ba-8a38-45aa-91be-ba8e0a8aeb94,2022-07-21,Africa,Bronze,Y
839d3f73-c16b-4577-b8d5-14722ce9c6f9,2022-11-14,Asia,Bronze,N
7b040680-bfbc-426a-9f69-34a5edf193c3,2024-09-10,Africa,Silver,N
99cfc5aa-36de-4ce6-b3be-b3611193874e,2022-10-16,Africa,Silver,Y
de0f406e-d14c-4bc3-bf12-744ed70e5f6d,2022-11-04,Europe,Silver,Y
07a0b6a5-0e43-4a9c-9f77-de197643f3af,2022-12-30,South America,Silver,Y
4eeb3af7-f768-461a-b318-61a5f1c4e99b,2023-03-06,Asia,Silver,Y
25ee2c1e-968f-4933-a6d2-9577cc5b7b9c,2023-03-17,Africa,Gold,N
50cdca52-d42d-4f06-ac6a-87638ba3f9cd,2023-02-14,Africa,Bronze,Y
9a8aa879-d49e-4a1f-8deb-c1980add7ac9,2022-07-27,Asia,Silver,Y
d3ecea4e-fba3-49bf-9971-a776876d88f4,2024-01-28,North America,Bronze,N
9754f318-9ca4-44c6-807b-95f17f2029e8,2023-10-25,South America,Silver,N
47283587-36e9-4318-b14c-b979d2f89c43,2024-01-04,Oceania,Bronze,Y
0202bcc6-9e47-4818-bebb-4e4b5a223d71,2023-06-23,Europe,Silver,Y
db5fc59e-df3a-42bd-b478-3e0c61205840,2023-11-28,Europe,Silver,Y
0fcb5b52-1da8-475e-a666-63a04ecad402,2022-07-14,Europe,Bronze,Y
5422ea97-e32a-4787-9824-6315ad49e072,2023-12-26,Oceania,Bronze,Y
9ae27ece-097b-4a0a-817b-aa39f8bad003,2022-10-18,Asia,Bronze,N
1bb81c66-f929-48fc-8285-f46773ea068f,2024-01-23,North America,Bronze,Y
e25e9dde-ef1e-47b7-9f20-18e52a4ec91a,2023-09-17,South America,Bronze,Y
568c55a7-aa1a-4e4a-a2b2-b31862c8696b,2024-04-22,Europe,Gold,Y
62d0bb77-eb8e-4f1c-a3d5-714f67798762,2024-09-25,South America,Bronze,Y
3b7fd68a-ca95-475a-8da4-d7e3b04bad13,2025-03-11,Oceania,Bronze,Y
4cbb47fd-ae7b-4853-b6e1-d52e924d1d57,2022-10-03,Europe,Bronze,Y
c9d58426-96ef-456d-8cc3-59325c031a06,2023-07-06,Europe,Silver,N
d2194c6f-86f4-432a-9bf7-e0d6fcdcf0fa,2021-12-11,South America,Platinum,Y
3e4ba347-64a6-4efa-a9f0-0431366c817b,2023-05-25,Oceania,Silver,Y
97e31876-894c-4c41-9f04-cdec57d62fd6,2024-01-17,South America,Silver,N
d63f85ab-5e12-48f8-b786-ad350fec5af6,2025-08-08,Asia,Silver,Y
a1a27485-7134-4c2a-b80b-3657117b355b,2021-05-24,Europe,Bronze,N
07a2a12a-2f67-4402-bde2-2ec3cf6244de,2023-11-11,North America,Bronze,Y
1ceac88e-185c-4bef-ab85-0cc506478a26,2023-05-20,South America,Bronze,N
e0ebb3c7-b8a3-43fa-b769-44b886b5ca8f,2023-06-13,Asia,Silver,Y
73ceca7e-5cc1-43c1-aa1b-645781c6ef8e,2024-01-15,Africa,Bronze,Y
f3f869a2-b17f-4a96-9731-3195b6f2df85,2023-09-05,Africa,Silver,Y
5ef787b8-f2e6-495f-b32e-2016add702c9,2024-08-04,North America,Gold,Y
16f290af-a06f-47bc-8a40-f765e36e8607,2022-01-02,Africa,Silver,Y
f63f31f7-8ecd-4e33-aa3e-948e5a81a1c5,2023-01-22,Oceania,Silver,N
2e0ecb82-bd69-40a2-943d-136f04c1bee9,2022-11-02,Africa,Bronze,Y
cfd3aab2-3365-425b-a592-2f7ad525aa88,2023-09-19,South America,Bronze,Y
8bc28c28-1731-43c9-8d86-24095bdb68fb,2024-03-25,Europe,Gold,Y
f350b1aa-756b-4367-bbde-74d5d62e2276,2024-12-28,South America,Bronze,Y
9eaca4aa-9851-4af6-bd8c-c7b96bcdb95e,2021-10-26,South America,Bronze,Y
358792a1-4340-4908-b124-59e935c995c0,2024-07-18,Oceania,Gold,N
54050c61-5d47-4b2f-881d-00da13702a07,2022-10-09,Africa,Gold,N
935e2b4e-4a93-4430-8f73-ce9ad971958e,2023-08-26,Oceania,Silver,Y
88f08c34-9c27-4830-b079-76ac085ec97f,2024-03-13,North America,Gold,N
c3d1b0b7-be94-4e36-9229-e29b56430354,2025-06-05,South America,Gold,Y
71945c2d-129f-48b1-b6b3-b7b0b4fb02fa,2022-09-27,South America,Gold,Y
61983f51-f022-4bce-98aa-240e4094d309,2024-07-13,South America,Bronze,Y
7c6d6de2-d090-44b8-88d0-0d354da17273,2022-11-29,Asia,Silver,Y
8353d33c-fe02-43cb-96d3-3f6c5ea80623,2025-02-10,Asia,Silver,N
806fbdad-2d90-4059-b200-08f320c06aed,2022-09-02,Europe,Bronze,Y
c2f060a5-107c-4da4-a120-7d8710da6af6,2022-11-14,Africa,Silver,N
b0ca2259-58ae-4e0c-b835-d78893bbf083,2022-07-01,Africa,Platinum,Y
e678883a-36ce-44ac-a845-807c3be35923,2022-08-14,Asia,Gold,Y
f025bd70-ab1e-46b7-9c4e-3ef222d5df3d,2023-10-26,Asia,Gold,Y
4a45609d-2350-410b-9d27-a126ed9f8d7c,2025-02-10,Oceania,Bronze,Y
59e9264a-0f51-4235-99ec-2fff01c52a97,2022-02-12,Europe,Bronze,N
6fb0c665-4766-429e-8895-df3c7941a6a4,2023-03-07,Asia,Silver,Y
8a353f73-a4ba-45b5-a5e7-c785d355e653,2022-10-22,Africa,Bronze,N
aaae3222-3f19-4d0f-94c3-9b6d0e31275c,2023-07-26,Asia,Gold,N
40504668-c7e7-415c-85f8-79c1c44768e5,2022-07-29,North America,Bronze,N
88869eb3-f591-4690-a802-514cf839e104,2021-11-16,Asia,Bronze,Y
9db5d7d6-4558-4148-8a83-c300525d2dc4,2024-09-13,Europe,Bronze,Y
6a1a3778-d9fb-4d35-8a50-cf43cc58d6e7,2024-06-22,Europe,Bronze,Y
2e256d8e-3429-4857-9753-824f2fff1263,2021-08-24,Europe,Silver,N
ccebb9ff-4e7b-4695-ad9b-009358f1f5bf,2024-08-24,Africa,Silver,Y
c70d8f19-5fb5-4340-aa7c-4177d73386d3,2023-10-16,North America,Platinum,N
1a573620-ee51-4679-870b-b930ffdcf511,2023-02-12,Africa,Platinum,Y
16ac92bb-f9f6-449c-8eb7-ae33a848096e,2023-12-15,Oceania,Bronze,N
9123f2c5-c4c9-4949-a334-fca6d04f0a71,2024-12-14,North America,Bronze,Y
5e25b414-9f46-4965-a09d-e9ff1717f677,2024-02-17,Asia,Bronze,Y
9947940b-b745-41b6-8eac-8fd0c9ebc1ae,2025-11-23,Africa,Silver,N
a3d83d8b-8882-48a7-a91b-e0c61f1352ea,2022-12-28,Oceania,Bronze,Y
3eed5faf-c100-48ca-84dd-9975e3b5dd9f,2023-01-10,North America,Gold,Y
04ba966f-809c-487c-bec6-0551a39e9671,2022-02-24,Asia,Silver,Y
c36ec876-f8e5-4ab6-ba23-2517d231cae3,2023-12-23,Oceania,Silver,Y
bd37414a-4784-459f-a86e-dac1f82e98dc,2024-04-28,Oceania,Bronze,N
9fbbeeef-1d5b-4f01-a4fb-48feb59fd9e6,2024-07-02,Asia,Gold,Y
b2d03e94-1f48-4cdc-ae55-a18f81698cd4,2022-03-05,South America,Gold,Y
c4b6605f-72c6-4219-aee2-a4775ac5edbd,2023-04-28,Asia,Bronze,N
1bcf1c2e-23e1-45c8-bcd4-6a34840d0878,2022-10-22,South America,Gold,Y
1c2896dd-23b3-417e-b81d-419c7ca1c13d,2023-10-22,Europe,Silver,N
dbf6145e-a86b-4a66-8d8f-309c8de73ae8,2021-12-28,South America,Silver,Y
f1f5a477-1474-44cd-bc47-3155dc2fa969,2022-03-29,Africa,Platinum,Y
a4deb78e-0ea6-4a8d-a2bc-b8da84feb9db,2024-06-13,South America,Bronze,Y
97da4c62-3df0-4bf7-86af-9d45d51cffa0,2025-09-12,Europe,Silver,N
3df88c63-7f61-4b5f-8831-3bfd8fffbc53,2025-05-17,Africa,Bronze,Y
8f8f5eb2-806d-4b5c-ad6a-8b4943aca5c4,2023-07-22,Oceania,Silver,Y
5be1c022-1361-4113-85db-1d9af19dba69,2024-12-31,North America,Bronze,N
49314ad2-7b57-44e3-a52f-954bc67eb983,2023-10-22,Europe,Gold,N
8a258ee2-29c1-4088-9f2c-246c6855390d,2021-11-21,South America,Bronze,N
e0f66c22-f81c-4d0e-be83-a44d7369eed3,2024-03-05,Asia,Bronze,Y
f922add6-7186-4f6b-b8b1-d6d7e1e7b715,2024-04-10,North America,Bronze,N
0e822240-561d-4ba7-97b1-b0eea413fba2,2023-05-22,South America,Bronze,Y
7b02e435-df6f-4458-a7a0-d5013f3723bd,2023-08-09,North America,Silver,Y
95b8b74b-a338-4893-b9f0-c7b5894fb7de,2022-05-13,Oceania,Bronze,N
9b553471-0712-4eba-b5ae-f6e876c491f8,2024-09-04,Europe,Bronze,Y
bec12dae-41c1-4751-8520-d557d5a0bb99,2025-03-10,South America,Platinum,Y
9bd179d6-4fc4-4893-a7bc-de05e3fb18a3,2024-03-18,Asia,Gold,Y
dad09e6b-c416-4ab7-8212-ee84c42a9e00,2024-05-15,Asia,Bronze,Y
a561445c-8e86-43fc-bdcf-671d0e1da8b3,2023-02-16,South America,Gold,N
b4da51c6-82ad-4bd9-ba3c-59b63401cef8,2023-03-12,Oceania,Gold,N
e6cb403c-a482-4040-a3f0-d798d40a6bf2,2023-05-21,Africa,Bronze,Y
78b541ed-c824-4c15-8d95-96ddc4e26c8b,2024-06-25,Africa,Silver,Y
cf82779e-3079-49c6-9a5a-4d67055ae18d,2022-03-14,Europe,Silver,N
82851a45-f9a7-4350-a954-00dde76d11dc,2022-04-14,Africa,Silver,N
c9fde1eb-c3aa-4fe0-bfa2-e68406c7b6cf,2021-06-23,North America,Silver,N
0c32f071-cc44-454c-8af7-b7c843b8953f,2021-08-10,Asia,Silver,N
990a8d0e-bfa5-4cf5-abe3-4b3726167d12,2024-09-01,Asia,Silver,Y
25a3dcf6-a1ed-475b-9ef9-d51fe329c512,2022-06-05,Oceania,Silver,N
6deb86fb-1dfa-4457-b563-e9d98d52f91a,2021-12-02,Europe,Bronze,Y
77339180-ca8d-473d-9bac-88c790a4354f,2022-09-05,Asia,Bronze,N
2fa1d465-c2f5-4391-a0be-d705b74db993,2023-01-02,Asia,Gold,N
aac7bdba-4e77-471b-bfd4-57a89e79c031,2024-05-01,Oceania,Bronze,Y
5c14a0cd-4389-49d7-bcde-df340e314a68,2024-09-01,South America,Bronze,N
56e5a4d9-4533-4452-9660-f31f5187938d,2023-02-27,South America,Gold,Y
7265a44d-3cd0-4a4d-84a8-710cacb44f2d,2023-08-29,Oceania,Bronze,N
0231b934-7e15-44c6-8cf7-c55fb785d4c0,2023-07-26,North America,Silver,Y
9cd38590-276f-4244-9493-58c77813c60e,2025-06-08,Africa,Silver,N
018a8ea1-cd65-4991-86e3-47074ede74f8,2022-08-20,Europe,Gold,Y
d984aca1-4956-40ae-b3de-6bad969ec315,2022-07-24,Oceania,Bronze,Y
1cc7d838-9fe1-4ebd-9465-0e818d74aa30,2022-01-15,Africa,Bronze,Y
471246de-be5e-4b17-a2ac-c80d6c3e676f,2024-01-24,South America,Bronze,Y
092e9fab-2457-4251-89b6-7093d0fe42af,2025-01-09,South America,Bronze,Y
9482c1a7-191a-4155-9da6-1d5a9b906ef3,2025-02-22,North America,Bronze,N
7e78b1fe-65f3-4ba4-9b69-18ccad4178e6,2024-08-28,Asia,Bronze,Y
ec86a890-d7b0-4bdc-966e-3cbe9aea622f,2022-05-09,Africa,Bronze,N
4d38e7dc-8146-4a5d-96cb-3dcb8f5dca48,2021-12-21,Oceania,Gold,N
4e242519-4828-4b65-85ec-62a7779c2706,2023-04-30,Oceania,Bronze,Y
a3593aec-d5d1-4ae2-8940-e0fa08509d96,2023-03-30,Oceania,Silver,Y
2a940b39-6dde-4126-95db-0d11c5cb9ad3,2023-06-08,Europe,Silver,Y
64acbdac-7d9c-429b-8ec5-1daa1da5c353,2022-03-07,Asia,Gold,Y
733e890f-bfef-470f-bdec-4dec2d08e0a4,2024-06-02,North America,Bronze,Y
f3202dac-657b-466e-ab72-c78f4e7f014a,2024-04-19,North America,Bronze,Y
6d5f62d9-c80c-42d5-a954-08ae8dc62423,2025-06-02,Asia,Bronze,Y
28e60130-2d23-4ed1-bf5d-21f279731ea8,2023-10-26,Asia,Bronze,Y
ff15d8c8-6364-4208-be63-29c6488e8e98,2022-08-07,Europe,Gold,Y
74be52b3-fbee-4066-b16f-6e038c59fd47,2024-04-13,Asia,Bronze,Y
fa0efa76-a448-4e55-9124-7a25124884d1,2024-03-12,Africa,Gold,N
e8417f7d-7c7e-4e90-a7d4-71e9005a89ef,2022-11-08,Europe,Gold,Y
69079e93-aeb1-4522-9ecc-bc94eb586c90,2023-09-26,Oceania,Silver,Y
fe5d7109-a715-48c8-805c-d34ad60461b9,2022-09-05,Oceania,Gold,Y
e1cde87f-ec95-4f87-ae5e-c36572eb7474,2024-02-19,North America,Gold,Y
2a6c871b-cf75-41db-be38-46513ff85953,2025-10-31,Africa,Gold,Y
04397a31-0270-42c4-aeb5-3c79282270dc,2023-12-18,Oceania,Bronze,N
b78fdb25-cf2a-4b23-afbc-dc1376a5ccd9,2025-01-20,Oceania,Gold,N
eb8a7cf0-f820-4b34-9a67-28c3a546e95b,2024-03-05,Oceania,Bronze,N
33bce9a8-ae62-4bf3-bc6f-11c47e1bf364,2024-10-29,North America,Bronze,N
9c3e4065-ee58-44f6-8d86-43df4cb6b7ce,2024-07-13,Oceania,Silver,Y
dc2a9875-37e8-4a6d-8902-78b31c417ab4,2021-03-12,North America,Platinum,Y
725aa10d-63fe-457c-a5d4-ec1951fc4c23,2022-03-14,South America,Bronze,N
31c990dc-8696-4567-8c2f-21d414a1f4a4,2023-11-03,Asia,Bronze,Y
cbd431cc-ea7a-4c21-a1a1-a29c5228ed8d,2024-09-20,Oceania,Bronze,Y
2a45c2ab-8cbf-4db0-b264-accc79ac1b1e,2023-12-22,Europe,Bronze,Y
82b1d4de-8fca-430b-95ab-d1ec28450e08,2023-05-07,Africa,Platinum,Y
6158a7f8-270a-4676-b209-04fb0814b870,2023-08-19,Oceania,Silver,Y
dbf8880b-701e-472a-a2fc-fa61933f125f,2025-02-21,Europe,Silver,Y
d9738a63-c262-4e44-afdd-42c0484c6265,2022-05-09,Africa,Silver,Y
ab6c4feb-55d2-436d-8d78-02ecbbb47e6e,2024-08-05,Oceania,Silver,Y
9b6472b1-5d6e-46c7-9d81-709b1e541412,2023-01-12,Africa,Bronze,Y
dc4f433b-3c43-42d1-a455-855663ec37f8,2022-11-19,Europe,Silver,Y
53d69df8-6529-46fd-9f57-94fea0966da8,2024-04-14,Asia,Bronze,Y
26df8145-22d0-4514-b5f2-e7813259448f,2021-12-11,North America,Silver,Y
720c5e44-a894-4ccd-a663-196522da0119,2024-07-27,South America,Gold,Y
b4626256-3375-4947-aeee-5b2297c8d04d,2024-09-08,North America,Silver,Y
51e575e0-40f5-4837-b163-23e8dccb2216,2025-05-11,Europe,Bronze,N
f4d864d7-f72c-4d7d-a2ea-e3e89f1fc0b8,2023-10-18,South America,Silver,N
20e8dae1-b1f0-4d9b-8e21-7fb3be654bf9,2023-04-11,Asia,Bronze,Y
e7e1e12a-a917-4719-b073-201f46a7a82e,2022-12-14,South America,Silver,Y
d9227c05-e3f9-41de-acef-faf8774502d6,2024-09-04,Europe,Silver,N
5110c40c-651c-4898-971e-ce45cfe41699,2023-03-07,Asia,Bronze,Y
b07a810a-1bef-4085-916b-66defe56f624,2023-11-19,Europe,Silver,N
cf5e3a1b-b488-429a-8479-dfde2f061408,2024-05-17,Oceania,Silver,Y
97d93595-9d77-4683-9227-aac41e903705,2024-02-29,South America,Silver,Y
74b887df-d88a-45a2-aded-fd48a06950fc,2022-10-02,North America,Bronze,Y
61521896-26c2-49f1-8e91-0b5c83eee779,2022-10-23,Europe,Bronze,Y
62b099a5-03a2-4cda-ac2e-9bfacbaf30dc,2023-08-30,Asia,Silver,Y
c4b9c81a-8e38-4e72-a8b5-63b5a9fb7e6b,2022-01-15,Oceania,Bronze,N
99407d5f-569d-4ec1-8879-e7c0147a339f,2023-03-15,North America,Silver,Y
0032110d-5405-4161-b788-70f87ed4f1cb,2024-05-27,Asia,Bronze,Y
e15dbf63-b3d3-48df-aef1-4d0c386d4f4c,2024-05-09,Africa,Silver,Y
2b56db2f-0f7a-401d-ab8b-65fdd8b71fef,2023-03-30,South America,Silver,Y
fa48bba7-0496-47c5-952c-216a015583b9,2022-07-19,Africa,Bronze,Y
f0df1708-65cc-4686-a7d5-0d916ef8051f,2024-02-26,Oceania,Bronze,Y
0dbcdf75-5802-440d-9a42-6243c4541fce,2023-02-13,Africa,Bronze,Y
23e9c687-419c-4822-b97d-2f9d2867aede,2021-08-25,Oceania,Silver,Y
cc3fb20d-61bf-48c3-80a7-28c5ee7beff1,2022-12-22,North America,Bronze,Y
4ce746aa-28f5-4a00-a911-2a3ed88af63e,2023-04-11,South America,Silver,N
7ce20ae4-162e-4cca-8b47-89e83a9871c9,2023-05-25,South America,Silver,Y
af61e25e-ec68-74df-1c63-c39b6675b033,2026-01-03,Oceania,Silver,N
af3a8b53-1c45-4778-84f7-30aadb8a1008,2024-05-27,Asia,Bronze,N
e53a619b-52bb-49b0-8a76-d3247b800ec0,2024-04-16,Europe,Silver,N
ef6ee4b4-dbdc-4460-8e59-09d7880753ad,2025-01-13,Africa,Silver,Y
b1d277c6-aa78-4c00-9550-eabff84e462f,2024-05-10,Africa,Bronze,Y
4416a597-c7b4-4dc8-b05d-e7db0953d39c,2022-09-11,Africa,Silver,N
84b23ebc-a253-4d3d-9770-d58ebb32cbde,2023-06-07,Asia,Silver,N
18f81d0e-b9fc-4c2e-baa3-1a0bcba74bd2,2023-06-08,South America,Silver,Y
341af90a-8f74-4646-96b0-26e10163323c,2023-04-02,Africa,Silver,Y
f06e6597-5bf1-457c-8af9-31dcc1cf39ea,2024-09-25,Europe,Platinum,Y
59e17057-4960-4b1d-a387-716a654def5e,2023-07-27,Oceania,Bronze,N
358e6ba2-9403-410a-a358-adbddea868da,2022-08-02,South America,Gold,Y
b8e0b7de-d100-45c0-8497-90fe985c2090,2023-08-09,Oceania,Bronze,Y
9765d07c-3a94-4216-967f-863c351f427a,2023-07-18,Oceania,Bronze,N
a1d64e5f-f48d-4096-952f-1a1dfd46195e,2021-12-06,Asia,Silver,Y
95b4a962-4372-4a34-96d5-8607c88e4c47,2022-06-28,Oceania,Bronze,Y
af2ebb35-9c8e-4893-b44f-31289cd53033,2025-08-18,Asia,Bronze,Y
66f5067c-405f-4ae2-97ed-52653975e1a5,2023-08-31,Oceania,Bronze,N
ee4856af-0c4d-40ce-8ab6-a3373f1d8405,2022-06-26,South America,Silver,N
c5722afd-2dd2-4305-91a4-cc464eee85b6,2023-10-07,Oceania,Silver,Y
87b052e4-c12f-46e9-bd32-6ed04bc62d76,2023-01-18,Africa,Bronze,Y
e02437a2-374f-4c2c-9c01-ae7b9d72bd2c,2022-06-23,Oceania,Silver,Y
3f612028-cb4a-4aa4-a520-53b68faa2da8,2024-06-28,Africa,Bronze,N
9e3bc735-071f-4a27-a72e-31b197e1bc36,2023-03-12,North America,Silver,Y
0d58848d-7ff1-4f79-801f-5785007e82d6,2022-05-02,South America,Silver,Y
23f96deb-4140-45ca-af56-f3433c46d4cd,2024-05-11,Asia,Gold,Y
a6a50ff4-6b88-4397-8582-2f752d8b6108,2022-03-15,Asia,Bronze,Y
88556c45-f721-4fe7-ac70-ca56f4de5863,2024-07-20,Oceania,Silver,Y
780826ff-6123-4319-9069-c0570adea5db,2022-10-21,South America,Silver,N
079526af-2af8-4ced-9aa5-a8f269df8506,2021-11-19,South America,Silver,N
4c6de01c-c02e-42da-9338-c96e4c0781a9,2022-09-10,Europe,Silver,N
6c9e051b-25ef-4d3f-b793-38500c28de25,2023-11-06,South America,Gold,N
8099d94b-e433-4515-9339-2ec04140cc02,2024-02-20,Europe,Silver,Y
69ac155e-e0a8-4b90-bbe8-0ab2035e5be2,2025-03-26,South America,Silver,Y
6ca3b4fa-6d87-40a1-98c5-334989b3c047,2024-10-08,North America,Silver,Y
db8ebf72-b596-48f5-bfe4-0c2da1226850,2022-08-16,Asia,Bronze,Y
8135ce81-d1a9-4816-b4bc-4ad5834b8b6a,2023-09-29,Oceania,Gold,N
13a545b6-0ddb-4860-95c2-f9ee937ffcd2,2022-09-05,Oceania,Bronze,Y
b438d027-9a96-4aa2-840e-a393390ba9cf,2022-05-12,Africa,Silver,Y
1126952a-3d39-4d7d-889e-ddac4158346f,2023-05-19,Oceania,Silver,Y
441be6f6-4971-4671-8194-37ec892ae381,2024-09-26,Africa,Bronze,N
dd068b8c-2680-4974-bcec-f63d43603bb9,2024-05-16,Europe,Silver,Y
d00217b2-c595-4ec6-9b1e-cf2b7f7fbada,2022-08-27,North America,Silver,Y
589bc62e-5784-460c-862e-8beeb7993477,2021-09-17,South America,Silver,Y
00db24d5-323d-44e5-b7bc-3c29326e9448,2022-10-01,Africa,Bronze,Y
f95df44c-e111-4434-bcf4-ea176f1e587e,2023-09-09,Asia,Bronze,Y
9c542018-c1df-4bcb-8f1b-03a52f20a3ac,2023-10-21,Asia,Gold,Y
17744800-3dcf-4a2b-b87b-95bf6b0b8a88,2022-10-01,North America,Bronze,Y
7db14dc0-ae1e-4946-a6cd-1e1620d19426,2022-03-21,Asia,Silver,N
facfe8c2-f84a-44ec-9515-e617fed907e2,2024-09-24,South America,Silver,Y
e9cb5776-51d5-4043-8f0c-9fbe8f700a96,2024-01-15,Oceania,Gold,Y
30715597-8703-4d11-a435-40e2ee21410d,2024-06-30,South America,Gold,Y
94744954-a9e2-4323-8a80-a37a41113c03,2024-03-29,Oceania,Silver,Y
85396599-5b4f-41d7-b27f-1cc381f0657a,2023-12-22,Africa,Silver,Y
716fc648-bc23-4c07-ad67-2f1b0d0ab50a,2023-08-06,South America,Bronze,Y
79d2c1d7-1000-4a14-90af-b416883890de,2025-09-05,Oceania,Bronze,Y
6a72ef4b-ac71-4ae3-b5e7-cc94511006e0,2022-05-05,South America,Bronze,Y
3ea16e1d-478e-418e-b170-c9b928478f5d,2025-05-12,Asia,Silver,Y
ad407ee3-ee71-427d-a2b1-bbd3c1d37c44,2023-03-01,Asia,Gold,Y
95b70f37-59be-47bd-b734-7b4b97da3d52,2023-11-21,Oceania,Bronze,Y
efd1482b-7015-45c6-874e-dfd607fa6936,2025-02-28,North America,Gold,Y
abff8d01-116f-49df-a1a8-49cdb6d77105,2024-08-30,South America,Silver,Y
fdbeccd2-13b5-46eb-b41b-ca37d9f94c01,2022-03-28,Oceania,Silver,Y
4c5444a4-dd33-4c3b-ba07-8c935bb6354e,2024-10-01,Oceania,Silver,Y
4bfb122b-4c46-4b70-aa45-5e9d8d44f301,2023-11-21,Africa,Bronze,Y
79503e0d-1505-4268-9be4-9c0ab4312d12,2024-02-04,South America,Gold,N
e615d90b-a43a-459b-9824-7162a42d8cde,2022-10-09,Europe,Bronze,Y
119f707f-e9fb-4063-8c2a-6a2f71cddba6,2025-04-10,North America,Platinum,N
fa6b2b3b-57ab-4b9c-8012-d01344c21fbf,2022-10-02,Europe,Silver,Y
e00da49d-effa-4002-b040-413c4690fb15,2024-07-21,Asia,Bronze,Y
e0618f83-6804-440d-b637-fdadb608a8cc,2023-05-26,South America,Gold,Y
5efee8f8-a309-4391-b805-2f01310bdddf,2024-11-14,Asia,Bronze,N
28848e97-5a69-4dab-9d1b-779dcc2d9252,2022-06-15,North America,Silver,Y
6680c5e3-363c-4c32-be3e-14022008bd4c,2023-08-02,Oceania,Bronze,Y
4926ce5f-7878-4140-ac2a-4f71a77d95f1,2022-03-28,Oceania,Bronze,Y
71c2f610-401e-4891-b3cd-e2f95928a5b1,2023-01-11,Asia,Silver,Y
b91cad08-aadf-4030-ad5a-3ff63ae4e0be,2024-02-09,Asia,Gold,N
b68c55b2-79ac-446d-8e03-87ada246ea52,2024-08-21,Asia,Silver,Y
d87db1a9-7504-411e-b8d1-540c6d20806f,2023-10-17,Oceania,Silver,N
2fd6129a-82e0-4d39-bab0-08df2709f5b2,2022-05-15,North America,Silver,Y
9c176525-30f3-40da-b36d-3daadeb65bae,2024-03-23,Oceania,Gold,Y
caef3c9e-1b9d-4f1b-b52a-6cbf1c17729f,2021-11-08,North America,Bronze,Y
88473044-8493-43ad-b811-6fbae7f6ef03,2021-09-01,Oceania,Gold,N
5775c64c-80e8-4ec7-bcb1-1ea983d7b71e,2023-05-08,Oceania,Silver,Y
27af9995-8e5a-4e09-accc-181e2e54ca50,2022-01-27,Europe,Bronze,N
1c6fec01-f57f-4bba-bfba-cf5fa576db48,2024-02-04,South America,Gold,Y
93bcdfee-c59b-4ad4-8c73-7be3379785a0,2022-06-17,South America,Bronze,Y
29f937b5-eecf-4fa5-ac72-2e8ccf3cf4be,2024-04-19,South America,Silver,Y
8365d2cf-173b-4226-84d9-ea2dcb56eb48,2025-04-02,Europe,Bronze,Y
3c3b984f-e6d3-4590-a894-94b8070ee490,2021-11-24,Europe,Silver,Y
257035db-3fea-490a-a1f8-072dddb7570e,2021-05-14,Africa,Bronze,Y
9470bfaf-c328-49e3-8ee9-269348b7cd13,2023-02-15,South America,Silver,N
c4be67ec-7e79-4106-9344-58e1dbcffeee,2023-05-19,Asia,Bronze,Y
e23ee028-9b64-4a54-9966-a73bf77f4366,2022-07-22,South America,Bronze,Y
d69d09a4-7678-4f04-a161-4e8f91ca2b5e,2025-03-16,South America,Bronze,N
809865ee-b5aa-4831-a4f1-508a884cbe3d,2022-09-19,Asia,Silver,Y
2e75929a-8700-45e1-8b48-9b5b6f53ced6,2022-05-11,Asia,Bronze,N
f2e3f818-5d8a-4c2d-a76e-34788b19d195,2024-05-20,Oceania,Bronze,N
16547b64-2a5d-4aa6-87ea-8d1424d879e7,2022-11-08,South America,Gold,Y
cd9f09dd-8348-4399-9fe3-c493aaa718d5,2021-11-16,South America,Gold,Y
743c92eb-e918-4aee-a9a8-5e1b8a5b3040,2023-01-08,South America,Bronze,N
b7c6b586-713a-4907-ad24-5c4f25aeb769,2025-04-22,Oceania,Gold,Y
27aea356-eb37-4ce0-8d40-47ae4e531917,2024-08-17,Asia,Silver,N
e73ca02f-73f1-4ffe-a8ff-da2b3d4cdf7e,2025-07-19,Africa,Silver,Y
c6aba64f-da41-4fb6-b057-ffbf89711599,2022-12-31,Africa,Platinum,Y
ec4ba0d5-259a-4210-8d61-79c411f6cad3,2024-05-02,Africa,Silver,Y
83258987-71c5-4d95-8aaa-e26b6c2719c7,2023-05-01,Africa,Silver,N
3fabe1c7-f4fa-4da4-994c-3216064aac70,2024-01-06,Africa,Silver,Y
a8390f4e-430d-4c66-b52c-fa697bdb1b63,2024-05-11,Oceania,Bronze,N
a9217ddc-3cea-4f89-a217-3b7fc536d2ce,2021-12-06,Europe,Silver,N
9929c722-8f70-4f01-8e33-7defc0f886bd,2025-11-28,Africa,Gold,N
fe1be3e9-bee1-4c65-b7a3-19c6619c4a06,2022-12-26,Europe,Silver,Y
304b8215-dae7-4073-899f-163e7fde376e,2022-07-15,South America,Silver,N
88b50c6a-d3bd-4789-b7dc-a808ce9d0044,2023-08-13,Asia,Silver,Y
7cfb02be-f920-413e-9b09-a1fe64c65fae,2023-07-05,South America,Gold,N
28c52d31-6d71-4d42-9b74-ef01a4a8e2d6,2025-01-26,Oceania,Gold,Y
a430b35d-7953-4493-b97d-3b2c0575e589,2023-08-17,Europe,Bronze,Y
c2ee5d35-e5dd-4dae-ac75-ea46382c01b4,2024-07-01,Oceania,Silver,Y
7860d001-3c24-4d11-aeab-1a90c8c15d85,2025-06-18,Africa,Bronze,N
f646ecd0-52ad-4518-8e74-dd164fe45fbb,2022-03-11,North America,Silver,N
3653d055-37c0-4b1d-a37a-f4808ef71cba,2023-07-12,South America,Silver,Y
9637522c-4641-4e5f-af0c-95d8ba0050da,2022-10-26,Europe,Gold,Y
3e9e6d1a-ebe5-463c-b0f2-7c98e19d2f82,2025-04-26,North America,Silver,N
ae019f2d-6f34-4682-9a23-5f100beb3489,2022-02-11,Europe,Bronze,Y
59d6921a-0140-4f51-aa9e-d27c1755be5a,2024-11-02,Asia,Gold,Y
bac2b1e1-4125-44e2-9894-8127b76091df,2023-01-25,Europe,Bronze,N
fbca2021-282c-4cb2-9608-62d18e9caef2,2024-04-11,Europe,Bronze,Y
347fc9f0-b5d9-48cd-a5f0-0ebc7fab189e,2024-06-12,Africa,Bronze,N
6fd90b5a-ac7b-4b60-8759-99ad276e7b9e,2022-10-23,North America,Platinum,Y
03e278db-f774-4e24-a0f7-8fe3038b0c36,2025-01-21,South America,Silver,Y
98f89a64-5c62-4d1a-b529-db40aa23c3b8,2025-02-22,North America,Silver,Y
82877aa9-9119-495e-aff5-cd1ecec159da,2022-06-20,Asia,Bronze,Y
e3f302d0-5f21-4ba2-9016-f08b913df498,2024-06-10,South America,Bronze,Y
eb68e020-1924-4a3c-9264-2dcdd8614b58,2022-09-27,Europe,Silver,Y
c355853e-b0d9-451c-acc0-067f141f746e,2023-12-15,Oceania,Silver,Y
3360d115-48b5-4c88-8f63-5f4a2b9a118e,2022-03-06,South America,Bronze,Y
5eaf0e47-19e4-4b5b-a5ec-418937790ca3,2022-05-23,Africa,Platinum,Y
4e641c80-c0d9-4866-bbd8-0e1b457469b2,2024-08-13,North America,Bronze,N
975e1b27-ead5-d65a-7c30-761e710dc918,2025-12-12,Europe,Bronze,N
81ad3265-7b3b-4203-8c76-d9ae1e4819b0,2022-01-17,Oceania,Gold,N
d2b71eea-8ef8-4afb-8dde-1089e1203fda,2023-04-25,Africa,Bronze,Y
23aa1a48-f1d8-472a-8b84-4ffe1b312cfb,2021-05-08,Oceania,Bronze,N
3a0acc69-7369-4e32-85e0-2bf71af0967a,2022-04-10,South America,Silver,Y
b79e4158-3734-4dd6-9235-c4b29a9df98b,2024-01-04,South America,Bronze,N
8484dc44-2dc2-4476-ba82-cbb245260dd5,2022-10-11,Africa,Silver,Y
4c335465-4506-4a17-8cd5-c00ee2fc182e,2025-06-20,North America,Platinum,Y
045dbe94-2084-4acf-af90-3653de1c5838,2023-10-08,South America,Silver,Y
8be159cd-1117-4f3c-9885-911a138c2e0e,2023-02-19,Asia,Bronze,N
77d9b7a6-7e71-4946-acf7-0172a3fe0a8c,2023-07-11,Europe,Silver,Y
959e6da9-7308-4aaf-ad94-4a338d864e0a,2024-03-16,South America,Bronze,Y
8d94508a-10e3-4e3b-bc1b-999b96b16459,2025-01-22,North America,Silver,Y
f3bf1db3-0bc5-486f-90be-db84526a523e,2023-12-28,Africa,Bronze,N
342f2b72-0cac-4cbc-b7be-cf511c1cb8f8,2021-08-09,South America,Bronze,Y
22212e52-d6e3-4103-9df7-0cc1133b385e,2025-04-09,Europe,Bronze,Y
eaf8905d-0224-42aa-b547-912483e56206,2025-07-11,North America,Bronze,Y
5c098a5c-585d-4d17-9258-14d9638cf9e3,2023-09-20,Asia,Platinum,N
f2203acf-8eed-4d34-b384-3346945f4281,2024-06-08,Africa,Gold,N
542c4032-9e1d-4d3c-a482-fd9712cf10a0,2022-11-13,South America,Bronze,Y
5416f272-f1ed-4676-acb2-8e38c48ca510,2023-08-21,North America,Silver,Y
eb2387b3-6606-4857-bd85-1d4010d7115a,2023-01-05,Asia,Platinum,Y
6f97d15b-d51e-4e2f-8754-15a8fc6c9331,2021-08-17,Oceania,Bronze,Y
24f9056d-95df-4cdd-b8b6-0e2a7a26d8a4,2022-07-12,Europe,Gold,Y
ec909bc8-e2c8-4ce0-85f2-f2300b4370e8,2025-01-06,Africa,Bronze,Y
080c51e8-d70a-4047-afac-bced9e02347c,2022-03-16,North America,Bronze,Y
9a65c076-3575-476b-8c99-0b106556a27b,2024-07-29,Africa,Bronze,Y
fef8c080-ebe5-4fb0-b8c1-8e479498f904,2024-07-27,South America,Bronze,Y
5bef0090-f7a4-4b26-a0af-24d31baf93b2,2022-03-31,Asia,Bronze,Y
7a2a4090-23cd-4d80-8b87-d8e644915e4d,2021-07-16,South America,Bronze,Y
981fe99e-f818-415e-bb5b-438417a5a428,2023-03-11,Europe,Silver,Y
e7f2418a-953f-4fd4-a069-4b6d04b51c12,2024-04-26,Oceania,Silver,Y
1ad261a6-2b9f-4948-bcfc-6b677774b331,2023-04-21,North America,Bronze,N
1e0ede55-672a-4164-9f34-53e2f1d0ab6c,2024-12-31,North America,Bronze,N
bf24803e-5b55-48bf-89c8-8707e9feb50a,2021-06-16,North America,Silver,Y
663637b9-a43e-4daf-b439-99edf60ea405,2023-05-24,Asia,Bronze,Y
65270cce-378f-4d8f-862c-47f72165ce36,2023-09-15,North America,Bronze,Y
0784781d-2006-4fdb-96ee-251359d12415,2024-02-07,Africa,Bronze,Y
a97d3c12-b00b-4505-9453-6b6c6d4ca628,2021-12-31,Europe,Bronze,N
97ae16f6-48d2-407f-83c5-dfd69ccd05fa,2025-07-29,South America,Bronze,Y
aa8b73eb-3cde-0596-4cac-dd3d1ae5b384,2025-12-15,South America,Silver,Y
8dca6314-bd9c-4428-b21e-62f096ecc779,2023-12-07,Asia,Silver,Y
889dd48e-685b-4c32-a054-01215bc3627b,2024-05-31,Asia,Bronze,Y
d27a4fa6-d853-41c0-9c7a-8f900977d8a2,2024-10-07,Europe,Bronze,Y
f03cf8e4-f42f-4ca3-9d19-b3a47a453fdb,2024-02-20,Oceania,Bronze,Y
185a7fce-5350-44ec-a017-91fdf03ba13f,2022-11-17,Europe,Bronze,Y
66783830-9f50-4a11-bc78-c405ff6851ff,2023-12-11,North America,Bronze,N
bab37acd-d952-45e1-a768-81328a9b7814,2022-03-13,Oceania,Bronze,Y
58b2c2a6-86fd-4e71-8dfd-cc2909612c26,2024-04-06,Asia,Silver,N
486db47e-4c00-42f9-b020-68855d5b81bd,2023-04-26,Africa,Bronze,Y
7ef91d87-49ff-4428-aaa2-9720652d4a8b,2023-03-20,Europe,Silver,N
4db1e182-14ae-4c8a-89a5-0218b13426ae,2022-08-21,Africa,Bronze,Y
ff54c509-760b-45a2-95b9-cf2f00502527,2024-10-13,South America,Gold,Y
4f848c31-7954-4f2d-a819-d4b9b1a6aed3,2022-03-25,North America,Silver,Y
2b8bd602-1924-46e7-bc55-7f3fcbcd6f84,2024-12-28,Europe,Bronze,Y
db2d0fff-f047-44e9-b3fe-b7dea2e0f358,2023-12-20,North America,Bronze,Y
6b3ea254-830d-4996-951a-bcb736a50a97,2025-05-03,Africa,Silver,Y
f7130d71-ec33-4dd6-bf42-b289af709f80,2023-03-15,Europe,Silver,Y
a03e2e89-a71b-4159-a9b0-46e22490cfe5,2022-07-03,Asia,Gold,N
d51032ed-af33-4380-bafd-82e9c6eb8844,2023-12-12,North America,Bronze,Y
6e85ef52-67c0-4bff-bf57-d8a8a9ca074f,2024-03-18,Europe,Silver,N
9bc3f140-3f36-4300-bacb-af63f14c261f,2023-10-10,North America,Bronze,Y
98268773-5e14-4ea1-b28b-66261724b6a7,2022-07-26,Africa,Gold,Y
3f551b92-df8b-4e63-8782-da858e9291bd,2022-08-21,South America,Platinum,Y
4cec495b-2267-46e3-ba5b-6ac5de703b72,2022-11-24,Europe,Bronze,Y
ccc38bf7-5ce4-4add-9296-7d65da9f81c9,2021-12-16,Europe,Gold,Y
68869693-459a-4785-853c-bfb2ff430c3e,2024-02-24,North America,Platinum,N
83e23e85-b6ea-4139-a2ed-368014a34cec,2023-01-10,North America,Silver,Y
70348a25-fa1c-4356-b36d-22ad0ce04aeb,2025-05-24,North America,Bronze,N
d5e2e854-b935-46d8-afb2-de39ff72b56b,2021-12-15,Africa,Bronze,N
0c0833f2-7099-4082-8c48-a342f8a35ed8,2023-01-16,Asia,Silver,Y
9638c694-b30a-449c-aca4-c1f877afacf7,2023-01-17,Europe,Bronze,Y
78c92f7d-be85-47a7-ae9a-a8bf05b3d50d,2022-10-22,South America,Gold,N
c4b3486f-c68a-4cec-ac52-8ec320aad273,2024-04-12,Asia,Silver,Y
7b411510-dac3-48ce-961f-585a56206ef3,2022-08-21,South America,Gold,Y
299ebd2b-cde6-4708-8ca3-e804e3cc21fc,2023-07-28,Oceania,Silver,N
3ef433df-020a-4c40-a095-c0d0a26e67da,2023-01-07,Africa,Silver,Y
a4393a31-727b-48e1-9e66-41880b5ae2c6,2023-08-06,Oceania,Bronze,Y
c914ce72-7e9d-445b-9dfc-cc0d27b13192,2025-02-18,Europe,Bronze,Y
54a3e5ae-db9f-458f-81c6-444b08a575c4,2023-08-17,Africa,Bronze,Y
31cdba78-8f36-43d7-915a-ff858f70ce5f,2022-09-24,Africa,Silver,Y
567e642e-052d-4b9a-9f58-4603e5a3d8e9,2022-07-28,Oceania,Bronze,Y
7abf1053-e287-4082-8a1b-80b92fd61145,2023-06-24,Oceania,Bronze,Y
f7797551-298a-4b44-b349-9a5e1cc4ec86,2023-01-27,Asia,Silver,Y
64423d22-ea7f-4808-98f0-2579631e2e41,2022-12-08,Europe,Silver,N
25bdab14-74ae-4b96-ae13-3adc7ff5088e,2023-01-16,Asia,Bronze,N
ddd3f8f9-8042-4e9d-9e56-d7490ae12d01,2023-05-25,South America,Bronze,N
8c48c12b-1747-40f1-8c23-4f1c33abe863,2022-08-21,Africa,Silver,Y
1751ad7c-f1f1-4847-9da5-427172e9fb2b,2023-06-15,Oceania,Platinum,Y
7484f957-f6c5-4e9f-a44c-c88bc5ba85a4,2022-07-15,Oceania,Bronze,Y
b7926cd7-6e0e-40b9-bfe7-f1fcb966b030,2023-11-05,Europe,Bronze,N
5a4dda5a-26c0-43c1-9f1c-f3432044df0a,2025-05-19,North America,Bronze,N
2dbb45bd-2138-42e6-b013-a170d5cf3b4c,2024-09-07,Europe,Gold,Y
8b399f8c-1250-483b-a779-84ecefb00e4b,2022-07-24,South America,Bronze,N
d50653a9-8c23-49b5-88c1-e321fbb7c395,2021-04-21,Oceania,Bronze,Y
f3408741-606e-480b-aec3-c60aa09c2594,2022-04-28,North America,Bronze,Y
c3e521f8-1dcc-4878-9846-4739d0823913,2023-12-31,Oceania,Gold,Y
9c918edb-4195-4cd0-96f6-07142a8f974b,2024-03-27,Africa,Platinum,Y
2ab05af8-87e7-49e2-bf46-d9d3f2794e8b,2024-08-11,Africa,Bronze,Y
79ff37f5-ddf5-4bac-9c55-748945fa49d5,2022-12-07,Europe,Silver,Y
c10c0af4-2f08-4f6b-b357-acbc09775fa8,2023-05-21,Oceania,Bronze,Y
2ff9a249-c0bd-4806-b60a-4df4e3401a76,2023-06-10,Africa,Bronze,Y
674440a3-df1f-4814-aaf1-ee3c9dbfa0d4,2024-02-12,Oceania,Silver,Y
b0aa7c2d-21d5-4174-9195-67ba7c2796bd,2024-07-07,Africa,Bronze,Y
4d02152d-76c1-4764-9082-e0c03a29f767,2024-07-02,North America,Gold,Y
6bd11bf2-a6eb-42c7-affc-b034cd33e10c,2021-09-30,South America,Gold,Y
1c274e43-53a3-4a46-8054-aa86d689746f,2024-02-16,Oceania,Silver,Y
e877ba23-cf63-4f5b-b0d2-9556d87d6475,2022-07-08,Oceania,Bronze,Y
722af35f-5635-4f8f-bc4c-b74bf5532a95,2024-06-15,Oceania,Silver,N
1da5a16d-6676-4270-a5a1-b12b00a6c3cb,2022-02-07,Oceania,Silver,Y
cc014e9c-13a3-48dd-b826-be2310aa2d7a,2024-07-05,North America,Bronze,Y
20a3c308-ae42-46c8-989f-55e667964fdf,2022-09-07,Oceania,Gold,N
74cdae7e-73ba-4afd-a6d7-1157b8faa516,2022-06-28,Europe,Bronze,Y
af4afcdd-52cb-4ae0-ae18-c9b3c6da85f1,2023-07-02,South America,Silver,Y
f52e8022-f912-40a5-bbb4-3f949446aa2d,2022-03-21,Europe,Silver,Y
10ae82d6-1939-4502-af13-889381ba572b,2023-12-19,Asia,Bronze,Y
e35347fb-2d5f-425f-b7c3-c20174f89719,2024-06-08,South America,Silver,Y
ac243a24-a275-4bd9-bf94-abc9d724f943,2024-06-24,Asia,Silver,N
b1bfee53-04ce-4c38-b826-a5f5310eb491,2024-11-24,Europe,Gold,Y
50d04757-4cce-4630-a65f-9362f936269f,2022-05-30,Asia,Bronze,Y
ee90112f-abf4-49aa-a777-205378efb790,2023-11-08,South America,Bronze,Y
30b78ee1-7cae-46f5-82f7-ea05d05658b2,2023-01-22,South America,Silver,Y
c27cd62e-bd9d-4363-a11c-084a11ffee87,2023-05-29,Oceania,Silver,Y
0f3089e8-2ff2-4e9d-bd20-647eee97201d,2022-03-02,North America,Gold,N
ba90194d-8d62-46ae-9bb1-0c304ca547ec,2023-04-13,North America,Silver,N
94d93f4e-ff92-47c5-88b8-1679ef8cee34,2021-07-04,Asia,Silver,N
fa823ae2-bf0a-4b33-b642-6796fdbb7edb,2023-10-31,South America,Gold,Y
b8943df8-c9ab-4a91-9674-b9e20e5995aa,2022-04-29,Oceania,Gold,Y
15e51f7f-c86f-48d7-8610-52eff4b87b0c,2023-09-08,Oceania,Bronze,Y
2bf7c2e7-f746-4036-b4ab-a6ce82165a4c,2023-06-06,North America,Bronze,Y
0153106f-4104-4e6f-9351-9f4398ed2bae,2023-11-20,Europe,Silver,Y
fb756923-f910-4bb3-b105-32523990e2c9,2022-09-29,North America,Gold,Y
2cd99d2e-2e29-412c-904b-a1e8c58000fc,2024-03-08,North America,Silver,Y
e5e650c7-db55-4b32-bf43-08894b80dcb6,2024-10-28,South America,Bronze,N
7c37f322-f92f-414b-8300-5549943d5c80,2025-07-29,Africa,Gold,Y
5d8e3949-73a0-4648-b33a-562457102ec2,2024-09-11,Oceania,Bronze,N
fbdd12d8-4348-4ee8-91d5-0b98b1c8f06c,2022-07-06,South America,Bronze,Y
bddb7249-45cb-4ff7-a63e-04381486a406,2024-03-25,North America,Silver,Y
5c18020a-1dec-4558-bdf3-e9b0683bb8cf,2022-04-19,North America,Bronze,N
acc34b99-40ca-4564-acdd-b1fb955738c1,2023-09-20,Asia,Silver,N
8f1c9563-f4ee-48f1-8851-fd317fdd0dfe,2023-03-22,Asia,Bronze,Y
a577d497-9347-4a31-9501-25864f637747,2022-04-18,Africa,Bronze,Y
32a807cc-2c47-4336-8006-1add316c00bc,2022-01-24,Asia,Silver,Y
15882e5f-974b-440c-a79e-920fae5235c5,2025-01-05,North America,Bronze,Y
1aedbcfd-a357-44ea-8e80-c78a6bf2d5d9,2025-04-09,North America,Silver,Y
ff80ce28-6f8a-4a45-9de8-5b4cddfe55f7,2023-09-08,North America,Bronze,N
a8533c93-2926-41d3-8888-3652b62b10dd,2025-06-14,South America,Gold,N
76bb914e-002c-4953-9bf4-47c3f7ab3171,2022-09-06,Europe,Silver,Y
7f875546-73b7-41bb-a7f2-6c47dc0f891c,2023-12-04,South America,Bronze,Y
4e23cead-a714-4b37-a317-60e4fa66ca82,2023-02-27,Asia,Bronze,Y
09bc437e-bbd4-4cf8-9a12-1e70d0d19fc5,2025-03-22,South America,Bronze,Y
0e7fb5b9-0b51-40e7-9c4f-1c5d4089da57,2023-05-18,Europe,Bronze,Y
f84ceda9-ed3a-4308-9608-f4685200c3d2,2024-09-05,North America,Bronze,N
443622f0-ce88-4ab1-a997-3f2bb48c25fd,2024-04-20,South America,Silver,Y
48efd21c-36bb-4e73-87a3-5c8501ab76f5,2021-08-04,Oceania,Gold,Y
3c7bfe7e-8b95-e8ea-8070-9d9517eaa7fa,2025-12-16,North America,Silver,Y
a7445137-001c-411d-bd3b-38b45b875cf6,2024-03-25,Europe,Bronze,Y
c5281b69-f89a-41cb-bf5a-b521fe61ad5a,2024-03-01,North America,Gold,Y
b0a318ec-628f-471a-bce0-e2e3f5c0a0ab,2021-06-12,Africa,Silver,N
74ceaea2-3d40-4202-9760-037fa1bb318c,2022-06-04,Africa,Silver,N
c495b59f-c521-470f-a3c0-209e77f95f1a,2022-11-30,Europe,Bronze,Y
64a70279-8609-4880-af29-c0f72ebbfe0a,2023-10-07,South America,Gold,N
6bef6d83-ebf7-4f6b-8ead-59cf617bedda,2024-05-05,Oceania,Bronze,Y
0c5b672d-6274-4e7b-8e2e-af6fe2622ebf,2024-02-06,Africa,Silver,N
5ee1fefc-2dc8-425e-a032-d5e234606b64,2022-07-12,Africa,Silver,Y
0eca3630-7342-44e1-a957-a9dd5258e6d8,2023-08-23,Africa,Platinum,Y
a34c41e9-9bf8-476c-bc15-374eb0c01080,2022-03-22,South America,Gold,Y
3f7c50f3-9889-441c-8419-0e9cd3b7e554,2022-12-16,Europe,Gold,N
7d50c0e0-8cdb-4eb8-a4aa-73203cc5992d,2024-10-09,Oceania,Silver,Y
2678e702-a610-4004-bf30-a6450256e275,2021-10-16,North America,Bronze,N
1fc5e6ef-c7bf-4d89-b050-1385c0c421e7,2021-04-18,Africa,Silver,Y
9e451c2d-3a75-4327-83dc-77252869af8e,2022-09-06,Africa,Silver,N
4d90d947-1c5f-4f89-9eb0-16ce469eaff5,2022-08-19,North America,Silver,N
4ac6df21-e16d-4831-a827-2b824f3f7571,2021-07-17,Oceania,Bronze,N
5aac72b1-77e7-4d81-9b88-fc72b66cdb02,2022-12-03,Europe,Bronze,Y
20cbbd96-6699-aac3-b8f8-d92a3b6c28c5,2025-12-28,North America,Bronze,Y
83637de0-7196-41a5-8c0d-640b0626176b,2022-03-03,Africa,Gold,Y
346a36f9-b2d5-4207-9ade-d1971eea08a6,2024-09-09,South America,Bronze,N
e38e039d-9edf-4835-8512-cb2e3a068e71,2024-07-31,South America,Silver,Y
52fd9580-3e54-443e-a0c6-c8727e1ba5de,2023-12-19,Oceania,Silver,Y
ac5c43ff-b91c-4533-aa91-8c62daab40aa,2023-09-14,Europe,Silver,Y
0fe708ab-c291-4db6-aef0-b5f51ba8c26c,2022-02-19,Asia,Gold,Y
14ff6ad9-bf5f-4ac7-bb40-d45704a03f37,2024-10-22,Africa,Bronze,Y
770ad902-38ff-485f-94dc-432c6df5fad8,2024-01-27,North America,Silver,Y
e3a953a9-6489-4728-ae51-61d5d9d07971,2021-12-22,Africa,Silver,Y
94eb98ec-f7b0-44ac-8be8-79252db5322b,2023-12-08,Africa,Gold,N
54b575c0-2b69-4471-a1e5-eacf5b08c649,2024-02-11,Asia,Silver,Y
7dc437dd-e395-45ea-95d4-4c348fa95ec3,2023-03-31,Europe,Gold,Y
0b4e93d5-10a4-463c-9096-217bc40c5197,2021-12-10,Europe,Silver,N
87da550d-68f1-4945-8ad7-55c99f43fcc2,2023-06-01,Asia,Platinum,Y
625b513d-71a8-4123-b709-797ef4de0acd,2023-06-18,Oceania,Silver,Y
ee906cfe-bda0-4104-848a-441e7cafb69b,2023-02-02,Asia,Platinum,N
d2063fca-1297-4b03-bc34-edb23a8de5a3,2024-09-03,Asia,Silver,Y
f139df30-0b7c-4108-80b4-0761f08717cb,2025-03-04,Africa,Bronze,N
4c66da55-8d78-4bd0-8b9f-d9ae07150540,2022-08-06,Africa,Bronze,Y
d4958480-6e00-4063-ad0a-d4fad783f6b5,2025-03-02,Africa,Gold,Y
60d0f201-9d89-4652-be0f-d219b1d73ebb,2024-10-10,Asia,Bronze,N
b6961feb-8695-b07e-b56e-1e9637e85154,2025-12-29,Asia,Bronze,Y
03711d3f-c9be-5dce-02ee-09bf9811cd8b,2026-01-04,Europe,Bronze,Y
9d460a50-2c6d-4d52-b970-5abced6f63a5,2023-05-24,Oceania,Bronze,N
50c12151-7a81-4047-a178-6b0c6a7bb608,2024-01-05,Africa,Silver,Y
72a124ce-75ee-4ca8-b65d-17c2d26a8b3c,2025-03-30,North America,Silver,Y
d39475f0-bb95-4b47-abc6-647987bbac11,2023-08-12,North America,Bronze,N
19985f15-ff00-4d4d-9020-59e4ff9ab5c2,2023-06-05,North America,Silver,Y
f10f5e2d-af35-4d31-b14d-bbab3b591927,2025-06-16,Asia,Silver,Y
13be6959-b2a2-499f-980a-1a74a8d5e224,2021-11-05,Europe,Bronze,N
d037c5e3-3183-4b8a-98b9-562608ab8a4b,2023-01-11,Africa,Bronze,Y
4e6792a6-e39e-4dcf-8de1-4304742efb99,2021-07-28,Oceania,Silver,Y
a71372ab-34cb-4b9a-9338-82b320fa15b7,2023-12-14,Oceania,Gold,N
33057c2b-939c-4a82-9406-b31cc81e34bd,2022-03-12,Asia,Silver,N
70b6da16-70b9-48f9-9dd0-38288943400b,2022-06-22,South America,Bronze,Y
2fa227c3-dc57-44da-90ca-beebdb721b14,2023-07-24,Africa,Silver,Y
8f202014-7ac5-40dc-8fba-0368125c5c26,2022-08-27,Oceania,Silver,Y
4b1a65b1-2640-47a1-8f73-2d70979b1ec8,2024-02-03,Asia,Bronze,Y
5caf20ae-3f45-4107-82ff-b3e362e9826e,2021-07-21,North America,Bronze,N
0b45cb04-e5bc-49c0-93a6-9684036599fc,2021-11-12,Asia,Bronze,Y
25a2b98c-218c-4dd9-bb0b-ec4b7d3f2384,2021-12-31,Oceania,Silver,N
a3b5cece-a446-4e72-b64c-911aa9ab364a,2024-02-21,Oceania,Bronze,Y
2accc477-ebd3-4ebb-a31b-10d19c6b0f4d,2024-04-27,Oceania,Platinum,Y
cb53c7e0-e46a-43a7-994f-fee115978679,2023-03-13,Europe,Bronze,Y
a687c13f-f416-4d61-a6be-4e5155431649,2023-06-18,Oceania,Gold,N
c38295b5-8aa8-426e-adcf-956ff26a81f1,2024-05-01,Europe,Bronze,Y
92dd1868-ae7c-43d9-b44f-72b94167fd8b,2023-11-27,North America,Silver,Y
fd8dea94-6913-4df6-9e7f-99ce02cabb95,2021-07-17,North America,Bronze,Y
2e6c6bba-58b4-46e8-84a6-b5ab611a0625,2024-10-03,Asia,Bronze,N
fbdba6f3-003b-4ca2-9ba7-50f2c4b70f32,2023-03-15,Oceania,Bronze,N
22d89140-a8a4-4b76-87e2-9e5fe3f3bf4b,2024-08-01,Europe,Silver,N
572d4684-71d5-43a9-a4b9-36c609773a68,2024-05-16,South America,Silver,Y
46141175-895b-43de-8734-f09e1bd23a12,2023-05-25,North America,Bronze,N
ad4807eb-b8f6-4164-ba11-e1082f8fc2b9,2021-09-14,North America,Bronze,Y
b8870d92-d3f0-441d-820f-5cb08bc8054f,2024-07-02,Asia,Silver,Y
5b1c1f10-7688-44ae-95cf-c78677262d4c,2023-10-22,Africa,Bronze,Y
0cdbcdeb-e614-4c07-9bd3-b40e5f30fc19,2023-04-04,North America,Silver,Y
c65dbe7c-afd7-47a8-adcf-cef50c0cbedc,2024-03-24,North America,Gold,Y
4e3bb717-f1e9-4272-9fe4-1894898ba230,2021-08-22,Africa,Silver,Y
ce998ffe-cb76-4381-88e6-0e13d5e278f1,2024-02-07,Europe,Silver,Y
40b1fb20-d9eb-4495-9d7e-cb5f2b4786c5,2023-05-15,Africa,Platinum,N
1eba3186-931b-4f4d-ba4d-6caa4cf8651d,2024-03-02,Africa,Bronze,Y
788253e9-0e40-4f4b-bf69-30ed931ad3ab,2024-05-30,Europe,Bronze,N
c7262bd3-41d5-423d-904a-eed19bc13571,2023-04-18,Asia,Silver,Y
bdac8aee-481e-485c-af2e-fabdede0fd03,2025-09-18,Oceania,Platinum,Y
4202c418-b6ae-4b91-890e-2e44f6e5a7b1,2021-12-03,South America,Bronze,Y
ab07d8fa-4aca-4e49-bf07-33cedda72f8d,2022-11-02,Oceania,Silver,Y
9645dec1-840d-414b-bbd5-48637974c90b,2024-12-07,Europe,Bronze,Y
5b4d9268-ad5f-4ca4-924e-4e2a52381a07,2024-11-29,North America,Silver,N
e93df3c4-053a-461e-9257-f9f2153adbf4,2022-05-14,Europe,Bronze,Y
1cf2703c-c13a-4554-8fc9-039f1d864605,2024-05-11,South America,Bronze,Y
7babf550-59a0-4204-9955-a3e108528782,2021-10-04,Oceania,Silver,Y
356e6421-8b3c-44dd-8351-8e575e59e75d,2023-06-28,Oceania,Gold,Y
8cee9b72-3e97-404c-afd7-071f2147d8e6,2024-12-10,Oceania,Bronze,Y
cb430603-c88f-41b8-bb01-bd8ecb054b74,2023-07-03,North America,Bronze,N
22c1f991-e38e-4f32-8e2a-553902aea08a,2024-04-29,South America,Bronze,Y
631ef4d2-f13d-4812-8a12-43c1d5df8990,2022-07-14,Africa,Gold,Y
ec55bbbf-2ef1-4fb7-8489-2fe0c4f31cf1,2024-05-12,Africa,Bronze,Y
9793b9b4-1374-4146-b2c5-bd89b70b3420,2022-05-31,North America,Gold,N
90e0f4a0-fbdd-4933-8bd5-8bf61efd76e9,2024-05-05,Asia,Silver,Y
1bac9257-f9ca-425a-9a1a-b0d9271c8856,2022-10-23,South America,Bronze,N
52978199-8d25-40f9-836d-65c78a0bfba5,2024-02-18,North America,Bronze,Y
caa508d1-d1d3-4d2e-8a97-d5fc6b3d2a10,2022-05-17,North America,Bronze,N
f0636972-c737-427a-9e34-106afa902bfb,2025-10-18,Africa,Bronze,Y
c925f7fa-1484-e9d6-5f8c-2498bcb37ddd,2026-01-13,Oceania,Silver,Y
148e40d9-e534-4d25-be32-3af0498e8829,2022-02-25,Europe,Bronze,N
36f99fd4-993e-4907-9166-5c94889765b8,2023-04-30,Asia,Gold,Y
ddfb4b7b-c940-4073-8937-f6c3a189140d,2023-03-08,North America,Bronze,N
71cfb9a0-872b-4db9-8889-869a2c7d543d,2022-09-17,Europe,Silver,Y
847489f1-919a-4ef0-896e-ea2442a46482,2024-04-16,Oceania,Bronze,Y
cf2e3296-7184-4713-a55f-65b7e709fba6,2022-07-26,Oceania,Bronze,Y
c28cdf3e-f2df-4452-83ff-5dd4f8742e05,2024-01-05,North America,Bronze,N
e2cdd04c-05aa-4be7-9f0c-6e1323c44489,2023-08-19,North America,Silver,N
8ff84ec9-1564-4dfb-8b94-fea7ff7021c6,2023-06-17,South America,Bronze,N
20a80fe9-b42d-4174-8145-14be5da83f2c,2024-10-07,Oceania,Bronze,Y
82fecfdc-73fb-4982-8401-4a72068f19b5,2023-06-12,Asia,Gold,Y
f2859cd2-cdf9-409a-9eb7-9d9ed3ad30e0,2021-10-24,Africa,Gold,Y
59ac169c-5bf9-4a86-9bdf-6dc7529483e6,2024-07-31,North America,Gold,N
86d3905d-abf4-4cd3-9edf-4606f6f80da0,2021-11-27,Oceania,Gold,N
9f50a293-4a8d-442b-8009-f032a4422a48,2022-06-18,North America,Gold,Y
c068eaaf-7780-4193-8b4f-95aeec4a91df,2023-10-02,Africa,Gold,Y
032cd6b6-7bc9-462b-9630-04260414911f,2023-05-20,Africa,Gold,Y
cf05d83e-68a3-4262-9aee-626437c07aaa,2023-08-26,Africa,Silver,Y
1e704e82-ca10-4b7e-8f6c-847b1a16e068,2022-05-01,Europe,Bronze,Y
debd90b1-9233-4874-a141-c462b41cd358,2024-05-06,North America,Bronze,Y
f817d46b-b351-4be8-9971-c1399ec8956a,2025-04-01,Africa,Gold,Y
044251db-d0d4-4a67-b992-8faa4cbf131d,2025-02-18,Europe,Bronze,Y
dae77a5f-7874-4da1-a595-0b2cb4fa860e,2022-07-20,North America,Bronze,Y
3a9b6114-a569-4c50-9b74-a979e8659b50,2024-07-29,Europe,Gold,Y
17b15d41-33c2-4606-931c-1354fb95efe9,2023-10-25,Europe,Bronze,Y
263121f4-c864-4829-8b6b-61ace474de7c,2022-11-27,Oceania,Platinum,Y
5739a341-a47c-4b6d-9dde-e373cb5a97df,2022-01-26,Asia,Gold,Y
3fe604f4-2867-4d3b-9c5f-3cba150d28eb,2022-05-10,Europe,Bronze,Y
b1e21d6b-447c-49f5-9161-f817dc91a0d8,2022-08-31,Oceania,Gold,Y
2e635f98-12eb-4bd0-ad42-5aaaa753406f,2021-09-20,South America,Bronze,N
37ec649a-3964-4f48-8cfa-eea8e395f2fc,2024-05-17,Oceania,Gold,Y
4c38325e-df88-412a-8168-5283d50a151c,2022-09-02,Oceania,Gold,Y
8ccf8851-fc94-4bc1-914f-c8aa9cdd1043,2023-04-12,Africa,Bronze,Y
ed9384c1-2a9f-4a5a-9e61-af453cd76bc9,2023-04-21,Asia,Bronze,Y
f0f23d18-07d8-4b22-8040-0151944b4d33,2023-06-14,Asia,Silver,Y
37482ab3-55ed-45f1-abbf-896ae9a4f105,2022-06-15,South America,Bronze,Y
9343e6ea-985a-4548-80ba-22a47213e7cc,2022-08-06,Asia,Silver,Y
fff4bad5-898d-4119-bd51-3ea9677769ad,2023-07-23,Africa,Bronze,Y
981ff8b4-9116-48c5-a675-f233ef1a402c,2023-08-15,Oceania,Bronze,Y
8b6cb1f8-bd83-4b3b-9136-e1c7544afe6b,2022-05-06,Oceania,Silver,Y
9b33a68d-4646-4710-b1fa-ffe7ad1099fc,2025-07-25,Asia,Bronze,Y
9d093ec5-351c-4a8c-83c6-50bf48db4569,2021-08-04,Europe,Gold,Y
0d69a521-d4a1-49fb-b777-1615333afce8,2023-06-25,North America,Platinum,Y
a1713120-85bf-471f-a2d5-da5de59cb2c0,2024-01-26,Oceania,Bronze,Y
444d698c-09c2-4620-be0c-6de05c8f8ec4,2024-04-17,Oceania,Silver,Y
dd21a19b-16fa-4c2e-9c6a-f7860a4b49c6,2024-06-08,Europe,Gold,Y
2a98ef14-12e4-45b7-8de1-8281dce41ca7,2023-07-06,Asia,Gold,Y
7e8e3c03-e5c9-43f3-942f-777e92f30f24,2023-12-09,North America,Gold,N
d72dd24f-d4b9-5d82-6b01-15cabf94abfa,2025-12-04,Asia,Bronze,N
6f43241b-8258-4124-bad5-a23833584bed,2024-05-27,North America,Bronze,N
42da0078-1a03-4998-acf7-ac90afc52305,2024-02-24,Asia,Bronze,Y
5a0c3085-67d9-4bc2-87c4-7aa68c249fbc,2023-10-18,Europe,Bronze,Y
a2868475-51eb-4be9-b94f-4af8418d2469,2023-06-08,Africa,Bronze,N
1cf15472-4fe4-45f2-b151-acfe3fe93622,2024-09-12,Oceania,Bronze,Y
fef9b10b-4f36-4e79-86b8-2a3d7a197bbb,2023-08-14,Oceania,Gold,N
a35de9cb-0a0b-4dcd-8cc2-6ad0aef20d14,2023-05-15,South America,Gold,Y
a251bb9b-d7ba-4307-a82e-333acb35a473,2024-11-12,Africa,Bronze,Y
4d57f74c-382d-451d-bd79-25092de609ca,2024-04-07,Africa,Silver,Y
4dc39462-7f6e-4ad3-8ec1-c06cac076dbe,2022-09-01,Asia,Silver,Y
e6586718-9b80-443e-a779-78431881d990,2023-05-22,South America,Bronze,Y
10168d65-4f90-491a-9448-10de2a1b76e3,2023-04-13,North America,Bronze,Y
4d4f5196-0e1c-4359-b786-a183590df613,2022-09-20,North America,Bronze,Y
764441ea-df61-4f25-a0de-f7712a64a10e,2023-07-11,Africa,Gold,Y
6427f18a-bd2a-4a29-9f08-d79b5923a4b0,2023-08-03,Oceania,Bronze,Y
530f5e8f-e63d-41fc-9096-e6a470b5d4ee,2021-04-04,Africa,Bronze,N
3fc7128e-d03e-4475-b4a0-5c28b9aac9c7,2023-08-06,Oceania,Gold,Y
57c79ee5-696c-4170-aa01-6a0425384951,2025-05-29,North America,Platinum,N
c3c79a6f-302c-4608-9911-5c6d49f6487e,2022-12-14,Africa,Silver,Y
b68848ea-1156-45d0-aa9a-d6c593d0d346,2024-03-19,North America,Gold,Y
a0836439-c972-41eb-8307-146ce4303229,2022-08-17,Europe,Bronze,N
89433bbf-4c7a-410e-bec3-9aa7cc21bd61,2024-07-13,Asia,Gold,Y
5245ada7-ce69-4b27-87e7-bb3b121c964d,2023-09-20,Africa,Bronze,Y
0311cfea-1cc8-400e-8e91-4d5af84f6a66,2023-03-14,North America,Silver,Y
042a2952-adfe-44e5-8744-0006f10eb0ea,2023-09-27,Africa,Silver,Y
a2c3cd1f-ebdb-4d5f-b9df-25a0207a9ea8,2023-01-08,Oceania,Silver,Y
b924cc7b-83dd-4c2c-86df-fb726100c7f1,2023-10-06,Asia,Bronze,Y
e44ea92e-6e7f-4639-b4f7-5fef740d6899,2022-05-23,Africa,Gold,N
ee01c05e-6cc3-4514-9257-e28815d48ee8,2024-08-17,North America,Bronze,N
91fe9cd0-4bb8-44ef-86a0-781dfb288b23,2024-01-09,North America,Silver,Y
919a3950-fad3-4e06-b1f6-7c7b546760b3,2024-02-05,Europe,Bronze,Y
08aec57e-4d05-4113-8d4f-9a2d55f16dbb,2024-12-08,Oceania,Bronze,Y
c0ce86bd-1efe-4c0a-b466-7c79422757e2,2022-04-27,Europe,Bronze,N
37f0a0c2-1955-4818-9d24-c5df92f50f76,2025-02-12,Africa,Bronze,Y
189a5606-b3ff-4796-a34b-b4e58666599e,2023-12-25,Asia,Silver,Y
ec0a9fa5-713a-40db-ad56-f480a68f48f4,2024-02-20,Asia,Bronze,Y
ebf4a80a-0473-488b-8219-17cc3a9dc781,2025-02-14,North America,Gold,N
fb3c320b-509b-451f-908c-e6f532c7cdac,2022-06-21,Asia,Gold,Y
48d3bb37-358a-45aa-beba-3822504a0c71,2021-07-10,Africa,Gold,N
cf18d1b9-b281-48f0-865e-b4e1fe801c84,2022-12-17,Oceania,Silver,N
4f148ea5-d995-47be-8b45-47e6f063069c,2024-01-11,Africa,Silver,Y
a2b89e20-ef0f-3c04-a9e7-78cbcbba7e58,2026-01-12,Africa,Bronze,Y
4758f609-f2d2-4f14-af3a-e9ef663b28bc,2022-11-14,Africa,Silver,Y
658126c2-1270-43fc-8884-070570a21221,2022-03-09,Oceania,Silver,Y
a02bd5e8-2cb5-4578-8bf0-cb177d5c6552,2023-07-25,Asia,Gold,Y
07bf1bb8-8493-4b3d-820b-337c2be0881f,2023-05-17,South America,Gold,Y
10da6403-6af3-4358-b610-0ed542e13bc8,2025-12-03,Europe,Silver,N
41d0ddc5-fcbd-4ec2-a627-6205e4991583,2023-02-04,Asia,Bronze,N
279f5df0-da2d-4df9-a3c1-4a53acf96a12,2024-05-01,Asia,Bronze,Y
3c90566e-ff49-4786-829d-081469a7216b,2022-01-07,Asia,Bronze,Y
0d075dfb-acfa-4825-b3ff-886f49fe4a5d,2023-01-13,Africa,Gold,N
36cfe991-2efa-47cd-a711-c5cc83d5427d,2024-05-24,South America,Gold,Y
4c5fa757-4554-40c8-b7cc-86b4b8612dc8,2023-10-05,Europe,Gold,Y
f98fd283-e9ec-49b8-a6e5-dfe0ec11f240,2024-02-14,Asia,Silver,Y
67efd730-d319-4e79-b48b-76aa07f5f4b2,2025-02-18,Asia,Silver,Y
0e97838b-8bc9-441d-b16b-ebca6ff151f8,2023-11-07,Africa,Bronze,N
58a107fb-57bb-45f8-8364-196d6d701cb4,2024-02-24,Africa,Bronze,N
c35654d8-e175-4717-8d8f-5d33626a3ca6,2024-06-23,Europe,Bronze,Y
17049677-3515-4769-9ef3-37cd0f2af0dc,2023-09-06,North America,Gold,Y
9482f925-f9e1-4a1a-b472-924dc970fe69,2023-01-01,Oceania,Silver,Y
a9b4adc1-7d88-4e18-b10a-dbd81bed09ca,2023-07-25,North America,Silver,Y
ef609bc6-f0f1-4a53-b5e8-bbd4eb1feef5,2022-09-08,Oceania,Platinum,Y
46a02a9b-65ec-4acd-8f80-35f55bd20c98,2021-09-19,Europe,Platinum,Y
8b6ed727-0237-474f-b531-dce7ed6fb796,2023-04-12,North America,Silver,Y
bea2ceca-a7bd-4535-ae90-4535ed4d303c,2023-05-11,North America,Silver,N
761f4bed-e9e0-4492-97c8-0bee95e23c0f,2023-07-28,Oceania,Silver,Y
f253c5ea-e496-4033-9c69-96783fe2c214,2023-09-29,North America,Gold,Y
b1f41379-a5a3-4ddb-8892-feee53b324ff,2021-03-24,North America,Silver,Y
4a32b32a-aa5f-0169-8afb-9b2db766c0f6,2025-12-29,South America,Silver,Y
35eaede0-ea83-456b-bd8c-93df41515f1e,2023-09-14,Europe,Silver,N
2b71fe06-5b44-4dac-9671-0d4f56a89706,2024-05-05,Europe,Silver,Y
0c17c124-3ba4-480b-b83d-bd0384b90ded,2023-04-30,South America,Gold,Y
c39dba82-bb5c-42be-8460-583a1955ca1f,2024-09-10,North America,Silver,Y
69ab744a-5c6c-4287-aa8c-f464263c382e,2024-09-11,North America,Bronze,Y
1b42d88f-c4b5-4808-bcb6-f8a1e55e4509,2024-01-04,Oceania,Bronze,N
b7dce930-1b0e-4b26-91bc-b8109425fef2,2024-10-24,Africa,Platinum,Y
9b12a5b7-940f-46a5-883f-a2695f8cfac9,2022-10-09,Asia,Bronze,Y
068ad005-6adf-4ab4-a127-7c0f02216a27,2024-05-06,Africa,Bronze,Y
b303ce4d-8796-43ce-9a82-66e254b72d4f,2021-07-09,Oceania,Bronze,N
4f2057eb-1f51-4c2e-8ade-6f7fd220d426,2022-03-07,Oceania,Platinum,Y
ad74135b-60c8-4f8d-9a04-17d9fe78109c,2023-11-17,South America,Silver,Y
07fbcacd-f4a8-474c-b6db-c36c75c9a90b,2021-05-06,South America,Bronze,Y
6cf4d2fd-d37f-6059-71d7-64ba1712df48,2025-12-05,South America,Bronze,Y
9cffa370-5fd4-46a6-9bd3-1e61c5fc71d6,2024-02-10,Africa,Platinum,Y
f4e7b21f-1d65-4b22-b919-410ed899e84e,2022-12-27,Oceania,Silver,Y
838fc165-0fad-4c0b-a2aa-b2527e220195,2023-11-15,Oceania,Bronze,Y
35d07b39-1409-4ec2-9a9c-d70b81ffcde6,2022-06-03,Oceania,Silver,Y
240a04a9-c0db-4e13-9a25-56841ca33370,2025-02-07,Europe,Silver,Y
59f4e435-d32f-46b2-b47e-6b314d2527b1,2022-01-21,Europe,Gold,Y
4d98d213-b88d-4e86-bbda-a272dc01b23e,2023-10-20,North America,Silver,N
db3b9b18-6f37-4c25-bf85-f33e1b7796c9,2024-10-04,South America,Gold,Y
3e2823bc-d3c9-48ba-879e-768e7c7c4828,2023-09-30,Africa,Bronze,Y
7b71418f-4c7c-4e89-9412-3c717dae6320,2021-01-26,South America,Silver,Y
c4c90473-562c-417a-a8bf-b4b7d0cbe9f1,2024-07-23,South America,Gold,N
56599848-18e6-4320-93bb-0ed7a776e594,2023-08-23,Oceania,Silver,Y
62524390-52a3-469d-8906-9da96d3b867c,2023-03-07,Europe,Silver,N
9901e22d-7aac-46d4-ab5c-2fbf2af693e0,2021-08-24,North America,Bronze,N
1b35caa1-c146-7fee-0235-1b4f59b164ca,2026-01-02,South America,Gold,Y
e84e3e46-932a-45bf-a453-474612113363,2023-08-10,South America,Gold,Y
ff17662b-06d9-4391-94ca-74050944c6e5,2024-10-10,Africa,Bronze,N
fc75de3d-d473-43b5-852a-2da70e00583d,2024-09-28,Africa,Gold,Y
b2a7931b-13f0-4259-8497-f15da449d83b,2023-08-06,North America,Bronze,N
bc78f272-31b0-4416-9c05-47b760d90873,2023-11-18,Africa,Bronze,Y
61fd4793-ba60-416d-842c-ec411b657b19,2022-06-29,South America,Gold,Y
c3f6a393-bcc9-48a7-b894-80737e488ba7,2023-12-04,Africa,Silver,Y
d907ba3f-1949-4b8a-9754-81a3d6ccc7cd,2022-05-29,Europe,Silver,Y
26127d5b-97ed-4ca4-a339-6aa55e20d230,2022-09-11,Europe,Platinum,N
f1758208-2e29-4386-ae89-6265847aefa5,2022-09-23,Asia,Bronze,Y
4e72aa52-83be-4cd9-87d4-e1ff8b6a5839,2024-09-28,Oceania,Platinum,N
2f96530b-d3ab-4c3f-b458-98b0b845e393,2024-11-16,Asia,Silver,Y
30feb983-78f6-4bc1-94ea-8595a5ac71d5,2023-05-10,Africa,Bronze,Y
65df6f0c-76fe-41ca-9976-029c475ee308,2022-02-12,North America,Bronze,N
3381311d-deac-4a4c-9ad2-7a444bbfb795,2024-01-10,Asia,Silver,N
8fe069b6-eeda-4802-8568-f42689e03e22,2022-06-07,Africa,Bronze,N
0872ac23-e5c8-49e1-bdfb-fe907025f888,2025-11-21,Africa,Gold,Y
0ab52ae0-9df2-4506-b198-01c460d41be7,2022-01-06,Asia,Bronze,Y
4d926ca6-a4db-4fed-a664-3dc801eb82f1,2024-03-25,Oceania,Gold,N
98c9c1c4-ea2d-4edd-ac6f-e3974172615b,2021-08-20,South America,Silver,Y
86fd72e5-cb08-4413-87a5-9174973ab9a7,2023-11-29,North America,Gold,N
15d84e9b-003e-405d-85a4-ab81f85cc63f,2022-05-05,Oceania,Silver,N
27380016-f251-421d-95e2-4956ebc72a5f,2025-02-26,South America,Bronze,Y
d6921fbb-3499-4c46-89f1-197c567fc2c0,2022-11-27,North America,Bronze,Y
a469625b-8178-4a1b-b732-4ab14abbdf36,2022-11-29,Oceania,Bronze,Y
44ca37f6-2db4-48bc-9e95-30ae9a96239a,2023-10-23,Asia,Silver,Y
0cbd3c03-9e2a-44ac-8122-b5b3284c03d2,2023-12-19,Africa,Bronze,Y
5d893035-d07c-45d6-ad51-b71dd208d844,2024-03-06,Europe,Bronze,Y
55f96a6e-99d7-4baf-bae8-a90b28b9d3fb,2025-05-26,Europe,Platinum,Y
01734b80-3566-4cd6-a1a3-83afe9c9d5df,2021-05-21,Europe,Bronze,Y
94e74f26-29b0-4b37-8271-0779d864465a,2025-02-22,Oceania,Gold,Y
8c749ed4-3571-43cc-a7e4-8e779bbb6d8e,2025-04-13,South America,Bronze,Y
aaf808c8-a352-4b48-aa9a-142e3b122f50,2023-03-23,North America,Bronze,Y
962bdfe4-42ab-4e80-9bc5-dda8422d79d6,2023-03-26,Asia,Silver,Y
cd25ec88-8a6f-437b-a8ab-a1bbdb06609a,2021-01-17,Africa,Bronze,Y
203f074e-e041-4805-bdce-29756aa57f33,2021-10-05,Europe,Gold,Y
5dce5a22-be5a-4cc4-b955-95d065615876,2023-02-17,South America,Gold,Y
f721eaa3-0d5e-4a0b-bfba-30b1ded711b7,2022-01-11,North America,Silver,N
1f7a72ea-cf62-4123-93af-a6746c9ad542,2023-08-04,South America,Bronze,Y
8cd19bcd-70fc-4ce6-b04f-b8a9d5b31c7c,2024-06-29,Oceania,Silver,Y
a1ff9e7c-b1e9-4f76-90cb-7b4167b31092,2022-01-16,South America,Bronze,Y
94d9de10-626b-4be2-97e3-fd17947b7b7e,2024-12-15,Asia,Bronze,N
55d8ebbc-56f0-4c4b-99e7-7b40234e77f9,2022-03-05,North America,Bronze,N
34dbda6b-dd9e-4b6d-a751-82a4f48138b5,2022-08-26,South America,Gold,Y
354f9914-5698-47e3-b16d-a24334def7ee,2022-02-06,Asia,Bronze,N
cb10aff8-4820-4cba-b8f6-2a57ef2e273a,2024-08-10,South America,Gold,Y
492c145f-c281-482d-b550-2479b24e8605,2023-06-20,Oceania,Bronze,Y
71ed9b3c-ea8c-400b-b9a2-bd013d73745d,2021-11-15,North America,Gold,Y
645094dc-4819-49e2-a19f-3e62dbb4163b,2021-11-22,Africa,Gold,N
19ee23d3-7c17-44b9-95fb-1ff449aed8eb,2023-08-09,South America,Platinum,Y
b481e163-4563-4943-8dcc-90154f8aa6f8,2023-11-09,North America,Gold,Y
f16f74a0-587e-40e0-8542-07b09b0fb8ce,2023-09-30,Africa,Bronze,Y
18649df3-35fc-4eeb-b1e7-9cbe45698172,2023-12-30,Asia,Silver,Y
cb8e00d5-280e-4eff-8ac5-a0fc982a0848,2023-12-16,Asia,Silver,N
76f73d0f-72d3-4ba8-922b-9ddc907c0285,2024-05-05,Europe,Silver,N
266ab5f8-7854-44c0-b120-5f702df11536,2022-05-14,Europe,Bronze,N
74f4181a-3664-4d95-b85e-3eedcc18c831,2022-09-14,Asia,Gold,Y
abb17f97-fac3-4483-b2dd-8e86e40e845e,2022-05-25,Asia,Silver,Y
726fc529-056b-4931-bbdd-eba0d7c07ab8,2022-11-27,Europe,Bronze,Y
f2b31bb5-8bd2-4305-8f10-57ddf55255e5,2023-10-29,Oceania,Bronze,N
ea1c7fd1-bb14-4353-96c2-fa5864763622,2022-11-01,Oceania,Silver,Y
c2fdb44a-7a8e-454f-9c44-91791d7a0bd0,2025-11-05,North America,Silver,N
67ec013b-6f78-4265-b065-c0106245d3c9,2024-02-03,Oceania,Silver,Y
4593fa62-b824-4fd2-bb7b-da0bb9c68ae8,2023-02-13,South America,Bronze,Y
99b91e1b-9918-403d-ba6f-d788e47d55a2,2024-02-07,Africa,Bronze,N
b19158b4-d4db-9051-2b94-e8fa64f8a4b1,2025-12-14,Europe,Bronze,Y
f19ba98d-3814-4caf-885f-8a0851a7cc62,2024-05-28,South America,Bronze,N
edfe5c58-5605-42fc-a60c-c6cd3a127b93,2024-12-18,North America,Bronze,Y
ac78e289-ac05-400f-b22b-50ee89f51b7d,2021-05-14,Asia,Bronze,Y
ea818a10-bfa9-4ecd-b6f1-310e92347bd6,2022-11-11,Oceania,Bronze,Y
273cdb44-bc8e-45c4-879f-50678278f424,2024-03-05,North America,Gold,Y
a55bb796-91bc-45f4-b2f7-ac20a4f305f0,2023-01-19,Europe,Silver,Y
c81a5f0f-1b1b-4a94-b983-4d4b1c65f6bd,2024-02-11,Asia,Bronze,Y
39fa9c25-7b17-4af2-b7c9-d8fcd9a3959d,2023-02-11,Europe,Bronze,Y
9ab4a8b3-a6f6-4420-b74c-b3e079fa9124,2021-12-02,Asia,Silver,Y
70fa41e6-51e9-4da7-8b72-edd889b6a2b3,2023-12-10,Oceania,Bronze,Y
804f686a-0468-45ab-8c70-c4598a56b467,2025-08-13,Asia,Silver,N
1f0318c0-dd52-4fc8-83fb-5c2065c04d48,2024-02-08,Oceania,Platinum,Y
4ba193df-f00a-4fba-b016-3c56ef83eaa6,2022-09-25,Oceania,Silver,Y
afe6d7b6-e0f8-492f-aeda-791fd770a730,2022-10-17,Oceania,Silver,Y
4ebd494b-15af-43d9-86dd-b703cf632b9c,2024-12-26,Asia,Bronze,Y
8b93a094-bafa-4241-80c0-c3d5175896b6,2025-02-23,South America,Bronze,Y
f6204f2d-2f33-4232-a27f-df4009bcc25a,2022-08-27,South America,Silver,Y
a99e7c86-c14d-437e-b377-306244d64071,2021-12-08,Africa,Bronze,Y
b22fbb3c-c3b8-4fbf-9496-d8d84f8ad146,2023-03-11,Africa,Silver,Y
cbe164c4-0e02-43f4-945c-bc2488cb4750,2022-11-06,North America,Bronze,Y
2a476530-88eb-4f77-93de-ac055705ab5b,2022-10-09,North America,Platinum,Y
62925d07-d853-4b6d-b23d-834671f6b88f,2021-12-25,Europe,Silver,N
81df478a-d76e-41e2-afce-78c32642c1aa,2023-04-13,Asia,Silver,Y
9230df03-385d-4b56-9899-c2706f746f9a,2023-04-01,Oceania,Bronze,Y
a29d3d43-ad1e-47b8-a0dd-b091a5073ae7,2022-04-11,Asia,Bronze,Y
410ec9d0-a074-472c-b7fe-ffe2407cd449,2021-12-23,North America,Bronze,Y
aabe05a3-66e7-403c-a522-67569c4b1428,2024-07-20,Africa,Silver,Y
bc9834d6-0ca1-4971-9ed6-d9996b6d1ba0,2023-01-13,South America,Bronze,N
02390c07-bc8e-4b1e-832e-952189502779,2023-10-09,North America,Bronze,N
6d861a6f-c8e9-45bd-8d57-21e96cff1fb2,2025-02-20,Europe,Silver,Y
693f0dbe-4a87-48fb-8e87-b98ec8c0d284,2022-06-22,Asia,Gold,Y
bae9ceb0-9df3-41a6-8f88-3544c912b547,2024-12-03,Oceania,Gold,Y
06edd6bb-26cb-450a-9350-1f5bcb34dc5e,2024-05-02,Oceania,Silver,Y
434a57c4-42f5-4188-994d-6335cf5bc906,2023-08-10,North America,Bronze,Y
bce4808b-2b5b-4e12-a06c-e216b54a126d,2022-09-03,South America,Bronze,N
36e99f51-55be-4422-a797-3daa8d764411,2024-04-17,Oceania,Bronze,Y
615f46f5-0b45-4cce-9a1b-b5469a4c059f,2024-12-17,Africa,Gold,Y
84222f58-f022-44af-bb76-4637d277ab64,2023-01-19,South America,Silver,Y
191ae872-c19c-4037-af02-3ae8858b3e73,2021-06-15,Asia,Bronze,Y
7b030b07-5ca5-45d3-b3e3-21fff4b85a03,2024-04-02,Europe,Gold,Y
29e37c0f-235c-42e3-9376-610a423920d1,2022-09-20,Africa,Silver,Y
17ecb8b9-5b39-4ac2-b437-ec2ee45a062c,2023-01-10,North America,Bronze,Y
72b34666-7cb6-484f-b9e2-720ef6cb1747,2023-05-31,Europe,Silver,Y
4878917a-282d-44a3-8ad3-33617c226735,2024-01-07,South America,Silver,Y
1a85fd69-344c-46cc-bf48-e5f018cc0e29,2025-04-18,Oceania,Bronze,Y
c8c672c0-db76-4701-8e3f-c460287e5974,2024-12-06,South America,Silver,Y
0af0d8c5-2ca1-408f-86ba-74aff76c3054,2023-07-28,Africa,Bronze,Y
6b4c2dac-df93-4659-a30c-e666d36e7cca,2022-11-04,Oceania,Bronze,Y
b5739858-f585-4094-afb2-3fd95c2c1dc4,2022-09-07,Europe,Bronze,Y
e3af47e2-2d8b-45d2-9a88-b6512a939a04,2024-05-09,Asia,Silver,Y
09dfd4cb-c345-4871-8e3c-f9737d1b51a9,2022-08-11,Asia,Bronze,Y
ffa8dce6-ae3a-4adb-863b-5ad5373b7275,2025-03-30,Europe,Bronze,Y
de6a4c5b-616e-426f-8982-33d21a164704,2023-01-10,South America,Bronze,Y
8d1195ad-0bbe-4562-88ae-0c4c2c12710b,2024-03-05,Europe,Bronze,Y
14cb07a9-0180-4ceb-a665-c3027c0ba9d2,2023-10-16,Asia,Gold,N
b7934184-5b44-4209-90e4-02ba3e744efc,2022-12-03,Asia,Bronze,Y
27fcb080-9839-4b39-bcfd-866942e12288,2021-11-26,North America,Silver,Y
8623f5ac-37b9-4d6e-809d-cfae021ac68a,2023-03-10,Oceania,Platinum,N
89cf6785-4364-46b5-a87b-ecad603166f4,2022-03-13,South America,Gold,Y
e68aa52f-f4f1-4bd7-a2c6-9d34feb12af1,2022-10-25,North America,Bronze,Y
6240d7eb-8e15-480f-87a6-d638c63e48d3,2023-06-20,North America,Silver,Y
6ec2beb8-0aee-4d6d-b8c5-42bc20b09a72,2023-05-13,Europe,Bronze,Y
92bfd42d-727c-474e-ace9-7eb3cf688f93,2023-11-25,North America,Gold,Y
628474b8-e0e9-42dc-8cd5-bcca3cedbfa5,2022-07-29,Africa,Gold,Y
41d6d637-4934-4acb-9173-5d3d5827298f,2023-02-02,South America,Bronze,Y
faada9c3-46ca-4fb7-ab01-4b6be21fb94f,2024-01-07,South America,Bronze,Y
5be02370-0e8a-4d50-9453-4d157348a697,2024-06-19,South America,Bronze,N
d8ec0bb1-7cde-407e-b8f5-a03d8643e053,2024-07-15,Oceania,Bronze,Y
18498b6a-df80-47e6-b2cc-3c2797d64c16,2022-10-07,South America,Gold,Y
03532b25-9c2a-4723-a628-f1f6ae7f863a,2024-01-09,South America,Bronze,Y
ee8749ab-6cd2-44e2-b683-35eeb9247dfb,2021-10-28,Asia,Platinum,Y
8abad58e-2958-4581-a84c-acbbcbf6d143,2022-04-03,South America,Bronze,N
59f60c3d-82fa-4ff1-a5da-f5fa1c3967d4,2022-09-10,North America,Bronze,Y
6f461cd2-f987-4b7e-aea4-391a046732d2,2022-07-16,North America,Bronze,Y
a97e07d9-c870-4767-a4d4-d773958ecdf7,2022-03-15,Asia,Bronze,Y
2c0775b6-678a-4b0c-acf3-3b77770906d6,2024-12-10,Oceania,Silver,N
96abb71d-bf61-430c-b122-2fb068771111,2024-02-12,North America,Silver,Y
660d77ff-3654-4cf3-a08e-a67ac884ad42,2022-10-14,Europe,Silver,Y
8b7e61f4-e3ad-4ceb-9b56-80c7c59b7cfc,2023-07-11,Africa,Bronze,Y
8619b3c2-2113-4866-ab19-a608d49320dc,2022-11-03,South America,Bronze,Y
82e612a8-4597-4767-b31f-fe8e7d6be102,2022-11-23,Oceania,Bronze,N
436d1a6a-d98a-41b3-ac02-5f6a7d873b7d,2022-11-10,North America,Bronze,Y
82297183-2eb6-4251-9d36-e24ea0ea2084,2022-07-27,South America,Silver,Y
2dc8f858-b5e2-4cd9-af76-bf19e3ce0749,2023-09-05,South America,Bronze,Y
e71bef25-7f5f-4a16-958e-d5c101fdc5af,2023-05-16,Europe,Platinum,Y
4225569d-334c-4d87-994d-86c2ffdd933b,2024-05-15,Africa,Bronze,Y
1ab88733-80e1-4c41-8a9a-727fb2a12a55,2022-10-27,South America,Bronze,Y
4c63732f-ecde-41c5-bf53-ec3ccc4e89de,2025-02-19,North America,Bronze,N
6c022dce-a9cd-4c15-a615-fdc694ebfcce,2022-07-25,North America,Bronze,Y
a7708291-5049-405c-9770-f984588ac85e,2024-09-01,Europe,Bronze,N
7eef09ab-da14-4a47-b823-51d9d94df188,2024-10-04,North America,Bronze,Y
54895d64-f8b5-44f6-a20d-53f23b12e490,2022-02-03,South America,Bronze,N
888393b6-a094-4596-a34a-93ae05b88aa9,2023-07-02,Africa,Silver,Y
8a82563b-5b7e-4101-8d7f-d65419ec5de7,2022-03-08,South America,Silver,Y
d868f143-b264-44f0-a73b-0091eec78850,2024-02-20,North America,Silver,Y
091235e6-5e1a-4ca1-8736-4fd77267d90e,2024-09-17,Asia,Silver,Y
ad674c96-346b-49b7-b77c-e78ae474337b,2022-09-04,Africa,Silver,N
a8ba8e3c-5f76-4c60-9fa6-e0e0394bd07f,2025-08-26,Africa,Silver,N
0df810bb-d6bf-49cf-87f7-1ea56c5d8317,2023-07-01,Oceania,Bronze,Y
fba3273c-d660-48a4-90ab-ba83551cca64,2022-03-14,North America,Silver,Y
0eee21c3-89a9-421c-a29a-a1476c62487f,2025-04-28,South America,Silver,N
d8867545-5025-4c18-95fb-f5dccabaef3c,2024-12-19,Africa,Bronze,Y
111f9dbf-5593-4c98-9d73-aa6ff1dc15bc,2022-07-06,Europe,Gold,Y
a0fb6a0d-36e4-42e0-95c4-cad7f31d81a7,2023-10-24,Europe,Bronze,Y
fb37f89d-a68d-429d-866b-ba305269bc84,2024-07-29,Africa,Bronze,Y
0a5c099e-ba95-480b-9c3f-b5aef9d13adf,2021-12-26,North America,Bronze,Y
113181a4-317c-4d23-adaf-d75193997a44,2023-09-24,Asia,Gold,N
326ab4b1-c251-43c7-8991-2512a304d72d,2022-05-28,Europe,Gold,Y
91e2f520-4f98-468d-b8e5-bfed6e672a66,2022-01-19,Africa,Bronze,Y
64a7412f-150b-4fa1-b687-15805fbf469f,2024-02-10,Oceania,Silver,Y
b85ae192-38aa-4c4e-b704-66350fe53ece,2024-01-16,North America,Bronze,Y
4cd3e7a8-2b54-4062-8db1-499ad97f02b4,2023-02-25,South America,Bronze,N
93fea86c-2009-4b57-83b0-1dbe58e63b5c,2024-01-09,Asia,Bronze,N
9b506ff7-9f29-4f81-9f35-3ab78e118493,2023-12-05,Africa,Bronze,Y
9c7f5317-b10b-4962-b01f-ba0670e6f9d7,2021-05-10,Asia,Bronze,Y
cee1f36e-9d08-44f9-8572-c9989303f62c,2023-03-18,Africa,Bronze,Y
d0b66c10-6bfd-41bc-9a93-03eae75ec164,2023-04-25,Oceania,Bronze,N
a3d07cdb-c18d-4deb-bcf5-3f0d8c60722d,2024-01-04,Africa,Bronze,Y
693c634a-60e0-4724-be61-d40758c1f905,2023-05-11,South America,Silver,Y
d82efc41-8f90-4f81-9c57-9337a51cf515,2023-12-24,North America,Silver,N
691cbc0c-7785-4a94-b33f-b753be012bfa,2024-03-03,South America,Bronze,Y
8d78f8fe-2f10-4a36-abbf-548f2c9f9936,2024-09-19,Europe,Silver,Y
841a33b6-d867-45c5-95f9-39fed6ac7bcc,2025-09-25,Africa,Bronze,N
dfb68a5f-bb81-41f0-bbc4-d138ec737598,2023-01-11,South America,Gold,Y
2b007383-deb4-4ff2-8ff6-d8bc6999e448,2023-05-24,Europe,Bronze,Y
6f71b9ba-6b20-4590-859b-3fa5b73cdcb4,2024-07-20,Asia,Bronze,Y
0f043e7d-c3b7-4478-9566-18494d053204,2023-01-12,Europe,Silver,Y
ea42fcdd-5791-4844-9d96-ba21b2e7a7e6,2023-05-17,Oceania,Bronze,N
3c6d525d-2538-40be-9585-9de485b8c373,2022-07-20,Europe,Platinum,Y
b75ae08c-20f3-43d7-8955-c5d4a700c13d,2024-03-27,South America,Silver,Y
242c5016-bf90-4efb-9ee0-2b4de2fc8077,2021-07-01,Oceania,Silver,Y
a3422e50-9e2a-4324-8f79-a8a75f8a14bd,2022-07-27,Oceania,Bronze,Y
5caf5c6a-64ca-48e8-8dde-dccc831bef03,2025-02-09,North America,Silver,N
c3b0de86-15b7-4e01-9bc8-41bd6b9c7e6b,2022-01-01,Asia,Silver,N
13fe75c3-688d-457b-a834-f13f5bb3fcdb,2023-12-21,Asia,Silver,Y
fe15ea25-15b2-4724-8b15-ad469f2a6cef,2022-07-04,Europe,Bronze,Y
af95ac1f-a9f0-4d2c-b883-c726698d7a63,2025-03-10,North America,Silver,Y
d1aab379-b25e-41cb-a7ee-b6c83bf67606,2022-08-02,Africa,Bronze,Y
83f61065-d3cf-4d66-ab23-ff8f6253ba76,2023-12-27,South America,Bronze,Y
f2a2a958-d99e-49eb-869d-c5a7f7983520,2023-10-18,North America,Bronze,Y
577bc55a-36d5-4494-b37f-d50d2e25b5ee,2022-05-18,Oceania,Bronze,N
4565e77f-f7f2-4d96-8823-bd8aefd18b7b,2021-08-25,Asia,Bronze,Y
aa6b11f1-6fac-4e57-86cd-f4651dd163d4,2023-09-11,South America,Bronze,Y
f511365c-759e-4b26-8c2a-e513ad5595a5,2025-03-24,Asia,Bronze,Y
18a30a0c-1c55-449e-9c0e-11f26e6af823,2025-02-06,North America,Bronze,N
c50ef346-f34c-4c78-8892-111c1bee4909,2023-08-14,Asia,Platinum,Y
c83a5465-e899-49dc-ad48-3acfd3de9724,2023-09-23,North America,Bronze,Y
1a843dc0-c308-4e39-8796-882c8156a127,2023-01-15,Oceania,Gold,N
7602eb89-ac8f-4efa-9ab5-be11feb423da,2023-09-07,Europe,Bronze,Y
dd769216-9e55-497e-a471-262f18a96290,2024-04-30,South America,Bronze,Y
296bc878-b3e8-46bf-9425-8378d2cb0fa8,2023-07-07,South America,Bronze,Y
ec5464a1-8773-4e8a-b013-d7625d4a2b4a,2024-05-31,Asia,Gold,Y
87361a9f-c0bd-4c2d-a8d9-d2b446560d3a,2025-01-07,Oceania,Silver,Y
1192e4dc-c99a-4a60-9fb4-6e9e15490c7e,2023-06-04,Africa,Bronze,N
6b9246ca-b6b8-4ef3-af50-c7deef33d1ae,2022-04-17,Oceania,Platinum,Y
2a765772-319f-4143-a6c3-5199f0b49011,2024-11-29,Europe,Bronze,Y
e99f816d-2927-4870-9338-dbcfa2e93a9d,2022-10-22,Europe,Gold,Y
3f46057b-7165-436b-b997-c779c56f05e6,2024-05-23,Africa,Bronze,Y
db4f2cd5-ddab-468c-988e-d4d7da6d5bb2,2024-03-10,Europe,Silver,Y
f51cf3c0-d9ab-4ec0-a1a4-818d8c641217,2025-04-25,Asia,Bronze,N
c248c7be-cfa1-444f-ba41-c36cb3c6544f,2021-10-13,Africa,Gold,Y
2ad95f99-ee13-44d8-8531-2f2b811660f9,2024-05-03,Africa,Bronze,Y
bc5ec5bb-6f14-4555-81d7-e6b28d2902b2,2025-07-26,Europe,Bronze,Y
d06d6a99-f54b-4f4d-adb0-73e273c1f322,2024-02-23,South America,Bronze,Y
9555da6e-0eb8-406e-8f74-850fc34adc6e,2023-09-19,Asia,Platinum,N
5c8f6375-a2c6-4f57-b52e-ffa6ed323242,2022-12-14,Asia,Gold,Y
d0404aae-f58e-449e-9226-74f614756dfe,2021-09-25,Africa,Bronze,Y
b7d6a62f-9468-4f11-9150-190b5c21018d,2023-11-14,North America,Gold,Y
89caa69d-e741-419d-8eb4-c02507ed9338,2023-02-03,North America,Bronze,Y
25f4ce48-9d48-4de1-aa6c-c08455bab777,2024-11-20,Africa,Silver,Y
b7eb565d-a286-4e8a-bef6-592d7634e1a7,2023-12-10,Asia,Silver,Y
a099fa5d-5fc2-4d26-a8aa-41cb571ff5da,2023-07-06,Oceania,Bronze,N
0b3b81a9-ddd6-42a8-a925-f2d53b36c46e,2024-12-13,Asia,Bronze,N
79e11c48-70b9-40f6-a032-b5e6f0ff95cd,2023-12-24,Oceania,Gold,N
2c554bf4-0ce4-4d06-a427-480070651d67,2023-02-10,North America,Bronze,N
c9c5709f-9b3c-4070-b1a3-134d77e40dd6,2021-11-03,South America,Gold,N
1b6764a2-aa17-400d-a6b9-a963f1e55cd6,2023-02-14,Europe,Platinum,N
264bd866-4ed3-4a05-a61d-779aca85e15d,2024-02-22,Europe,Gold,Y
25123595-5c37-41c8-86e2-b437347dc077,2023-04-19,Asia,Gold,Y
4f12d502-be94-415b-acd5-1833fa24ca05,2023-11-15,North America,Silver,N
0b52b035-0882-43de-ae70-57639d65bc54,2024-03-05,Europe,Silver,Y
cf42dd2b-316f-4d81-97a2-f01b44c485ff,2022-06-24,Oceania,Silver,Y
0d5beaa4-d4ad-4452-a63b-6095e927b8d7,2024-03-15,Africa,Bronze,N
4e4d59db-cbcb-4e7e-a7a2-e336e51d5b7e,2022-12-10,Europe,Gold,Y
33b99bb2-543e-48be-875c-285df84b86e9,2024-05-16,Oceania,Silver,N
d3379d87-d851-4192-8d0a-87f39ba02459,2024-01-25,South America,Bronze,Y
1e565b5d-7658-4a75-a236-822e2da5a8fa,2023-01-16,Europe,Gold,N
e6eb45a3-fbef-4069-98f6-b696c91c9320,2023-04-24,Asia,Bronze,Y
5441a465-ef3d-4f04-be22-c440e5339b2a,2024-11-24,Europe,Silver,N
9c678393-2ced-4c0d-b173-04b5c1dd484a,2022-11-18,Asia,Silver,Y
39d68ef9-b8d5-43fc-aa94-34342a9ea8d8,2025-01-11,South America,Bronze,Y
683fbcee-4c1d-4771-937a-827072186b49,2022-11-13,South America,Platinum,Y
181af69a-16cf-4211-94f0-327b1e978ef7,2024-10-13,Africa,Silver,N
12d444ec-f7ea-4d76-bebf-356175004175,2023-08-03,Europe,Silver,N
b77909d9-b4fe-42a3-98be-e7af3cadbcb2,2024-01-03,Asia,Silver,N
628a59da-50a4-416f-9bee-2d2fe9ac9732,2024-06-15,Africa,Platinum,Y
0f34bd08-8e10-43c7-8b4b-af231c4dacfd,2025-03-10,Europe,Silver,N
fd854fa2-eb8c-4c85-9b13-5ce8dec8551f,2023-08-19,Europe,Silver,Y
6ad89382-8552-40c9-96ea-4132fd0b06e2,2023-12-27,Oceania,Platinum,N
dc6d665e-cb3d-45f5-9ee1-aa32960efa4a,2022-09-29,Africa,Bronze,Y
4b801396-8d0a-4406-93ff-29a5d6af5938,2022-11-06,South America,Bronze,Y
1f1300c0-c9dc-43aa-a819-40bd51816c0f,2022-05-04,South America,Gold,Y
3ba3592c-536f-49de-9293-d5a1261b83b0,2022-04-18,South America,Bronze,Y
0102ce31-9c82-44bc-a1cb-778946dc0eec,2022-05-24,North America,Bronze,Y
59432772-64ba-42bf-9c99-f2bc55dcb8a8,2024-05-29,Oceania,Bronze,N
5f97082f-1ee9-4617-a835-bbc3ada8668e,2021-08-04,North America,Gold,Y
c7b2845e-7b8e-4100-b6b9-4a4fecd5c075,2024-11-03,North America,Gold,Y
7aa55e91-e3b6-4018-a28b-1f3952977033,2024-03-24,South America,Gold,Y
b4305a2e-86e9-45b3-b4e4-b04bfd68d348,2023-06-04,Asia,Silver,Y
e768aa36-1f6f-4c17-98b8-e6c5cef81de1,2022-07-02,Asia,Silver,Y
d3e4dde1-d92e-4689-b889-8d3eee0e2646,2023-04-14,Asia,Silver,Y
f4b881b1-a40f-4883-be23-ec28b1ea56f0,2024-02-02,Oceania,Silver,Y
c51b2922-ca91-4df7-b174-5b78c705dd1e,2023-11-30,Oceania,Silver,Y
c6ebc07d-df31-4996-a8c6-57fe7e10605c,2022-08-05,Africa,Bronze,N
a3a04269-4684-4598-a57e-d03a28976443,2021-11-05,Europe,Gold,Y
8734beb2-4489-4845-b83b-f59c93105e39,2022-08-04,Europe,Silver,N
a2bcdf45-98a2-4020-ae18-5055b2fc8f24,2023-04-19,South America,Bronze,Y
20f0156a-1e6a-4628-9c6d-52d5ae2e9af9,2023-07-09,South America,Silver,Y
2c53c4b6-8a9a-4b37-b9ce-69895ab29d9a,2023-09-08,Asia,Platinum,Y
2bfad69a-8a9e-d16f-bd23-21add45ce2cf,2025-12-22,Asia,Bronze,Y
447282b2-73d6-4a2b-8f34-2cf339a5d82e,2025-02-04,Oceania,Silver,Y
f3adea7d-245e-4eec-8f6b-95506a2f7860,2023-06-16,Asia,Gold,N
1178b8f9-f165-41a4-b171-71aadf2990a4,2024-04-27,Oceania,Bronze,Y
44a5df17-2e47-4798-8b41-320d863296dc,2023-04-08,Oceania,Bronze,N
44e2826b-6ee6-4184-927f-e33cc51a9744,2021-11-16,Africa,Silver,Y
2c66e038-f343-4589-913e-1b820cf0c982,2022-05-02,North America,Bronze,Y
d6bee1c4-99e3-43f2-9716-4453adf11ef3,2023-09-17,North America,Bronze,Y
35ee5414-1ac9-43d0-86bb-3af69ab8d051,2022-04-29,South America,Bronze,N
ca9e39ee-e223-431a-a21c-52593ff9de89,2023-11-02,Europe,Silver,Y
bb03120a-ad5c-47b5-ac41-9c0d14bc3de0,2023-06-06,Oceania,Platinum,Y
8cfdd1f4-5eeb-497a-95e9-da42391d352f,2024-11-03,Europe,Silver,Y
02044acf-6f75-493a-a626-02a28a46d480,2022-09-29,Oceania,Bronze,Y
4744a01a-d6ba-4b74-acf4-0fbe1d71a00e,2023-11-20,South America,Silver,Y
98a21f1c-914d-4fae-b100-13a7c6deb2f0,2023-04-13,Africa,Bronze,N
96a9b40d-a289-4493-8fa9-569beb75e6c3,2025-07-30,North America,Gold,N
0f06bebb-ef84-4030-ab3a-2ad22ed6cc0e,2023-04-15,Africa,Bronze,Y
aa6d7584-8846-49fb-b002-2232c5c04ac0,2024-01-19,South America,Silver,Y
c6962a24-48cb-4fc7-be59-3147fc8d6fde,2024-08-06,Africa,Bronze,N
d88a0619-23f1-427b-97eb-c00bff68728e,2024-11-14,Asia,Silver,Y
9f43076c-ce5d-4cb9-9d95-7265972d5b52,2024-01-29,Africa,Bronze,Y
fc90898a-7543-4648-a846-19aa9ba7723b,2024-09-23,South America,Silver,Y
d67ff9ea-e9de-4024-a45b-52edf379026f,2024-10-28,Africa,Gold,N
a7040d41-8104-4d03-8b4a-c6f7b5c31b0b,2022-04-02,Europe,Silver,N
8c17b9c9-1936-4c45-93ba-4224e0f7b1fe,2023-08-01,North America,Silver,Y
de3ae0c8-b190-4f7d-b24b-b6f51da93e5d,2022-01-01,South America,Gold,N
18e4dce4-bf0d-440a-ba93-2914b7b015a7,2022-10-29,Oceania,Gold,Y
65b410b8-63ed-49fd-85e4-96b4d4da6c84,2025-07-26,South America,Silver,Y
e675b4c7-eaab-47ed-9cb2-5a2ad260a510,2023-01-06,Africa,Bronze,N
2e9d8b06-7a27-42ec-b039-20baf13d60a9,2021-12-30,Asia,Silver,Y
e99ff3ca-1870-4054-bad2-59dfc708be8b,2025-06-28,Asia,Bronze,Y
c0c06ac2-1e81-4c83-aad1-09be7b5cf2e3,2025-01-24,Europe,Bronze,Y
e28cf7a8-b3ab-41cc-8ed3-15201091e48a,2023-07-24,Asia,Bronze,Y
2cbff242-c36c-4830-8525-43351c7cb33b,2022-06-08,Europe,Silver,N
ecda9c6e-93a6-4be4-80bf-af5ce9f6bc46,2024-02-26,Europe,Gold,Y
a2fcab34-5868-4fda-a0bd-c6623ee07bb3,2023-05-01,South America,Bronze,N
e702c0d8-8875-b591-e11d-b469bde85aab,2026-01-01,Oceania,Bronze,Y
6ea96992-ca9c-4c16-bfbb-0308abfd45aa,2023-03-23,Europe,Bronze,N
defa0011-fc5a-493e-bb70-b7810ca6f40e,2022-12-10,South America,Bronze,N
dd1a6953-61cc-4642-98fe-fecc8d183d5f,2023-11-18,Africa,Bronze,Y
7449dee1-8773-4850-8459-ac975b3dfe3a,2022-12-12,Oceania,Gold,Y
3393239e-e466-47b1-b2f8-2cc4516864ba,2024-09-08,Africa,Platinum,N
8ccb03bf-38a5-429b-b9d9-3ad9d2898c5c,2022-06-05,Africa,Gold,Y
995bf292-0bde-47ba-9a6a-7b80c46b78e1,2023-11-22,North America,Bronze,Y
345d9ab5-c139-4404-bd9a-c43180078fdf,2023-07-16,Asia,Gold,Y
ae04f3ef-e783-4f2c-ab59-7840c518b6ef,2023-07-14,Asia,Silver,Y
25418a18-f0fc-4c08-8431-cfe3ede4415e,2024-03-09,Africa,Bronze,Y
70cafdd8-fc04-4f08-9207-0158f2771f63,2023-04-07,South America,Bronze,Y
05476e17-0f9b-4aca-8081-a70437c200e3,2023-02-11,Europe,Gold,Y
50268e08-a65e-451f-9e88-514a341c628f,2022-07-16,Asia,Bronze,Y
908275f5-c1e7-4677-8c6e-a1d443afc863,2024-04-03,South America,Silver,Y
cd5dc32e-5b56-4c78-879f-624ca308ae53,2022-07-02,North America,Bronze,N
c526199b-1591-4a0d-b407-18eacf553bea,2024-12-23,Asia,Gold,N
312a982d-09d3-4bd0-9870-2dc92dded27c,2024-01-19,Oceania,Bronze,Y
3cf1b6e7-f1c8-44ec-9486-293e0d2530da,2023-06-02,Asia,Platinum,Y
d04de68d-3e0b-412b-b1e1-84c1ed9d3f55,2022-12-03,South America,Bronze,Y
eea3316e-b1a7-4a11-84b5-7bb8f37b8d86,2022-02-26,Oceania,Bronze,Y
3a657200-fef7-4496-940d-754a32ad8a8e,2022-09-16,South America,Bronze,N
10bfdba1-50cf-4f30-9b29-dfd2d24ca24d,2023-05-09,North America,Gold,Y
61ef4814-ba7a-4b91-a0cf-525d6a5ee957,2024-03-13,North America,Silver,Y
f16651bd-1346-4353-a0c3-1350d86c0de5,2024-01-16,South America,Bronze,Y
21483249-414e-4cc1-9027-8ec26125cb48,2023-03-05,North America,Gold,N
4ccf9f22-16a8-478a-9b50-c965576818b5,2024-12-10,Oceania,Silver,N
c7c30bc0-b8ac-4aa2-8de4-58486d47f399,2021-09-07,Africa,Bronze,Y
70c03847-f05d-4408-ba88-4a7a833a69dc,2023-10-21,Oceania,Bronze,Y
e4c4cc4c-61a2-4b14-a491-8bd2e79398c7,2024-04-29,Africa,Silver,N
31501505-3bc1-47bc-b5e6-a351c724945f,2023-02-14,Asia,Bronze,Y
cbd03adb-ef08-458a-990a-a63c88acd319,2023-09-11,North America,Bronze,Y
6fe35fa5-7ed6-4106-9244-b343c90f0089,2024-10-25,Africa,Silver,Y
e90514d0-4280-4b82-8b28-8a7b5de577c4,2025-05-29,North America,Bronze,N
be9f4666-58a8-4bdc-aa83-66e92fee273c,2024-08-03,Asia,Silver,Y
db20a56e-dc81-4fe7-8eda-8bbb71710434,2024-07-26,Africa,Bronze,Y
a0c94a61-f3b5-4c60-b14f-b75001b8ed45,2021-08-30,South America,Silver,N
622193e4-5206-43a8-8c1e-22745bf2cf57,2024-07-07,Africa,Silver,Y
6f5022f6-8db9-46fb-8204-6c6e12406ad5,2023-05-30,Asia,Bronze,Y
db707b39-7132-4dcf-ba17-c8a4e8750483,2024-06-14,Oceania,Silver,Y
42cc32f8-23c0-990e-a341-0b6f7603ccca,2025-12-18,Asia,Bronze,N
ed1bc2d9-9c28-454e-96ed-21ffc233361b,2023-03-16,North America,Silver,Y
3d15d3ee-c397-43ae-b77b-97421e12bbed,2025-02-12,Africa,Gold,Y
7e424685-28db-42c1-91f3-e27887f44648,2024-09-13,South America,Bronze,Y
cabd761f-deac-445e-8c09-837c053e9f6d,2024-01-01,South America,Gold,Y
4d6b2365-0194-49c4-bc3a-ee408e31e7a0,2023-01-20,North America,Gold,Y
bdb4ee73-dda5-40e1-ad3b-944c113a096c,2022-06-20,North America,Gold,Y
401469d3-a0c9-4586-b551-d3d215a781d8,2023-04-05,Africa,Bronze,Y
f8dfb1b8-88c5-4d12-9704-37cd7d708f8e,2023-09-11,Asia,Gold,Y
29c358b4-4a63-4253-9dae-1d99427b8a3f,2024-04-17,Africa,Bronze,N
565c1e3f-6d1c-41d6-b3e0-4a38cdf0aaba,2023-10-21,Oceania,Bronze,Y
6bf5e27d-84c6-4b58-a1f5-ddb3901940da,2024-02-29,South America,Bronze,N
6ea28b15-d0a7-43b9-a7ea-ae636f850440,2021-12-08,South America,Bronze,Y
b001724e-0ec2-4829-b77f-7fdccd689f4b,2025-09-07,Oceania,Gold,Y
4a7041d5-b918-4343-981e-260fcae83972,2025-09-12,Oceania,Silver,N
ec6efc34-e8a6-42aa-8779-b08a9997fc63,2025-04-25,Oceania,Silver,Y
d37f6d97-43c5-4563-94bd-43b7e36382a4,2023-10-27,Asia,Bronze,N
5875b25b-9143-47bc-9373-3517c2696f5a,2024-03-21,South America,Silver,N
35f91835-1143-4cbb-955c-be8a16040cc7,2025-01-07,South America,Bronze,N
38791204-abcf-45ed-94ef-4f79a6b4482e,2024-11-14,North America,Gold,Y
c642aec4-c4d0-4ca5-a48c-b66a0ad995d1,2023-09-12,Africa,Bronze,Y
328302de-234e-4cfc-af0c-774ebd9a92c1,2023-05-14,Europe,Bronze,N
91e62df6-9435-4b94-aa40-49d282033ec2,2022-02-11,Oceania,Silver,N
209879ee-5f3c-4ce8-8d0c-c5b510ecfda4,2022-10-12,Asia,Bronze,Y
b5663d62-60fd-444f-aa42-cb5161336c44,2021-03-20,Europe,Silver,N
65f76d06-5a2d-465b-87ce-baaaf713c245,2024-09-04,South America,Gold,Y
e70de55b-590d-4f58-b0c6-5aebc30cf778,2023-09-02,Oceania,Bronze,Y
7e21776d-d92d-417e-a0da-0919f65f00d8,2023-09-13,Oceania,Gold,Y
caa7c04f-c2de-434a-a46d-87b83664fe70,2024-01-18,Africa,Bronze,Y
ea4cd607-8e48-4a8c-a3e4-79461fcfcb8e,2024-06-24,Oceania,Gold,Y
32855143-ecbe-4c12-a96c-67d96fe0ada3,2022-07-18,Oceania,Bronze,N
54b0bec1-a6f7-4e85-8dcb-c2347a76bb26,2022-11-28,Oceania,Silver,Y
e6f6c747-1d83-4b2c-8989-44ed33f80a58,2023-08-26,South America,Platinum,Y
dfce4fb6-b95e-4103-86d1-dbc27a884b4d,2021-11-10,Europe,Silver,Y
ec58c1c4-7f15-4753-94f9-a7cde3d7954f,2023-07-04,Africa,Silver,Y
fb624f1c-14b1-4cd3-b7f7-3151ecda2ea8,2024-07-31,Asia,Gold,Y
07fb3bdd-9559-4433-8b30-0329f55c12c6,2024-03-08,Oceania,Bronze,Y
ccdf28d5-ef9e-4839-aa7f-849b204c2f75,2023-05-24,Asia,Silver,Y
fae596f7-a6b8-4a4f-a246-96455954b354,2024-11-26,Oceania,Gold,Y
91784374-d42e-4d39-8c3f-6f87deeee136,2023-08-22,Asia,Bronze,N
f2e3c6db-ac3f-4cd7-9756-3839559a822e,2023-02-23,North America,Silver,N
66c62f4b-d991-452a-9c10-cd4db4405a30,2022-07-10,Oceania,Silver,Y
40685469-5a88-43ed-a686-1921057de4d0,2022-11-01,Europe,Bronze,Y
3acd0360-3cb6-4d1f-9681-7225eb5bcf16,2022-03-13,North America,Bronze,Y
8d3a8cb9-565e-4091-b4cd-aebaaaf6b335,2022-10-27,Europe,Silver,N
ee823f36-2de6-44f5-a798-1259719be0ca,2025-10-23,North America,Bronze,Y
bfaa8cc5-a66d-49b1-a694-111bf65b74d9,2023-04-23,Asia,Silver,Y
c372710d-1d47-46b9-82f0-5e1e03053c1e,2023-08-13,Europe,Silver,Y
4340d816-e17c-4533-99ce-8b2660293a67,2023-06-16,Oceania,Gold,Y
9ee9aedc-741f-4e1d-8b5c-cc26488ae444,2024-04-30,North America,Bronze,Y
cc6a7faa-1fa8-4957-a530-07b0ecbe0b73,2022-12-26,Asia,Gold,Y
9ccc7889-f0dd-4db0-bff9-392481507e33,2023-12-25,Asia,Bronze,Y
a5b3eea7-4806-4252-a9d0-7012e61f1a84,2025-07-03,South America,Bronze,Y
e34200a4-8945-4b63-8df0-31914feeec66,2023-12-19,Oceania,Silver,Y
052011e3-b35d-450c-b972-39c3edaabee1,2022-08-14,Oceania,Silver,Y
0fd2f509-3bd2-41ec-916e-a6f1114f0eab,2024-04-17,Africa,Silver,Y
03712fdc-37e9-4e45-a356-daad08d55da2,2024-07-08,Europe,Bronze,Y
ce3b2247-fbd9-4ffc-b63c-bb055a69008e,2023-08-31,Europe,Gold,Y
e0272cc8-cc24-445a-ad84-c7a051d901a6,2022-10-24,North America,Gold,N
361748d2-c518-48f6-a361-c2f165e55438,2022-11-11,Asia,Bronze,Y
65f69897-7a8e-4e5c-a444-c04046633755,2025-06-07,Europe,Gold,Y
c6514738-fecd-49a4-a1ab-61e1d3056c96,2024-06-26,Asia,Silver,N
6b02b8de-1305-40b1-8e9d-5d6f924ef676,2023-12-31,Oceania,Bronze,Y
e9139562-34b8-4dc0-a00c-a70ed3739793,2024-01-07,Europe,Silver,Y
232e84ea-dfe3-28d5-50be-629444c1a38c,2025-12-20,Africa,Bronze,N
90f347b3-451f-4cde-a956-67cdcfeaaa24,2023-10-20,South America,Bronze,Y
aa6363cc-a394-408d-9d2b-a9ccc7f3ee72,2023-10-06,Oceania,Bronze,Y
733c01a9-da73-479a-8b44-35646e924eff,2025-07-04,Europe,Gold,N
1d2c951f-8427-48d7-ad16-dc604f818984,2024-11-12,North America,Silver,Y
24df0b35-7abf-4767-b76c-ee2ce86784de,2023-01-17,South America,Silver,Y
93343365-5766-4362-9c0a-b496b0f9ef4a,2022-06-01,Africa,Bronze,N
d6f68e61-b5dc-4f04-b7f4-37ee4564c913,2022-06-22,Africa,Bronze,Y
c4f00fdc-151e-4f32-a32c-1c938028f1d4,2022-03-05,South America,Silver,N
bbb6f405-8d11-4a34-acd0-9dfbabbdfc6d,2024-09-21,North America,Bronze,Y
469f0464-aacd-4bce-acec-769118391c57,2023-07-20,Asia,Silver,Y
9c0256f6-1aee-4105-a450-61c91fd423a4,2023-11-11,Europe,Gold,Y
a008aea1-6785-471b-8a6b-67fd0d2a1903,2023-10-27,South America,Silver,N
897bc49d-9b41-46d4-b68c-9deaca328ebf,2023-06-09,North America,Bronze,N
1993644b-0f4d-426e-8d35-8bc380863f67,2021-12-26,Oceania,Silver,N
16d6cbf5-070b-4d17-84a4-31288a5ec26f,2021-03-31,North America,Gold,Y
dde630e0-cbee-4346-9d1c-153ef6ebcacf,2022-01-21,Europe,Silver,N
3408f5fe-bdd2-4677-aedb-50638a56dd0f,2021-01-28,North America,Bronze,N
19a6914f-8c93-43f7-b097-f2708cf2d92e,2023-06-05,Oceania,Gold,Y
99887c0b-1462-4397-bc80-8a98a188d09c,2024-01-16,Africa,Gold,Y
3c3a7da4-507d-4d3d-bac8-32d5c8e9f6ee,2023-10-04,Asia,Silver,Y
0840405a-ffd2-4491-9ff3-89aa4c36a70c,2023-04-15,Oceania,Bronze,N
8a3e6454-a98b-4a03-8890-b77bd746ed6e,2025-04-07,Asia,Bronze,Y
b11f9c90-0f26-43c9-bd40-b72a8075b880,2024-04-14,Asia,Bronze,N
0054d0c7-1039-4378-bc1d-fb5aeb2bdb03,2022-11-03,Asia,Silver,Y
0725605b-b857-4bbe-87b2-8ec5bac316a5,2024-02-27,North America,Bronze,N
4273830a-f0be-4661-9ebe-42924048feb7,2022-01-16,Asia,Bronze,Y
9f69d845-7df9-4cb3-b78e-045a17bd1f60,2022-12-17,South America,Bronze,Y
c13c9de3-5c99-49f7-9861-08c234e12327,2024-05-10,Asia,Gold,N
ad9e9d74-2d24-41a0-8e56-03307e04ec0e,2023-10-08,North America,Silver,Y
f4e95734-5052-4700-a077-96a38685abaa,2023-08-19,Asia,Silver,N
b8f0ca00-8937-481c-8c4f-817c6d22dfd3,2025-04-11,Oceania,Silver,Y
c4bd9b59-7fd9-496f-ae5a-88566791659c,2024-08-06,Asia,Bronze,N
c4eaf1f9-8a6c-4ef2-b43a-90ec4ca2d829,2023-02-01,Africa,Silver,N
3f8c18bb-5256-47f6-8b97-e77887f831f8,2022-01-31,South America,Bronze,Y
221f4823-fb1b-4719-a88e-0e64abed0706,2023-10-11,Europe,Bronze,Y
26f29800-1be3-43fd-9289-85e656ece23a,2021-08-07,North America,Bronze,Y
e4b9b94e-3946-47ea-b1be-c3c90133570f,2023-02-03,Asia,Silver,N
20f41f0b-2401-4b6a-84f1-4a20bd7cff65,2022-01-23,Africa,Bronze,N
ceaade53-2032-419e-825e-f87bea1403f5,2023-03-01,North America,Silver,Y
345aac28-5749-477e-83f3-c616c9e7cab3,2025-09-30,Asia,Bronze,Y
c7f93638-213f-4464-9b14-e9504a6fde70,2023-04-03,North America,Silver,Y
242f1baf-86bf-4beb-804d-ca01c63be21f,2022-09-01,Oceania,Silver,Y
4dbdad09-4a88-4e16-9d6f-f2653ec677ac,2025-07-13,South America,Silver,Y
1af2a8b0-61d7-4178-88e1-cf817f725f79,2022-10-30,North America,Bronze,Y
dd79c4ab-d0bd-4160-8dec-728dc967c613,2022-03-30,Europe,Silver,N
6e23ad9c-e117-4c6d-a745-e1471b2d79c8,2022-04-29,Africa,Silver,Y
2af68530-fc45-4481-94f5-eca75b9da84d,2024-01-25,Europe,Silver,N
bae72596-54a8-43d4-9102-f671001470a5,2024-03-27,Oceania,Bronze,Y
59cddf49-d50f-43a1-aacd-36c0a2658397,2022-09-19,Africa,Bronze,Y
d60a8f7c-3deb-4f85-80f1-d220b1405aab,2024-06-04,Oceania,Bronze,N
01ae7eb1-4d45-4ea5-a3ec-4f6afe503fdc,2024-10-09,North America,Silver,Y
8e0235a4-cccf-4e4b-bdfd-507e1aeb2fcb,2024-10-30,Asia,Silver,Y
ba9b9531-66cc-4f46-ba53-8c4ca404aeeb,2022-03-30,Europe,Bronze,Y
9211d6cc-997d-4ca9-949c-0766ffb88ef4,2022-10-16,Europe,Silver,N
b3a93bdf-7b65-4877-85fc-4c0daa28eab0,2024-01-29,Europe,Bronze,N
fceaa43c-4965-4b0d-a772-03bd0f0d25cf,2023-02-27,North America,Bronze,Y
af3c9f45-0467-4fa2-b321-112374f80476,2021-10-01,South America,Silver,Y
59e7ea04-1b85-450c-af92-d87c7ccad5d6,2022-01-01,Asia,Silver,Y
c902eb2e-e2b3-47d1-9bb6-d3934905377a,2021-03-12,Oceania,Silver,N
dab7ec06-7c00-454f-89a5-6ba74a9877e1,2022-04-23,South America,Bronze,N
0126fd53-05fe-4bf8-b996-b1aa8e27e50e,2024-04-19,North America,Silver,Y
171603b1-7466-4e6f-a1ee-b1f133b1d0dc,2024-07-18,Asia,Silver,N
b062f6dd-32b3-4da5-a7ea-e2c697a4a116,2023-07-17,Africa,Bronze,Y
ade15f2e-4cf8-4640-87b3-d596d12b2143,2023-01-06,Asia,Silver,N
088d3d85-20a0-4362-959e-482b69b9ac48,2022-10-06,South America,Silver,N
95092352-f9d7-4d3a-969f-042d1d3216dc,2023-02-24,Oceania,Bronze,Y
f882ee16-2740-55a9-219c-5f3ddc26f6c0,2025-12-18,Europe,Bronze,N
99dc1f8a-b5b1-403c-aa3f-4471532978ba,2022-09-30,Africa,Bronze,Y
a1470e58-5870-4df1-ba40-26c30262b936,2021-12-25,North America,Silver,Y
95726342-5073-40ae-803a-ecab2a50a607,2024-06-10,Europe,Gold,Y
26b16c7c-5189-579a-7934-2fbd46296ada,2025-12-19,Asia,Silver,Y
d92bf054-6142-4878-bb81-f50122699844,2021-07-08,Asia,Bronze,N
87b740c5-3ae6-4c8f-9cb9-d522a027c366,2021-05-03,Oceania,Gold,N
c3d82df3-016d-4d99-8257-15f53c11cf24,2024-02-27,South America,Gold,N
4200d170-5c6d-4c7b-ab5a-d51f05efa8b1,2024-04-11,Europe,Bronze,N
11d5d9cf-4b18-497a-8bda-762b37666603,2024-03-10,Asia,Silver,Y
08d6bc5b-38a1-40ab-ac6d-830a1a6b64a6,2022-11-04,Europe,Silver,Y
76890ed4-3a6f-d931-5358-30aa928b9e4d,2025-12-29,Asia,Bronze,Y
aaf91531-0200-41f0-8768-a84fa76afde6,2023-06-15,Africa,Silver,Y
01b05586-6186-4d77-a147-da0629615636,2024-02-09,Europe,Bronze,N
c2f0ad8b-71ab-40c4-a5d9-85a373b0d58f,2021-11-21,North America,Silver,Y
3a409511-3308-4a1c-85a2-5f0747f58b10,2021-08-10,Europe,Bronze,Y
059b51a2-48c0-4edf-adf3-e9c2546953f0,2022-11-24,South America,Silver,Y
5107ef32-c0be-4b4b-ae08-94e0a3e4f3fb,2024-06-14,South America,Gold,Y
9c7710da-5c7d-48d3-a81b-4f76091e424f,2024-12-29,North America,Gold,Y
b33d9c7c-4e73-4dcc-8664-82ee6844a0e3,2024-09-05,South America,Bronze,Y
1d87de0e-65e0-4067-8dd8-03c937ed5a98,2022-06-30,Europe,Platinum,Y
d085b2f8-b9e7-4748-b631-2921e6bd6e87,2023-08-16,Europe,Silver,N
558d4025-1c23-4b67-9b4c-4ff965d0654d,2023-04-22,Asia,Silver,N
226e39e5-5d86-4197-a4e7-a7475509426b,2024-10-30,Oceania,Bronze,Y
640933ec-c68b-451f-84a2-092d2777fe38,2022-12-24,South America,Silver,Y
e4f2803b-e5a0-4fa0-871b-e1a16b94bb8d,2024-02-22,South America,Platinum,Y
623e59ad-3e1e-4913-b199-b48c9b50661d,2024-12-07,Oceania,Silver,Y
8d97337e-44bd-4ba0-9156-51e922e2dfd7,2021-07-20,Oceania,Gold,Y
2073ac31-f8fb-4475-969a-7304ef97d46b,2024-09-20,North America,Silver,N
42470e00-72b9-4548-8ef5-620b01b439c6,2024-01-11,South America,Silver,Y
6eb21a24-49c4-4a27-a114-ca04fb75848b,2023-10-10,South America,Bronze,Y
50296b31-aaa7-4074-9e9c-ab3d551ade57,2023-02-22,North America,Gold,Y
50b90cf7-3232-4cd6-880c-c4cbbd4ada34,2023-04-20,Europe,Bronze,N
c9b8eb8c-e0c7-4c21-b578-7f56c7d08075,2022-05-31,South America,Silver,N
5847302f-6c77-45e4-9035-8f5144062067,2023-07-13,Oceania,Gold,Y
9c157711-e8ae-43da-a85f-cec1d7702c0c,2022-09-18,South America,Bronze,Y
811198f4-1c67-4756-9063-b069d8db3fd3,2024-09-01,Africa,Gold,Y
9fbf6a1e-7b74-4c92-a4eb-93f883e6cdb3,2024-09-16,North America,Bronze,Y
4c14c94e-38f0-4570-9c3f-6f31a3844e7c,2022-10-20,Oceania,Bronze,N
b6c02711-f941-4aad-b10f-71f57de14528,2023-04-30,Europe,Silver,N
516a6427-92a2-4ac0-8f1f-b4d662e13fb1,2024-07-05,Oceania,Silver,Y
06b81c8a-03f9-474d-885d-5d016a2062aa,2023-10-18,South America,Silver,Y
9d1d0c19-4ff2-450f-b8fb-91ecb11457a7,2024-09-25,Oceania,Gold,N
2e49a904-21e7-8734-9601-44c01908b1b2,2026-01-12,Europe,Silver,Y
6f3c9ce8-6806-4e9b-822c-6ecd90af00eb,2022-12-01,Africa,Gold,Y
3f5a04f1-00de-4a64-87d2-5c511ff284c9,2023-05-20,South America,Gold,Y
ba92992e-44f8-453c-9224-6d05d3692867,2023-02-20,Oceania,Bronze,N
c1840a08-c0b0-4405-996e-5344850d3ae1,2024-07-28,South America,Gold,Y
4ee9b1a0-999d-4209-87c3-0e920b3dde04,2023-11-25,Oceania,Gold,Y
c92f9027-b3f4-4dcc-97bb-7dfcc8b8d8e7,2024-04-06,Europe,Silver,Y
b9be6f81-2b42-4175-b57c-f62f5fbf371d,2022-12-30,Africa,Silver,Y
eb543234-30d1-4d32-8eab-57ffdeb847e8,2022-12-19,North America,Silver,Y
6650562d-f6bc-4d08-89d1-9bbd8c596260,2023-09-15,Africa,Bronze,Y
0de8ef01-ce23-47d9-8676-192b0d891a90,2022-01-17,North America,Bronze,N
6a49a6dc-8372-47ee-a136-00206569bfe3,2023-01-02,Africa,Bronze,N
3f6962cd-365b-4e0e-9655-138cc0cbead8,2024-08-07,South America,Gold,Y
4feb9f90-7722-4636-9cec-0cd5dcf8732c,2024-12-21,Africa,Silver,N
1eb00c17-3971-40cd-bfed-8f164ff29102,2023-08-25,North America,Silver,N
0075d3d5-ba94-4a66-ad7e-4a452099e71f,2021-10-10,Oceania,Platinum,Y
d6de0902-ea89-4692-9176-37b264d88360,2024-09-20,North America,Bronze,Y
45d95418-a7e9-440f-b432-98988dbfc936,2022-10-14,South America,Gold,Y
6ce87f51-1eb2-4170-b1e2-d719f2034fe7,2023-02-05,Africa,Bronze,Y
e715dee1-ea8f-4070-9861-77969ab4c2cb,2023-05-27,North America,Silver,Y
48c8f7c6-e301-49f6-9b25-dfea44e5fc7d,2023-07-15,South America,Gold,N
d48fcfea-1dd8-4835-ba0d-e9883830b360,2023-11-09,Europe,Silver,Y
4b47b715-f937-4fff-b146-56f1787ed06b,2025-05-20,Africa,Bronze,Y
dabc789b-cfb6-4ba8-8021-812f90361b02,2022-02-24,South America,Bronze,Y
39069941-af1e-4416-aae3-54f9dcbbc5d1,2022-10-03,South America,Gold,Y
c4b4ba55-898b-487b-84df-d7718fc72891,2023-05-17,Oceania,Silver,Y
9d1fa859-91f3-4ae2-b14a-ceb8f1cace88,2023-08-12,South America,Silver,Y
f8134e00-05f6-4fde-9f10-c67f55350761,2025-03-14,South America,Bronze,Y
ec47409f-e3e8-40fa-a190-06c000f036b0,2023-07-21,Europe,Silver,Y
92a6584c-85b2-4fa7-9fde-c4f3c92215cd,2025-01-02,Africa,Silver,N
adc8ea51-1998-47d6-9552-13e59e193fdb,2023-06-11,Asia,Silver,N
a5d2f1c3-3de8-49b4-827d-d561397dbecd,2024-12-24,North America,Bronze,Y
bf00f56c-6a49-49a6-8ee2-5e54bfcb3388,2024-08-04,Africa,Gold,Y
a2c153ff-274a-4922-87a7-9ead62b7ec1b,2021-09-03,South America,Silver,N
deaf7224-742c-40e5-9aec-65499bdbca5e,2025-10-20,North America,Silver,Y
9eb5f3b7-1a9e-4e79-8b79-cd1cba7f3ed0,2023-01-17,Oceania,Bronze,N
35aaa1ea-7364-411a-88f0-a87aecdafac9,2024-01-26,Oceania,Silver,Y
10b92d22-721c-41f4-8ebd-734eebcf0e3b,2024-04-05,Asia,Bronze,N
0a1030ab-5dc0-4438-939d-2ee85cb085e1,2022-07-31,Asia,Silver,Y
3fa8b844-3eb5-4f4d-a375-cbe30cfea4f2,2022-08-04,Europe,Silver,Y
fdbcb7e2-5da7-409f-abea-b9d7e798054f,2024-04-29,Africa,Bronze,Y
7d834b02-53cb-4eb9-8465-d917c6d24540,2022-06-04,South America,Bronze,Y
21a88346-cf3c-4f88-9ea4-6f40a83b3d55,2024-05-05,North America,Platinum,Y
38129127-c176-4999-a5e1-9f2eb1f04f81,2023-06-09,North America,Bronze,Y
fa57958d-5c99-46ed-a030-5edd3538674d,2023-09-28,Europe,Silver,Y
e67ab6ed-d263-469f-bc6f-dd48a0095a5e,2023-05-29,Asia,Bronze,Y
1b22009a-e2fa-46be-91ce-0cac665d76d7,2022-01-11,Europe,Bronze,Y
53817689-11a3-4e27-bf7f-d74b41f84ff4,2022-04-19,South America,Bronze,Y
f731e8db-4972-4cf8-8525-f35944af95d9,2024-12-16,Africa,Bronze,Y
4341024d-5468-4e86-8f5c-daa37d8a551e,2023-06-13,Europe,Gold,N
6d5c748d-023a-45c1-bb21-c90700a9a495,2024-08-06,North America,Silver,Y
8dd906f8-cb3f-4a67-be17-c4a5d8563c2f,2022-09-22,Asia,Bronze,N
ee9ba9f6-6949-4c3d-a3f5-fe538b611bbc,2024-05-27,Europe,Silver,N
35e0581c-d169-4699-9d32-cf191456956d,2024-05-30,Europe,Silver,Y
0f89a187-98de-49d7-b6ef-8aea6a1f13bc,2023-04-04,Africa,Bronze,N
2a075ef6-ce9c-42d7-b650-3688f0ffa78e,2024-09-11,Europe,Bronze,Y
5dc7be3a-f444-4eff-8239-40fc43ece745,2024-04-17,North America,Silver,Y
87647505-ee88-19c9-0571-cc8df7102c89,2025-12-31,Oceania,Silver,Y
53b54502-9260-49d3-a39a-51c6798cab14,2025-09-06,South America,Platinum,Y
a98d60e9-ab21-4bf4-94ae-05df777edf4d,2022-06-27,Oceania,Bronze,Y
513d0f10-3e55-41ec-83cd-61ab5fb6f397,2023-10-17,Asia,Bronze,N
702cbbe4-aaaf-4df8-a9af-078af28b96d5,2025-03-27,Oceania,Silver,Y
68131b04-b0fa-47fa-89d8-e098ce6d3107,2022-12-16,Europe,Silver,Y
5f0813df-ed28-430d-b3f9-cbf62bfd154f,2025-04-18,Africa,Silver,N
3088f44b-405d-4416-958b-867a46aee430,2024-06-27,Oceania,Bronze,N
10498db3-de0c-4ee9-a4c3-2cac294fbb99,2024-04-21,North America,Bronze,Y
f4c3a4de-3106-4b75-9fe9-70ca1f1e01cf,2023-12-09,South America,Gold,Y
93e2ca21-64dc-49a8-8575-3a3d664aaddd,2022-05-16,Asia,Bronze,N
473b4bf1-ebc6-418a-98fd-441197029f39,2024-11-15,North America,Bronze,Y
bc7fb075-dbe5-4dc7-b956-43d201fcbb10,2021-12-22,South America,Bronze,Y
b9a693ef-3571-4561-bd12-c52be64f17e3,2023-12-12,North America,Bronze,Y
7f2b3c85-ec70-4990-8290-eedd4295edd1,2024-08-31,Oceania,Bronze,Y
c526e125-6d25-4689-9b74-b16bc33be859,2022-11-18,North America,Gold,N
c5d208d4-e0ba-4fa7-8ecb-1542e1770969,2022-01-19,Asia,Bronze,Y
14b96b54-57f4-4d47-91ec-577cba19469f,2023-03-16,Asia,Gold,N
9aa0b64c-967e-4e7b-94e6-8bda68a721b5,2021-10-31,Africa,Silver,Y
aca41c10-2319-46a8-bc2b-edfc23ecb390,2023-04-03,Europe,Silver,N
7a14cf98-611e-4047-b90a-474e6185e21b,2023-05-23,Europe,Platinum,Y
723020f9-b4c0-4caa-b15c-3bd2088504c6,2024-06-17,Africa,Bronze,Y
9d14a5ed-0075-44af-9823-4bc41b749a9d,2023-07-01,Asia,Gold,N
d3f9dab2-57ba-9b4c-e450-9dd3d4bf4f30,2025-12-11,Asia,Bronze,Y
bcc82784-8232-4904-a71e-d05e3875825a,2024-04-27,Asia,Bronze,Y
439c2a05-5e92-42ac-a2a7-6a80a45c0645,2025-06-15,Asia,Silver,Y
d61a080a-3fec-4a37-95be-a8dc33e88249,2021-12-22,Oceania,Bronze,Y
99afee64-9024-4225-84bb-10e079f7f38c,2023-06-27,South America,Silver,Y
fa540f84-813a-463e-a291-ed24f07227ac,2023-12-31,Asia,Silver,Y
fabf5972-b176-4788-bbd4-a82f6b69b696,2022-01-16,Oceania,Gold,Y
1deac3ab-2b12-4303-a0a0-7175155244fe,2024-06-12,South America,Platinum,Y
2dcedef0-27be-4417-bc97-b3bbca425e86,2024-08-16,Oceania,Bronze,Y
19cc1aa9-69c6-46ab-9a9f-4fc0b286da27,2023-09-16,Asia,Bronze,Y
c6a9dcde-342e-4b30-926d-20bb033fd3c3,2023-11-04,Europe,Bronze,N
128b16ed-391f-4c8d-8e27-e83731bf3160,2023-09-03,Asia,Bronze,Y
9d8cae4f-6d5e-4ebf-842d-08a16941d0c9,2023-07-15,Europe,Silver,N
bdc02ba1-acd1-4303-ad8b-b832dd9b2d0c,2022-11-10,North America,Bronze,Y
48d7e546-8173-408b-97c2-3cb3a65af9b4,2025-05-14,Europe,Bronze,Y
816ce9af-35bc-4068-bec4-2c1ad25d21f9,2023-05-15,South America,Bronze,Y
fa1e9f29-a03f-4e71-b40c-f9cbdd8919d5,2023-12-11,Africa,Bronze,N
54210361-751f-4ec8-8c72-775d35f5b763,2024-07-29,Europe,Platinum,Y
770c5f43-87ca-4969-aa55-224c67a2802f,2021-11-11,Europe,Bronze,Y
c9ceacdb-9f24-4788-805c-c2d749fa68d6,2024-11-23,Africa,Bronze,Y
ac7ae1c0-0580-4992-959f-27e6cdb00b1d,2023-04-15,North America,Bronze,Y
d15aaba3-b320-4d2a-b9a1-6ef67e49e02b,2024-12-19,North America,Bronze,Y
84e7a5d9-069b-469e-9d43-bb6358ad6e95,2024-03-05,South America,Bronze,Y
d7a30642-6efd-4026-91c0-11ba4d159927,2022-05-10,South America,Bronze,Y
0d0151d0-17a0-4e72-8597-9c34c1148050,2024-05-04,North America,Silver,N
b81296a7-18cc-4325-9dfa-a3564a334b34,2024-05-03,Europe,Gold,Y
a4b0ef52-00db-421d-9af2-01cab36e38c1,2021-09-02,Asia,Bronze,Y
2bf59816-9986-44b3-8e3e-6f365643ac55,2023-04-18,Oceania,Silver,N
a2880156-0fe4-46db-8f28-538f645f082f,2022-11-26,Asia,Bronze,Y
2f5c0b4a-8948-4426-bd2d-972f956acb37,2025-03-22,North America,Gold,Y
0cd19e0c-5dfa-4933-b5d2-fda97d57d424,2022-10-30,North America,Bronze,N
2243e46c-b32a-44c3-b66f-200dbb0f5aea,2024-03-09,Europe,Bronze,Y
3a90045c-b63c-4d1c-b3af-711eacbe65bb,2024-03-14,Oceania,Silver,Y
799fd27a-e7c1-4df7-9e8a-417baf55c9b2,2022-12-25,Europe,Bronze,Y
436f8858-16c2-4199-a767-df033a0b5b0d,2022-08-23,North America,Gold,Y
a857914a-9ec8-4c1c-a76a-42a673d0d824,2023-01-04,Asia,Bronze,Y
6e2baa05-8715-4e37-a817-7af530c8477b,2021-04-22,North America,Gold,Y
e05074ee-8941-4c02-8dc7-f3d72d942f7e,2023-05-15,Asia,Bronze,N
dd59ba71-36b8-4481-bb3a-4e3e7c52fa17,2024-02-15,Europe,Bronze,Y
1b1301bf-49eb-4924-b645-05a969e1f0fd,2022-10-19,Oceania,Bronze,Y
c0db31a1-46d7-4dbe-93f4-d942d208206e,2021-06-16,Europe,Silver,N
a387e3d9-91bd-4c83-8d9f-a8f020b4f5a2,2024-05-09,Asia,Gold,N
86010a70-e25f-4611-9d79-0f80b5875e15,2023-05-26,North America,Bronze,Y
9a3fb957-9c10-4fd4-b447-fbb0a06a2b0c,2024-02-14,Oceania,Bronze,N
9a3cfb56-917d-44f2-b720-9add6601ca80,2023-03-27,Asia,Gold,Y
074d3368-2cd4-48ad-a629-25b1c87940f2,2023-11-19,Oceania,Bronze,Y
9bffa96b-b931-4d57-984f-aee4ea8da8fd,2022-06-25,Asia,Silver,N
8a211b88-8866-4ea4-9520-f08844d01c4d,2023-11-29,Asia,Bronze,Y
c7b59ff2-f38f-4125-9fbb-8bac91a5b683,2023-02-26,Europe,Bronze,N
7d9dd963-d91e-4551-a57b-ef16c08faa11,2021-05-15,Europe,Silver,Y
c563c681-f270-493d-a5af-35fad733766f,2025-08-11,Asia,Gold,Y
7b4bbf27-0aa5-497f-a983-8bdc96567e2f,2023-10-24,Oceania,Bronze,Y
b45c6169-4cad-49bd-b688-b0df3bbd390f,2025-01-02,Asia,Gold,Y
d8c06b4d-7466-461b-9f25-f6b4b6612bf9,2023-07-14,South America,Gold,Y
082e68db-b53c-41e1-8b2c-9e7295f6130c,2022-02-13,South America,Bronze,Y
9dfecd3b-eb2c-4685-84d6-cb987d2bbc60,2022-02-15,Europe,Silver,Y
45b8bacb-6ee0-4a48-8ce9-fcda50019e40,2023-12-28,Europe,Silver,Y
09ca559b-a69e-4374-be78-da8c45cf9e32,2023-02-03,Europe,Silver,Y
0551615c-3ce0-497d-9303-0508fc5c9f96,2022-02-09,North America,Bronze,Y
e7867bbf-0136-4f98-8a5a-62d3ec9fba0a,2023-11-28,Asia,Gold,Y
f6ee88fb-5d81-4128-a424-75b136a3f5a3,2021-12-30,Oceania,Silver,Y
f1ebd811-ebad-44c5-b778-827457c62155,2025-01-10,North America,Silver,Y
b694d3af-a523-4337-a179-af4c302289f2,2023-06-29,North America,Silver,Y
e7c922cc-09af-4014-9129-b8fde38122c7,2023-10-08,North America,Silver,Y
14041413-8862-4b43-a5ce-a6c53cabd75b,2022-07-01,North America,Silver,N
9a40c649-cb92-47cb-9597-8641367232f5,2025-05-03,South America,Silver,Y
d4e0097e-0e05-4305-8527-dbd9cac965b7,2021-06-22,Africa,Gold,Y
1003667c-8c77-4a46-8749-3806e4ec9cee,2024-03-08,Europe,Gold,Y
c80080ec-6428-4ad5-80d0-d8e2152eedaf,2024-01-16,South America,Bronze,Y
970fc272-8b7f-43cc-8921-c6e03013d704,2025-10-09,South America,Bronze,N
c4378a22-38f5-4cf2-a559-fa56dd0a88d4,2023-07-18,North America,Platinum,N
fe127bc2-5d7e-4d89-8e29-e60f4f2e0518,2024-06-25,Africa,Silver,Y
0f61e087-ff3e-4e49-8347-64ad6d04722f,2023-07-20,South America,Gold,Y
0d3f0a6f-a354-4e98-8f37-349218f6b88a,2023-05-23,North America,Bronze,Y
811ca035-b98d-44b3-9a67-a0b92836b014,2023-01-25,Asia,Silver,Y
3b9ad32e-3c17-43a4-8e00-ccbee400f9a7,2024-05-28,North America,Bronze,N
77a31000-09cc-470f-b7dd-b1ca84246d34,2022-11-09,Africa,Silver,N
7b90b5dc-2257-4398-9ed9-2dcaf0f879c6,2023-12-03,South America,Bronze,Y
c05e5ade-b303-4188-b378-cb94478b2f00,2024-07-22,Oceania,Silver,Y
db7cd71e-5516-4bc8-a322-0c46b7ee828e,2025-08-20,Africa,Bronze,N
16951215-d93a-448c-9f0a-f1175ee3ac2e,2023-05-01,Africa,Bronze,N
ccf5237b-13fd-43ff-8e0b-0ca7283c5bd5,2022-01-23,Africa,Platinum,Y
9d57ec88-d024-408e-9cf6-42adcd24021c,2022-04-12,Europe,Gold,Y
b02e1da7-dff6-4376-a24e-ae6510435959,2023-07-17,South America,Gold,N
b9ff1d9e-e9cd-4115-8946-6957e47f763e,2024-07-06,Asia,Bronze,Y
5bd3f5b0-0dc6-41f7-bd97-6fd5cae40b95,2024-03-10,Oceania,Silver,Y
680d127a-811c-47e2-86fa-b09f6882b578,2025-01-09,South America,Gold,N
315f6ced-bf07-42aa-9f9b-debbec77139b,2022-12-02,Oceania,Bronze,Y
3d120e7a-0803-4b71-9c87-527291f03262,2024-12-08,Europe,Silver,Y
d96688c9-8623-481e-8224-da50bd10f69f,2023-12-10,Africa,Gold,Y
34928a7b-42dc-4d93-a93a-04150360bd53,2024-12-04,Asia,Gold,Y
33a71918-31bc-43e6-b4a1-1f462a08fa8d,2025-02-15,South America,Bronze,Y
2b42a9a1-5108-4be9-b76b-ae497a7bf23f,2023-02-12,Oceania,Silver,Y
1196d7b3-b3c1-4432-83c2-92c11013c69d,2024-03-14,Europe,Bronze,Y
f4564728-3c73-416e-aa0f-1d92c431cbe5,2024-01-11,Africa,Silver,N
3d13f8db-ce57-452b-a971-ab7e723beefd,2022-05-28,South America,Bronze,Y
7cd2e58b-0d45-4fa3-b4aa-b2e1f8b9f8fe,2022-04-20,Oceania,Silver,Y
378f79c3-99c5-4577-9cae-025c4a84611d,2023-04-18,Africa,Bronze,Y
5824e832-005f-4552-8246-30295aa0e815,2023-05-02,Oceania,Silver,Y
b891757e-f7e7-4744-8993-113eb9cdc58c,2023-05-24,South America,Bronze,Y
fd62d44b-d958-4a62-b4bb-7921901cf5ca,2021-07-13,Oceania,Gold,Y
7d894735-a26c-499e-8307-f13d5cdf9d3f,2023-12-16,Africa,Bronze,Y
4d92d3a5-3520-4b1b-933d-8a8394518b3f,2023-12-23,South America,Gold,N
26050196-f2fb-4ac1-b685-0ced7d99b3ec,2023-04-11,South America,Bronze,N
184393e6-d769-47c1-a6fd-52068ae9fab7,2023-10-29,Africa,Gold,Y
de4908b0-c3e6-419b-8461-db6132a8a01c,2023-11-23,South America,Bronze,Y
17b05872-787f-47de-beae-7e2c90bde40e,2021-04-27,North America,Bronze,N
a7c99bc3-8240-4ba4-8c80-a0bce774f7b6,2024-01-12,Asia,Bronze,N
ed20e734-0430-409d-b922-80ac7dfd523d,2023-04-19,Africa,Bronze,Y
325d94b1-20dd-45ed-be1a-5b41cb54762d,2023-06-05,Africa,Bronze,Y
49d8632a-d9fd-49b4-a5fc-8b3f728752ed,2025-04-30,South America,Gold,Y
d86d40b3-1bbe-4de1-813b-28768731d008,2022-09-24,South America,Bronze,Y
e5e8b563-3848-408b-82f6-2b6b2f8fbe65,2025-02-13,Asia,Silver,N
79019cb8-03b2-424b-8e15-7ede1ca5809b,2023-12-06,South America,Bronze,Y
8c5a3de8-cc27-469f-97a8-754dfd4bdfec,2023-11-14,South America,Silver,N
f477caab-c2e3-494a-9fb6-4946ae9aeae7,2023-05-13,Africa,Gold,Y
f3d5f858-88a4-4745-a155-467b806eed0e,2022-07-14,Oceania,Bronze,Y
59fcfaeb-7229-44a9-af7c-e6091a99aae0,2023-07-22,Asia,Bronze,Y
843f9044-7120-4cf5-a2ad-1645ea223f8a,2021-08-23,Africa,Bronze,Y
e237c877-2e0e-4673-8ed7-cd177e14c595,2021-11-04,South America,Bronze,Y
c7386f17-b579-4381-95f4-26b2ffbb2888,2025-05-18,Europe,Gold,N
41b79dbc-5cbf-4b5e-bd36-eec476731d32,2024-11-06,South America,Silver,Y
5435d383-d40b-43ef-9958-7833537fd800,2022-03-11,Oceania,Silver,Y
d9e07cbd-1734-2957-0341-1e59a5680f62,2025-12-05,South America,Silver,Y
ce289de4-7921-4ac8-92cd-fc085ac85bf1,2022-10-16,South America,Silver,Y
187de90d-f3a9-4ed8-9990-e3a8010b063d,2023-02-23,Oceania,Bronze,N
dc6a9182-3039-4552-803e-b22f2dfd6fcb,2023-11-13,North America,Silver,N
6ef1f6e5-17cf-4588-a4f9-7edf2135f0bb,2022-01-12,Asia,Bronze,N
d1db846f-d714-4d26-8fa9-4b982cd819a3,2021-06-14,Asia,Silver,Y
9608ac0b-c5d7-4a8d-b125-10d9805a6389,2024-07-29,Africa,Bronze,Y
98e4dc15-70ae-46f1-8783-96553eacdcd6,2024-11-05,Africa,Bronze,N
3150efaa-3c1c-4f2b-b3b0-daab2f4dd672,2025-07-25,Asia,Silver,Y
026004c8-827c-40e3-9881-ad9ff03566ac,2024-02-04,North America,Gold,Y
95d01db0-2e1e-479e-aedb-379db104a523,2023-09-28,Africa,Gold,N
b237570b-caf6-4649-aa7a-e4473fcbb7d7,2024-07-12,Oceania,Platinum,Y
9bf1883f-0345-4fb1-b72a-98008114fa4c,2023-11-07,Asia,Bronze,Y
d9b833fd-0964-45f3-9f36-8532241939f4,2023-08-01,North America,Gold,Y
b25f8e3c-a69e-4a99-83a8-960f5de0e8ae,2024-05-19,Asia,Bronze,Y
de13d2ae-7d5f-4e3a-a54b-13636176c1e1,2024-07-10,Africa,Bronze,N
b9897c01-3ccc-438d-9c04-d57e92af7e84,2025-01-16,South America,Bronze,Y
e2dfa949-836e-4c5f-bdef-4bc322dca10f,2025-06-12,South America,Bronze,N
ba731464-ac3c-427f-894e-48548e4ea889,2023-09-04,North America,Bronze,N
4cc6e7f6-f2ac-48bf-9659-38b42916489b,2024-08-12,Oceania,Gold,N
ea4fb08e-6fbe-4ae1-ae4d-c918521a880e,2022-11-23,Europe,Bronze,Y
553fc35f-d7e8-4bba-8816-4097486689cd,2021-08-13,South America,Silver,Y
24d6bca4-517f-4719-a629-a922153f1e28,2024-06-03,Oceania,Silver,N
90fca244-fcd6-4e46-9118-63b29c4cd555,2025-02-14,Oceania,Gold,Y
201b5e7e-8347-4fcf-bf20-54039077f7a1,2022-07-23,Europe,Bronze,N
9ec19ca2-fe63-4a17-872f-b66e5161b6bf,2022-06-22,Europe,Bronze,Y
f08e93cd-d638-4944-8352-4d9d1e1aaee0,2025-07-25,North America,Silver,Y
290c42f8-d30b-4f65-99b3-8619d1fb55b1,2022-06-09,Asia,Silver,N
5771f4cf-51af-4035-80be-e2989640f569,2023-04-21,Africa,Silver,Y
e6149638-85c1-403b-9165-27a3ad99c58b,2023-09-22,Africa,Bronze,Y
f612a408-b7b1-4bd0-a1ec-21513a6b1f24,2024-04-30,Africa,Bronze,Y
82010c62-f5f5-4b22-8e8f-a8e0284d82e5,2023-10-21,Africa,Bronze,Y
b69f2d3f-599b-4f92-86d0-a9e5217fbc77,2024-02-15,Oceania,Bronze,Y
f441d92e-321e-4450-b630-40dc76c1db25,2025-06-14,Oceania,Bronze,Y
941ef895-e70c-4f78-ac10-6f6cb785d17b,2024-05-28,Oceania,Bronze,N
9f1e725d-a480-4bf1-bc23-a5f72fd9577c,2022-12-28,North America,Bronze,N
ce37626d-c13b-4b6a-9dd6-5ae9c5b92e88,2022-11-24,Asia,Silver,Y
1a492555-2b89-44a1-a279-9225adb3a657,2024-04-09,South America,Bronze,Y
2ecb0f5f-9fab-4892-98a6-9b0738e18a48,2024-08-09,Africa,Gold,Y
c572aa5b-51d4-4f72-ac77-8135fad76ab7,2021-12-14,Africa,Bronze,N
3dbb7ccf-9c54-46ac-a538-1c06116b01f9,2023-01-13,Oceania,Bronze,Y
d55cec3a-3568-4809-9268-358f6cd65311,2022-11-05,Africa,Silver,Y
98c5a516-c478-4479-a91f-1ee082d37a54,2024-04-06,Asia,Bronze,Y
7a307926-93a6-47bc-bb8a-285cafd98510,2024-03-31,South America,Bronze,Y
8e78fe16-1921-49f0-9d44-4ecc586280f2,2024-10-25,Asia,Bronze,Y
9a1c34dc-df68-438c-937d-00260d42be4b,2023-09-25,North America,Bronze,Y
eef29a4c-3ed0-4ae3-b6c0-b07490490d09,2022-09-10,South America,Bronze,N
5caea310-7a44-4339-835a-8dc67380ea6c,2023-12-03,Asia,Bronze,Y
75741c61-91a3-47f1-9829-29aed6209659,2023-12-09,Europe,Silver,N
a73b189f-9bc6-4ed1-8818-0a2ef9483602,2025-04-19,Africa,Bronze,Y
dfd97075-e78d-4ff7-9455-9b72186fa278,2024-02-29,Africa,Bronze,Y
efb46829-a8e3-42ca-a7ee-92a99cb07e44,2024-04-15,Europe,Silver,Y
255e674b-8820-49d1-97f3-7a728eab2cd5,2024-06-21,Europe,Gold,N
b1d81887-4739-4c7b-bff3-0c8d83ff3e96,2022-11-13,Europe,Bronze,N
d98d214f-c2ab-4876-b71b-d82d635589f4,2024-10-09,Europe,Bronze,Y
98470a94-2ad3-482e-a291-aac7d1aec228,2023-02-19,North America,Silver,Y
ea5a52e4-9830-48e4-97d6-dbfe7572c337,2023-09-18,Africa,Gold,N
67859608-dd58-44e4-837d-cba3c5b050be,2024-02-23,Asia,Bronze,Y
2ed29af9-9f3d-4b14-a5b6-3029f353a855,2023-08-27,North America,Bronze,Y
ef45c6ef-686d-44da-9af1-e92c025e9ed9,2021-09-07,Africa,Bronze,Y
04ecab55-be5f-4178-8381-a8b15bbf99fc,2022-03-06,Africa,Bronze,Y
b6a26dd3-e7d2-4025-a3ac-73ad30eed426,2025-01-01,North America,Bronze,Y
0666de8b-033a-4d4a-ae67-4484aa8346f4,2023-07-14,Africa,Gold,Y
137b41c2-5f71-41e1-a05e-ad1cbde9a6a8,2023-12-10,Europe,Bronze,Y
6530dd25-5913-4494-a86a-9424eb0b1eaa,2024-07-19,Oceania,Silver,Y
2bafc1a9-a558-488b-a865-eba4aae277ff,2024-08-02,Africa,Silver,Y
c76b3113-f162-47bb-b69b-c1c3f9aa5c86,2021-04-28,Africa,Silver,Y
56b35c55-393f-4cbc-8d7c-c059cceb53ca,2024-08-11,South America,Gold,Y
a89d8341-5412-4f47-9db3-a240f0f08d0b,2022-10-07,Asia,Silver,N
e5d9040d-1aa4-4f19-8e1c-230c295b260d,2022-09-11,Africa,Platinum,Y
bf813ae0-76b9-4ba2-851a-494ec8836d46,2024-10-28,North America,Bronze,Y
86533d16-3915-4162-b0b4-542e2372a5eb,2023-09-13,Oceania,Gold,Y
a91a55e2-bc1f-4314-bfed-1ec892f7101c,2023-10-04,Oceania,Silver,Y
15661feb-05c5-4f8d-b21a-6c3f47263c24,2023-01-21,Africa,Gold,N
5b00b3cf-f4d3-4ca5-938e-f58e19d56bd5,2023-09-17,Europe,Bronze,Y
d02312d9-fdcb-4956-87fc-ff29a541d05e,2023-04-04,Oceania,Silver,Y
77fff0fe-9b70-49a0-a901-73cd9d157d1a,2022-11-02,Europe,Bronze,Y
e6b23125-d568-492f-9032-5480b01b5658,2022-10-08,Africa,Bronze,Y
816d6a1a-545b-4bc0-952b-4799b849acf1,2025-05-13,Oceania,Bronze,Y
c3e4f741-a316-438a-9bf2-fad14fecad08,2025-02-24,North America,Bronze,Y
7c0f803f-17d7-40af-a2b1-070e27e40eae,2025-03-31,Oceania,Silver,N
c2466df2-a6aa-438a-bed9-2bb4f665b584,2021-12-10,Asia,Bronze,Y
ec8ef28d-44d4-42e5-9254-3531c8fbbbc5,2022-04-24,Oceania,Bronze,Y
75d62e67-00c8-48ed-bde6-e609348f88c3,2024-06-09,Asia,Bronze,Y
568fe4fe-f858-4532-bc9f-ca6ff0ee7620,2022-11-18,South America,Bronze,N
efb1af4a-38f5-4bdc-a1c5-6346003eb0b1,2022-08-15,Europe,Silver,Y
5a834671-a8ae-44a4-b333-69fd04e1b153,2023-02-19,Asia,Silver,Y
9710160b-de6d-4591-9362-0975ad14ea20,2023-02-15,Asia,Platinum,N
7efdb8da-e5d6-4b9b-a1dc-de120dbbba59,2024-05-16,Oceania,Gold,N
377f402b-f245-4aec-aab7-33d0670094ee,2021-08-26,Oceania,Bronze,Y
5dda46c2-8f33-4efb-9388-046aa30a543b,2022-02-22,Europe,Silver,Y
6d8363da-7419-4b05-afa1-ea72999c35a0,2024-07-21,Africa,Gold,Y
49bfed6a-939d-4e73-87a6-ba34ecd5ea31,2023-10-31,Europe,Gold,Y
92051da0-e264-4336-95ad-86bcf1db9ad8,2025-04-06,North America,Bronze,N
5a0ed9b7-5e22-47d4-a74f-232bfb876271,2023-02-07,North America,Bronze,Y
402575a9-a72f-4da9-bbef-ecb724a74514,2021-08-05,Europe,Bronze,N
becebd19-183e-426b-8bfb-f113c7c3fa76,2023-04-16,Africa,Bronze,N
3cf1b0c4-f980-4efc-983b-9525961bac08,2024-06-06,Africa,Bronze,Y
48daa810-7e5c-4198-a2e2-8887125fb799,2023-08-11,South America,Bronze,Y
330cb9c2-86ce-4c21-9d40-435437ec1673,2021-09-10,Oceania,Silver,Y
781f1339-565d-4da3-9d7a-189d24159664,2024-05-20,Asia,Gold,Y
2bacfc18-e5e2-4907-929a-f17623efe09e,2023-07-17,South America,Gold,Y
e01f2d89-fdb8-4e48-87df-cc39293aa0cc,2022-10-13,North America,Bronze,Y
6492516c-72af-4e47-8262-ded2edfded9c,2023-11-10,Oceania,Bronze,Y
228e7e29-4568-4482-9317-97293221093c,2023-06-01,Africa,Silver,Y
11a25d2d-a208-4540-933d-bbabc2432b15,2022-12-10,Asia,Bronze,Y
67b5c84f-525c-477e-ba18-717c337f2ee2,2024-12-30,North America,Bronze,Y
4bb7cd63-022e-4824-baff-4ea7cd24b532,2024-05-07,Oceania,Silver,Y
8eb68958-eafc-4247-aadc-1d1ab5201f17,2022-03-29,Asia,Silver,N
42792f10-f378-4b96-91c6-a31365513219,2025-03-27,South America,Silver,Y
2175fb36-9abe-4c1c-972f-f387ea932381,2023-06-28,Europe,Gold,N
82163ddc-f498-4bab-bef1-9e5eda309c7e,2022-07-21,South America,Bronze,Y
6c581685-ed92-48e2-a3a8-fe3ffb39f103,2024-04-02,Oceania,Bronze,Y
f4c80445-e2d1-4d4c-b3ef-757622a82fff,2024-01-28,North America,Silver,N
e93f7e4e-3cd9-4777-babd-9bd21b3cdf2b,2023-06-01,Oceania,Bronze,Y
40c8f92a-66a6-43f8-aa5d-f9a9b7091b12,2025-06-16,North America,Bronze,N
c63b3175-9ecf-43b5-ba4d-70ac939db503,2024-04-21,Asia,Bronze,N
8e3d7d53-e5cf-45c5-8696-45a58f11d23d,2022-05-01,Asia,Gold,Y
4bb8f598-2098-4c89-813a-1c8f833a44da,2023-01-23,North America,Silver,Y
eb7157f0-e5d1-4d75-ac69-d4c03f4c4bee,2025-07-17,South America,Silver,Y
7ed56097-6fc6-44c2-8f88-e7c5b22411f8,2023-06-12,Asia,Bronze,Y
1c42398a-d337-4e70-8103-158395c91b4e,2022-08-07,Europe,Silver,Y
59d68aea-76c4-4caa-b2fa-6763886162d9,2024-07-09,Europe,Gold,Y
7f596780-7be7-4711-b95a-fa14aff4ded0,2024-10-22,Europe,Bronze,Y
2c01b5a6-c9dd-80a8-678f-5465228dc422,2025-12-14,Asia,Silver,Y
bc97eb7b-cf8d-440d-bf58-c799a844f459,2023-05-08,North America,Bronze,Y
4b832bf3-0b90-4e3d-9c17-22e452f71704,2023-03-17,Africa,Silver,Y
f29e5b1c-99db-46e7-848c-a532a38ae71e,2022-05-25,Europe,Gold,Y
bce8e033-fb70-4bf3-95fd-46d7cfbfd796,2022-08-05,Oceania,Platinum,Y
cf0e6d2b-315c-467a-85d8-a6ad77d0359e,2022-12-23,Asia,Bronze,Y
56b9a3e9-a2f1-4922-86b5-eb7ec7f9f47f,2024-07-10,South America,Bronze,N
f7b471d6-df48-4923-be0b-38e546a8a0b5,2022-12-14,Africa,Gold,Y
60baed08-f2d3-4176-b8f9-a26a386d67d8,2022-03-26,Asia,Silver,Y
96502ed4-8dc1-4db4-a406-522ff2ef3eb1,2023-12-26,Africa,Bronze,Y
23e8af76-be86-45f3-ace1-022b0f0a7be5,2023-03-20,Asia,Silver,N
cc9b5903-966c-4708-9686-2101ba380355,2021-09-26,Oceania,Bronze,Y
7f8e138a-7dc8-4759-957a-4a633171c6fc,2023-03-30,Oceania,Bronze,Y
df40ae0a-e1cb-4d85-b4f1-7153e3b89773,2023-12-31,Europe,Bronze,Y
380eb464-00a7-49e5-a09a-6d80395a8278,2023-04-18,Oceania,Bronze,Y
32073242-57af-4a28-a7ca-c3ee9502ecc4,2022-05-02,South America,Bronze,Y
2a8d16b0-30e8-c669-0fa3-3a9a453e50e0,2025-12-19,Oceania,Bronze,Y
675bb586-f70e-4b43-a66e-a696322f04e6,2024-06-17,Asia,Gold,Y
dcb17ca6-442a-4da0-a443-06c5f1ffb7d6,2023-12-31,Oceania,Bronze,Y
17b9d89e-b71b-4fc7-9f4a-0227f3ab7616,2023-07-20,South America,Platinum,Y
b91340e3-9afe-48a7-a0d8-82e46b8d8642,2025-05-26,South America,Bronze,N
5b345ede-d26b-4c21-87e4-7dbaf0ad73fb,2022-06-27,South America,Silver,Y
5b41db5f-e711-4ce1-9c77-1788117b01df,2023-07-31,Asia,Platinum,Y
8811f11a-2011-48a9-94cf-556290d004b0,2025-06-30,Asia,Gold,Y
e9f24dba-13fc-4494-b8e5-c6601ed60796,2022-10-29,Asia,Silver,Y
ac100258-f97c-493a-b1e8-24e81c3618b1,2023-10-24,Asia,Platinum,Y
988a6a49-5d10-4b3e-b85c-a2e85271bd38,2025-09-23,Africa,Gold,N
518e5725-cd83-4a8f-9865-607ef27476de,2021-12-11,North America,Silver,N
2329a529-52f4-4bbf-9460-004480d643f2,2025-06-01,South America,Silver,Y
5591ada1-cdbd-4a83-b2b6-1bbbfc06d1ec,2023-01-15,Africa,Bronze,Y
6a7ee18d-3dc6-44e0-93be-361fa151f14b,2025-06-02,Africa,Gold,Y
3c1dde97-62b3-478e-8418-c70b8a6d8908,2025-08-21,South America,Gold,Y
a2ef745a-8f80-42e2-9e5f-abce24654aa9,2024-03-30,North America,Silver,Y
7b6b91f4-e12a-4115-b4c8-65aa0b0f0e35,2024-08-10,Africa,Silver,Y
4a7ba815-44c0-4e44-b392-328a69681a30,2023-09-08,Asia,Bronze,Y
51d6cf1e-8327-4be9-9b69-a75b52695787,2024-06-17,Europe,Bronze,Y
a9fe004c-da64-4226-8cec-3727d48887a6,2023-09-15,South America,Silver,Y
9897d90d-c81f-4eb9-9f3c-77b681a4ee43,2021-12-19,Africa,Silver,N
b798e034-04cd-a7c6-0a12-1024a5a2d5ac,2025-12-02,Asia,Bronze,N
96978820-a505-44a2-9925-0e145d29915e,2022-12-20,South America,Bronze,N
92dddc04-d376-409d-bae7-96df8780141a,2023-02-13,North America,Bronze,Y
58e596c8-a239-4851-bc43-9b5375a155d3,2022-09-20,North America,Platinum,Y
d8c024a9-a99e-4f9b-b68e-af5851ddaa9d,2025-08-28,Africa,Bronze,Y
8da62b23-f2e9-4bc6-a036-31adde4c0dac,2022-09-20,South America,Silver,N
6722c244-fde8-4868-bd92-6e02c13661b5,2022-04-21,Oceania,Silver,Y
88a97690-f9fd-4346-9578-e79e8c7f399a,2024-01-19,Asia,Bronze,Y
ff743f6f-d798-4b0c-ab63-81076975cae6,2025-08-04,South America,Bronze,N
98d53cf5-4afc-49e8-8c47-6b726e310234,2024-06-18,Europe,Silver,Y
8b210d49-1491-4371-88c6-38c9d2b45510,2023-08-10,Europe,Silver,N
f2d3f761-0ba3-4279-94cb-056407437c3b,2022-12-17,South America,Gold,Y
7e136b2b-cfcf-4472-b3b3-141fc3a0f69c,2023-10-05,Asia,Silver,Y
3e0c9abe-8483-430f-a2e7-f92c9e1068b4,2022-03-29,South America,Gold,Y
c1e13d6a-57e9-4210-87a0-0f82a63d39c7,2023-08-15,Africa,Silver,Y
894c2064-76fe-443c-a630-e6b007ffbb92,2022-08-19,Asia,Silver,N
dbc13cfa-1b3e-4c12-8ef5-c99486ee04cb,2024-05-11,Asia,Silver,N
f958f9a6-4736-4cc5-ad5a-b0063a1dda1b,2024-07-06,Africa,Silver,N
5f361dde-025f-4965-8578-a3148611f2e4,2025-01-09,North America,Silver,N
9fd90b11-d5d1-4bef-8449-c38ed04bc1f8,2024-10-16,Oceania,Bronze,Y
4ea2cd73-3ac3-43dc-8823-10ddf450be54,2022-11-06,Asia,Gold,Y
801f9494-f94d-4085-952b-4695b257d64f,2023-06-11,Asia,Silver,Y
0b434138-e0ec-48f1-8641-262e605a0d9b,2023-03-21,Oceania,Bronze,N
9abfe38f-9180-45e0-9945-7484898002a4,2023-08-18,Asia,Bronze,Y
ffa37bc3-4193-493e-a199-2d4f99071db4,2021-10-11,North America,Silver,Y
2aff1065-f67f-418e-999f-68540fa02b79,2025-02-14,North America,Bronze,N
be0009cf-6156-43b8-9adf-1726d2c780f8,2024-01-25,Africa,Gold,N
5e025c70-f396-4535-b8d3-c99e65485986,2022-12-01,Europe,Gold,Y
706ac6aa-a73c-485d-a53b-4b8dc1a6ec68,2024-11-12,Oceania,Silver,N
8037b969-7946-4eae-93dc-00ee9203c5d2,2022-08-21,Oceania,Bronze,Y
9eed7567-e3ee-62db-0680-ee6db3831f62,2025-12-17,Oceania,Bronze,Y
26967c7d-8e87-456f-9479-c50e4e338444,2023-12-15,North America,Bronze,Y
f2d058ca-7b2e-429d-9f80-bd12299606d2,2023-03-19,South America,Bronze,Y
d4838f7c-b0ee-4a41-b349-9a2f43ea3062,2025-06-09,South America,Bronze,Y
60fa9827-5b10-4c4e-9e34-e78d78ec5420,2025-03-05,South America,Bronze,Y
bd332331-1e5a-49ba-b1e7-e085b28bc259,2024-02-10,Africa,Platinum,Y
428d6450-c223-49e1-bd74-08253af7d156,2024-02-18,Europe,Platinum,Y
429acb42-4ed6-43d2-ad2f-5e97a01dd2ef,2022-03-21,Africa,Gold,N
57ff2943-ff4b-425a-b416-22357ccfdc5c,2023-09-16,Africa,Silver,N
b41e70e8-5a1a-4a61-9e1e-20171e43d2b9,2023-12-21,South America,Silver,Y
29ae01d1-ebee-4748-aa93-9b48cad77185,2023-12-22,Oceania,Gold,Y
c4615234-8044-4eb2-b66e-dbf4a0ea0251,2022-12-02,South America,Bronze,N
31aa7288-5a4e-4883-a0df-dbe775b12faf,2022-12-16,North America,Bronze,Y
1c220f42-090d-49db-b674-b191bc6552b1,2025-01-04,South America,Gold,N
4aae2781-a181-405c-9f7c-31b86f6413d8,2023-08-08,Oceania,Bronze,Y
9ec9a49f-044b-49c3-b41f-2023505c363f,2024-01-03,Oceania,Platinum,Y
d1b43f6f-00ed-4120-9222-078af8bffbfe,2025-03-05,Oceania,Bronze,Y
4b0d4cbd-09e6-4510-a634-8757754989fc,2021-10-21,Africa,Silver,N
9fed1ec4-def6-43b1-af42-dcdedb076663,2023-09-17,North America,Bronze,N
833152e9-4a19-42df-95de-e80bd699940e,2023-01-26,South America,Platinum,Y
932c2f0c-bb8d-43c1-a9df-2bc15488ca81,2023-02-20,Africa,Gold,N
ffdf6588-0ffe-4184-a9c4-91dd33dfeff6,2024-07-02,North America,Bronze,Y
314ae079-5e6e-4662-b88b-1b19c736c148,2021-11-21,South America,Bronze,N
19e67139-45fe-4a41-85fa-5323458876fb,2022-08-19,Oceania,Silver,Y
537594dc-f22b-4e18-b0d8-466d841f30c1,2023-10-23,Asia,Gold,Y
94dd4f00-4574-4fc3-b9fe-c5ce7d742554,2023-06-09,Europe,Platinum,N
285bb809-162e-4894-9f58-bf7d35327c67,2021-05-14,Europe,Platinum,Y
4ff88826-f720-4486-b04c-f7dd2165d436,2023-07-16,Africa,Silver,Y
26d1a6ad-71bc-4a0d-8907-c7cfd69af16d,2022-08-20,Europe,Bronze,Y
8c896a2b-ae7d-4e2c-8964-a565ee62ab17,2022-06-25,South America,Bronze,Y
9d619a46-4dc0-4006-8ce8-ec7d48c2c3e5,2024-02-11,North America,Bronze,Y
b55a0fbd-6210-4dc7-b5cf-03eba482471e,2022-03-09,South America,Bronze,Y
cd72f297-2cc7-41b5-b947-6077f731904f,2023-08-02,Africa,Bronze,Y
bded4034-72d3-47b5-8f77-f149c0a16aeb,2024-10-19,Europe,Platinum,N
33056f33-356f-4d31-8209-284616432294,2024-12-12,Oceania,Silver,N
2f3c077e-7777-41ce-aed3-c4c96303aee2,2024-03-13,North America,Gold,N
44a32bc5-a2c9-4188-9174-5b7a0cd65d01,2021-12-22,South America,Silver,Y
c18db661-e8a0-4202-8e8a-4401d33039fc,2024-02-27,Africa,Bronze,Y
8eac0a33-cdf9-44a7-9882-b5c1f79efd70,2023-04-29,Europe,Gold,Y
dd8b806c-a268-463c-a509-f05b9eed9237,2023-10-13,South America,Bronze,Y
a51f5f0f-7482-493f-965a-80ccee7bafb5,2022-11-16,South America,Bronze,Y
109cda2f-ab9b-48ea-82e7-1e889a50893d,2023-01-07,Africa,Silver,Y
a9c0e92c-853e-4264-b63f-935df74e7518,2023-12-20,South America,Bronze,Y
866b09a1-4a26-4f83-849d-62d9eedeef39,2021-04-30,Europe,Silver,Y
b4a43314-69b3-4362-afed-4447dfe2da25,2024-10-31,Oceania,Gold,N
05dc0f1b-5cba-4958-baa9-6717cd7a9d15,2021-12-15,Asia,Silver,N
1ef10ccd-9b6f-41a3-b8bb-cc542fc068d2,2023-08-15,Africa,Bronze,N
db008757-dd6d-43eb-b983-1b333ac5e17d,2024-05-26,Asia,Silver,Y
522748a7-d3f8-483a-b23d-2c5a054563bc,2021-08-19,North America,Silver,Y
09c6e178-c277-4d4b-8bd3-0a9024ed5794,2023-04-17,South America,Bronze,Y
27362677-4b13-4b6a-8ef0-5e0879c3de2a,2021-12-16,Oceania,Bronze,Y
d9531d11-ee54-4bf9-9664-b3c9364a602f,2024-01-14,North America,Silver,Y
db07709d-322b-4bb1-8e8d-7351590ec298,2024-08-21,Asia,Bronze,Y
d0908ff4-6288-401a-9d0e-10f33f7999f5,2024-12-20,Oceania,Bronze,N
a40ef7f3-80f1-4e15-909a-b03d489cfaa8,2023-10-11,Asia,Silver,N
f7efce80-bbf6-42f7-9baf-a1a7b74e085a,2024-09-23,Europe,Bronze,Y
07246bba-02ae-4d0f-9b10-1bc744a1264c,2022-04-06,Europe,Gold,Y
a4862510-83f5-4a4a-a294-7417b5251bb2,2025-04-22,Africa,Bronze,Y
fee91972-6f7b-43e7-9e19-f0104bf7e012,2022-08-28,Asia,Bronze,N
a1001bc8-9758-425f-9ad8-e2dafe17ddb3,2023-01-23,North America,Bronze,Y
e13676e5-1201-41c5-8534-65b63e49d3fa,2025-08-12,Oceania,Silver,Y
f8f2390d-38eb-4c56-9b4a-5a768c1708b8,2025-02-10,South America,Bronze,Y
963415f6-90d2-4b7e-b0db-c718e1e99689,2023-02-25,Asia,Silver,N
71e7ac0c-70a2-4023-85a9-37a979d28895,2023-11-28,Asia,Bronze,Y
2e34c408-c7c5-48ed-834f-793bf505a92c,2024-05-16,Europe,Bronze,N
38437ce9-c160-4ca8-ae61-9b11e02c0f28,2024-11-20,North America,Bronze,Y
5ccb4317-9cef-4290-9643-7d2aba77f532,2023-05-05,North America,Gold,Y
abe55017-2f0f-450b-8141-245e1bab875b,2023-03-24,North America,Bronze,N
154ebf91-daa2-42b4-ad69-e88c61a4b230,2023-03-29,Asia,Silver,Y
0406ff44-7ce4-4679-a8c6-dbc07bb3447b,2023-01-02,Oceania,Gold,Y
1f52fa3a-cc32-43f2-b308-c62b696bbb3e,2024-05-05,Europe,Silver,N
7c45de70-cdab-46c5-9648-43921d0c3e08,2023-03-27,South America,Silver,Y
c257db6d-186f-49eb-8232-660c635ab65c,2022-08-11,Oceania,Bronze,Y
47e73b86-e9b3-4417-89df-883089e929ab,2025-06-28,Africa,Bronze,Y
39cd0278-116f-4be4-b2d2-b2ee4ef0137d,2021-06-13,Africa,Gold,Y
e0cac955-6324-4ac5-a94b-37bcb8c34677,2024-03-14,Oceania,Silver,Y
cf36405a-1b6c-4aa7-80a7-bdd43c5d46b9,2023-05-31,North America,Platinum,N
17518c7b-5fc7-4e1e-8044-6fd281743a2b,2023-05-16,Europe,Bronze,Y
aba1fbbf-8d31-4f4e-9b2b-d5c0d947f2ef,2021-09-13,Europe,Gold,Y
932c33d4-7480-4629-bf0c-8f4ebc603126,2025-01-28,Asia,Silver,Y
59e647c3-44d0-434a-b05d-2c97e5b72d22,2024-01-26,Oceania,Bronze,Y
995f33d0-ce28-4b84-bb13-8c6bd31e57cb,2021-11-21,South America,Bronze,Y
e8999dee-ec97-4643-97fc-9b1735a4a053,2023-08-10,Asia,Gold,Y
21eb090b-444e-490e-9e47-e830c451af49,2022-02-03,Europe,Silver,Y
40b913f2-ac79-443f-8b8d-b35f47f101be,2024-04-12,South America,Silver,Y
1557a928-9fae-4c7f-b361-ea13f3adc176,2023-12-27,North America,Bronze,N
15559318-c7d5-4015-8d8d-fdb1b951d034,2022-11-03,Europe,Bronze,N
cc57ae4a-1176-4a1d-844d-c1894f38f23d,2021-03-19,Africa,Bronze,Y
da12e424-1d7a-4394-83c6-b64adb22bdac,2024-06-06,North America,Silver,Y
1e8a0c9c-dee3-4fed-9aca-06fde175c01d,2022-05-03,Europe,Bronze,N
494f2e93-87c3-4f93-9ec5-ca5ad53dbc02,2021-06-07,Asia,Silver,N
be06f567-ced1-42d0-95b2-95167df00c9a,2022-01-09,South America,Gold,Y
d67d87a0-63d5-4284-a101-cbb122a39c78,2024-10-29,South America,Silver,Y
ac6e7511-c0f9-4755-9ffc-a390ed269b03,2023-05-26,South America,Bronze,Y
4aed6683-6f76-421c-9501-a909bc5f4a77,2023-06-02,Asia,Bronze,Y
5e490376-0e06-4ec6-b3d1-e50d1494bade,2022-06-08,North America,Silver,Y
6e4c1b29-9ecc-4271-b59a-abfaf1e2c960,2025-10-19,Asia,Silver,N
29999564-3f01-4f17-b98e-411128c9006b,2021-06-10,Africa,Gold,Y
e199519f-5da3-47b3-8281-5e4adc07ad2d,2024-06-16,South America,Silver,N
2b705c0d-3b4c-46db-b5d8-bd9fd2fe9c3e,2023-02-13,Africa,Bronze,Y
296da4cd-431b-411f-af90-d9afca07906e,2022-06-11,Europe,Bronze,N
9170d854-c734-417f-84a3-60a6925d5ff4,2021-12-23,Asia,Bronze,N
f8c7ca32-6310-4399-a4a6-990b64b5ece2,2023-03-04,Europe,Bronze,Y
58b74bfc-0b80-4853-bc0c-b8a11ec143ee,2023-10-03,Africa,Gold,N
02b262e9-f33c-4490-a333-291a5f7a3ac4,2021-11-16,Asia,Silver,Y
2bac55fb-0dac-4faf-9092-c355ad8b8a4e,2023-12-23,North America,Bronze,Y
2800bf99-c0e9-4651-a060-f9156ed8d6a1,2024-05-02,North America,Bronze,N
a380e9ba-6887-4634-91ef-6c69e8047e04,2023-04-25,Oceania,Gold,Y
ecae7ebd-0e5f-4db6-984a-ef791f83f24a,2025-02-02,Europe,Silver,Y
9982bfc8-7fb8-4cd2-8b61-7dc3f914bf8d,2022-12-20,North America,Gold,N
372360b1-9db2-48e2-ab86-244ae7d26ef4,2022-11-19,North America,Silver,Y
d9f9b5fe-a9e3-4351-8b1a-951c241f6135,2024-02-04,Oceania,Gold,Y
da0e862a-4b3e-4d2a-8f74-15e82f10b1cb,2025-07-25,North America,Bronze,Y
da2855e3-61df-d243-38e1-a05d9785db5a,2026-01-14,Europe,Silver,Y
5dafa421-33a5-43eb-9451-6995a1629935,2023-03-30,Europe,Bronze,Y
f17ff4d8-cd02-49b7-9147-a17d71e3b64b,2023-01-31,North America,Platinum,N
d3f3eaaf-ceea-459f-bdbc-5a27098256a4,2023-05-27,North America,Bronze,N
8e3999e1-1c52-4f1b-8165-38b1fcd0f787,2022-09-28,Africa,Bronze,Y
cd5c9b30-854b-4963-b6b2-031fe644a1fe,2024-06-25,North America,Silver,Y
b4863fc4-7bee-4ac4-93e2-cb6e497559cd,2022-12-08,Asia,Bronze,N
c194c25a-1136-4096-8881-c5fdd015e5cb,2023-10-13,Oceania,Gold,N
0ae5f9ad-d193-4f51-89fc-5c3ef60ef290,2023-03-29,South America,Silver,Y
b74cc7fb-f034-4e51-b464-8743aa8940a7,2022-09-14,Europe,Bronze,N
dbe0b32f-3ff6-46c0-b524-ce35dd3f1285,2024-08-28,Africa,Bronze,N
cd18ea34-0a2d-4943-a03c-61f387f7cb0e,2022-07-03,Oceania,Gold,N
433d65c2-c0f5-4e46-b14f-4be5530619e4,2023-05-12,North America,Bronze,Y
ebd2a60e-b7e0-4c29-a555-3d490a8021c8,2023-04-15,South America,Bronze,Y
47fcc41c-3cf4-43f4-ad97-667bd999c533,2024-12-08,Europe,Bronze,N
e6660b2a-491c-4778-9aa1-df0ba1961801,2025-05-07,Asia,Bronze,Y
8acad514-2cb5-4d83-a340-8f09955da46e,2024-06-07,Asia,Gold,Y
59178b75-96f7-4674-b702-f5539792cb50,2024-03-31,Africa,Bronze,N
dfceadd0-c01c-47fd-a464-800f0fe5c896,2023-07-06,Africa,Bronze,Y
bfbf6e07-b62d-47d2-9cfe-4e77577118f8,2022-10-08,Oceania,Silver,Y
15a16bb6-d43b-4ff3-8ef9-0eae8282a46c,2024-03-27,South America,Bronze,Y
641c130f-0089-4bad-bb62-be81aceec77a,2022-09-01,Africa,Gold,Y
b2e6bea5-2f9e-4133-a698-33d55130cda5,2023-08-26,North America,Bronze,Y
fe568d34-12da-4c46-b864-cb10b7c23f92,2023-01-17,Europe,Silver,Y
bb35cc3e-e5a2-438d-b68e-586655d157b4,2023-11-07,Asia,Silver,Y
e46a92b1-26e8-415e-a331-0e4351ea7701,2024-06-24,South America,Gold,Y
03121f15-daeb-402e-ab0b-a5bcbeea2c9c,2023-03-13,South America,Gold,Y
17560b27-cd4a-4ef6-bf2a-44900ff82a68,2021-09-20,North America,Gold,Y
8adb2e17-5fe5-4703-8729-a98ec03e41d5,2025-06-24,Asia,Silver,N
ebe8cac0-9204-4f3e-a8a7-ed7da585744e,2024-07-20,North America,Silver,Y
5a623db5-d96a-4d11-9d3a-59e624db200e,2024-01-26,Asia,Silver,Y
bf658944-d2c6-43e1-b651-10d4a51c200e,2023-08-27,Asia,Gold,Y
691bb5ed-68ba-4665-a16a-858feeb2610b,2024-08-15,Asia,Silver,N
be855ef9-2475-473f-b2a8-76d6f03e77ba,2021-12-15,Oceania,Silver,N
34261533-0bad-4c12-95d2-753864a4f4eb,2023-02-04,Africa,Silver,Y
f66c7331-a172-4ee3-83e1-847c8420e0d8,2024-10-02,Europe,Silver,Y
e1d55f85-6967-4586-b046-30085fa72012,2023-10-11,Africa,Platinum,Y
b46788bd-d38e-43e4-8de1-087bafa14a55,2024-02-06,South America,Silver,Y
c7af562e-d625-434c-9473-dab5ab3942d4,2022-09-26,Europe,Gold,N
12155672-6d79-4bf0-ba4d-fe3d7945e916,2024-06-17,Africa,Silver,Y
a59dc0d2-d371-47b0-ae02-b4b3eb5bbc12,2024-08-05,South America,Gold,Y
2e5540e6-6ef3-419e-a856-92fa675ea43f,2023-06-10,Asia,Bronze,Y
b9736cde-21bb-4549-80ad-720a01a5bbef,2023-09-19,Asia,Silver,Y
12785ea3-1839-48b5-8183-18fd6195870b,2022-02-26,Africa,Bronze,Y
36d5187b-bfdb-410b-b929-1d34db6ea0ba,2025-06-23,Africa,Silver,N
68dab362-6ca2-4fb9-a92c-6ba9939fa6ec,2022-02-05,North America,Bronze,Y
f099fb0e-baca-412d-85d9-aa8b90674a08,2024-02-02,South America,Bronze,Y
c3f7b54c-9bdd-4337-a24f-1eb53d4e80f8,2021-09-14,Oceania,Gold,N
0ccf46c4-87a5-482d-aa1f-57a2753dd996,2022-12-19,Europe,Bronze,Y
0a9e10d3-626b-4a8a-bc81-8c96a916f073,2024-09-12,Oceania,Bronze,Y
6e43b319-f929-4271-b220-58f9bdb2fd9e,2023-03-29,Oceania,Silver,Y
d295fe47-6713-4257-b870-491eba91e273,2023-05-01,Asia,Silver,N
df562fa7-b578-4233-a71f-d489ec5bb1e0,2021-07-18,Asia,Bronze,Y
0a9f2fe2-6a12-4e3d-92c1-dabb549e011f,2023-04-14,North America,Silver,Y
df2ed047-144e-4b00-96ad-d0998a4ce170,2022-11-04,North America,Bronze,N
708af036-3e17-442c-9c29-6683b159ea64,2023-09-27,North America,Bronze,Y
152b9043-1822-4260-a1e5-1ade41f98ba5,2025-04-05,Europe,Bronze,Y
54f51900-dc2c-e1c4-3af3-1608b0ead4df,2025-12-18,North America,Bronze,Y
9b226c6d-1b73-4816-8f3e-c8e2f07dc5f5,2022-12-14,North America,Bronze,Y
8dfad03c-73c1-46f6-812d-0d427e81a086,2022-05-10,Africa,Silver,Y
6cad65da-f53d-492e-a1c4-aec3a0bd1be2,2022-11-04,South America,Gold,N
6086ce8d-123e-42fb-a95e-17415e48f8b3,2025-02-06,Asia,Bronze,Y
36f14933-17f4-4f96-b861-4f08a3b475ff,2024-07-06,Africa,Gold,Y
3fecfb65-9e70-45b0-9383-74ff8f275a7f,2024-04-14,Oceania,Gold,N
489ea94d-9490-446e-a089-25aa12cc116a,2022-11-08,South America,Gold,Y
9fc9ced7-c95a-4097-b582-b335297ff1b9,2024-06-11,South America,Silver,Y
ea610895-da65-47e3-9ad2-2e5b95a093a7,2023-10-22,North America,Bronze,Y
40c298f0-080c-4389-84d4-8a6c4b2ae8a1,2024-01-18,South America,Silver,Y
01bf9e73-3f80-4385-af92-40b652d78f10,2023-03-12,Europe,Bronze,Y
d1eba380-12a7-43d9-bfe6-e68694a2314b,2021-07-15,Europe,Gold,Y
967a4c05-4f67-444d-859a-207286faa687,2022-05-15,Africa,Bronze,N
b4b4aba9-4db7-4ad7-85c3-822093cc50ac,2025-12-05,Europe,Bronze,N
472b60f6-957d-49fe-b8b2-8b73e9549d88,2023-07-05,South America,Bronze,Y
81570c12-6a33-4754-8d55-ccf138928c17,2023-02-24,Africa,Bronze,Y
9fb30a4d-c071-4a38-bffc-4f097f1464b3,2021-08-15,South America,Silver,N
7141e68c-b7b5-4bdd-bd57-199aaf9f4673,2024-06-27,Europe,Bronze,Y
7398d6de-1f76-4e06-98bd-d6412b2dd741,2021-04-19,Asia,Bronze,Y
dfae6b2d-c6fe-462e-b006-58ed94168bf7,2022-05-05,Oceania,Gold,N
81202bad-8962-434e-b70a-f4c3d23b6ead,2024-08-08,North America,Bronze,Y
3a8b17bd-0ac3-4863-ae30-6a4aadc19d07,2024-08-07,Oceania,Bronze,Y
1974fdae-ad4d-4ea6-8622-bc7811eed364,2025-04-09,Asia,Silver,Y
14fe1200-93f2-4a4d-a14b-230e9f918e64,2025-05-25,Africa,Platinum,Y
a7be898f-b431-4b48-8b32-4e1305fb2492,2022-07-20,South America,Gold,Y
2128e419-79c8-45d0-8431-bcd99d455b0d,2023-08-13,Europe,Bronze,Y
2bf998ad-c92a-4b0c-a56f-fbd8c4329e78,2024-10-16,Oceania,Bronze,Y
7f4c22c4-880e-4430-8186-fab70f7a5db9,2022-01-05,Europe,Bronze,Y
41b97737-7a44-4182-9765-6c32abb4a80d,2023-09-01,Oceania,Bronze,Y
692c1fe3-3bb7-4e67-acc8-f989e232b97d,2022-09-05,North America,Bronze,Y
528f107c-55c1-423b-a427-89f14871ac70,2022-02-18,Oceania,Bronze,N
c5546ad0-9d62-4af8-a755-00916a4e9ed9,2025-02-21,Europe,Gold,N
536d3751-a46b-4f40-954a-5e5b90d02873,2024-04-19,North America,Bronze,N
cfc8457d-0710-4233-97c6-c47557ee2ce9,2024-06-03,South America,Bronze,Y
4f3c0388-ec61-43eb-b33c-4dee97d47986,2021-09-19,Asia,Bronze,Y
38f2c585-be94-4801-9dba-bf46e9f55d20,2024-08-21,Asia,Bronze,Y
0e0ec958-9ba3-448c-9018-11cb4544d03e,2024-07-05,South America,Gold,N
a175a9c3-d7b1-42a9-a332-a50e6992896e,2021-10-14,Europe,Gold,N
f4febffa-1b63-4b2a-aa25-a4e8683f6225,2022-05-01,Europe,Silver,Y
668c4775-ac77-43aa-b1c9-08d816b1298d,2023-07-20,North America,Silver,Y
43361f25-3897-4fe3-a642-f14a83f522aa,2024-04-07,North America,Silver,N
0038dc84-a3ed-433a-a722-2ea2261b5048,2022-10-22,Oceania,Gold,Y
7e0b6c5e-7afd-40d1-aa78-ff8a735811b4,2025-03-15,Oceania,Gold,N
34204712-68bc-4bde-bc70-f5fde2adbd15,2024-06-05,Europe,Bronze,N
9c788612-a60d-4c0c-a866-f62193ad7a76,2024-07-04,Africa,Bronze,Y
74d44958-9719-40f9-8a6e-c7747a5042f7,2022-11-28,North America,Silver,Y
28309a79-fc0d-4567-bb4c-e00fe730bbdc,2021-05-28,Oceania,Bronze,Y
c570896e-240b-4dd5-9c00-01e60d927c37,2025-02-10,Europe,Silver,Y
ab4315fa-d5e9-4b88-b53a-4ae0a0be04c5,2022-09-09,Africa,Silver,Y
ebf23019-3023-4a61-8468-02d42ee1b3dc,2023-11-14,Oceania,Gold,N
78d6736e-c249-4f8a-ab52-ad6e5a22c20e,2023-09-12,Asia,Bronze,Y
39b25b86-f52e-4a15-8885-e930f9640fac,2025-06-27,Africa,Bronze,Y
c335e611-f0a9-4ba0-94c1-2a89cc5bdf58,2022-08-09,North America,Bronze,Y
4080609b-7da5-4e11-8bd7-e2af5bb4065b,2024-08-24,Asia,Bronze,Y
ec63cef8-d657-484f-883f-b301f3401e5c,2023-07-08,Asia,Gold,Y
a126d75d-14df-46cc-8686-33f62a9acf17,2021-05-25,Oceania,Gold,N
9e860d59-94c6-4506-ab3a-5e70451bfc6e,2024-06-17,South America,Silver,N
4c8f505c-b4f8-4e25-ad49-20e3edc276a9,2024-06-11,North America,Gold,Y
4ad4a29c-912b-4a83-9622-88edd81ce41b,2025-06-23,Europe,Bronze,N
27f63d41-2b7e-404f-a321-b54ade10a04c,2021-06-08,Europe,Bronze,N
b5920752-939c-4c0a-824c-028029670256,2023-06-04,Europe,Silver,Y
48cc644d-eae5-48fd-9c31-ef0f532b24d2,2024-04-01,Asia,Silver,Y
78578658-af17-405f-8685-2f641ca35f8f,2023-06-05,South America,Silver,Y
ce3dce25-2b2e-47d7-99a8-a8efe23c1a49,2022-08-26,Oceania,Bronze,Y
05c2f0ab-d84e-448f-b2fe-0ed89dffaff5,2022-05-17,Oceania,Bronze,Y
bb0320e7-ee04-4878-a0d7-c7588304d2dc,2022-11-07,North America,Bronze,Y
85086b68-5ed7-47df-8af2-8ea0264208dc,2021-02-09,South America,Bronze,Y
bcfd7663-27e1-4751-8756-78cb49a947a5,2022-09-15,Europe,Silver,Y
14d3d56b-27c8-44ea-9c01-b91bc1597635,2022-10-08,South America,Platinum,Y
3ad24ac8-bf70-4042-9e7c-6795a8c6c2df,2023-03-21,North America,Gold,Y
5305f1e5-2f64-420c-81a0-d806fb0b4b9c,2023-04-02,Europe,Gold,Y
5ff2d515-f700-4e39-bebf-642f371be782,2023-11-13,Asia,Bronze,Y
afd66de4-9b5f-4127-9270-481c0bcafa10,2023-09-08,Oceania,Gold,Y
6a429bd5-cd71-42b4-9471-104f1859c5ae,2023-05-22,Asia,Gold,Y
28b64c46-ff60-4b7b-bb7d-92ee26802bc1,2023-06-12,Europe,Silver,N
8c394e76-8e54-4391-8fdf-4029e4ec4de9,2023-07-10,Africa,Bronze,Y
ebfb7179-1fbc-49d2-bae8-d68a4b7215b1,2024-10-31,Asia,Bronze,Y
7fde482a-b471-46b8-9e15-3c5cc082ee29,2023-06-24,North America,Silver,Y
4e8d0c03-0ef7-4054-8303-4cf68e5c4995,2022-12-24,Europe,Bronze,Y
4ad76a0d-5219-4d62-a25c-6c5cf629c955,2022-03-30,Europe,Bronze,Y
8b4205ae-782b-4d0a-ba29-56b7f54793af,2022-09-10,Oceania,Bronze,Y
862bd0a4-2f63-4fa7-be61-0d80c876fbd5,2024-12-30,Europe,Bronze,N
b354f19d-3d22-4110-a63f-69ea0d5098fc,2024-09-01,Asia,Silver,Y
b64e26cf-3c9b-4542-bb1d-23a8d8c823b0,2022-11-13,Asia,Bronze,Y
9edd5a9b-a920-435f-92eb-985f38cfa8b6,2023-05-18,South America,Gold,Y
fb5498c8-a5ba-4edd-bf9a-2833d320d3b2,2023-06-10,North America,Silver,N
fe498bc1-68e5-4840-9e26-24cd6a514ef1,2021-06-28,Africa,Silver,Y
0e3aa1ab-9186-4913-8487-7863394b9142,2024-05-01,Asia,Silver,N
ff17bd6f-c984-44fb-a656-1ffcc61c3d58,2022-05-09,Africa,Gold,Y
539777af-af29-4773-b81c-1b34c4ec5be0,2021-07-13,Asia,Bronze,Y
d8ac0a90-2159-4dd3-87f8-8b4fcfb45858,2024-05-18,Africa,Gold,Y
6b1b8c03-0b7e-4d79-8c1b-0d55933be58a,2025-09-19,Europe,Gold,Y
de55aafd-4a61-4c0b-b0a6-0c6bc565b841,2022-06-27,South America,Bronze,N
544ef47c-e1d2-4e67-96fd-7c654d012e49,2022-06-23,Europe,Gold,Y
78dc4a45-cbd6-4854-9246-9425ec03052d,2025-03-01,Asia,Silver,Y
1883b28d-cf54-4778-8e13-5f0c68392841,2023-12-21,Asia,Silver,N
0ac22c6b-4975-4aad-a6ad-60be72c0b8a9,2023-09-06,Asia,Gold,N
b61578b3-1b95-452e-a97d-b63144c769c0,2023-06-10,Asia,Gold,N
b9c7ae3f-6051-4883-8fa8-3c99580d9a8f,2021-09-02,Europe,Bronze,Y
44ac08be-4648-480d-ae6a-485299f0e968,2024-04-16,Africa,Bronze,Y
5eb7bc86-ae9c-43a4-9c90-99298c0e7e66,2023-05-01,Asia,Silver,N
b6302044-6513-4cf3-acd2-9a4ba444b4b7,2024-11-27,South America,Gold,Y
5708a21a-f641-4d60-b6b3-662dcb016af6,2022-06-09,Oceania,Bronze,Y
ea7dbecd-e06f-40d4-af53-5f89e401ce0f,2021-01-19,North America,Silver,Y
6499c67e-c68f-4b66-9cc8-2ba87fba11ab,2023-05-09,North America,Silver,N
0d4ef107-fe4f-4280-bb2f-da7528c74b47,2023-03-20,North America,Silver,Y
dae25c57-947b-435c-9416-21333374d708,2024-06-09,North America,Silver,N
c08724f3-58e3-459e-98fb-bbcb6332b5f8,2024-05-05,North America,Gold,Y
2fefad08-dc0d-4f4c-976e-46ee68ded8b8,2023-04-01,Europe,Silver,Y
24b9191a-5ab5-4061-a371-7250e4c90234,2023-10-30,Africa,Platinum,Y
874f113f-7641-449e-a7fa-08000f2b9331,2022-12-01,North America,Bronze,Y
b1ec4eb7-acf6-40e0-925b-08c95f3f018c,2022-08-29,Africa,Bronze,N
ff6c058f-a631-4506-8e35-f691ba8a4581,2023-10-15,South America,Bronze,Y
3d8c232a-7e74-4177-b047-55a677a0c7fd,2024-05-16,North America,Bronze,Y
1ab3e91c-4108-4989-9030-1dc4572e8940,2022-12-04,Africa,Gold,Y
58a7ba89-19ba-4bb8-a5de-a4e7d9e1a107,2022-02-09,South America,Silver,N
3de8de21-11d8-4be1-aeb9-c7a5fb0eb61b,2023-10-07,North America,Gold,N
a0b45327-af8b-4fb1-a53b-7a49a12a118d,2024-07-21,Africa,Bronze,Y
8bab4c1b-904a-4134-8902-8dd7a0d763f0,2021-08-05,Asia,Bronze,N
215a91fa-5814-43d9-a18c-d01a1dc904f9,2022-12-10,Oceania,Bronze,Y
498e3b9f-f442-4b76-b18a-821a5c7128b8,2025-04-29,Africa,Bronze,Y
0f92b3fb-081d-45b6-a224-81801d4ac6f9,2022-04-14,Europe,Platinum,Y
d67612eb-4969-457a-b1d3-7b9e3fc698da,2023-10-17,Oceania,Bronze,Y
62d6c2c0-9d3b-4597-80fa-78c041bb0626,2024-09-04,North America,Silver,N
6791ea9b-d83b-449d-a230-e9b9197ee3bf,2025-01-02,Africa,Silver,Y
efc69a91-fe60-47d0-b7a6-ff08c538486b,2023-11-20,Europe,Gold,Y
d1b50b65-e556-46d8-971d-bf18d70cad8d,2022-02-11,Europe,Silver,Y
8765084a-c3f6-4bc1-9263-a26f63025b9b,2024-07-26,Asia,Silver,N
4ebe21d2-48a3-40cd-aeb2-a48779b7b4b1,2024-02-17,Europe,Silver,Y
6aa49b3d-45c8-4af1-9b22-8a51b2f6900c,2025-10-06,South America,Bronze,Y
5bf14572-57e6-4ee7-bf9f-dac8b89f1b65,2023-05-25,Africa,Gold,Y
32605358-c566-460b-94dd-126a9764a626,2023-03-28,South America,Bronze,Y
79c75f62-98e9-4578-9f53-4069cf9e39b1,2024-10-19,South America,Bronze,Y
5c9f1a81-301c-43e0-8664-365c65555601,2024-05-26,Europe,Bronze,Y
5f3f9fe4-d4ac-4cb2-b4be-7cb292c04163,2021-10-21,Asia,Bronze,Y
f15e6976-6343-4154-a3fe-37bd904b9616,2022-11-09,North America,Silver,N
0f953c6a-edab-48b8-84f6-684bc3121a5c,2023-06-11,Asia,Gold,Y
afd5b90b-41a6-4c90-a91c-0da1a5630d3a,2021-12-15,South America,Silver,Y
77656969-40a9-407d-8df6-cfdfafdf6f60,2024-11-26,Europe,Bronze,N
81238f51-5251-4c2b-9de3-35c276252e09,2022-06-28,Oceania,Bronze,Y
8658ae03-0560-4032-878a-07081f6a5a54,2023-12-08,South America,Gold,Y
bd934eab-cf53-4f3f-bfc3-11bc3906f2a9,2023-10-25,Africa,Bronze,Y
b240c292-ffe4-48b5-adae-c2d14bae5d71,2023-03-01,Oceania,Bronze,Y
982adac8-006a-4215-8d31-83764ac436fa,2024-03-05,Asia,Silver,N
94734218-3c65-4ef2-88ab-3f601a03886e,2023-11-29,Asia,Silver,N
1d9a1365-39a7-4d49-ae15-f28a90870c83,2024-01-13,Asia,Silver,N
1c7f1fc9-6d3b-4682-a40e-7ff0bbc34e9a,2021-07-03,South America,Bronze,N
1da7bdd9-e0b9-4320-b6c4-f6b29b0db81d,2023-12-06,Africa,Bronze,Y
e1d2f4ec-2304-45d2-abe9-599384354724,2023-05-04,Asia,Bronze,Y
26c3aaf7-d8ba-4d48-94e6-cd669be8a7e0,2021-11-21,Oceania,Silver,Y
bf15e7c3-3da9-4900-b590-2b6b9de2d438,2021-09-14,Oceania,Silver,N
36245ed3-f0c8-4c82-aea9-e82893df2e42,2024-03-11,South America,Bronze,N
56badfed-abc0-47a8-a53e-b3e63fcc1260,2024-03-18,South America,Bronze,Y
4630a296-fb98-49a5-9bbf-5afa2443cd79,2023-03-20,Oceania,Bronze,Y
1ebe1730-60a1-4722-9893-75a48398ecd4,2023-12-27,North America,Bronze,Y
cf03c9ad-72d5-68d4-1ed6-d4366cfc3638,2025-12-03,North America,Silver,N
10e7ee6f-1c15-455f-bf6e-074d865fe33c,2023-02-25,South America,Bronze,Y
f8ea1476-ee5a-4c08-8532-dbd465568a44,2024-07-06,Asia,Silver,Y
5ab3f581-f026-45a4-a83e-64c0c9b0088a,2022-07-24,Asia,Bronze,N
5b025984-ffe3-42af-ac7a-79648e0129c2,2024-10-18,Africa,Bronze,Y
bc9b235b-c63a-4e9a-b7b2-e442b4708bd9,2023-08-26,Europe,Silver,Y
83685a5e-88e5-40f5-9abf-52bca921f65c,2024-11-02,South America,Bronze,Y
1b5a4c97-91fd-48fa-9e0f-a86f1ed5dec1,2023-03-25,South America,Bronze,Y
64e76da1-bf21-4991-903e-19e9ff546b60,2022-03-10,Asia,Bronze,Y
afb9b175-f808-493a-af4c-460508f0d796,2023-09-14,Asia,Bronze,N
5329d1d6-28c2-4521-8a4a-c7d27fd056d1,2022-12-27,South America,Bronze,N
5b07045f-78bb-4b31-a8cf-04fa582f1aa1,2024-06-14,Europe,Silver,Y
2a5b17f6-fe8c-4276-bdf2-612355098451,2023-02-24,Europe,Bronze,Y
af31dee8-81ea-4853-8415-a46760a55b8e,2024-02-07,Europe,Silver,N
19da32c6-5ea0-4452-80a3-3bb9c5a07eaa,2023-12-02,Europe,Bronze,N
29e9c860-439b-4b4e-87cf-b5f4d804ec1e,2021-06-23,Africa,Bronze,N
99761ae3-9330-4626-bac3-4112bf6247e2,2022-07-02,Africa,Platinum,N
e72f3acb-a16c-45eb-874a-abc61e9c4a25,2022-05-04,North America,Bronze,N
80978429-f441-4729-95c2-9fad472a3308,2023-08-01,North America,Silver,Y
8d0dd87f-ae2c-4d9a-8b66-6ff70cbb6087,2022-08-09,Oceania,Gold,N
c7fa0bf5-bb2b-4ac2-a00b-2b3d7132f5aa,2025-05-12,Africa,Gold,N
067965ab-61e5-48ca-9261-14b7142a6f47,2023-07-01,North America,Gold,N
03c50ab3-02a4-8d6e-5a9e-fefcf07c0e77,2026-01-08,Europe,Bronze,Y
ffbb5901-b85c-4d0a-97e6-d31adcf67d9f,2022-07-19,Oceania,Bronze,Y
9e87b30d-7417-4cb1-a5a7-69e8e790e76d,2024-03-04,Africa,Bronze,Y
b1e22571-4212-4f7c-8854-a4ca0459b778,2024-06-17,Oceania,Bronze,N
06531d47-4867-4b30-b956-77318a4cfe1f,2023-07-30,Oceania,Bronze,Y
c5f8e2f8-414f-4994-a845-77805e20c957,2021-11-22,South America,Gold,Y
def1c799-9cdf-48fd-95cc-89b0067e6df1,2023-02-20,North America,Bronze,Y
8bd9c270-ab77-4b51-af5f-351e2c9f7c77,2021-11-20,South America,Silver,Y
bfa99ddb-f22c-4a47-8863-96750d8ce576,2024-01-26,Europe,Bronze,Y
40a55e2b-abdc-425e-938d-36ad2cb2e5e2,2024-01-04,Asia,Bronze,Y
590dc4bf-9019-4c4a-8e6b-bcf73378d6c4,2024-05-04,South America,Bronze,N
f10dffb6-f8c3-453e-b6cf-c4c4c8026a45,2024-04-04,Europe,Silver,N
1bd5f014-3de1-4ef6-b77d-a5d025f78b6f,2022-08-17,South America,Silver,Y
9b9b4213-1fe3-46e7-a4ca-27449ea1c75f,2022-05-06,Asia,Bronze,Y
81e2db6e-be49-4a02-98f9-8c93929b98d1,2022-07-26,Europe,Silver,Y
1cb8d52e-b378-48bd-a0e8-821d430dd383,2022-11-16,North America,Platinum,Y
05998b63-ccde-41d1-9947-5efc5e096fb6,2024-09-27,Africa,Bronze,Y
d9750f00-d5ab-48ae-9112-fbc03d8f95f4,2024-10-22,Oceania,Silver,N
627eb0f7-2a2a-4ad3-83d4-84f640c1a49d,2024-01-04,South America,Bronze,Y
9e9add66-024c-49c6-bebd-2f2326701a88,2023-09-21,Oceania,Bronze,Y
971524f7-79f2-4cc8-986b-77203bdc4331,2024-05-31,Asia,Silver,Y
2ddbe035-6e01-4dc9-9035-7ce003388a9e,2023-04-14,South America,Gold,N
cc56afd5-1208-4360-b9c4-7e7b20391c50,2021-03-13,Africa,Silver,Y
c2ee81bc-812e-432c-ad6b-9c9023e28314,2024-05-18,Europe,Bronze,Y
81951a47-fbbb-4051-8484-ed40e2236d87,2023-10-28,South America,Bronze,Y
a0bf916e-368b-4c39-9885-3e91507c74d2,2024-10-09,Asia,Bronze,N
0c81f9b0-4e25-4c38-a5b9-1de231d6241c,2023-02-15,Africa,Bronze,Y
d22c0fcb-a709-4845-be77-12d84b89d5d8,2022-11-21,Europe,Bronze,Y
54ddf73d-205a-4371-b29f-e6f9d6a22273,2023-03-24,Europe,Bronze,Y
68a381d7-fe2a-4078-b143-676d11be1b8f,2024-10-10,North America,Gold,Y
91d0f10c-beec-4573-8d6d-3176ee089381,2024-04-23,Africa,Gold,Y
3d57ee27-33da-4fc1-8d47-e26d1ef7a52e,2022-08-06,South America,Bronze,N
9f9bc7bd-5c3d-415c-8a74-982e56ca0fb3,2024-06-21,Oceania,Gold,Y
b1d9deb7-8ac0-4308-bac9-222493b66c15,2024-11-10,Asia,Silver,Y
c5203938-b338-4d54-a57e-d7b188c0cd16,2024-05-03,Europe,Bronze,Y
40367b57-8412-4b3b-8961-d047a67368cd,2022-05-29,Asia,Bronze,Y
d14dfe1b-9817-4ce0-9bb9-97226ed53543,2023-07-15,Europe,Gold,Y
0f8e3a49-03e4-49e9-98fe-45de76c3281c,2023-05-08,South America,Silver,Y
79410518-660d-4b8b-a82b-43a54a912802,2023-04-08,North America,Bronze,Y
7bd63c59-d7ea-4d5d-9899-4a8bad5d5c2a,2022-03-01,Africa,Gold,Y
58e28d0c-8355-4561-b904-e5b9dd1ddb21,2021-08-05,Asia,Bronze,Y
f83cad25-6468-4486-8083-ff044cf4b3de,2023-07-24,Europe,Gold,N
91354360-eb5c-4275-9ca4-c51c5e92249f,2024-08-08,South America,Silver,Y
f6e920ac-3733-4608-bc3c-bbb94c63c61b,2023-12-17,Africa,Bronze,Y
c854427a-9eee-4880-81aa-d39aab399e3d,2022-11-07,North America,Bronze,Y
b5e2cf5d-4547-48d9-90d1-cc8aeb0a0a80,2022-01-06,South America,Silver,Y
ca8e8e6b-4316-4435-bdc5-5f44d9f0ade0,2023-09-13,Oceania,Platinum,N
bd0af4fa-b6d9-466a-954a-677d34af7216,2023-05-20,Asia,Bronze,Y
bbaa574f-e0e3-45ce-84af-ecb79f2ebefc,2021-12-25,South America,Bronze,Y
00bb0012-7f06-48bf-8fcf-bf69f8d8b79a,2022-10-22,South America,Bronze,N
60e4ee04-d7c7-4cac-8478-bbd08d9cffd3,2024-11-21,Oceania,Silver,N
c2cb0dc5-3ec9-4e84-8dd6-cc77067b7dc9,2024-09-18,Asia,Bronze,N
5cedfc38-5c30-45d9-b211-3cc07108a855,2023-05-15,Asia,Bronze,N
1988b7ec-4a09-4bef-881e-fa1ff412b349,2023-03-17,South America,Bronze,Y
b89a3e7c-5476-4d30-b657-c7e808510276,2021-07-10,Asia,Bronze,Y
c02d56d7-e626-48b3-b038-98bb4a72e12c,2022-08-10,Africa,Bronze,Y
a8b59f56-21c2-48d0-b135-f6066b7e7422,2024-05-14,North America,Bronze,Y
ae4e31cf-594e-4567-babf-14cd094d4ebd,2024-08-21,North America,Bronze,N
11adb0d0-ad61-4634-8315-e733677af5c5,2022-02-03,Africa,Bronze,N
8de11cb0-04d3-4f73-b003-ac1930c2d46f,2021-07-05,North America,Bronze,Y
3f6c9df5-394d-42c9-8b57-5c1124ced0a1,2025-02-16,North America,Platinum,Y
777ae580-a3bf-48ae-a602-18e18fb00c5f,2023-11-14,Europe,Bronze,Y
d2690f57-b14e-4a2e-9187-7bc86abda041,2024-05-01,Africa,Gold,Y
7dfcb03a-8f11-460e-83cb-763e38767632,2022-01-03,Asia,Silver,N
d9e30a2a-5730-45bd-9ba9-dbd7e8df92cb,2023-02-22,South America,Bronze,Y
fac2de8b-d309-49f4-962a-f80e01ca939f,2022-03-08,South America,Bronze,Y
1b2375d0-b38f-40f2-8dd8-67e55f26b2a6,2023-06-26,Oceania,Bronze,N
9d1b7107-2be2-43f9-b0be-2bcf007ba077,2023-01-03,North America,Gold,Y
273c5b2d-f2cc-41b7-8eae-97100f5ee233,2022-12-21,Africa,Bronze,N
55596ce8-cd06-416f-95e0-bc9ee8909be7,2021-07-16,North America,Bronze,Y
39a31c1e-0fdd-443b-ae3b-7ea146d2befb,2025-07-12,Oceania,Silver,N
99c11bd4-2c68-436e-967e-92bfb7f8e534,2024-01-23,South America,Platinum,Y
66dbb507-ea58-4411-81cd-8f3c7d0b57ce,2023-07-29,Africa,Silver,Y
c881464b-c358-4cfb-875f-a0cf4974e1b7,2023-01-10,Asia,Bronze,Y
41842818-7442-412f-bcab-9298ae1b0ed0,2024-03-26,Asia,Silver,Y
42e06d07-12ec-4ddb-a566-6bbd7695ca97,2023-08-14,Oceania,Bronze,N
d6e00eb9-5ea8-4892-a8c9-cf595ef3943e,2023-07-01,Oceania,Bronze,Y
6650aee8-2a98-4495-9b89-d3838432986a,2023-10-22,North America,Silver,N
e31db345-7b6b-411e-8aeb-99597ca2f582,2024-01-21,South America,Silver,Y
555c56b4-fb4f-405a-973a-346817e3add9,2024-07-24,Europe,Bronze,N
e6bddcc3-e6f8-4195-a091-b634a8cef04f,2021-04-08,Africa,Bronze,Y
e3d43569-b064-4420-b101-362e1a6c8913,2023-06-03,Europe,Bronze,Y
37d02fb3-e13e-42b5-a617-9f06a87fce58,2024-11-28,North America,Platinum,N
a6916820-1df2-4a39-b615-097059abd2db,2023-04-03,Africa,Silver,Y
febbc710-1973-4634-9153-5994eafd680c,2025-10-10,South America,Bronze,Y
ff12b988-79e2-453b-98a7-72d5d79788b6,2022-12-02,North America,Gold,Y
89da9d78-5a20-4e04-9e00-2e3b0f7c1a7b,2023-09-15,North America,Gold,Y
4d010484-6874-4761-a293-bede22d31d02,2022-12-29,Europe,Bronze,N
ae0ffb93-769d-439b-8518-1416ea188d1a,2023-02-14,Europe,Bronze,Y
0ed4f4ff-2215-46f5-b4ae-db9480da5399,2024-01-28,Oceania,Bronze,Y
eb0407b7-7dcb-4d3f-8959-cea1b792c9cb,2024-09-06,Europe,Bronze,Y
9ee96654-b7ca-4d05-916c-8b8abcb42e14,2023-01-08,Europe,Gold,Y
530ac1c7-b8ba-4368-8fc7-77685ebbcca5,2021-05-31,Asia,Bronze,Y
13e03fd6-96ca-40b3-ab96-69a67e5e3608,2023-02-05,Asia,Gold,N
f85c49cf-844a-44b4-87a4-f60ae94bfee9,2025-05-13,Asia,Bronze,N
c2d2a9dd-e511-4bfc-b193-00ceff72f4b8,2022-12-27,Oceania,Bronze,Y
a08f0dae-8b9b-4fbf-afdd-13628380186b,2023-11-02,South America,Silver,Y
33adfe79-efea-4645-a245-e9d77de736fc,2023-05-14,South America,Bronze,Y
249e4334-f556-4d71-bba4-786255fd880a,2021-11-19,Africa,Bronze,Y
c81e660e-8de9-4f45-bc60-ddd6b9a05e77,2025-03-16,Africa,Bronze,N
d63327dc-68a6-4c04-b889-cc66471c5a71,2022-06-03,Europe,Bronze,N
d1eebe93-dd78-4dda-a155-678e71a91222,2023-07-19,Africa,Bronze,Y
995a0113-c00f-4792-b352-201a30c9be41,2022-12-03,Africa,Bronze,N
513826f8-7f73-45cb-aa31-a10b4bf8a3d3,2023-10-04,North America,Silver,N
7aa88007-c342-4f31-8b0e-12c48194dbaa,2024-01-19,Asia,Gold,Y
4a5b54a7-743f-42bc-9ede-113e96961b99,2023-11-28,Africa,Bronze,Y
138a12a1-18c6-462c-a079-0fa55f2da8e0,2023-05-07,Oceania,Gold,N
7bf0e7bf-3174-4357-b13a-315f0bc23f89,2024-07-18,Asia,Platinum,Y
1e41361d-957d-4de3-8b00-5de316db34c3,2024-12-10,South America,Silver,Y
080486d4-edf1-41e1-87a0-a8f918166ea6,2022-02-05,Africa,Silver,N
9a2a6d77-6521-4e2a-8afc-7724cf4c1bca,2024-05-23,Africa,Bronze,Y
a23da939-7d82-4153-b800-3271d25ab894,2023-10-08,Asia,Silver,N
a03e235b-6c41-41b7-9d2d-e8daf1ec53e1,2021-12-08,Asia,Bronze,N
7aaa6336-dda2-4bfd-a747-70a19f29f7df,2023-06-22,Oceania,Bronze,Y
a4dda659-67f2-47fb-9a41-6b1688a82092,2024-09-17,North America,Silver,Y
a69686fc-36ed-48dc-8428-ef63e54cc0f7,2022-12-03,Europe,Bronze,N
dd839d94-bc11-4e6d-8657-52d85849b91a,2024-12-25,Europe,Bronze,Y
35354a93-0a94-482b-b85a-ef5b36cf56e7,2023-03-03,Africa,Bronze,N
5ff540ca-9038-4b45-916d-9a42e7b795f9,2021-08-27,Oceania,Silver,N
d2727908-d735-492a-8ce4-02d1a5b2782b,2023-10-03,Asia,Silver,Y
e86f8bd4-cda0-4cab-aa90-c9c8cddb8f2d,2023-12-15,Asia,Gold,N
920368b2-a9b7-4b58-961a-a5bea4e343db,2023-10-18,North America,Bronze,Y
b08307e1-a9b7-41f5-a0fe-d1f372fa10f7,2022-04-22,Europe,Platinum,Y
839811e8-8034-442b-af0f-9195b68f04e3,2022-12-14,Asia,Silver,N
2404576a-13d6-4942-98ed-02a8868259c4,2022-11-16,South America,Silver,N
aa9bc58b-378f-4cc8-8d23-4a55ef71374c,2021-06-22,Asia,Gold,N
631c18ea-932a-471b-a02b-938252f21af0,2022-12-26,Oceania,Bronze,Y
50cd2e94-99ec-4869-979c-7cb923c1ec1d,2022-12-18,Europe,Bronze,Y
c7e9bd6c-ca82-49fc-9d01-4f859cb08acd,2022-05-25,Asia,Bronze,N
7fd9c675-d904-4e7f-866c-d4d7c6ee9a92,2022-03-05,Oceania,Gold,Y
4e5dc22a-d907-4dba-aaf3-8193211cc2c3,2022-09-25,Africa,Silver,Y
b21dce97-f032-47f1-a101-deba05cb26f6,2024-05-19,Europe,Gold,N
2ef2cafe-5d2e-4783-aa66-8d081134334b,2023-11-14,Asia,Platinum,N
90ce77e9-7513-43b9-87de-96ea2b0fbe44,2024-06-17,Africa,Bronze,Y
ea2aaae9-60a6-4e36-85d9-6457a10db698,2023-06-15,Oceania,Bronze,Y
6d3b4080-a2fb-4928-a6bf-dbee06242ac0,2024-01-03,Asia,Bronze,Y
31ea2821-3034-4270-a81f-f52852ec03ca,2024-12-20,North America,Gold,Y
68b40bc2-68c9-41ec-854e-9f38c002c580,2023-11-15,Oceania,Bronze,Y
479eb95c-3729-4e8d-b6fd-a85277275d4d,2022-12-12,Oceania,Silver,N
864c1d67-2463-4434-afbe-bc777e2de034,2025-02-15,North America,Platinum,Y
f96af2fa-b5d0-42dd-934a-532cf13043f0,2023-11-01,South America,Silver,N
31db836b-2829-4da9-a76b-5b69ad8e9637,2024-02-11,Asia,Platinum,Y
5e57d7f4-5c27-46b7-95e6-b91db27c7e0f,2023-11-13,Africa,Gold,N
af93db35-85ac-43d2-aef1-55e9bf554375,2023-07-14,North America,Gold,Y
0480957c-dee9-4938-8e06-1675bc067c19,2021-12-12,Oceania,Gold,Y
d85b6e9a-8453-4645-86f3-f304cbc53d6c,2023-03-04,North America,Bronze,Y
cfa57f25-8f67-4b46-97af-d8f26e1450f9,2024-08-06,Europe,Bronze,Y
9cf3c844-0281-4794-9239-348d9d67e2c5,2023-04-15,Oceania,Bronze,Y
5c8fa643-2dc6-4d2c-9429-3c84738b0e4d,2022-07-05,Europe,Bronze,Y
34b16488-cb4a-4b4b-aa68-3e184fc40b0a,2025-06-12,Europe,Silver,Y
ee260218-577c-4ea1-855f-468f9c401f8e,2023-03-22,Africa,Silver,Y
f3b092b7-3364-4f27-bb9b-04e7d490e1fd,2023-10-22,South America,Silver,Y
7e7838c9-ca55-438b-bc9a-be10238d6f44,2022-12-03,Asia,Gold,Y
d5b250f9-2a4e-480e-acb2-136bf41caec7,2022-12-14,Asia,Bronze,Y
5a4af4d5-7301-4dd9-9fa8-133302a6bcf9,2024-07-16,Asia,Silver,Y
a6fdcef2-0f45-49d7-b685-d55f623ff9db,2022-10-23,Oceania,Bronze,Y
4188431e-6c96-478d-9f69-881a2adf10e9,2022-04-14,Asia,Gold,N
c25d52c2-cbdb-4d33-af65-665fae2054f6,2024-01-03,Europe,Silver,N
5d8720de-2f63-46e7-a7a9-ba993a6664d1,2024-03-11,North America,Silver,N
4ea6341a-1a4e-479b-ab78-b28f04b17841,2023-05-31,South America,Silver,N
bab5c54b-5a48-7fd6-2ef0-17e7888546da,2025-12-21,Africa,Bronze,Y
89ef698a-ca46-439f-93ba-dc3ecc5bf684,2024-01-21,South America,Gold,N
af232ade-f039-415e-9539-348fc8e83907,2022-11-14,Europe,Bronze,N
312dd27a-87c8-9c01-86fc-96c7bc38bf24,2025-12-24,South America,Silver,Y
34b9e468-9f7b-43b6-a14d-cf973c3b41fc,2024-01-23,South America,Gold,Y
1f602dec-3f2f-4e63-8120-85a5da0401c9,2022-04-28,Europe,Bronze,N
0af9293b-07d2-41ac-ac23-07b672b0d47f,2024-10-01,Europe,Silver,Y
75b772ff-fd61-4469-b428-ef4d3cfdee39,2024-02-17,South America,Bronze,N
c3a00c6f-2321-41e1-8471-04c036136e15,2023-01-02,Asia,Bronze,Y
a77da148-da05-4220-9eee-2c9f9970007f,2021-08-30,Asia,Silver,Y
b21d1924-bd2a-4b9f-bb30-e92a60c2ad65,2025-02-17,Europe,Silver,Y
5f5b5856-2683-4f15-b4a1-6d5c0394f6a0,2023-02-16,South America,Gold,Y
8c31d850-ee4e-4cf1-9406-cfd13474d315,2022-10-05,North America,Gold,Y
8001a023-458b-471e-863f-7404769f6056,2024-06-07,South America,Bronze,N
efc44d72-39b9-48e6-9ef8-2b0da14cb296,2022-08-21,Africa,Bronze,N
a06ebb06-5774-4216-8545-330a04be618c,2024-07-21,Europe,Gold,Y
ccd3af49-8dab-4a98-8d5e-c047e8273beb,2021-11-21,Africa,Platinum,Y
839a50a5-b845-4c08-8de3-469713f77dba,2025-05-15,South America,Gold,N
74d54610-ae4b-4031-9dd7-2830d3eb39bb,2022-12-15,Africa,Bronze,Y
e1c4cc44-f8cb-4a5c-93b8-fba45f1d437f,2024-09-15,Africa,Bronze,Y
a18b6360-730d-4e83-8cd6-73b9188e0715,2024-07-21,Africa,Bronze,Y
b3338169-dcfc-4b72-abbb-ae74db9b4d43,2024-07-14,South America,Bronze,Y
48e724e4-c7bb-4252-9444-b5f81df52cb0,2023-03-27,Europe,Bronze,Y
19700db9-f0e7-428d-915d-5b79ac2144c3,2025-01-02,Africa,Bronze,N
614b4c69-ab5d-4ef7-b93c-99d14fd6b653,2022-12-07,Europe,Bronze,Y
752ba281-c9e3-488f-878b-cab9b91243a6,2022-02-27,Oceania,Bronze,Y
581993cc-41f9-494a-8f5d-337fee8d5daa,2023-07-24,Oceania,Bronze,Y
2c1b5208-98be-4419-9d13-c37dba144430,2022-09-22,Europe,Silver,Y
0a44b229-af3b-4315-91f2-b01b93731894,2023-11-30,Europe,Bronze,Y
cfc86e84-523d-43f9-8a9e-5ce82544bd53,2022-02-23,South America,Gold,Y
f44f3085-003d-4fcf-a78c-22c81263ead3,2023-07-27,South America,Bronze,Y
33b20e48-58ac-493e-a401-9bc7dbe2dacc,2023-10-31,Oceania,Bronze,Y
f186e47a-a794-4320-8cf6-e8b87fd238c3,2023-11-13,Asia,Silver,Y
a20bc47d-6724-4e29-bd95-8b6ed31f3cf4,2023-06-25,Africa,Gold,N
171265e5-eeb7-495a-9157-0c0d9fd3c6fe,2023-06-15,Asia,Silver,Y
98bdd2b8-6908-4ea0-a7f9-2e136a5bd0d0,2023-09-29,Africa,Bronze,Y
8e392317-ba35-45cc-92e4-446dc5784a40,2022-03-28,Oceania,Silver,Y
f295afdb-dbe5-4057-8832-0ec29408d639,2024-02-05,Europe,Bronze,N
6959046d-ae0f-401d-9f11-bed76a2147bb,2023-10-11,Oceania,Silver,Y
e1fd8e85-fff0-46a2-bb79-05b846099f3e,2025-05-30,Africa,Gold,Y
0daf3372-5405-40ca-9291-a86873b6311f,2022-07-13,North America,Silver,N
459db719-919b-4387-8a69-e9eef95bd40e,2024-01-04,Oceania,Platinum,Y
10bd7a38-f1ff-4b6a-83b3-1ed850c6443f,2024-10-19,Europe,Bronze,N
e359e5e1-8458-4fa3-bd2c-d7e342295702,2022-05-16,Europe,Bronze,Y
2f4c0489-1a73-4394-82c6-ccdf824a7619,2022-10-21,Europe,Gold,Y
da0434fd-bf3a-448b-9a1b-4d6d578b4cf1,2025-07-11,Asia,Silver,N
70143c6d-25c3-46ff-809c-2c6b89011a2a,2024-02-01,North America,Bronze,N
5113f539-e93a-4007-884d-c4be6696c3fd,2023-01-16,Asia,Bronze,Y
459bb4e0-0568-4120-b8b2-7455ccd7131d,2021-12-09,South America,Gold,Y
0971bee4-553d-4bba-aada-3e53e58b2476,2022-05-26,North America,Bronze,Y
f63cd029-1457-42a4-af94-3bb6a9889449,2025-05-31,Africa,Bronze,N
3eba8e31-0881-4ccd-8d0f-5520f38dec0f,2022-05-01,North America,Bronze,Y
9a2c566c-0c30-4ab1-a66b-268cfa5e2914,2023-02-07,South America,Gold,Y
3d66e5f1-c03c-447e-875f-2028d1495beb,2023-01-01,Africa,Silver,Y
dbe5f454-8d8b-4190-a0ca-5e562ab7ab01,2021-12-15,South America,Bronze,N
ce13cd56-3e16-4d57-bf3b-e8c3299420aa,2022-06-17,Europe,Bronze,Y
9f897745-e744-4329-a26e-7681e3a8e2d9,2022-04-04,Asia,Bronze,Y
d4f8d7c3-f2ad-4ec9-9751-a07d100220f1,2024-02-02,North America,Bronze,N
83fc7eda-c63b-4662-ae5c-3e02607816a9,2023-05-26,Africa,Bronze,Y
87a923d0-46ca-4a9b-8837-922ed5a303b6,2022-06-20,Asia,Gold,N
68695f07-1550-41d0-97af-dba2d50d90c4,2024-10-07,Asia,Silver,Y
b02c8c24-d639-4576-9049-b8fc357eb820,2022-10-11,North America,Bronze,Y
150eac90-e170-43e5-bfc2-8199bd571e89,2021-08-24,North America,Silver,Y
d6842f14-03cd-401a-8e6e-4dcc5276aaa3,2024-01-25,Asia,Silver,N
e9d2fa12-e8c3-4491-b504-990af74dde68,2023-05-06,Asia,Silver,Y
4eaeba0b-f07a-4ab7-8b9f-82a53f76f3b0,2023-06-24,North America,Gold,Y
e8623a5e-8c72-43ba-9205-aa60fdc135ed,2023-06-16,North America,Silver,N
935b5a4e-3ea3-470a-85f2-3922d0394481,2022-05-23,Africa,Bronze,Y
b90f0b18-d6ce-4975-8a75-3c9e17b854c9,2023-12-07,Asia,Silver,N
cde0ccad-4264-41ff-ab1f-85ed21f4aa7e,2023-01-11,Europe,Silver,Y
fca264f8-6977-464d-b58f-8c3207308432,2024-09-21,Europe,Gold,Y
ad238d36-dc32-4c97-b9c1-e262f76c8ede,2021-12-08,Europe,Silver,N
08c7d13f-abac-4ff9-b5d9-b43e8d95dad6,2022-09-18,Africa,Bronze,Y
8afa0c5e-e62b-4207-b9a1-c64ad53de14a,2025-08-05,Africa,Bronze,Y
4c09ac2e-6dcc-4615-8e59-73748294d237,2025-04-23,Africa,Bronze,Y
49eaa97b-fa71-413c-95a2-e6b1194767b5,2022-11-26,Africa,Bronze,Y
b0849df2-18d6-4178-85f9-8f7d7f22d4d5,2024-08-25,North America,Gold,Y
1693824f-f647-4d59-baba-415b3b613c2c,2023-11-02,South America,Silver,N
31e31523-df03-4e15-b1e7-38c5b991db80,2025-10-06,Africa,Gold,Y
8fb00ea8-684c-449a-b5b3-6d8a7276ef02,2022-12-15,Asia,Bronze,N
26344a66-7a96-48c2-aea5-98f9495bfb6f,2023-03-21,Africa,Gold,Y
a52b4d88-fda7-4ff3-a76c-11fcda9a9daf,2023-05-11,Africa,Silver,Y
cd8badd2-8fcb-4cf8-a3de-261fa5cb2573,2023-08-01,Oceania,Gold,N
9fa30813-2389-4905-9a2d-47fdb3debdc3,2024-02-22,Asia,Bronze,Y
35923990-fc86-472a-9a19-a85c1ef982c9,2025-03-04,Oceania,Gold,Y
d99cd3a8-eb87-4518-a441-a0a58ff91293,2025-01-24,Oceania,Gold,Y
bdc7c359-ad35-4fd0-85dd-b4e358e817ef,2023-09-19,Africa,Bronze,Y
02c6a749-0df1-4962-bd98-1e03c617a4f9,2023-12-29,Asia,Gold,N
61caebb9-3d83-4b24-89d0-45bc49446d1e,2022-11-22,Europe,Platinum,N
964c5411-e8b7-4cf5-a975-6162a41f4c10,2024-08-20,Oceania,Bronze,Y
4e47dc79-facd-4bb8-95ae-1bb2d2771005,2022-10-12,Africa,Bronze,Y
4b8a7264-c538-4878-a8d7-3bde691f7de3,2025-03-22,Asia,Bronze,Y
2ab8c610-e7e3-49b8-918d-a4887d5704df,2025-01-09,Europe,Bronze,Y
33528551-20c6-4af6-8ace-06d905a13ea1,2023-11-30,Africa,Silver,N
e678b181-c195-4666-a663-704d5f082eb7,2023-09-30,South America,Bronze,Y
a94cd1cb-46d8-430e-8c30-4d149b204b4a,2024-11-14,North America,Bronze,N
71c50b25-1af6-4c3c-a5dc-3b0c8ec67c3a,2025-07-06,Asia,Bronze,N
5ab065d2-6d2c-48b8-a1cd-3ef58f405d61,2021-10-04,Asia,Silver,Y
86a89f38-a124-41d4-b5ce-2807034fb25b,2022-12-21,Africa,Silver,Y
7051c804-39e8-4db4-98a9-2f731870eae8,2023-01-11,North America,Bronze,Y
b8cbab80-5024-4521-b8c9-fbee8a3f29dd,2022-07-14,Africa,Silver,Y
dd4134c4-6d95-4e68-8716-4cd25fb27eb2,2022-11-04,South America,Gold,Y
6b779bb9-739b-4e04-973b-0a1017686d40,2023-06-28,South America,Bronze,N
b05d5545-a7e0-4d76-afc5-e37caa4aa287,2021-10-19,Oceania,Silver,Y
ba7a32fe-30d8-4dfb-b1bd-9d3f918c2b6d,2023-01-11,North America,Gold,Y
b1441eb8-38f2-4c5c-bab7-bb3b585af8eb,2023-05-30,South America,Bronze,N
9aa64754-c2ea-44b2-a716-b3d06536010d,2023-05-26,Asia,Bronze,N
368570d1-b68c-4aac-ae3c-3e18d631a566,2023-06-30,Oceania,Silver,Y
09833fe6-b74b-4f20-a590-cc4926e01052,2022-08-26,Europe,Gold,Y
63619e38-d21d-4ff7-9dc1-cf1e6f0413f1,2025-03-09,North America,Bronze,Y
8502d93e-eb20-444e-b509-b50ddcb7ff57,2021-10-27,South America,Bronze,Y
43c2c18d-86e4-4870-aa80-4c777d6ab4cd,2023-12-15,South America,Bronze,Y
ea164b91-f3a0-4aaf-a852-8d4875225396,2023-07-02,South America,Gold,Y
b31083a0-5215-65ee-c65b-c093f90047bb,2025-12-18,South America,Bronze,Y
da5e1572-06d4-4990-932d-4ea01c8a80c5,2025-09-08,Europe,Bronze,Y
f34b6900-146d-492f-bc4d-efb0cae47c05,2023-02-06,Europe,Bronze,Y
996ce209-12f7-47b0-be1a-cc1c6c253fd3,2024-01-30,North America,Silver,Y
3db0d591-a803-4cbb-98e3-048bbaa2119c,2021-07-08,Asia,Bronze,Y
3309cd89-f26d-4669-95e3-8f96a2bf0f3d,2023-09-22,Asia,Gold,N
3476581f-b967-456d-b68a-2097417cf2ed,2022-11-22,Oceania,Gold,Y
84da3e2e-4407-432c-8f3a-984850ed57e2,2023-09-12,Europe,Gold,Y
799a2331-a8ac-4073-91dd-c674a41674f1,2022-10-30,Europe,Gold,Y
5514a8a5-d317-4e2a-95de-5c9ba42e4120,2023-02-17,Asia,Gold,Y
1febc9af-b2a8-4456-884b-fa8ce3593ee9,2021-05-25,Africa,Platinum,Y
79fb464e-10cf-403f-a9f0-517b28eab54a,2024-12-25,Oceania,Bronze,Y
81556bb2-8270-43f1-b4e3-1b15c2d953ba,2022-07-25,Africa,Bronze,N
e9c74cd6-2128-41ac-a0ca-4b4c2e3cefe0,2023-02-24,North America,Gold,Y
a883c5f5-c94b-4890-82b9-bc79b10f0863,2025-04-13,South America,Bronze,N
6917a9fb-beb7-4b53-9ecd-97f56e3ab4ad,2021-03-06,Africa,Gold,Y
322f100c-adc3-4bfe-97da-3ba69224c44f,2022-09-17,Asia,Bronze,Y
1d48c973-0748-461d-81a8-25bea2694549,2025-01-26,North America,Bronze,N
80b3b2e1-941f-44fd-a791-d4f60ca22fbf,2022-02-23,Asia,Gold,Y
6381bbd7-271f-4e38-a6fe-42117fe8b570,2025-06-09,North America,Bronze,N
09bd7a03-44ea-4da0-96e4-2b52845a91f2,2022-12-25,Oceania,Silver,Y
1a5b3994-7107-45bc-8451-fd8fd14b1261,2022-10-22,South America,Bronze,Y
ef57073f-9480-4065-b04c-9d0b155f4086,2023-11-06,North America,Bronze,Y
82d20096-9e47-48ab-bc1d-5882404d3e98,2022-08-05,North America,Bronze,Y
a3c6e768-b465-4081-ac97-fb2625d98a02,2024-09-05,Oceania,Gold,N
ca55e73a-c6b4-4e50-97f8-c158e029d0cf,2024-10-03,South America,Silver,Y
55253efe-ced5-4436-a011-0065721d3b41,2024-08-31,Asia,Gold,N
d7d0fa7c-fff3-411a-9ba3-171730203726,2023-12-05,Europe,Bronze,Y
c3d19c00-b106-4ff9-8ac4-3aa3b5bd4f66,2021-10-11,Europe,Silver,Y
6ab37668-3c5d-4dab-a99b-99c775a8e106,2023-04-16,Asia,Silver,N
8d986b16-2395-475f-8d49-59ebf7b1b2f6,2021-08-13,South America,Gold,Y
05c3c7db-393e-48c0-bfc2-be8ad79efc66,2022-09-26,North America,Gold,N
1da1eaf6-930a-4de6-a971-ea93927a6e91,2021-11-20,Europe,Platinum,N
f1008f68-a35b-450c-aee9-e2b9bc0469f2,2023-04-27,South America,Bronze,N
704ea49a-ad30-4a09-88be-b2594e072960,2025-08-31,Oceania,Bronze,Y
ddc38d4a-fc6e-459b-b684-b8a653130cad,2024-04-07,North America,Bronze,Y
fe946650-7bd5-4249-9127-d967f69fe193,2023-12-03,Asia,Silver,Y
a97829a9-1076-4870-872a-332a3f49c535,2023-04-10,Africa,Silver,Y
8f178f35-3935-41da-bbbb-4aaf494db579,2023-09-03,North America,Silver,N
5503f3af-e6de-4f59-9bfa-2000f2f09c8a,2022-01-02,Europe,Silver,Y
8ccb33e7-6aac-4029-93ca-e6ae9e3720f1,2022-06-26,Oceania,Bronze,Y
7296f71d-e4d2-40ab-864a-1ba1877d7d0c,2023-03-02,Europe,Gold,N
762cd511-f827-4761-be1c-2f0577d15700,2025-02-11,Europe,Gold,Y
aab6ad8e-cf56-4b52-b353-b0d9499c0dc9,2024-05-14,Europe,Bronze,Y
d9c8515b-a8da-4212-abb2-ca1f921c4a7e,2023-05-29,Africa,Bronze,N
7c7d471a-71cb-495c-9262-8861c0e4f44d,2023-11-05,Africa,Gold,Y
d95c41eb-30c6-4b0e-b3cb-552ec3984008,2023-08-08,Europe,Bronze,Y
1678c235-26a3-4e64-8ab5-fb870fbb4d44,2023-11-08,Oceania,Platinum,Y
c8aa4156-82c8-4298-951c-50ddb3ad675c,2023-08-24,Oceania,Gold,Y
784203eb-489d-4e98-9e1d-80f097dd09e4,2023-02-23,Asia,Bronze,N
137678df-23b6-4a80-96ad-bd1c2d0faf7a,2023-07-23,Africa,Platinum,Y
9f689d10-cbfa-493a-ba6a-78d0259aee3b,2021-09-14,Oceania,Bronze,Y
4abb4c79-145c-4217-849e-96ff1d5128e6,2023-03-25,Asia,Bronze,Y
e0ada076-e945-458c-8eb1-8194ad9f1325,2023-12-13,Africa,Silver,Y
060bde62-ab75-4d39-8515-f07a1ad7a950,2023-01-01,Asia,Bronze,N
83d50363-3837-45bf-ab16-79f4fa460054,2024-12-02,South America,Silver,N
91daf3f7-7589-466a-b32e-4b604521b024,2023-04-07,Oceania,Bronze,Y
a9bc670d-c88e-4510-876d-6f4da4b7b612,2023-11-06,Europe,Bronze,N
8ae8c091-dd01-4a91-8c6d-f515c298ee8d,2024-03-08,Asia,Platinum,Y
19876143-f9db-4571-9bff-50b21d75811d,2024-01-22,South America,Gold,Y
e0e361a4-4004-42c2-a1f2-8f588f71831f,2025-01-25,Asia,Bronze,N
df0ff726-1c8a-45e6-a46c-f4a979633a2f,2024-11-21,Oceania,Silver,N
b4848204-fa06-4d04-9bcf-ecffa4771141,2025-01-18,Oceania,Bronze,Y
57f76b22-88af-4f98-b171-50197f2a1be1,2024-10-29,Asia,Gold,Y
d3c0331b-c002-4999-8fb3-0320e9bdb511,2024-07-06,South America,Gold,Y
35c0a4d2-ae2f-484b-afb7-67b43891221a,2023-10-17,Asia,Gold,Y
217bc29e-ec95-43e9-a1fa-246624f982ec,2023-05-19,Oceania,Gold,Y
1136ef2b-f45a-4603-bdf8-81a664f477ec,2024-12-19,Africa,Gold,Y
c4b27b21-bc0d-46ed-bb12-2ee53d305a07,2023-02-21,Oceania,Silver,Y
6894b02e-4993-42d4-8c5c-72e07f9aa86d,2022-10-17,Europe,Silver,Y
ed6dfdb6-0f38-4edc-9dcd-5f34e8b79f9f,2023-01-25,Africa,Platinum,Y
c1791401-4152-4270-b7a2-25e237405d95,2025-01-01,Africa,Bronze,Y
222b0b4a-9f6a-412c-a56b-be8a0f38b27b,2023-02-24,North America,Bronze,Y
f783fd33-18ed-4c57-8a0a-056b18316028,2021-10-24,Africa,Platinum,Y
732c533b-2404-4313-941b-f8a5720c615a,2023-11-29,Asia,Bronze,Y
2e327d51-99a6-481d-87a1-aff81baf795d,2024-01-20,Asia,Platinum,N
5a19d7ab-73e0-467e-87e8-1b25a9715404,2022-02-19,South America,Platinum,N
61223189-35f3-4e4a-ac92-04b40306a258,2024-01-13,South America,Bronze,N
7064a65b-4aa6-4a9f-865c-2dbb24246ba7,2024-10-23,Africa,Silver,Y
78ff9a6b-8e02-433f-824d-3fc4f012fe07,2024-08-08,Africa,Gold,Y
3aff8085-8d22-463f-8064-b74d4b972bc7,2022-11-08,Asia,Bronze,N
6ef0702e-01a4-49ac-910e-a0bbe9507945,2023-06-12,South America,Silver,N
afa3153c-ebd4-45cb-a152-424b180b1a8a,2022-11-17,Africa,Silver,N
78f3e4e6-60e4-4d0f-a89c-436451f25911,2023-07-19,North America,Silver,Y
d2d73be6-4b7a-4caf-bcb8-d48f2644dab3,2022-09-26,Europe,Silver,Y
25a773de-8337-46c2-a591-3d354dd5b00d,2024-01-20,North America,Gold,N
55c9caf5-cbf9-4591-ab82-5959dbfade4a,2023-09-28,Africa,Gold,Y
f57e6f5d-00e9-4548-b178-0a92e6eeba72,2024-05-24,Africa,Silver,Y
9a897dbd-667c-4512-84c6-04cb0cba3ea3,2023-03-25,Europe,Gold,N
a45c587f-7b2d-4571-b407-429adc51425f,2024-03-26,South America,Silver,N
853473a3-cbb9-47ea-82af-aedea83f657c,2023-07-12,Africa,Silver,N
702b7014-adab-4c2f-91a6-46dacd613988,2023-04-01,Asia,Silver,Y
516c4921-5e51-45c0-9b5b-4fba8b224339,2023-12-17,Asia,Gold,N
c27f0bc5-f8e2-4377-b8a0-6724931ed007,2024-02-17,South America,Silver,Y
b086ccbf-3c44-449b-bba9-4cf02d8802cd,2023-03-31,Oceania,Bronze,Y
dad0cd83-3561-400b-831d-88bf2c9a0cbf,2023-06-05,South America,Gold,Y
0c4f8074-99ee-4c17-95ed-a3643a8cefa3,2022-12-14,South America,Bronze,Y
e86bd846-b55e-4dd5-96c2-8ce66025a26e,2023-09-30,Oceania,Gold,Y
fa87fb09-6f26-424b-b740-eaf17e991651,2023-09-02,Asia,Silver,N
4808b240-8ed1-4e4c-9891-4bb446750fec,2022-06-25,Oceania,Bronze,N
0ddfe216-9c19-43c6-9c01-c20e9fd839c6,2023-03-27,Oceania,Bronze,Y
800edc00-eda4-45b5-94e9-89dc6bb495b5,2022-07-28,South America,Bronze,Y
4e140a7a-1bb2-4342-923c-f22b7d2089a5,2022-04-11,Oceania,Silver,Y
cd1723c8-cd90-4157-b8ab-64a6ed3a227d,2023-10-23,Africa,Silver,Y
b6f6dbf1-d6d4-41cc-995d-82f8ee4a9b5d,2023-04-26,South America,Bronze,N
657a9887-3267-4687-815f-b7057746fe6a,2024-03-05,North America,Bronze,Y
2f6b95a6-dccd-4ade-b565-53d19b0b93f2,2024-08-22,Asia,Bronze,Y
e171405c-9701-4619-bab4-afab01491e7b,2025-05-03,Europe,Silver,Y
c0b2c69a-4195-434d-98fd-0cde39203212,2025-08-25,North America,Bronze,Y
085bb952-ffe2-4804-ba09-904d012e2169,2024-05-23,Europe,Silver,Y
956dd963-cb3c-4cfc-9126-d2687926622d,2021-09-22,Oceania,Gold,N
8913f2f0-90cb-4309-9167-dd70cef4d789,2021-08-13,North America,Silver,N
b4294c75-5df7-4720-a025-92a6e89b8731,2025-01-22,South America,Silver,N
e99fa103-474c-4b5f-a4dc-9a0b203de3b0,2022-04-04,Europe,Gold,N
10d5309e-9a5d-4586-8e27-495814e352e8,2024-03-24,South America,Bronze,N
73236a01-54db-43b1-b12e-f0f3cdd2d129,2025-04-24,Asia,Silver,Y
823d473d-44e8-4604-b67f-2dccf80a5c7a,2024-10-01,South America,Gold,Y
2db5b1f4-0321-4c70-b28b-d13c494c8758,2024-07-05,North America,Bronze,Y
e2ee9666-4b79-40c2-955e-d53e76f6f68a,2023-10-29,South America,Bronze,Y
e3cff9a7-cca4-43bf-9962-163def78b47b,2021-07-16,Europe,Bronze,Y
f2553659-5232-466f-a891-a19885035630,2024-01-28,Europe,Platinum,Y
dcaeedcd-67d7-4873-8f7b-524587aa2080,2023-06-23,South America,Silver,Y
6161846a-3902-40c8-970f-c035838f5ed0,2023-09-01,Oceania,Bronze,N
d580a185-255c-4550-b395-f09f6c5c241a,2024-11-29,Europe,Bronze,Y
f1164f45-97e2-4dce-8710-9bd2e373712e,2023-06-25,North America,Silver,Y
0f45171e-3442-4c5f-85d0-6c9744bcaba5,2023-01-22,North America,Silver,Y
e84fc871-de89-4181-a99c-10dbdb44b8de,2022-01-16,Asia,Gold,Y
cac49626-c6e7-436d-97ca-2a8d962e1e62,2024-05-18,Europe,Gold,Y
48bd10a2-4440-467b-917b-0bcda03c81d9,2023-05-02,South America,Silver,Y
7f74740a-3fe7-488c-ada3-1410ac6ffdca,2023-01-02,Asia,Silver,Y
61e01764-3305-4d7a-baf0-0555fb8bfa9d,2025-05-20,Oceania,Gold,Y
663718d1-4e34-41cc-94f7-b5ea54d4fd42,2024-08-18,Asia,Platinum,N
c02d7852-205a-40de-8413-0c746bf49fd0,2024-01-23,Europe,Bronze,Y
3ee91cc5-1734-4c96-ac4a-c8b36d3df0d4,2022-05-21,Asia,Bronze,N
794a5977-3f72-44e4-b529-8346d55240fc,2021-06-04,Africa,Silver,Y
92600ddc-369d-47be-8fd6-9e6a50803f14,2022-11-04,Asia,Bronze,Y
0b9a988e-e8e3-4b61-9871-d0cb18162e98,2023-08-08,South America,Gold,Y
623d45f4-c1ef-4252-9b0c-6cadc9f12b09,2022-03-12,Oceania,Bronze,Y
ef9be032-3255-4431-bff4-3db29497477b,2024-12-03,Europe,Silver,N
89f0b674-ca32-45fe-a37a-1ce15d7ac053,2023-11-07,Oceania,Silver,Y
76ed51d8-b8b9-4baf-841e-c2cc9fb3cbf4,2024-04-17,Asia,Silver,Y
f16e09b5-d96b-4d4e-acc6-34234167a8cc,2022-12-17,Africa,Bronze,N
ac91b340-5244-405f-8309-a5b5dc596ffa,2025-04-12,South America,Silver,Y
bdbe08b2-c8bd-4913-be68-0fae9bfaf6d7,2022-03-31,Europe,Silver,Y
47259817-ebd1-41d9-8814-78d5bbd7f2fa,2022-02-13,Europe,Bronze,Y
c7569b9b-ca12-4556-b5cc-a86b92e92aa7,2022-04-27,Asia,Gold,Y
f558d6ea-dd7e-4333-aa53-990d80e1caa2,2024-07-12,Africa,Platinum,Y
ac1905a0-a8b4-45c8-b74d-08feeb0f9c99,2022-07-27,Europe,Bronze,Y
af806827-e7ac-4d2e-a787-cce3687e2ea3,2022-06-02,Asia,Bronze,Y
99a75489-a5d0-4b50-8e39-a30b9729a972,2025-05-08,South America,Silver,Y
07ca6efe-97ed-4478-bc57-3877d1b062a2,2023-09-13,Africa,Platinum,N
0bdedc07-a969-44f6-9d21-fc63fef6cdbc,2022-12-04,Africa,Bronze,Y
bbc55b2d-40f3-4c0d-ac48-c3039c83d480,2023-10-23,Oceania,Silver,N
d0713654-25cb-49de-8add-f902c46ea4cd,2025-03-01,Africa,Bronze,Y
671a8a66-0631-4d18-a9ff-a39885c8eec3,2024-09-07,Africa,Bronze,Y
cc150005-ebd8-4d1b-885f-3aa606273ee6,2022-11-20,Europe,Gold,N
264cd37f-3f76-4984-9342-1a09669b8e08,2022-06-10,South America,Silver,Y
2194293a-5383-49bf-98ac-09836fc38ef9,2024-08-06,Asia,Gold,Y
05d0e0f0-2bf1-46a9-b239-bf724c8e7200,2023-10-25,Asia,Gold,Y
f9dc2131-5b57-47f2-a879-d48dce0333f7,2025-04-21,North America,Gold,Y
6e600f9c-b0c7-4b4b-9db1-6c4d77f83e57,2025-06-14,Oceania,Silver,N
893bc90f-57d7-41b0-bc18-a5111cd94045,2022-12-29,Europe,Gold,Y
932e02cc-159b-61c3-c2a0-4830bcc14124,2026-01-08,Europe,Bronze,Y
1a72184f-a03b-4197-a46e-777443a16938,2024-01-01,Oceania,Bronze,N
677ffb7b-2b98-4895-afa3-fb1d79a376bd,2022-01-23,Africa,Bronze,Y
8e9a911d-9aa8-461d-acb7-6586eac2bf6c,2022-08-10,Africa,Gold,Y
325229ef-b3b1-4073-b1ac-300497c99412,2024-05-08,Asia,Silver,N
20323ec5-2f4c-4a5e-869c-4218ecb55c92,2025-06-27,Asia,Silver,Y
9cc3a154-70dc-464e-861c-f4a131a743d6,2023-12-01,Africa,Platinum,N
64fff7a6-35ce-4da8-9d3d-c371d6ac0d84,2024-01-01,Africa,Bronze,Y
1d930b9b-de70-4c0e-a6ea-2cc22c138751,2024-04-13,Oceania,Bronze,Y
35822b4a-af52-426f-836e-59d992e181ec,2022-11-22,South America,Bronze,Y
21c96a4f-f984-4c17-9ccc-55ce1559eb30,2021-08-01,Africa,Bronze,N
e0ccb419-f5af-4aff-9530-20e89a0a58ed,2023-03-13,Asia,Bronze,N
04ef166d-b00d-40bc-838e-13f48c7f34d9,2023-06-05,Asia,Gold,N
f7b0cc65-3846-4e86-9cc2-b33f5fab816a,2022-07-12,Oceania,Silver,Y
e1f9c456-de70-44b1-8193-bdee2fbd641d,2023-02-18,Asia,Silver,Y
ef9f7c79-9b37-40ab-9b58-2e9ec8ab2ea8,2023-09-14,Africa,Bronze,Y
5aea5bc1-3ad8-41dc-856a-6310ee1e6f5d,2023-01-16,South America,Bronze,Y
4056c9bd-bdc2-7e8f-b142-b54e5fd62bb0,2025-12-22,Africa,Silver,Y
e4e9fbf6-e472-4813-bb34-6b4be187e480,2021-12-04,Oceania,Silver,Y
4bfeaf51-ae5f-48a7-8ca1-545b555c7459,2022-07-21,South America,Platinum,Y
b0e98b45-a527-4d02-99b2-ef6114c088c2,2024-10-25,Africa,Bronze,N
4f77f353-ce09-4cb2-b4b9-4e84cac2167e,2024-03-14,Oceania,Silver,Y
b16fad6e-db60-40eb-bdfc-a4f2e83b25f7,2024-05-02,Europe,Silver,N
53e946d9-528d-42fe-a60a-7799f2700781,2023-12-07,Asia,Bronze,N
f3f2f142-3817-4cd8-b584-78446a182068,2022-06-25,North America,Bronze,N
a8702d97-10e6-4176-b858-3966757256f6,2022-10-28,Africa,Silver,Y
4207a454-d633-44fb-93ab-2373bf0330fd,2024-07-23,Africa,Bronze,Y
2157d7ec-8ec3-40d4-a5c8-8e4f7fc3fa1c,2021-07-07,Europe,Bronze,Y
6dacfc29-5e5a-45ff-9c4d-76da765ec39b,2024-11-11,Europe,Bronze,N
76af894b-aa3a-471c-967a-0427a6466bb5,2023-11-03,Asia,Bronze,Y
de937957-b641-4131-8e58-a09ccb4c5158,2024-09-26,North America,Silver,Y
13df10d0-e1a1-4bde-8e3e-167ba4226c1a,2023-11-15,Asia,Bronze,Y
edcf79dd-7e26-44ae-9997-6388742bf60d,2022-11-07,Europe,Bronze,Y
ac698a91-6311-4b3c-aa6f-15732e792def,2023-01-06,Africa,Gold,N
74472f9e-6cf6-4c4b-b8d1-13874b3eedd6,2021-09-11,Asia,Silver,Y
af596fa4-d3e0-4466-a562-b7c68b2a6ea4,2024-08-11,Asia,Silver,Y
14c62aba-89c2-4ba5-a48d-f4c0c330ec14,2022-08-21,Africa,Silver,N
ddb2277b-fec4-4348-828f-daa80897bae9,2022-08-30,Asia,Bronze,Y
129d6e71-c27f-4b2b-b1f7-82f9618215b6,2022-03-16,South America,Silver,Y
94cf76c2-f8b7-4f95-a614-e174f1d5f01d,2023-02-01,South America,Silver,Y
da49ac02-b39e-4f6f-95ad-90f0182e4fe0,2023-06-29,Asia,Silver,Y
8f7fbbbb-0af6-4c1b-adbe-a9638d951cbb,2022-11-20,Asia,Silver,Y
30beca83-d27d-4fba-b140-ca4ace823aab,2024-04-06,South America,Bronze,Y
cdf0baa1-5ea1-400e-9f36-840317482564,2025-11-16,North America,Bronze,N
285f9ee2-39c5-4f24-a103-4a205a8f4ab1,2023-10-18,North America,Bronze,N
589d98cf-5978-440c-baac-81b398570e9e,2022-02-06,North America,Gold,N
544fa85c-1b55-40f0-8c6c-c73b4e849066,2023-10-03,North America,Bronze,Y
0083193c-9711-46a6-8d5e-a0175589da6f,2021-03-06,South America,Bronze,Y
cbe75a08-1c14-4790-82f7-cddffdef51b4,2024-10-05,Asia,Silver,Y
eb99ec9f-ec3c-4e2d-9060-f6dee1ffa16e,2023-04-04,Africa,Bronze,N
612e5ff7-f3bf-4811-8541-4c254beab64c,2024-04-30,Africa,Bronze,Y
16237234-f7ff-467e-ae94-19fd8dc95689,2025-09-08,Europe,Bronze,Y
cb60a67b-9fb3-44b3-90fb-b59d623c9859,2023-04-27,Oceania,Silver,Y
70febf4b-fd4c-4f63-bb88-549df44823e0,2023-09-28,Africa,Silver,Y
41cf509d-a0ac-4cd1-b1dc-bdad27d7772d,2023-04-04,Africa,Silver,Y
68e02b01-610f-4eb8-9261-8d5586826c63,2023-07-27,Europe,Silver,Y
d04bab10-320a-4342-bfda-02b7382d0fd1,2022-08-22,South America,Bronze,N
f32d5478-afd9-4ca8-86da-9c40a67015ac,2025-03-04,Africa,Silver,Y
64dff775-2266-4824-8f85-39db651aa96d,2022-07-27,South America,Platinum,Y
25212a75-bbfe-485d-89e9-ea0d0657f1ff,2024-12-07,Africa,Bronze,Y
3ea37412-ec25-4199-9478-476f2412c3fb,2023-02-09,Oceania,Bronze,Y
a32a4a61-7731-4b59-92ab-8b5dbabfc1a9,2023-03-15,South America,Gold,N
88d3b911-b6e8-43e7-9693-179a9879fc6a,2022-12-06,North America,Bronze,Y
9b2a50be-2d34-40c8-a198-1a4bd1da128e,2024-01-13,Asia,Bronze,Y
532038f0-bd3d-41f4-8a83-fefd4df70b67,2025-02-21,South America,Silver,Y
78b345b3-be6f-4d89-98d3-9ccd0338ca32,2022-07-02,Asia,Bronze,Y
9c4d8178-ada4-4532-8a3e-13a791240ea8,2022-07-13,Oceania,Silver,Y
4f1cf36b-6a71-426c-a3d3-576e1a933965,2024-05-10,Africa,Bronze,Y
bfdfdc4e-0514-4667-b459-d0cf3dad1127,2024-10-04,Asia,Bronze,Y
9eefa930-e04c-4e7a-9285-c5f5f6fe34c8,2024-10-08,Asia,Bronze,N
96c78cad-304e-d61b-6943-b1548d6eb73f,2026-01-04,South America,Bronze,Y
5ddd0392-2d1e-49ed-9c70-7d52273d83a3,2024-11-22,Oceania,Gold,N
25ec7f35-8a57-4dae-8260-b3e9341c5b7d,2022-04-13,North America,Platinum,Y
324726fc-b0b4-421b-8604-844f3181b56b,2023-10-27,South America,Silver,Y
a55d963c-eb0b-4e49-994a-5da5c4901373,2023-05-23,Europe,Silver,Y
8d1ff9c1-9012-4bad-8175-284e65f1c06f,2024-06-12,Africa,Bronze,N
372b5a14-d3aa-45cc-910f-c3d375b580e8,2023-03-16,Oceania,Silver,N
b7a4c255-41bb-4a39-9dd6-e8ee08ffab9d,2023-04-05,Africa,Bronze,Y
f0a968a6-aea2-449e-bdc2-c940fa26897a,2023-08-20,South America,Bronze,Y
7d75ef1a-c60e-4839-992c-2069e605278d,2024-02-13,Oceania,Silver,Y
17f8f8f5-2af8-4d44-af75-fa40750f1f26,2024-10-06,Oceania,Bronze,N
dacb75a7-31f9-463a-9b6c-af6893c96652,2022-06-14,Europe,Silver,N
ada924ec-2c18-41a1-a376-14df81a7f08d,2024-07-05,Asia,Bronze,N
70b11416-c683-4e2c-9c97-07d5ec85b81a,2024-07-30,Oceania,Bronze,N
97a6e8f3-9392-47c4-84be-39d32787c092,2024-06-17,Asia,Silver,Y
573bfc17-2167-435e-8e73-34f233932b6c,2024-03-19,South America,Gold,Y
71f4ad4e-df33-4ee8-bf5d-81db3d574d80,2022-06-07,South America,Bronze,N
8c849775-ae64-450e-8226-c7d924ce80d7,2024-03-19,Africa,Platinum,Y
d98b3a7d-75c1-4a6b-a651-d31178d26909,2022-08-22,Africa,Bronze,N
47f3549b-213c-4d7e-8572-39d66ffeb5a9,2022-12-31,Europe,Bronze,N
84b559ee-b7af-4ecf-a5ad-ffa5fc71fdd0,2023-01-06,South America,Gold,N
b53a72de-c7fc-4ea1-beed-1089e3e5ef84,2023-06-02,North America,Bronze,Y
1cc0b764-b06b-4fca-96b4-05d7712dd406,2022-10-29,Oceania,Bronze,Y
9c7e3507-4f9a-4528-8d0b-906366c5558f,2021-08-07,Asia,Gold,Y
a287fc6d-f6aa-4893-b7df-f112bd275765,2022-12-29,Europe,Silver,Y
c88994e7-49ef-4088-8ab7-2eb99be4e2ac,2025-02-11,Europe,Silver,Y
6db27777-5cf2-48a3-a0ee-4f3f7ea19fde,2024-09-27,Europe,Bronze,Y
dc05fa81-9e08-4083-a045-9a6a75cef7db,2023-06-08,Europe,Silver,N
c195842c-ed8a-4d7e-88f1-651410160de4,2024-01-04,Africa,Bronze,Y
23d146a9-c340-486f-b996-cbae99b80c76,2022-03-01,North America,Bronze,Y
9c191295-c0b5-47ec-b19d-52702a49f107,2024-04-09,South America,Gold,Y
72791a45-665e-4b63-a186-a04227d564bd,2021-05-29,South America,Silver,Y
c7560755-74c8-4097-9d4c-069c7bd9412d,2024-04-03,Asia,Bronze,N
d16e25db-3c3b-4708-bc98-e67ec2092705,2023-06-10,Europe,Gold,Y
9f5f4677-076b-4dcc-a00f-9e0c18f2b50f,2022-05-16,Africa,Bronze,Y
dcd0b43d-eb93-4edf-b3a4-914640770635,2021-10-08,Asia,Bronze,Y
70882740-b9b6-41ff-b69b-a6ad05cb8ff0,2022-10-17,South America,Silver,Y
0e547ab0-4025-47a2-9b30-2d962fb61158,2021-08-28,Europe,Silver,Y
fc125e15-60ea-4a7e-99a8-f5808fb78e04,2023-04-09,Europe,Gold,Y
8f5cc497-5b84-4f27-a143-05e25a31ac5e,2024-05-08,Europe,Bronze,Y
51a2427a-dff9-2d8f-a33c-e56fc7b7383e,2025-12-28,North America,Bronze,N
f71e8e41-8075-40cb-9a83-362f9e9f9a73,2025-08-12,South America,Bronze,Y
8555eac2-e269-4e42-9904-adc4bf7abfc3,2024-03-27,Europe,Bronze,Y
bd73f845-faa7-476f-a634-ba2ad3fa1479,2023-10-01,Asia,Bronze,N
6504de10-7448-4227-9af9-93de8cf64d3c,2021-09-29,Oceania,Silver,N
cbc249c7-689d-418c-bf7b-340a782df8d1,2024-10-23,South America,Bronze,Y
18161864-515b-045a-028a-f9a75ac8c08c,2025-12-13,Oceania,Silver,Y
40101363-11fc-4377-94cc-405dc02c1423,2025-04-29,Oceania,Bronze,Y
66f38d43-1df1-47a9-9d71-aa22c6122daa,2022-06-14,North America,Bronze,Y
64fc30cf-d950-492e-87d3-dacfdf1f9f82,2023-03-24,South America,Gold,N
913e93a6-e03d-488d-b573-cc53e845e18d,2022-08-18,Africa,Bronze,Y
601f41d4-5798-47dd-97d0-87ccf3842faf,2022-08-15,South America,Bronze,Y
a06f631a-ba70-445a-983a-f19759822c1e,2022-02-22,Africa,Silver,N
7ba32bc9-424a-4c61-9c14-c1a3576419b8,2023-06-20,North America,Silver,Y
1576f6a8-8112-41dd-b10a-cc2a7e61996c,2024-06-12,Asia,Bronze,Y
33bcb8a9-c71d-4564-8992-b886c8f216c1,2024-08-28,Oceania,Bronze,Y
088f262c-f17e-4612-a580-66a3aa42d181,2022-05-03,South America,Bronze,Y
21ef42cc-1b89-46aa-a1bd-240181ec72e8,2023-02-17,North America,Silver,Y
460797f8-752b-48fe-beb6-ec62805f914c,2023-04-05,Oceania,Bronze,N
b66a26c3-caf2-46c4-b0d3-8708dd0717e1,2023-01-04,South America,Platinum,Y
fa86516c-91ff-4eaa-8546-6870a976294d,2023-10-07,Oceania,Silver,Y
668b1d14-320f-4e32-842f-b7eb485deadc,2022-08-10,South America,Bronze,Y
03892003-62f1-427e-86e9-71d1307cc39d,2022-10-22,Africa,Silver,Y
b5b20c08-98e6-4005-ab74-4ecb835b7cc5,2024-03-27,Oceania,Silver,N
85f75a40-a7f5-40d0-bc7a-ff62ea61438d,2023-03-02,North America,Bronze,Y
3ebb708b-7ce3-404c-a8a9-b672d08ac854,2022-10-05,Africa,Silver,Y
722c8862-e08c-45cc-96ea-8429e3fdca72,2025-01-09,North America,Bronze,Y
4a70585e-d89d-43f1-95c5-9f575c87f51d,2024-05-11,Europe,Silver,Y
1ef15fc1-1daf-431b-8173-7ba6f33b7c4e,2023-03-18,Asia,Gold,N
a469f40d-96ab-4bc2-be59-aa02e93988b0,2022-10-31,North America,Bronze,Y
8386ef49-86a6-4115-8568-ab65ff263c84,2024-06-05,Asia,Silver,Y
746cff4e-019c-4251-9590-65fa795581fa,2024-03-26,Oceania,Silver,N
c6aa7bea-7138-4e2c-9e3d-b5b2ade778df,2024-12-26,Oceania,Bronze,Y
f3b22dae-5aba-4e9f-867a-e42f464f05df,2024-05-23,Oceania,Silver,N
c118ea20-e9b1-442d-8bf8-eddc0e38fca9,2023-01-17,South America,Bronze,N
f6785768-2c65-4208-9948-bccc565b3cb1,2022-06-10,North America,Gold,N
0938d34d-d579-4650-a3fa-bde823fc8c44,2022-05-26,Europe,Gold,Y
b902f4e6-8e97-450e-8b79-6616ac63bd84,2023-06-09,Africa,Silver,N
ae2ce70e-86bc-4c53-9b1f-e7692124a42c,2022-08-02,North America,Bronze,Y
8dfcbd29-b905-4544-bad6-6eba8c8bf013,2024-06-07,North America,Silver,Y
20d5abb5-e6d9-4cd4-9717-fe7041a1fb1c,2022-12-26,South America,Silver,Y
f668178c-9f6b-4893-bec5-e67ca14b1c0d,2023-12-18,Oceania,Silver,Y
388d46c3-990e-41ea-b31b-7c54fb62b35d,2021-11-27,Africa,Silver,N
8750be7b-d5bb-43a4-80b8-7dc36444ea5b,2023-05-09,Oceania,Silver,N
9b40ee83-83aa-438b-a138-231b34dd1dcf,2022-05-13,North America,Silver,Y
25ed5611-11c6-44de-8aa5-1055d8752c82,2024-03-30,South America,Bronze,N
003965be-5d27-458b-9cc1-680356d8c52c,2022-08-08,South America,Bronze,N
e8053392-2d12-494e-b63e-7fe19d0ede28,2023-08-17,Oceania,Bronze,Y
8f92fba3-cf08-4c0c-b6d9-8a3f79d4672d,2023-08-04,Europe,Bronze,N
1efaabec-55f8-4c39-a4c8-09af30ffc6cc,2023-04-17,Asia,Silver,Y
0973834e-2638-49df-aad0-267ed1437323,2023-12-19,Africa,Bronze,Y
789ef602-e3fc-4361-843c-208231af057d,2025-02-24,South America,Bronze,Y
a415129b-415f-4179-988a-8c2196801c7d,2023-05-02,South America,Bronze,N
89f6d50b-c996-4fa8-8a1c-6199cb9262b1,2023-12-12,North America,Silver,Y
b2501e77-9158-4477-86f5-3760e6a58161,2021-11-06,Asia,Platinum,Y
807e2a30-f8ed-475e-a258-33d446742ba4,2022-10-06,Asia,Gold,Y
4b254c58-c32c-4d66-b7b5-46521de3c9e1,2024-06-29,Asia,Silver,Y
03ed7585-6cd1-41f6-aa2f-de12f1901f5c,2025-01-01,Europe,Silver,Y
93936dba-e732-457a-9bc7-cef811e6fe56,2025-07-10,Oceania,Bronze,N
38a08d59-8929-484e-9c34-0d675d0126fc,2022-10-11,Africa,Bronze,N
bc55dba0-58c8-47e4-b81e-494dab1230cb,2023-04-18,Europe,Gold,Y
eaf1ea5c-14a3-4e19-acf7-8256f6585975,2024-02-20,North America,Platinum,Y
8c38c18b-02de-4556-9f27-e8b562e03868,2025-05-05,Oceania,Bronze,Y
d5c77db0-e4b7-4816-b511-8a7646a65865,2023-10-31,South America,Bronze,Y
6d1b898c-f0f3-493c-9bfc-30150952bf33,2025-09-05,Asia,Bronze,N
488be9a1-81e5-4112-9a79-b9dc90bf5f7f,2023-04-06,Africa,Gold,N
f2cb9995-2557-4c31-9d86-2a59afad4bdd,2023-03-10,North America,Silver,Y
dcd1e2d9-e189-40ef-ae58-83cbc2a7f547,2025-01-16,North America,Bronze,Y
701ea9ae-4218-46cd-9b80-47ca4af001d5,2024-11-06,Oceania,Bronze,Y
ef2eea84-41a2-49fd-8f0b-0227a1c1c07a,2023-12-16,Africa,Bronze,Y
2d799705-9e83-0948-89eb-14e833671e1c,2026-01-08,Oceania,Bronze,N
96792482-a3c9-48e4-8d22-38e6c7bf4fbc,2024-01-17,Oceania,Bronze,N
e8c4b5a3-30fe-4fd2-8073-fbdccd06d0e6,2022-06-04,South America,Gold,N
5340cb95-5ce1-44e7-8ded-3f772a2c974c,2023-06-14,South America,Platinum,Y
be9908fa-97bb-4d39-b732-488493c9899b,2023-02-21,South America,Silver,Y
a8eb963a-2888-ead9-97d4-d81b92326c46,2026-01-05,South America,Bronze,Y
fc3ae8c4-6efa-4e7d-b286-2eb111dd5af3,2023-03-22,South America,Gold,Y
f6b9d4ca-5bc6-4796-93b9-846bd41f1324,2024-07-25,Oceania,Gold,N
65e76376-d4b8-48e5-8126-855e9d3c23f2,2023-02-07,South America,Silver,Y
08c252d6-9ce8-4e82-8e11-4e0d7e8eda3e,2023-03-31,Africa,Gold,Y
ea9a5102-4557-41ab-9422-8d75e0d0734f,2024-02-17,Oceania,Bronze,Y
d7be7b4f-b967-4dc6-96fd-d1a5f17312f4,2024-02-23,Africa,Bronze,Y
02bfcee5-789f-430e-9a20-b3a3ebdf6f72,2022-04-26,Oceania,Bronze,Y
73d1a9c7-c40f-40f5-8c2b-717ad7e00483,2024-01-21,South America,Silver,N
3cb58848-263a-4c25-9dfd-0060ea672ea7,2023-09-23,Oceania,Gold,Y
854d0ab3-d156-4466-90a3-ef352f6f4900,2025-05-19,Asia,Bronze,N
68efd18f-2266-a77f-0a2d-8b6671819d9d,2025-12-01,Oceania,Bronze,N
4fcc475f-fb2d-4525-827c-4576f015e45f,2022-03-14,North America,Bronze,Y
2f5f2368-ed33-4c9e-9216-76cbe1661340,2023-12-25,Oceania,Silver,N
187b1c2e-6926-43b8-9266-3abd5089f07b,2024-09-07,North America,Bronze,Y
3c69b13d-93f7-4212-8c5f-b99a681873c9,2024-04-04,North America,Bronze,Y
7a0816df-5878-4bdf-9f13-f5cc08c1b9dc,2023-02-17,Europe,Bronze,Y
21d555d0-27c0-4780-aa67-946d7d6b57af,2023-05-17,Africa,Gold,Y
4b1e4ee0-1974-448a-8eb3-cc3f8143d2c5,2023-08-09,Asia,Bronze,Y
3d2d7f73-5e9b-4b75-b5f8-39a6306c130f,2023-04-02,Asia,Silver,Y
b58d332b-4fea-48cf-85cc-1354e95e9a2c,2022-12-31,Oceania,Bronze,Y
1dbde489-67de-45bc-904a-7079fa80a15f,2023-09-13,Africa,Silver,Y
6a4fab5f-12e4-4780-ac93-f0c153a2cdf5,2023-06-10,South America,Bronze,N
bdc4d63a-9e01-4cc8-a364-637f9eb3b815,2022-12-21,Oceania,Silver,Y
7ec895b1-c180-4e75-b094-8b7e88f73e9c,2021-02-19,Africa,Silver,N
b0e00fc4-cb87-4110-bc21-3ab1f6797d4d,2023-12-13,Africa,Silver,N
b67af865-cfc3-445b-9464-cda8dbf7fa26,2022-09-25,South America,Bronze,N
e734227a-cdd0-4b25-abbe-4eba4ceb6fe7,2024-04-02,South America,Bronze,N
6a06957b-741b-4e8f-a403-d35633378409,2024-03-21,Oceania,Gold,Y
82de9e73-3005-4231-b33c-bb95ebdeaaf9,2023-05-14,Europe,Bronze,Y
680800a2-a492-4da5-9f8e-c2d58fed71cf,2024-06-26,South America,Bronze,Y
85023342-6429-42d2-b329-c6597df15612,2024-01-24,South America,Gold,Y
ce9ed0bd-5196-4fc0-a90b-e69f1b874376,2024-02-11,South America,Bronze,Y
f8434845-8032-4ee2-a5f2-d47ebdd427f3,2023-03-15,Asia,Bronze,Y
e4fb1e59-0626-4c64-9d0d-074cc429693b,2025-06-05,Europe,Silver,Y
5e905326-5ed7-48b4-aee5-17d0d5d52460,2022-10-21,North America,Silver,N
d08aba95-52b7-45f6-a695-66490744add6,2022-10-07,Europe,Gold,Y
804e5c38-89bc-46bf-aadf-d32fa2592d2a,2024-01-09,Europe,Silver,Y
029105c1-c548-4918-9b3d-b2e37b226a68,2024-02-07,Asia,Bronze,Y
e9d1b837-b519-4092-9352-a1211f30df05,2023-04-21,Oceania,Silver,N
0ead2ebd-4662-477c-6eec-28adf5c4dab4,2025-12-08,Asia,Silver,Y
3c823035-f64f-4a09-874f-45e10cc000c6,2023-06-13,Africa,Gold,Y
306bc044-e7c1-4395-81d6-a86717e9d585,2024-01-15,Europe,Bronze,Y
0edb81d9-bd7d-4801-b0a9-bb6a6e4bf20b,2025-02-17,Asia,Bronze,Y
a0dea76e-9e78-4ba3-a667-85a5bf9ea33c,2025-02-17,North America,Bronze,Y
3e65bc87-af24-4a42-a7ce-5d2a9e2ca3b6,2023-10-22,Europe,Silver,Y
bcbfe54f-e076-4b2c-ba1c-220f3ade7026,2024-01-19,Africa,Platinum,N
a7fa40fd-dde1-41b0-a547-9e2c697e5390,2025-05-16,Asia,Bronze,Y
853880bb-0624-4f38-a714-ea303fde8398,2024-03-08,Asia,Gold,Y
06af9d77-608f-4c52-b787-3d6e80b1405e,2024-03-11,Oceania,Silver,N
32fd73c5-0894-4176-be99-df69bcd49975,2023-01-29,Asia,Bronze,Y
7505bb0b-b415-4637-8a27-6c0f0afd5240,2022-09-01,North America,Silver,Y
9ecbef4e-744f-49c1-8a6b-804747cba7c8,2022-11-06,North America,Gold,N
8610c316-d0c5-475e-bc27-098851b1ce09,2022-03-05,Europe,Bronze,Y
769633d7-4317-4b8e-a1b7-9c119f7a61fa,2021-08-02,Asia,Bronze,Y
0a2aa248-22db-40b5-b680-70be20b00f7c,2023-12-17,Europe,Bronze,Y
c8482c26-20fa-4fd2-8652-74d1e8d29b72,2022-06-05,Africa,Gold,Y
f11a09e5-1c37-4770-ab5e-6c3d5f8c8e9b,2023-08-21,South America,Bronze,Y
e071beab-3802-4cb7-8326-ca99417463dd,2024-04-08,Oceania,Silver,Y
ac313207-813c-4044-ad11-fa5b268416b1,2021-08-01,South America,Gold,Y
0979f5d3-4a70-4330-bfc0-31368de6e6b3,2023-12-27,Oceania,Bronze,N
26abf251-b8f1-409a-8f3c-9adfe5592193,2021-05-16,Oceania,Silver,N
0ce87570-b4d6-43e6-9aa9-0d26ab636d66,2022-12-26,North America,Bronze,Y
5a1d5866-03d5-4e79-bea7-49dd37c5fae8,2022-12-23,Africa,Bronze,N
c92a3700-0578-47d5-88eb-cbca750f484c,2022-08-27,Oceania,Bronze,Y
c148a441-ec69-4750-971d-93349c20ac24,2024-07-07,Africa,Silver,Y
30563e0d-2a79-43ee-b1d9-947ad835a834,2024-09-08,Europe,Silver,Y
c2d55546-1c09-49c6-9e52-f0766642ab4a,2024-02-02,Asia,Silver,Y
3c25d863-9859-4f87-9daa-f4b952336f21,2021-07-21,Oceania,Bronze,N
aef109f5-a6cb-4f33-b830-9c52e97de702,2022-05-31,Europe,Bronze,N
42931c52-f3b1-44e2-b307-ef63d963cddd,2022-09-26,South America,Silver,Y
88b29829-9f4b-408f-afc3-00dfac9f37bf,2022-11-10,Oceania,Bronze,N
bebc3319-f0c6-4410-92c7-d2b22d6b672e,2021-07-23,North America,Silver,Y
097a4e0b-54df-49a9-b136-a86560f34f17,2022-08-21,Europe,Gold,Y
f48e9f04-9612-412d-8c68-3a9bcd103252,2022-12-18,North America,Gold,Y
f8bfd445-c51e-4f3d-ab31-3a82fb50b8c8,2021-11-05,Asia,Silver,Y
3731ff7d-04f3-4ca5-889b-fbfffba05810,2022-08-28,Asia,Bronze,N
0424d38b-f0c0-4a8a-8143-78c24a30ccc0,2025-08-26,North America,Bronze,Y
62e32fa7-f4cd-4362-834a-184284d8ec6a,2022-05-04,North America,Gold,Y
0d6f79f8-5871-478c-ace9-aeeb25fb9e58,2022-12-27,North America,Gold,Y
fba39e28-053a-4f7f-94f6-703ed6afee3f,2025-03-09,North America,Bronze,Y
08b6d455-3618-47a5-8bf3-695bc1d7f12a,2024-03-12,Asia,Bronze,N
bb7a48cc-2261-4c1d-a217-80af36fea182,2021-10-15,Europe,Silver,Y
66c901bb-b2f4-4df9-8dec-43879347ce3a,2023-08-01,Oceania,Silver,Y
b0d78504-85fd-40ff-a71a-3aeb9ea9ae96,2023-01-18,South America,Silver,Y
475f0f52-f19f-4a2c-ab89-b0567b32588d,2022-12-02,Africa,Silver,Y
b48353ec-391f-4854-a801-d2f9c52f4850,2023-06-13,Africa,Bronze,Y
34f406c7-1314-4259-94e4-7f35f7e9d527,2021-11-14,Oceania,Bronze,Y
a79f41d8-8abf-4736-a514-b571f75602ec,2025-08-24,Europe,Gold,Y
70718530-0c06-47c9-802e-57a8bf9ad280,2025-01-22,Oceania,Silver,Y
036ec6cb-8941-469b-b559-d3c6565a2822,2021-11-05,Asia,Bronze,Y
5d400b20-5abd-46da-a31a-85af2417833e,2024-01-14,Oceania,Platinum,Y
74e8fa93-a38f-4315-820a-80acd7a5914a,2024-01-06,South America,Bronze,N
599c19c1-9902-45b6-9442-5752aa6d5bb8,2023-12-28,Europe,Bronze,N
4420ccd0-8206-be0c-bd5a-19be049af501,2025-12-08,Oceania,Silver,Y
2d42d5e2-036a-4bbf-9ce6-2ecc06cbdba0,2024-03-07,South America,Bronze,Y
2d831604-5659-417f-b74b-e180391397cc,2022-07-04,North America,Bronze,Y
b38f6de4-90c8-400b-bad0-8f4597826620,2024-08-19,South America,Gold,N
b731aa06-ce72-429a-a6f3-1683f2b062af,2023-12-21,Oceania,Bronze,Y
ace86d3e-b3c4-4faf-8436-4a94f3d3030f,2022-02-25,South America,Bronze,N
1fcf1c05-5133-4179-8cc9-3a5a63e6446e,2023-04-16,North America,Bronze,Y
010f339e-3246-42f3-986c-c279e03f7d5e,2024-02-09,South America,Bronze,N
423f023e-666c-4ee8-9cfc-664da485a68b,2024-09-30,South America,Silver,Y
67467281-b3d0-49dc-b4ad-e55548c639cf,2024-04-18,South America,Silver,N
86131e3f-e131-48e9-a50a-e9838788b9c0,2023-12-02,Africa,Gold,N
81242236-d835-4361-bbe8-8dbe5111587c,2023-03-07,South America,Gold,N
706e3f71-a99c-43da-a5b5-97c6ab5b2ca1,2023-07-02,Oceania,Gold,Y
a6181a96-d793-4f1f-bd19-6f8e999a4242,2023-09-04,Asia,Bronze,Y
0ecb845e-7d32-4d96-8ba4-475b68532e2e,2021-11-11,Africa,Bronze,N
3a762377-6f61-4575-8d7f-bb4293c6bf75,2023-03-24,South America,Silver,N
f75efed8-2d6b-4953-8fea-d84ec98cfd48,2025-01-31,Africa,Bronze,N
ba1b3912-aba9-4d76-9d64-cc9dbe078e3c,2025-02-25,Europe,Gold,Y
39f31f6c-f1b6-4d8d-aa41-3b76f826d7d2,2024-02-11,South America,Gold,Y
c0bd494b-69e6-4df4-8be7-3aeb5a6ae3c6,2023-06-14,South America,Gold,Y
26fa466b-1573-4a73-8266-557cefc66c4c,2022-03-15,Asia,Bronze,Y
21fcc000-f37f-4265-8db9-372a752e9456,2021-12-30,Asia,Gold,N
1825bc54-30be-445f-a835-14f2ceb81f9d,2022-07-26,Oceania,Bronze,Y
48f2cfa1-40a3-464f-9fa0-3dfbcc3773e9,2025-03-19,Oceania,Silver,Y
39a8ab5a-bf9c-41e7-aa47-8c843f67ed89,2023-08-22,Oceania,Bronze,Y
4e14b67c-afe5-45f4-97cc-a58193131310,2023-05-23,Asia,Silver,Y
542a4747-fc10-4952-aa94-4d391d587174,2025-01-17,Oceania,Gold,Y
5aed79fb-34f4-42c5-8795-8ea970f04878,2024-11-14,North America,Platinum,Y
0f65a0b5-80f2-4e10-8ab5-34ca8c8a9e48,2022-07-11,Oceania,Silver,N
fc761e36-96ed-e9e9-96c2-eafa2b8f5009,2025-12-26,Oceania,Silver,N
0c3dbeee-e6f5-47a9-be27-21cdd79b37a1,2024-06-17,Oceania,Gold,N
950ce835-3659-4a8c-938f-b1ef2ec01db7,2022-11-22,Oceania,Silver,N
411920f6-d056-4199-b728-ddc20f5e8b47,2023-06-18,South America,Bronze,Y
1d5723e7-a388-4d72-bd43-a755864a9d07,2022-11-16,North America,Gold,Y
feb85aee-d44e-4816-92e3-61e0cd145373,2024-02-08,Asia,Gold,N
74713664-d0cc-40de-ab8e-7d7c384ed4d3,2023-04-18,South America,Silver,N
ae26aca3-8516-46d5-aade-b5d1094d2acd,2023-07-08,North America,Silver,Y
5af29561-7c28-473c-823e-26505b5319ed,2023-09-26,Oceania,Silver,N
dea07b4b-cd17-4b48-b736-a4ac12bd332b,2024-12-01,South America,Bronze,Y
a9e82dda-163f-48f2-ac4d-5b3258f14f7f,2023-07-17,Europe,Bronze,Y
f0383a42-003d-47b1-bfd5-c458e92ba5e9,2021-08-29,North America,Bronze,Y
4b637343-4f0c-4036-bcf4-e458b90ed009,2022-12-12,North America,Silver,Y
61d10454-a3ed-4d43-815c-121dfcabda35,2023-02-12,South America,Silver,Y
73079edb-5efe-4e1a-8f44-4f17c260f4a1,2024-02-20,Asia,Silver,Y
54da609d-1883-489f-a512-e539e57a1411,2025-03-24,South America,Bronze,Y
d6bbb8fc-9a09-4f4d-82f5-5a69156d2b65,2023-07-18,Africa,Silver,Y
019403d2-8370-400b-8b17-a9f62ea4d27b,2024-10-06,Asia,Gold,N
0149ac30-558d-4c80-88e9-4775413a9fd3,2022-07-19,Africa,Silver,Y
3d9fd0a3-5d31-416a-94ae-3358046a101c,2024-07-05,Oceania,Bronze,Y
5e24296e-b736-4ad9-b9a8-226b5ced7017,2023-07-21,Oceania,Silver,Y
66ceaf9b-9005-4012-b6ee-3a01c4a604db,2022-04-19,Oceania,Gold,N
39a5442f-3818-4c5f-89e8-8194f55b5f1c,2023-06-05,Oceania,Silver,Y
f3cd0681-81f7-4175-9f59-bdecf7b453f5,2023-06-19,South America,Gold,N
1690636b-6f74-455d-99a9-af6aed054732,2023-06-06,Europe,Silver,Y
4debf416-463a-4373-b6bd-bef69dc758ac,2024-08-03,Europe,Silver,Y
6c3b3880-924b-4628-9b23-4e264faed0f1,2025-02-13,Asia,Bronze,N
c01a48b1-6937-4c46-9c3a-bd2a62ccac09,2025-01-31,Africa,Silver,N
e03f589d-aeca-404c-a840-4cd4a18b6413,2024-10-01,Africa,Bronze,N
d4b09e38-dedc-4f98-8d9f-047a92c1b7b4,2022-11-03,Africa,Silver,N
a1e16a4d-d03b-4607-9303-577e19c82de4,2025-07-14,North America,Silver,N
dc18314c-510f-4c61-a129-e7ff18189b01,2024-11-11,Europe,Silver,Y
489fc777-1b98-44c5-afd8-178299a1a943,2023-02-17,Europe,Silver,Y
57c3a5cc-5b16-4b5a-bdef-211311c7fc06,2022-02-20,South America,Bronze,Y
d10327ba-fa9f-4b46-b908-2fbdebd4e04b,2024-02-10,South America,Gold,Y
916efd7b-7cc2-49b7-95b4-59923d49e4f8,2022-11-09,Asia,Bronze,Y
6d46ebb5-c4bd-4247-b20a-67d6c9442628,2023-04-11,Oceania,Silver,Y
4a3de0e3-5b91-4b54-9584-3f4bb05be11e,2023-02-08,South America,Silver,N
d03825ad-b84e-4b3d-adc7-8f160b217608,2024-10-03,Europe,Platinum,N
59699bd7-0adb-47da-b0a7-f7716be8f85f,2022-09-18,Africa,Silver,Y
6f20b8c3-d434-43bb-bcfb-59685f941349,2023-08-22,Oceania,Bronze,Y
954380e5-42e5-48b7-824f-cb25fd3c18af,2024-01-07,Oceania,Gold,N
627ead88-3d9d-4c94-bc42-78784ba97ad2,2023-08-10,Africa,Bronze,Y
9e069061-7e7a-451c-bab5-25e486289bae,2023-09-08,Africa,Gold,Y
4782d4f4-82a7-423d-8838-f55341f6ddd0,2024-11-26,Africa,Bronze,Y
c2dad97d-02d3-471a-a271-ba6c378a4387,2023-06-18,Oceania,Gold,N
ef1ed1a0-591d-4edf-b206-791dd578128c,2024-02-16,Africa,Bronze,N
48b6dfac-8731-41b7-86dd-4d8a37f14593,2022-04-28,Africa,Silver,Y
5b9bbe0b-eada-4aab-8fc4-afe20d426fcb,2022-12-24,North America,Silver,N
6f98e008-f9c2-0003-7958-2b950e0d7608,2026-01-07,Africa,Bronze,N
d98cf11b-b16c-4719-b299-60e10ee2ed66,2025-07-04,Africa,Bronze,Y
1d534cdf-c552-4e16-a7ff-111960a7d89f,2022-02-07,Asia,Gold,Y
c8197cac-9656-4a76-82ad-4f7be36585bf,2022-12-03,Asia,Silver,Y
546b3c5f-54df-4eba-a51b-4fd7f19e00cc,2023-11-24,Europe,Bronze,Y
12087e20-8ede-4b46-807d-0affcb51a911,2024-12-26,Europe,Bronze,N
5b4cf598-2ded-4560-84be-fc8e86a92ccb,2023-03-02,Africa,Silver,N
1f0c4661-109a-4450-b59e-f621d1af623f,2024-03-06,Asia,Bronze,N
6b7cbb92-0bf9-924d-b1e0-3ca6017b63a5,2025-12-05,South America,Silver,Y
7e362e30-8483-48f5-ac5e-b771d9c38ca6,2023-08-23,Asia,Silver,N
0cc244a5-b893-40a0-87d3-8350a061450c,2022-12-06,Europe,Silver,Y
76f7c302-b4ce-4f97-9826-5575bbe42855,2022-06-04,Europe,Gold,Y
b55a33f4-ff42-42d6-b242-9c28db87de0f,2022-01-15,Asia,Silver,Y
0a8ba317-1c4c-4e10-8c3a-7a07c2cffeb7,2023-01-11,Africa,Bronze,Y
1a73d59c-d2b5-49f2-8183-52c2316e76d3,2022-04-27,Africa,Silver,N
ad70d469-8b38-4a81-99ba-02bfcd307409,2022-11-25,Africa,Gold,Y
56e6f05c-94aa-4293-98dd-62f3d2a8c74c,2025-03-15,Asia,Gold,Y
2d341e87-42ec-4acc-897f-9769b749d03f,2022-08-09,Oceania,Bronze,Y
21feaa32-4c28-499d-9765-ee09d0fba467,2022-08-02,Europe,Silver,Y
ec084346-882b-4051-a54d-1d36808576f2,2021-05-20,North America,Bronze,Y
c5e3f524-41dd-4517-a192-023b91426c7d,2024-04-07,South America,Bronze,N
b93b17fb-f76d-45fd-bd16-45a0d253d966,2021-10-22,Europe,Bronze,N
f2df8f17-1d5c-495c-95a4-d81baeee0e2c,2024-02-25,North America,Silver,N
fe0129cb-a835-41b5-b0e8-025f82985eac,2022-11-03,South America,Gold,Y
00e4b488-c309-4b44-a080-ba5cab5ecc3d,2023-11-23,Europe,Gold,Y
e6d894b2-7756-4837-8e6f-c50fa7cef6a3,2024-04-29,Africa,Bronze,N
d048c8af-ff5f-474a-8a53-76abc027c505,2024-10-08,Africa,Gold,N
93e8b90d-d73a-4e2d-8155-0f52bb7202dd,2023-08-05,Oceania,Silver,N
bf1d234e-5561-492a-a060-8801f187a112,2024-08-05,Asia,Bronze,Y
2af92bf0-12a1-45c8-a6b3-0b6d4be22e6b,2024-05-03,South America,Bronze,Y
f3367455-d6e0-40b3-8542-3494e26a3364,2021-07-15,Asia,Silver,Y
efcde67b-d217-43e3-bdb9-9432f7447d89,2021-10-02,Europe,Gold,Y
ce8a5306-d243-4d1b-96bd-5e9f4e7a081e,2022-08-23,South America,Bronze,N
7cbbb57b-a29f-489c-aec8-21b5bd3b46e2,2024-02-09,South America,Gold,Y
3c8adf06-9d93-468e-92ca-6ae8148ea4fd,2024-05-15,Asia,Bronze,Y
ef746279-abfb-40e4-81e6-c7910c45af70,2024-11-21,North America,Silver,Y
61453600-cb68-4a0d-8f70-024f10120611,2024-06-22,South America,Gold,Y
95b47e4c-8253-43de-a5fa-65b0e51411fb,2024-01-08,North America,Silver,Y
5dc64778-89fa-4d88-a3ad-d8db01655e18,2022-07-10,Africa,Silver,N
f50a615b-2e13-480c-baf5-0c027fa61547,2024-11-23,Asia,Gold,Y
c58b8f79-4d71-5e47-01e6-8457f818b7eb,2026-01-03,North America,Bronze,Y
9425b29d-c400-4d41-a50d-01b21a6b6aaf,2024-02-25,North America,Bronze,Y
a23cc79c-0789-4691-80a6-82141313cf08,2024-05-18,Africa,Silver,N
0548bab7-ddaa-4b0a-a8d7-d9609a6c1b86,2023-05-20,South America,Bronze,N
5620cb85-abd8-47ee-8191-0a17f93b0047,2025-05-21,Asia,Platinum,N
3ce49130-cc28-47f4-8478-f845a4fd99c5,2025-04-03,South America,Bronze,Y
bc0e4f1a-01e9-4d71-8f9f-639d331f8e45,2023-12-12,Oceania,Gold,Y
7583bd18-48ee-4460-8b40-11c11c5e230f,2023-04-09,South America,Bronze,Y
836792ab-8028-4777-8c2d-ba0859497837,2021-11-14,South America,Bronze,N
7e8280af-ec51-46f8-8cf1-604e902d35e4,2023-12-08,South America,Bronze,N
a109f179-5579-455c-af21-76ab1c21eb1a,2022-10-01,Asia,Gold,N
666b0650-923a-4139-b4d0-28b48ef4d724,2022-02-15,Europe,Bronze,N
44489086-860b-4183-9bbe-8e888e14dbf2,2023-07-01,Africa,Gold,N
581d84d2-7364-4c2a-a45d-ad860e29a199,2024-06-02,South America,Gold,N
51b30182-f7fe-404f-a5f3-0779f6ee5cdb,2024-03-26,Oceania,Gold,N
8cb94dd4-8f6e-4ada-a00b-c60a4cf3ef34,2022-05-18,Asia,Gold,N
7eb3cbe9-fee0-40ee-bae1-f7af405b7809,2024-10-24,South America,Silver,Y
39ac9064-f4d3-40a4-a07a-4354bc5d543f,2024-04-29,Asia,Gold,Y
9c694a79-8a3d-44b6-abc7-021aac472c44,2021-10-04,North America,Bronze,Y
9813613f-f772-40bc-bb43-b082fab4f6a7,2024-03-30,North America,Silver,Y
2cce0f8b-db29-42fd-8d6e-ce8fdf9c3483,2021-12-21,North America,Bronze,Y
9ddfcf5e-2855-466c-b5dd-068b148502f2,2023-06-05,Asia,Silver,Y
10c663b7-ca37-44e2-a350-e8609cf4061d,2024-08-11,Asia,Bronze,Y
e5a82573-a363-4d05-9918-796593181c9b,2024-08-01,Asia,Bronze,Y
547213ee-39fd-4ae0-bd7b-3857276eec17,2024-01-30,Africa,Silver,Y
0a4e6244-3ead-4eb7-9b4e-f51b8ce6f491,2023-07-08,North America,Silver,N
f6a0ee8d-7870-4e4c-896f-ff65685a712d,2025-04-02,Africa,Bronze,Y
5523114e-0404-44c3-bcd3-788c62c483ed,2022-12-04,South America,Silver,N
f9533583-a07d-4fbc-8351-429480230815,2023-03-03,Africa,Silver,N
40dd4e0f-112c-4124-a7d3-2d45ea24ea3a,2022-01-03,North America,Gold,Y
b71e78c3-55bf-4148-b4f5-6852d5d7846b,2024-04-06,Oceania,Bronze,N
e5308b72-b336-4f7e-a6db-2f3a9e871d39,2025-05-04,South America,Silver,Y
8f8ae861-8668-4afc-a07e-3c20d2384af9,2023-07-13,Europe,Bronze,Y
e6a16894-e85f-4f14-a727-93bd2a3c9368,2024-11-25,North America,Silver,N
e688b58c-6cb8-49e9-b6dd-7f244622390c,2023-08-31,Africa,Silver,Y
694d7b00-8d38-4327-883f-13c601b158e9,2022-07-05,Africa,Bronze,Y
8da411b6-894c-4c78-ad9e-3fc464114680,2023-05-23,Europe,Bronze,N
77f0fa5e-dba9-49c4-bb9d-a39dcbae79d3,2022-01-10,Africa,Platinum,Y
8cc81670-d3a7-49d3-a7ad-3af12aeaff2e,2022-06-01,North America,Silver,Y
739054d7-207c-4452-8fce-6368b0171e20,2022-05-03,South America,Bronze,Y
16520d40-4605-dd14-ec0c-00473ee5236e,2026-01-07,Oceania,Bronze,N
2e2d0681-a8b2-4070-9b18-72ac78c4c27f,2024-02-03,Asia,Bronze,Y
1cb9b73a-906d-4c8c-aad0-8c8913fe8a29,2023-07-08,Europe,Silver,Y
c44b04e8-f51e-4df3-86c3-998e8f14aac7,2023-08-10,Europe,Bronze,Y
da8ad382-a20b-4170-8b38-43fb552b85f0,2023-06-23,South America,Gold,N
73c41e88-5102-489e-be22-202f1af3785c,2022-04-27,South America,Bronze,Y
6dea4a41-f846-4119-a83b-8a6bb07cd1c9,2023-12-10,Asia,Bronze,Y
a7797368-04a6-47d5-9170-133e515eb10e,2025-06-12,Africa,Bronze,Y
70869a45-4a8a-4b17-b09a-083a0c9ea060,2021-12-19,Europe,Silver,Y
b6e7dddd-7b4e-4fd4-b3f0-61a27b5aab2e,2023-07-23,Oceania,Silver,N
0dd18a6d-63a8-47b1-8532-50d5c30447e5,2021-09-08,Oceania,Bronze,N
efa8c7a7-2956-4c67-a6ff-b2a15ddc7abb,2024-05-29,Africa,Bronze,Y
97a364cb-9902-478f-9925-98cfbca8df9a,2022-06-28,Africa,Bronze,Y
6e9c47ac-b205-4f95-af7f-dad2a041e65d,2022-06-22,Africa,Silver,N
a0d3f12d-30f9-4dc7-95ec-ecc170753a38,2023-12-07,Africa,Silver,Y
651535c0-d9e7-4673-b2cf-9cd005e1872f,2024-07-19,Africa,Bronze,Y
9af25277-45d9-4e56-b5a0-4e1dc005c4b6,2024-03-06,Oceania,Silver,N
5782ee53-35db-44d5-bfb4-4095312a9fbe,2025-03-19,Oceania,Bronze,N
4c2eef90-ef30-4609-a9d5-5f2cedb715eb,2024-07-05,North America,Bronze,Y
243191eb-5d9e-4717-bf08-6a9e569db57e,2022-10-16,Europe,Bronze,Y
8bdf7e7e-c248-4251-a3b0-f45dc08665ec,2025-07-27,Asia,Silver,N
c8473aca-5fb6-4ffe-b08a-77e41532d942,2023-09-28,Oceania,Bronze,N
ee3720a2-96e0-4443-9892-d167e382e107,2023-04-11,North America,Bronze,Y
b1f7c6f6-6f2c-430a-8011-513fbfe06963,2025-05-21,Asia,Silver,Y
2686e75a-620f-4fe3-8788-204dc1a94a28,2024-11-24,Oceania,Bronze,Y
43074550-1c95-4057-8f3f-70c6d67d35aa,2024-08-08,North America,Silver,Y
c59ac867-b844-81e9-35ba-f0bd455a14d6,2025-12-29,Oceania,Silver,Y
ca953e46-7ee6-49af-b928-1b752be73a3e,2022-08-09,Asia,Bronze,Y
43c3b213-ddb0-4d7d-bf7e-84c5328dc2b0,2021-10-07,Africa,Gold,Y
a8b931bb-7c60-e5a9-761e-8bb724c0c086,2026-01-10,South America,Gold,Y
f105c2d8-7acc-4c3b-b90c-a4475352db34,2025-06-07,Oceania,Bronze,N
747c6372-a413-4979-9b78-6ce8109425cc,2024-11-27,Oceania,Bronze,Y
81edceb3-8bb2-4f15-a045-d9e673ad562d,2022-01-09,Oceania,Bronze,Y
b031512e-f792-4747-b969-4ba48cdad6e4,2024-07-22,South America,Gold,Y
2afed171-238a-40c0-b876-17df4e0c637f,2024-11-18,Oceania,Silver,Y
eaac53de-c51f-4535-b5b6-20c328cb9da1,2025-06-01,Asia,Bronze,N
1e77dfe3-b713-4d43-93bf-8eced57bf281,2022-11-19,Africa,Silver,Y
2495c5a2-c64e-4eca-b20d-ac54b4ef32c2,2022-06-28,Africa,Silver,Y
bd778a5f-9402-4cf2-a1cc-e66d92b9876c,2023-11-30,Asia,Bronze,Y
f682349d-4c6a-4a82-ba65-e451a0efc206,2022-09-16,North America,Silver,N
d08fa2c6-9326-404e-8ad9-4050305770d0,2023-10-04,Africa,Bronze,Y
9feb7f70-2cb6-4fa5-9bb6-43569a8c3437,2022-01-07,North America,Bronze,Y
5f104442-d976-4e53-b08c-0012ca746710,2024-03-05,Europe,Gold,Y
e4c7f7be-8ed3-4531-a586-b31a165058be,2021-05-30,Oceania,Silver,N
95604b1c-ff0c-42a0-9c0a-7cc4f7790f43,2021-12-01,North America,Silver,Y
28a775b7-ae00-4316-9f10-9f59a4d9ac7c,2024-07-27,North America,Bronze,N
0fdd5a78-2a51-4622-b08e-4c269e4c21c2,2023-02-11,Africa,Silver,N
d8f495fe-ce4d-4904-8dad-1be47b04e080,2023-05-20,North America,Bronze,Y
00efd96c-6b67-4e6a-a44f-70ccc3ce7385,2023-01-08,Asia,Platinum,Y
0351dfd7-d2c3-4b9b-a49b-c6793509d895,2024-04-30,Asia,Gold,Y
38c62f34-a141-409e-8ada-f0f7ab559ce3,2023-03-23,South America,Silver,Y
340155bd-b6ac-4c8e-b977-c7b41e56d346,2021-12-29,North America,Gold,Y
4bf64684-6e58-4c2e-953f-22aef9e3e218,2024-09-04,Oceania,Silver,N
f9846201-90e7-4250-b86d-cb006f11a8eb,2023-08-14,South America,Silver,Y
7b62e628-b34d-4ab6-86da-d79be7c9b4b3,2022-09-03,South America,Gold,N
40785616-d186-4cd6-a2f9-2cd41757e1ab,2021-05-16,South America,Bronze,Y
8725d182-5c6d-446e-aef2-beed443c4dee,2022-12-02,South America,Silver,Y
49f36ca3-53bc-4a7f-8a53-1527c637285c,2024-02-29,South America,Bronze,N
da695b09-69f8-46e9-b5ab-963c2c5ec803,2024-04-08,Africa,Gold,Y
c49b7f47-d6cf-4ee7-b9d0-df45cf0f8289,2023-06-21,South America,Bronze,Y
bb688c2c-780b-4ab7-86b4-8b84f3cd7717,2024-09-25,Asia,Bronze,Y
9041d892-cd46-43c8-b761-1b4cc590b4d6,2022-12-19,North America,Gold,N
1035c0de-2dbc-4637-96ab-5061bcbefda2,2022-05-01,Africa,Bronze,Y
8dffb34c-8b42-4ee7-921d-d567ea53a09d,2024-01-04,Europe,Bronze,N
ada26156-7e48-4921-aab8-a49701f36bbd,2024-10-04,Europe,Bronze,Y
74d499e3-d09e-4e58-a0b1-5762f3564292,2023-08-27,Oceania,Silver,N
be634283-1fdf-4df3-9c7e-fdeb859d4ec0,2024-01-15,Africa,Bronze,Y
c95b6b5e-72a1-4fd9-9d02-fa19871f804a,2023-04-25,Europe,Gold,Y
b3f731b7-1375-9f4a-7243-3e5365410267,2025-12-14,Europe,Silver,Y
80ae10d0-18b7-4755-8905-e014abea2b2d,2023-02-23,South America,Bronze,Y
786d5d33-a85d-4a4d-b5a4-38ce81ba72c7,2021-08-18,North America,Gold,Y
9b72a9fe-669e-498d-a3e7-3896c784ef4b,2023-06-10,Europe,Gold,Y
f10f4140-6aa2-4cc7-a8d0-0c769bdfd91d,2024-09-14,Africa,Bronze,Y
fd9874ec-d27a-4ee6-8226-b2dce60a4bde,2024-11-17,Africa,Platinum,Y
1d2467e2-0191-419d-845c-3fbb52ecac27,2022-09-30,Asia,Silver,Y
16d2bd10-3b30-44c9-87c9-d16789c5040f,2022-10-26,Africa,Bronze,N
53d196ae-434d-4335-b481-838ddddca162,2023-10-09,South America,Gold,N
c10d1327-9645-40b2-bcce-40da573e4de4,2022-03-24,Europe,Gold,Y
3a010c14-835a-4cf4-bcb5-04909267d0b5,2024-07-02,North America,Silver,Y
e59a2d7a-4f03-4a3d-b5b3-706b0993f014,2024-09-12,Europe,Silver,Y
32ab5afb-d127-469a-904f-892144fa6821,2024-04-19,Europe,Silver,Y
a0ab393c-88c8-4ded-bf6f-8c13453af993,2023-05-13,Europe,Silver,N
1d48a071-ab61-47b1-b93b-4c3220500494,2023-09-16,Europe,Silver,Y
1c4f3c3b-50c1-4fe8-a54e-adaf9cc37efd,2024-02-04,Europe,Bronze,Y
319afe68-3478-4455-824f-307ecf174a7c,2023-03-11,Europe,Silver,Y
4247fd42-d6bd-4a82-8ddc-d54626560d7f,2023-06-09,Europe,Gold,N
5f0a0c49-90a6-42d9-9999-d15dc6b8ec98,2023-10-12,South America,Bronze,Y
bcb08f0f-9a4a-4ffd-91db-ded0cbf4f192,2023-08-27,North America,Bronze,Y
e95b6461-c35f-4e4e-822c-d1cd42a080ef,2023-03-01,South America,Gold,Y
5b444ff0-f9bd-47ea-bbee-00d897e7253f,2025-05-20,North America,Bronze,Y
b17bb800-20d6-497c-91ac-914923e4b52d,2022-12-11,South America,Platinum,Y
1f99e0a7-f905-4bd9-ac7b-33827b51b4bc,2024-12-21,Oceania,Silver,Y
2ec62764-43e8-4ebf-8b9f-0817255961ba,2022-05-18,Oceania,Platinum,Y
90a43f3d-6428-4b10-9ac5-5b81feda1835,2023-11-05,North America,Gold,N
acb15b9b-fd60-4b05-830f-7e8014f7f2c0,2024-09-21,South America,Bronze,Y
98cb3cb4-e2f7-47ea-8cf2-fdf8ec1f5d97,2025-06-01,Oceania,Silver,Y
83018793-d8d0-45f3-90d5-159604336c6e,2025-02-28,Asia,Silver,N
3f563a4b-1726-4901-b488-d4a2bab93459,2022-08-13,Oceania,Gold,Y
bb5e14d6-5b74-4fdd-9c97-46949884f76d,2022-08-04,North America,Bronze,Y
030a910a-1d3e-4876-a2fd-523e7e7d4de8,2024-09-03,Asia,Bronze,Y
4633f355-c0c5-464a-baf8-fbd12fd505b1,2023-07-21,Europe,Bronze,Y
afa3dcc0-2e09-4e54-be86-c0bf4e7900d8,2022-06-20,North America,Bronze,Y
d169a88b-19e8-4744-a23b-7fdadf469b4d,2023-07-22,Africa,Bronze,Y
c0229fda-07fe-4c5b-ab04-4815a8e34c57,2022-07-18,Europe,Bronze,N
8849b022-4668-4ed7-a263-322fcc6a7c1c,2022-12-29,South America,Bronze,N
f64a3ec6-c058-4572-a8d2-011695f666fa,2023-10-27,South America,Bronze,Y
813f5d12-ae59-4144-962a-c83a376138ca,2024-11-12,Asia,Silver,Y
0791e8ca-bfc5-4a33-aecd-8622f82066f8,2023-02-09,Asia,Bronze,Y
5d9a1711-a07c-4bd8-bb58-314e7b25706b,2023-06-05,South America,Bronze,Y
6f140dfd-7403-4e8b-8044-b30905555e8c,2024-09-11,Oceania,Bronze,Y
9962dc13-4411-4011-aefa-aa48e1ed070b,2023-07-16,Oceania,Gold,Y
c5128bbd-8599-4b12-a2fc-717c6fe69da7,2023-08-26,North America,Silver,N
835e0883-94bb-414c-86d2-eecbb3b2bcd9,2024-03-08,Oceania,Silver,Y
fce31861-ee98-451b-9a40-22e6a4e17c00,2022-12-16,Europe,Gold,Y
10c99a48-a654-417d-aba2-565052694fee,2022-03-28,Oceania,Silver,N
dc0eef8c-14e3-418f-a1d7-e25514b28960,2025-02-22,Oceania,Platinum,N
4808884b-6413-7c20-213a-839cdecc87f2,2026-01-11,Oceania,Bronze,Y
b5f43f50-68d7-4d6b-9b73-e5ee4eccd313,2024-04-11,Oceania,Silver,Y
3e5bd4af-d587-47a3-b93c-04f7663ab809,2023-05-31,Asia,Silver,N
d57af542-4027-4ec7-aedb-93bd2eadb530,2021-10-22,Europe,Silver,N
76c02bd4-da6c-4298-b421-63beca4bba0c,2022-11-04,Oceania,Silver,Y
b524b52a-5e4f-4928-ae87-895d780f5153,2024-08-27,Asia,Gold,N
7e651cdb-099f-4e11-b430-131be9bb7286,2023-10-21,Asia,Bronze,Y
a12f9473-9dfb-4067-ad5f-82b3c542806f,2024-07-01,North America,Gold,Y
621285e3-407a-d92f-660d-63f3eaf590ed,2026-01-03,North America,Bronze,Y
94235872-ce9d-4e59-ae9d-60dc6113b767,2023-09-11,North America,Silver,Y
e4d24182-0ffa-40ee-83b5-5d5786ae9201,2024-08-05,South America,Gold,Y
a64aa031-f763-443a-9f72-3470dfdda77b,2024-01-17,Europe,Bronze,N
9837c6d0-1e4a-4a1a-88d7-516d57819dd5,2022-10-12,South America,Silver,N
80fbdb3e-9bda-498e-83cf-a636b3cbbe72,2022-11-21,Oceania,Silver,Y
31cdf8ba-df95-44a1-82ba-7d81d0ae77f7,2024-04-20,Oceania,Bronze,Y
e3776e99-66c7-4c2f-9e45-698f903cad56,2024-03-12,Oceania,Gold,Y
7294dee8-5bd5-495c-b285-f309d95ad95f,2025-01-26,Europe,Silver,Y
17816099-1d7c-4864-b222-3847b452ae5c,2023-07-12,Asia,Bronze,N
2f02ec68-f8c4-419b-a64e-8fb89bff3017,2022-05-12,Europe,Gold,Y
80cfb1db-1287-4313-8f02-6c2c1b414999,2024-04-20,Africa,Silver,N
8d09d751-1470-4624-8f2a-61c04f153435,2023-01-20,Africa,Bronze,Y
ddaa5963-8c73-42bf-8133-c9411ea8fea0,2023-03-21,Oceania,Silver,Y
f9dafc66-3d60-40c4-915a-2848e3b41fe7,2022-01-22,South America,Silver,Y
46ca3f98-5e19-41cf-b06d-487dbaa8967b,2023-09-21,Oceania,Gold,N
3bfbb564-a1a1-445e-ad30-2164339c4436,2022-05-12,Europe,Bronze,Y
62264e3f-3660-4558-8f82-f369696e558d,2023-10-31,Oceania,Platinum,Y
7e2a9ced-8a27-427c-be77-5b7f8b4db6dc,2022-07-06,Asia,Gold,Y
3f63ed90-bbf5-45b9-a5c1-36399fe42c2e,2023-05-31,Oceania,Silver,Y
0f52f32b-c3b0-49e4-be9f-8c8f7c4de6d7,2021-07-26,Asia,Silver,Y
f60d02bd-c37f-4d73-855f-e0c6dde677c1,2022-11-20,Oceania,Bronze,Y
5a4594cf-6648-4283-b6de-1f5cd985084a,2024-04-18,Europe,Bronze,Y
cbecb05f-2be8-4abf-ad3e-7f09b9678175,2022-06-26,Oceania,Silver,Y
3abe7838-160c-42f5-9aba-7a62b7aecdeb,2024-07-30,North America,Silver,N
ac070dc2-d127-4718-94b2-a1fa2cafd8c0,2023-01-09,Europe,Platinum,Y
ce76a365-16bf-4177-b142-282f8f4eddd1,2023-10-13,South America,Bronze,Y
becec9eb-2c81-4f99-a153-74b0f6257ed1,2023-10-26,Oceania,Bronze,Y
d99f0444-6db6-4f62-9b10-75578c8e652c,2023-10-04,Europe,Gold,N
cb718a05-4b89-44b1-aa62-9b76fab2e923,2022-07-25,North America,Silver,Y
dca21033-16ec-44b5-8f6a-d43f09536c4a,2025-11-15,Europe,Silver,N
abd06c5b-cc94-4b8c-bd2f-297dd6965ed1,2023-12-03,North America,Bronze,Y
b6d09d3f-2c76-4da4-a829-96b32ba095a8,2023-09-24,Oceania,Silver,Y
8b6aa701-9bc7-4652-b876-4c84025de8b8,2022-03-26,South America,Gold,Y
4ea623e3-47b2-4835-b655-4281d10ef70c,2021-10-28,Asia,Bronze,N
90dd9b6d-ccbe-459f-8b81-ba955c01243f,2021-10-23,Oceania,Bronze,Y
6fc3abc8-00b3-4dde-90ec-f6308b9ac0c3,2022-09-30,Africa,Silver,Y
fa40092d-9504-4df5-a645-49cfbd2204eb,2024-07-07,North America,Gold,Y
f048fc39-dbca-4cfd-8161-e369ebd44c37,2024-05-14,North America,Bronze,Y
58ee0427-2c95-4ec8-92e7-e2e1491681e4,2024-08-18,Africa,Gold,Y
e1b9bd2e-779f-4702-9a6c-df5c4aea5fef,2021-12-02,Oceania,Silver,Y
372f871a-45ee-432d-aa07-f2137129cec7,2024-02-03,Oceania,Gold,Y
0865bc33-ebda-47b0-89f0-f54a83f5a437,2023-10-03,Asia,Bronze,Y
5cc7127a-2b14-8354-c767-364495a1dc98,2026-01-06,Africa,Bronze,Y
ddf66267-40dc-43d0-9b90-eccb57170190,2025-06-30,Asia,Bronze,Y
ded8eeb5-761c-4ca7-96f1-d7e0c3cb9f79,2024-02-25,Europe,Bronze,Y
b2decab7-49ba-46ac-9a44-3dd202529390,2024-01-05,Europe,Bronze,N
1c05a85b-ca8d-3149-8a29-d1fbee88891c,2026-01-01,Africa,Bronze,N
d3f5b956-3bdd-42b4-871f-796dbc3b1846,2023-04-18,Europe,Silver,Y
b5ea457e-e736-4a4d-9efb-14f3e01622ef,2021-12-27,Asia,Silver,Y
007a159e-7ae7-49f8-8e00-b84bb3f01169,2021-10-22,Europe,Bronze,Y
c7eee466-ea96-4da4-9f46-76a12ff24e9a,2021-06-01,South America,Gold,Y
7d356436-de32-4e32-9cf9-9c462e8ca926,2022-02-18,Europe,Bronze,Y
dd5969e8-1b24-40e7-99db-881f595342d0,2024-03-06,Asia,Silver,Y
1e844654-1802-4fae-aa5c-384073b0e41e,2023-11-22,Oceania,Silver,Y
5be611f8-99c1-437d-a644-e6306dc1904f,2024-08-19,Africa,Silver,Y
6332472c-cdcc-40ec-bc65-182ecaec902d,2023-02-05,Europe,Bronze,Y
5db7c2a1-d7c8-4473-897e-d248fd4b41b3,2024-10-15,Europe,Bronze,Y
25a30516-119d-4d67-b4d8-76deffff8099,2022-10-13,North America,Gold,Y
d81440e8-2949-42da-8ae8-355be7727868,2022-11-02,Asia,Bronze,Y
50e61ba3-2c04-4716-9e6d-08e957d3538c,2022-08-03,Asia,Platinum,Y
a3738c8b-0f51-49a2-b6c8-202caa67f9b2,2024-08-31,Oceania,Bronze,Y
a8be954f-dce6-493e-a8c7-bdd7adabe067,2022-05-03,Africa,Platinum,Y
677a740e-4adb-4881-85cb-135aae2f9cbf,2022-06-22,South America,Bronze,Y
5ed69b88-fdbe-4e47-9edf-5358756b17cc,2022-12-04,North America,Gold,Y
bbc0cfb3-1d83-4a54-a0f4-3fd3bd605a8c,2022-04-01,Europe,Silver,Y
8d8748c4-12ab-4acd-a52f-2ae78862923d,2024-09-29,South America,Bronze,Y
93400bc2-95d4-41cb-b650-67e06b941b94,2025-04-25,Africa,Bronze,N
03df0c66-0cbb-4f92-b5a8-0e6d5b120acc,2023-03-30,North America,Gold,Y
3ca2452b-e373-40fb-b2e6-e856bb84461e,2022-11-16,Africa,Bronze,Y
fbfd8d9a-3c14-423c-964d-5331e2b1ebcc,2024-04-11,Africa,Bronze,N
e1fdc6d1-6978-4221-bfb7-5c574b8c031f,2024-11-26,North America,Gold,Y
1d4adfa1-f814-494c-a276-9aa05b715f52,2023-10-02,Oceania,Bronze,N
0b05cde0-b4eb-4ab8-9990-e0470a671617,2022-01-17,South America,Silver,N
d5e652b7-1a83-4240-b0a3-a4122cfc142d,2024-05-15,North America,Silver,Y
42788f00-39bf-4453-8869-282a05d5413a,2023-10-21,Africa,Bronze,Y
f0b3ba86-0d07-40d0-b09a-04e8979ab104,2021-03-07,Europe,Gold,Y
ab3f4c7b-7a15-41fb-b6bc-5bd48911b3a9,2022-10-30,South America,Bronze,N
e7927c36-33f9-476b-872a-5b8c39832fbf,2024-05-01,Africa,Bronze,Y
8c63f503-49b2-448c-a15e-729e102925ea,2023-10-28,Africa,Bronze,Y
08046b1b-5476-456d-8b1b-c7b96e32838c,2022-07-19,Asia,Silver,Y
b1b5d7fd-1e8c-4911-a040-c35c9b6a0f8b,2023-11-18,Asia,Bronze,N
9d290449-fe25-46eb-a3b9-f2f0579b3141,2023-01-21,Oceania,Bronze,Y
124da106-d9d3-404a-87ce-a359cb2132b3,2021-06-05,South America,Silver,Y
40517ba5-4339-491f-b652-f670b1d6124c,2023-09-18,Asia,Bronze,N
8a845c6c-c1c7-4811-8db0-762ef416cb92,2021-09-27,Asia,Gold,N
1e001af7-0112-4d83-a232-df5c85c84ccb,2022-10-07,Oceania,Bronze,N
43c9f21a-4cc6-4333-94c9-65c7ffa8e1ad,2025-03-03,Oceania,Silver,N
e3ea2d7f-c219-4845-99eb-404c1851d1cf,2023-12-17,Africa,Gold,Y
6e8223b8-792c-4809-9f65-d3f6acea0f48,2023-12-05,Africa,Silver,Y
890fee3b-5170-479f-a45b-bfd55d0d1872,2021-10-05,Europe,Bronze,Y
25fc9f06-5bb1-4649-942e-24e85dcfb153,2023-11-19,Asia,Silver,Y
461fbc51-11b5-43f8-9b71-37dee7e6f7b2,2022-08-31,North America,Gold,Y
86c1cfc4-91b3-471f-afdf-a1efe1d05547,2024-01-16,North America,Silver,Y
4ad8fce9-72ea-45bf-8f6a-d99184318ec8,2022-02-09,Oceania,Bronze,N
079389d7-fbd2-46f1-883d-5bf6a856525c,2023-03-01,Oceania,Bronze,Y
ac33116a-2644-42d9-a8b4-e105ee80598a,2024-05-09,Asia,Bronze,Y
53725961-1ef5-4bf5-8ffa-a3e15bb762bb,2023-10-28,North America,Silver,Y
35c87983-910b-47f9-a1ae-25a6f1966b21,2022-11-06,North America,Silver,N
0abdbcd1-782c-4fec-9e5d-78a1c5bdb495,2023-07-30,North America,Silver,Y
4f47d62c-a754-456e-9148-d73f5185708d,2024-12-25,North America,Silver,Y
7a8ae49a-9b9e-4163-bebb-14bf137c2a9f,2025-03-27,South America,Silver,N
2eb7f6e1-5365-428c-8bd3-6f9d54fdfb9b,2022-01-02,Africa,Platinum,Y
00e27fa3-4745-42f7-be0d-e86b3fa51d3b,2025-02-06,Europe,Gold,N
610f55e8-e82a-4d8d-9d64-065f42ca7eab,2021-12-26,Oceania,Platinum,Y
e7e20d8d-3e2b-4737-ac46-2d8b581c3608,2024-05-15,Europe,Gold,Y
c7e7c8c0-0906-4f79-aeab-eca3cd62499e,2023-07-24,Oceania,Bronze,N
0614f2d6-9247-484f-ae2b-5c1b2daab8c1,2023-05-13,Africa,Bronze,Y
6860df84-7a66-48e9-b617-f5180f5224f1,2023-03-19,Oceania,Gold,Y
9da2e08c-e363-42ce-b53c-2e602500d400,2022-05-11,Africa,Bronze,Y
da8ab774-2b59-4574-b243-73ac9b72f0e4,2024-11-01,North America,Gold,Y
c837f0cc-7629-48b6-8727-152c5a14bab2,2023-01-17,North America,Gold,Y
58361f4f-dc3f-48cf-bb28-91001632683c,2024-01-04,North America,Bronze,Y
57bb42df-7b8f-406a-86ec-5ef8fe5318ed,2025-01-07,Oceania,Gold,Y
fbca8a75-4eb8-413b-891d-2fd954f2532e,2022-09-28,North America,Bronze,Y
07813300-12ac-4acf-82dc-bca23d10afa3,2023-01-25,Europe,Bronze,Y
cf8307d0-afd6-4fe1-9189-51f442b6a851,2024-05-04,North America,Gold,N
984b8e95-59fb-407a-a967-8a7605d48307,2022-04-15,Europe,Silver,Y
a2f445e8-5563-1bf4-850f-5739e227d70e,2025-12-03,Africa,Bronze,N
9cf86246-823b-43a3-8c9f-2bacdc502be1,2024-03-14,South America,Silver,N
bfb5e595-fd1f-4a89-bea4-3216aebb261d,2021-03-01,Oceania,Gold,N
5ac290a5-67b4-490b-b1ad-694fabd6ac7f,2021-07-12,Oceania,Bronze,Y
1075ae75-d336-41ad-8232-f8522badf8b8,2022-11-01,Europe,Bronze,N
ca97b99b-e1e9-495e-8929-e5b0b2eee937,2021-04-23,Africa,Bronze,N
2e04ab33-458c-499f-8485-40e375df2244,2022-01-25,North America,Bronze,N
31e666a8-4106-418d-9468-9398ef3cbd28,2024-07-24,Asia,Bronze,Y
6653bbba-f631-40fb-b6d8-9323970fd74d,2022-01-28,Asia,Silver,Y
6655f4f8-7d26-4119-ad61-4f9c7f1d8e4b,2021-07-04,Oceania,Silver,Y
627c88d3-389d-4c0e-8c11-83184df80c6e,2023-05-22,Asia,Platinum,Y
6bf07a35-3198-4190-b291-661efc32d96d,2021-10-03,Europe,Silver,Y
1c9bbeaa-9d64-4f94-aba1-548f8f6b0446,2024-04-10,Asia,Bronze,Y
c5105f30-6e1d-48a8-8c8b-3cb7e4ea1dbf,2022-03-18,Oceania,Gold,Y
48f8672b-d601-12bd-7a2a-b3001116bead,2025-12-20,Africa,Gold,Y
a8799868-8e12-4cd6-ae33-98cf999bc180,2023-01-07,North America,Bronze,Y
9caa3398-6619-40c8-8097-223feac90c4d,2023-06-16,Europe,Bronze,N
896f73b4-2cf4-436a-8f66-cb36c2dcaebe,2021-09-20,Europe,Gold,N
d80abce2-10f9-4550-bb1a-0f5c402bd4d9,2022-07-28,Africa,Bronze,Y
5e723c24-c2c7-4d49-8dae-27d77668d540,2023-04-26,Asia,Bronze,Y
a3730262-3cbb-4910-aba5-a104e5c7205b,2025-02-06,Asia,Platinum,N
a749e7d7-2411-4077-bdcc-f2e173d2b8bf,2024-05-25,Europe,Silver,Y
290fc9ca-7f92-4725-a211-ed9f9892f7fa,2025-08-04,Europe,Platinum,N
221948d6-5b4b-45b9-9902-e8043c33015a,2023-07-20,Oceania,Silver,N
92f713ca-0b69-4a54-b6a3-5a1e0a2302a7,2025-05-21,Oceania,Gold,N
30b85953-d74d-415f-9d34-ee36b9f52c1c,2022-06-08,Africa,Silver,Y
3772f988-a341-45f8-abd0-f844cdad48ac,2022-12-02,South America,Gold,Y
d5ff79dc-e5fb-4b5d-b24c-1363ef9dbfbc,2024-03-14,Oceania,Gold,Y
7d04c49b-5fa6-40c6-b77c-08ca36623cf5,2024-08-25,South America,Gold,Y
e7a4e064-c531-4074-9bd1-e92c9ca32e67,2022-10-01,North America,Platinum,Y
01a25ed1-c3ab-45f1-8c6b-7074ab102c9b,2025-06-10,Asia,Bronze,Y
0cbb5bb9-3a79-4543-8340-52fa2a291267,2022-11-25,Africa,Bronze,Y
e4af65aa-08f3-43a9-9398-592b698681df,2023-08-30,Asia,Bronze,Y
60ebb712-710a-4cd6-9eff-7485c4613bbc,2022-04-18,Africa,Platinum,Y
58a4f0d2-5ef2-4a23-8fe1-69c99c8c5aff,2022-09-30,Oceania,Bronze,Y
1eabd98d-df05-401b-8354-948c916dae4f,2023-03-04,Asia,Silver,Y
bcc7d412-e2b0-4e9c-aebd-34002463c11b,2024-01-01,Oceania,Gold,Y
8d53cea1-40e5-4868-a17a-30898df9616b,2024-08-06,Europe,Bronze,Y
bf680949-ea3d-49d5-b81b-910569eb80f4,2022-09-01,South America,Bronze,Y
1989c7a8-ea95-49f2-9ed0-8f80570540bb,2023-09-06,South America,Gold,Y
a84eda7e-d6e3-4dbd-86ac-3b98b1f349b4,2023-07-11,South America,Gold,Y
390a82ed-3e6b-4684-92d6-9319504930fb,2024-10-22,North America,Bronze,Y
9537aef8-deaa-4ac2-85ac-e9e956ee56ee,2024-10-08,Asia,Silver,N
759d3b9a-8fc1-4373-87f5-0e8cdddcc24c,2022-09-18,Oceania,Bronze,Y
8f654132-a9f4-4e23-ab12-bd633900f29b,2023-01-23,Oceania,Silver,Y
25e38cf7-9485-44ea-8319-4afaa6618c40,2021-12-15,Oceania,Bronze,Y
8cb76f16-1e92-4530-b65a-7a1e676502fe,2024-06-20,Asia,Bronze,Y
90dfd252-6e69-4e23-8a76-c9a2f7e71c53,2025-01-29,North America,Bronze,Y
d10c7983-9123-4a9d-8f77-283d94dbaa54,2021-07-10,Africa,Bronze,Y
03dbf2e1-7a02-4643-bf8a-57b07af627ec,2023-10-01,Africa,Silver,Y
e3937842-2471-4b34-8b68-dc4454312373,2021-10-13,North America,Gold,N
1f244b3a-a251-46b3-b3a2-2d6a14a607f1,2023-12-21,North America,Silver,Y
d6e9ebe0-189b-48d4-99d7-2f60529d82f8,2022-12-24,Oceania,Bronze,N
823e8c38-0f27-468f-9877-00c0920495bd,2021-08-27,Asia,Bronze,N
5cf01b14-c77e-40ee-aeb4-2aeed6fbf5ea,2023-05-29,Asia,Gold,Y
3df8c0c9-d66b-4c9e-8d65-86ee1edb568b,2024-06-07,Africa,Silver,N
80ed319c-ef01-4e79-a9b2-4a990a8260b6,2021-07-18,Oceania,Bronze,Y
7a70f1e0-8c72-4b58-bb09-b58a5a7c7825,2025-01-12,Europe,Bronze,Y
dcbd4d9b-377a-132c-ec89-cea74e1de367,2025-12-02,Oceania,Bronze,Y
6412b727-e773-44af-81cf-0c0cf8c7dd64,2023-08-17,North America,Bronze,Y
53633d85-8eea-4b85-8b8a-dac706c9872d,2022-12-19,Africa,Gold,Y
e08b02a5-35ac-4b95-a3eb-7abd39acc433,2022-02-22,Oceania,Silver,Y
1d1d931c-7b20-49bd-8732-b28ee8e02c58,2024-01-26,South America,Bronze,Y
002e1d10-db37-443a-bf11-910141236498,2025-02-12,North America,Silver,Y
6e659294-876d-432a-a4a3-482f37c783d1,2024-02-17,Europe,Silver,N
e7ea85d8-95fc-4e19-8b43-b01975498dae,2025-06-28,South America,Bronze,Y
08e2aeb5-f154-441a-8083-ee007ed46135,2024-10-27,Oceania,Bronze,N
503f0e3b-9fd2-4268-a079-3a6868aa3db7,2022-09-25,Oceania,Bronze,Y
6816439b-7aef-4ca4-ba28-95fae33daafa,2022-12-19,Europe,Gold,Y
3d3fa494-41dc-44a3-8d9c-ca68fcea17b1,2025-04-07,Africa,Platinum,N
150c5590-a22d-46b9-bb0c-a87eb0717eb5,2023-07-26,South America,Silver,Y
3f00eac0-d9c0-48ae-9f8f-6761a5a432f6,2024-03-06,South America,Bronze,Y
935d1c24-0246-4d11-97ab-d79712886be9,2024-09-03,South America,Silver,Y
62250cca-4606-4fb6-9b98-525643273c32,2022-03-03,Europe,Bronze,Y
478c6745-4337-4faf-81bc-3eb497883d7d,2021-09-13,North America,Silver,Y
ed83cef6-f857-4817-8b59-575c5f7db347,2025-10-11,North America,Silver,Y
cc4fe8a4-1343-4a9f-bf0b-a26bbd1517d2,2025-03-23,South America,Silver,Y
bded6a97-c2e6-4493-a952-f47d0bc07ae6,2021-05-11,Africa,Bronze,Y
4a3fd64e-9f35-4e67-93d7-50c3874ed236,2025-10-27,Oceania,Bronze,Y
711942ce-cb34-475d-ba7d-0975c94c4e15,2025-03-24,Asia,Gold,Y
52857cd5-2f2a-49be-9176-b926f11a31ee,2023-06-04,South America,Bronze,Y
a1f4a29a-a078-4cf5-9738-e5abf6100bdd,2021-12-29,Asia,Silver,Y
c67d3af5-3df6-43ad-9f50-651d3014d441,2021-11-22,Oceania,Silver,Y
aac5e8a3-2567-4f2a-9227-b7accdca6bef,2025-07-28,North America,Silver,Y
49951b23-ed0e-4252-b04c-049d31475db5,2023-12-12,South America,Bronze,N
de9c8ed1-2efe-3d84-2c30-663928b5cba6,2026-01-13,Europe,Bronze,Y
8cd67ecf-1a5e-4fac-a3c4-9f6116c1cb1b,2025-10-14,Europe,Silver,Y
3bd13a43-8853-490b-ac26-4a0cc09f1c91,2022-09-07,Asia,Gold,N
520ce5ea-2829-44f3-8964-d8b86a2ef23d,2022-12-19,Europe,Bronze,Y
115ec21b-88b4-4790-b575-4a826ac13bd4,2023-09-05,Africa,Silver,N
71a48a5f-ec97-4450-aeee-55c47710512c,2022-06-28,Asia,Silver,Y
7f104948-e583-43cd-afc9-fada11497919,2023-09-19,Oceania,Silver,N
ae8c8dea-a336-4b61-93e1-9a9791afc7d4,2022-10-17,Europe,Bronze,Y
5bf0be14-a6c9-4960-b0c9-5e1edb6e45bc,2023-04-11,Africa,Bronze,Y
3bb77cfa-c36f-49c4-a176-a48353cc8405,2023-04-05,Africa,Gold,N
5d027966-c671-4eeb-b5d0-9c8c22c486ba,2023-12-03,North America,Bronze,Y
cf2af950-056c-46c4-9820-239f173b9380,2023-11-19,Africa,Gold,N
40502e24-7d5b-4a19-a6f3-4f55936b7e54,2021-08-07,Africa,Gold,Y
fa61726a-eedf-4f78-9c99-4976008ec990,2023-01-31,Europe,Bronze,Y
5eb01644-b415-4e6f-b130-16139e394bdf,2022-09-17,Asia,Platinum,Y
69a3a98b-fd07-4885-9007-c897b6f6ff69,2023-04-21,Asia,Silver,N
d438abb3-3a78-4bfb-9ea9-6338316fe89d,2022-01-03,North America,Bronze,N
bad8c843-6cb9-42c7-9795-6ddce160fff9,2023-11-10,Asia,Gold,N
9bd9ece6-f828-4c81-9ab1-dffdb402565a,2022-04-17,Oceania,Gold,Y
0a8e7c78-06a9-4518-bc7a-dd932b48dcbd,2024-08-28,Oceania,Bronze,Y
49ae5912-6f4e-4872-af5f-de834320362a,2023-08-23,Europe,Platinum,Y
51dc34f9-5950-4d34-9825-2b7356ad3c08,2024-02-27,South America,Gold,Y
ec331e24-f83e-4424-a953-3e74edb07bca,2025-05-30,North America,Bronze,N
e821de9c-1e9c-4287-8a10-14675f1a0e50,2023-07-21,Africa,Gold,Y
6ab7520d-2545-42e1-a8e4-1ff60f0e6459,2023-07-01,Europe,Silver,N
fbc6e633-5b6f-49e0-a6bc-35aaa34ac905,2024-07-25,North America,Bronze,Y
2766b577-f774-4283-a259-9e8c1fd73a2e,2024-03-31,Oceania,Bronze,N
cc7a26e9-95f3-4307-a722-ae70051ac3b9,2022-08-22,Oceania,Silver,Y
ceab62ec-8577-46fd-b58d-0e15211eac54,2023-10-13,South America,Silver,Y
6a2b70fd-56d5-4cd3-9c70-671a86caffd2,2022-10-31,South America,Bronze,Y
51df0ae7-eccf-4bc3-bc47-16594dca33f1,2023-10-10,Europe,Silver,Y
15dd1b37-ea6d-4cab-8ea8-aa2eb792ce05,2022-11-02,Africa,Bronze,Y
ca10e38f-278d-4a10-9963-5d2b2c8ab416,2024-04-21,Asia,Platinum,Y
a12a2031-92da-4b36-9879-27a2da212725,2023-06-06,South America,Bronze,Y
02fe5411-1234-4739-945b-4e6d06392344,2025-08-10,Asia,Gold,Y
ab586163-2023-450b-aa25-14bc12fc6b3b,2022-10-27,Oceania,Silver,Y
e626d551-519a-43ae-93dc-c8c8f4d0f2d5,2023-05-26,Europe,Bronze,Y
74189841-c37b-4389-b722-ad100cf1f09d,2024-04-09,Oceania,Gold,Y
d748b1db-e62d-45d4-8c87-87ec6ee79b66,2022-05-26,Africa,Bronze,Y
8cd6d6b0-0f61-4bdf-ab8e-05d43cef040e,2023-10-19,Europe,Bronze,N
558b30fc-9047-4506-a732-b67c561dc2b6,2023-03-18,Africa,Bronze,Y
66cc29ee-6708-4180-8a1f-619ce49d1335,2023-04-18,South America,Bronze,N
ded907ca-d3a3-4deb-b28a-09bf9b1091ac,2022-10-07,South America,Bronze,N
a7ee0270-aa3a-4d76-bea3-80e19f4cd42f,2022-05-04,North America,Silver,N
e3ed0d4c-6ed1-440e-89b2-aa913bf75895,2021-12-12,Asia,Silver,Y
b98abe5f-6cbf-41fb-977b-e9e63739fcb7,2023-10-20,Europe,Silver,Y
5de64d36-6e64-4059-8b49-0bd549669ad8,2023-07-23,Oceania,Bronze,N
ae8107f0-5c43-4149-a615-9111cc53efcd,2022-08-12,Asia,Bronze,Y
8388547d-c99b-48c2-bae9-34702c826c44,2023-03-23,Asia,Silver,Y
f838de92-f1e4-4db5-8bc2-ea1c69a4571b,2023-08-15,South America,Silver,N
ac0d40d6-626a-45f1-9a5e-4a5d2e0ce312,2023-08-06,Oceania,Bronze,Y
e9f66b89-cbe0-421b-8145-0c9b56717057,2023-09-26,South America,Silver,Y
377b37a6-c8ee-4375-9bcb-1276267ea3d7,2024-12-14,Asia,Silver,Y
c6808f09-d3e9-41f3-baa9-b02bc819dcb4,2023-05-15,Europe,Silver,Y
8c1a46ed-f63d-4938-9e51-b5b9d4162b88,2023-02-21,North America,Bronze,Y
1871692c-6562-40f2-bd29-219bf0534a14,2023-04-26,North America,Silver,Y
c9a87d11-11dc-4326-9632-6aeed5ba45ff,2023-06-10,Oceania,Gold,Y
8c494fb2-1ec8-4afb-a79e-9573e33df2e9,2021-11-04,Asia,Silver,N
2b3a567b-0a5d-4e1c-aaac-085fe0cff2e5,2024-08-19,Asia,Silver,Y
5d9c820b-beec-4846-928b-08b79925e4cb,2023-01-23,South America,Gold,Y
9dbf4277-589e-4b66-a7a5-1ec243c3329b,2024-12-08,Europe,Bronze,Y
742ccfe1-88ba-403d-bff3-94a3b508b618,2023-07-22,South America,Bronze,Y
a12a8971-8239-e5a8-da61-4a73aaf39dd5,2025-12-12,South America,Bronze,N
194a5e83-b658-4077-b428-8600ad5c5f36,2023-03-21,South America,Platinum,N
746d2dce-14e0-4791-addb-245319fe719b,2023-04-23,Asia,Gold,Y
bf5ab6b5-22d9-4a06-80cd-efb45c85080f,2024-02-24,South America,Bronze,N
86fbe5ff-c5d8-4707-951a-b215e073b387,2022-11-30,South America,Bronze,Y
8e6b783c-a74c-48ae-8849-82eb7bb96a5e,2023-08-24,Africa,Bronze,Y
6b71ff09-b08d-44c9-a1a8-34b93ceee14e,2023-12-01,Asia,Silver,N
5b8cd4b8-c804-4adf-9ace-d4586475478d,2023-11-08,Africa,Silver,N
2160c1ac-8a9c-4759-a809-75bfae4ec4b3,2022-07-08,Africa,Silver,Y
8435c3fe-079a-4e06-94ad-5ff16898c90d,2023-05-01,Oceania,Gold,N
706017d2-6df6-4277-b893-85d0ea77c46c,2023-04-25,Europe,Gold,N
4ecad266-3f29-4615-b178-0077b96a33aa,2023-02-01,Europe,Bronze,Y
3a08a5ac-0c82-48b1-8598-2e47ee367dcd,2024-09-30,North America,Silver,N
a0eb4c0a-2a67-40e5-9ae7-14be8e65ce16,2023-10-07,Oceania,Bronze,N
1b67fde9-0946-4055-bb9a-08e4501e2f04,2024-12-02,Africa,Bronze,Y
be340ce7-de70-4ff7-afb7-1f57cc1472ae,2024-10-05,Europe,Platinum,Y
971419c1-669f-4e36-883f-64c0c23865ea,2025-03-17,South America,Gold,Y
184aa35b-9359-4813-9eed-acf05606e905,2024-06-07,Africa,Bronze,N
b6b0eef8-e0dd-47c6-9f80-44eef0b9cd2c,2024-12-04,South America,Gold,Y
8af2b429-3f81-449d-bcca-192decd399cc,2024-07-19,Africa,Bronze,Y
2a3ddff4-551d-482f-90cd-a4a33da0220b,2024-02-09,North America,Gold,Y
d83779d9-77a8-47c9-81cb-45ca50a5a475,2025-07-20,South America,Bronze,Y
b6abe0f1-116a-4341-b264-487b7ce8256f,2024-06-03,South America,Silver,Y
282b0c7b-917a-42fa-af27-f61234386cdd,2024-02-21,Africa,Silver,Y
650c78d7-29df-4156-9605-cd5f533e5e69,2022-09-28,Oceania,Silver,Y
beccaf09-6527-42aa-9d43-1d3f76c880ae,2021-05-14,Oceania,Bronze,Y
1e005657-d048-4e32-938f-627626dea97b,2023-11-10,Africa,Silver,Y
f62f7486-bfb6-4261-b70c-a09a809c2262,2025-05-20,Asia,Bronze,Y
57a24496-472b-47c2-9403-2a3b40bdcd9f,2023-11-02,Oceania,Bronze,Y
a13a9da2-94e7-4b2a-b434-02ef44cfa6ba,2023-12-16,South America,Bronze,N
f3612f34-1783-4035-9aa4-aa06d74cc026,2024-01-01,Europe,Gold,Y
0b3cda99-dbfd-49cb-b1cd-be14c60b447c,2024-07-24,Europe,Gold,Y
9daa671b-4997-4aad-a369-732e12c22f83,2022-08-12,North America,Silver,N
db00ebd5-3d7b-40c9-a6b9-83745e4f2127,2022-07-10,Oceania,Platinum,N
9df034d3-9caa-437c-bc67-95e2c32fc21b,2025-03-19,South America,Gold,Y
1bf41192-2943-4001-9daa-db3f5f60eca8,2022-09-06,Europe,Bronze,Y
99708e28-bc3e-4c2f-8663-60c00eefe207,2021-03-26,South America,Gold,N
e9fc67c0-ea02-4c8c-b179-e9829bec5c86,2022-02-02,Europe,Gold,Y
3ab79235-addc-49d2-b800-c8e1b325bbea,2024-05-02,North America,Gold,N
07256699-9e37-4e92-b1b8-b77b3012f305,2022-09-25,South America,Gold,Y
af6551a2-31be-49fb-b9c1-afa23a498993,2023-08-31,Oceania,Bronze,N
b620c496-c8a9-4944-ae14-bf86035c13fd,2023-11-14,Africa,Silver,N
44f36f67-9f9f-4d78-b19e-5eb1afcb7996,2023-09-21,Oceania,Bronze,Y
01278844-06c5-6863-3a83-795dc4363bea,2025-12-31,North America,Silver,Y
ee27e2de-e850-4880-9077-5ad553e7b9a7,2023-03-19,South America,Gold,Y
04515944-701f-4366-937b-f358b0ba2274,2024-02-27,Europe,Bronze,N
c194f97f-00e3-4026-95b6-de85390239d9,2024-08-07,Africa,Silver,Y
0cf3399f-fb8a-4051-9e91-6d024ee78225,2022-01-30,Oceania,Platinum,Y
eb26cc82-4324-887e-0010-2b4d660438cc,2026-01-09,North America,Bronze,Y
f5282b37-8c97-4c5c-9309-cd561ad9ee47,2021-08-08,Europe,Silver,N
3e9639ba-0ed2-4c9d-bd17-5712d8b22277,2024-12-21,Asia,Gold,N
b55c73cc-cb70-40db-8920-f0ba5d7637ea,2024-05-29,Africa,Bronze,Y
2e3081ce-232f-400e-b98c-efa549b88721,2022-04-22,South America,Bronze,Y
b0333c0d-5381-4235-b1cf-c83f359ee84a,2021-06-18,Oceania,Silver,Y
6690a951-fc04-4a7a-ae41-5f166263307c,2024-07-29,Europe,Gold,Y
053b7268-4cce-46b8-8897-d45d7d6a8614,2024-01-23,Oceania,Bronze,N
a3ab3d8f-457a-42e1-9340-dd02f928a5a6,2022-02-22,South America,Silver,Y
e93c2aa1-4c71-4424-90bd-724d7b5bba48,2022-07-18,North America,Bronze,N
8a597a67-788c-4fdb-b3f1-f770d9824c38,2023-01-28,Asia,Silver,Y
17907876-8403-43bb-96c1-94580b5665c2,2024-09-30,Europe,Silver,Y
d74bdd2e-a605-41a8-b080-2b271e27e6a0,2022-09-13,Oceania,Bronze,Y
f2a2070a-292e-4d95-bb3f-9c93a881a5bb,2022-01-08,Africa,Gold,Y
378e6510-8f10-433e-abe4-2e7db96c1163,2022-07-27,South America,Bronze,Y
42a1279b-8bf5-4aed-9904-b887d77b03b3,2022-05-13,North America,Bronze,Y
e621edb2-ee5f-49d5-a885-7fbabe47939a,2024-02-20,South America,Bronze,Y
4b193421-e21e-4149-945c-7c49af3213a9,2023-04-01,Oceania,Bronze,N
467b094c-2258-449a-b2f3-d87d62f7c65e,2021-07-03,Asia,Bronze,Y
299b4130-cafc-bc0e-2b66-201cf21d96e7,2026-01-13,Asia,Bronze,N
fc8d23dd-45d4-400b-95b4-2a72ab8a67b7,2023-02-26,South America,Silver,N
902144a2-4396-48b6-a2e0-d2810f62b8e7,2021-07-20,Africa,Silver,N
7c4166be-1965-4efc-a86e-3525714faa88,2022-12-05,South America,Silver,Y
7c6f34d8-8917-4eff-b4e6-a4a448abb446,2023-12-17,South America,Silver,Y
5c75352c-45cd-496b-8d8a-16f329ce9bfa,2022-05-30,Europe,Silver,N
98a051b5-dbd8-470c-bb7a-9b775555bafb,2023-08-30,Africa,Platinum,N
977d30f1-3559-44a1-a087-ffb778ca6c7f,2024-03-16,Oceania,Bronze,Y
a85adb0c-6517-4828-a40c-352351e3f195,2024-06-22,Oceania,Bronze,Y
36502aef-ea93-47e9-a764-dec0448d4e76,2023-03-07,South America,Bronze,Y
ff825125-b735-4d3a-90f9-5696133fe69c,2024-10-05,South America,Bronze,Y
37eced07-21ad-46b4-92ce-60243db4f40d,2023-10-14,Africa,Silver,N
edd32be9-2905-4dd7-877b-1426b73c62ab,2024-10-20,North America,Platinum,Y
df1ecd34-0cec-4de7-805f-833b6bf738f5,2022-12-01,Europe,Silver,N
62852c8e-3366-4642-ba6c-f7953192eed3,2022-02-14,Oceania,Platinum,Y
8feb0f6e-cf60-4903-b5f0-f9e892e7d962,2024-06-04,South America,Bronze,Y
7d801b28-5f08-4c3b-bc28-adb342d8b896,2022-12-19,North America,Gold,Y
7b8a13a4-46f7-4a71-b6af-dfd850a16e21,2021-03-31,Asia,Silver,Y
7d9def75-1138-48db-af2f-841100d190bd,2022-08-25,Oceania,Bronze,Y
8c14efa5-63c2-47b7-9eb5-9846cd4a491e,2022-08-26,South America,Gold,N
13029596-a295-4c95-91a3-a553751ceccd,2022-05-10,Oceania,Silver,N
3d8548cf-bfd5-440a-ad81-adbb3cdcbffb,2023-02-11,Asia,Bronze,Y
780ad9bf-465d-42a2-be4e-fe50684b2d4b,2023-05-01,Oceania,Silver,Y
70e39ecb-77ec-4430-a885-ca4740ee7a6e,2023-05-28,South America,Bronze,N
ef4531dc-ac9b-4b56-9487-18a0d755db73,2023-10-03,Oceania,Gold,N
eac04858-b4d7-4748-b3f8-33d35db58cdc,2023-09-09,North America,Bronze,Y
d6408d37-e92c-4c0f-acda-4dceebe2712d,2023-07-21,Africa,Gold,N
97f3a5de-b145-46b0-98b2-a4ac4519b98c,2024-05-20,North America,Silver,N
c809e185-e206-4815-a417-3b82fe84fafc,2023-03-07,Asia,Gold,N
f367043b-dadf-5f67-6c6d-eaa2f1b4159f,2025-12-07,South America,Bronze,N
12845ced-1b20-490e-b246-843473a03176,2022-01-20,Asia,Silver,Y
b9c3267c-299d-4a89-916c-d9fda26d3ed1,2025-05-03,South America,Bronze,Y
1630eab3-9ba6-4919-a32c-9f4a223d3a37,2022-11-10,Africa,Bronze,Y
11faac50-173f-4ed4-9b73-041438da55d2,2023-11-26,Asia,Gold,Y
f019d98d-b590-4d58-9f5d-27e9e18253b1,2022-07-29,Asia,Bronze,Y
5278faea-1523-4a90-992b-ba2538e4cbdf,2025-05-17,South America,Gold,N
330c8461-0d06-4891-a980-8e3c9fa3fe4b,2021-08-27,Oceania,Silver,Y
65637d1f-5763-4902-9552-0712af92ef22,2021-07-06,South America,Gold,Y
9e6518a9-78f9-453d-a858-4f506fc9370f,2022-05-04,Europe,Bronze,Y
c97cd72c-7dec-4bb9-be5a-f91f9f869477,2023-04-02,Oceania,Platinum,Y
a00725aa-962a-42a1-a069-40345b492980,2023-04-09,Europe,Silver,Y
c6608fed-89b4-4919-a5b5-19ead0e5350e,2023-07-12,Africa,Gold,Y
58031054-c42d-48bd-b9cb-c1a9cb35e974,2025-02-24,Asia,Silver,Y
4720fe78-ffb0-4cf1-b919-b1927ca8297c,2025-05-14,South America,Bronze,Y
e9b89caf-8a93-4d39-813d-3c538cda74ec,2025-04-12,North America,Bronze,N
7321bdcb-eff6-441c-be3d-9753db9c26cb,2023-12-25,South America,Silver,Y
0985af3b-a920-4c94-a761-571be391927a,2022-05-07,South America,Bronze,N
3ccc9bc7-4b1c-4b71-95c4-5e3cdce1142f,2024-02-03,Africa,Bronze,Y
9d906fc8-49b9-40a5-a26b-af5ef7fa2bb7,2025-08-18,Asia,Silver,Y
402371b5-c6f3-4fe8-bb36-872967063070,2022-03-20,Europe,Bronze,Y
0c4869e6-2a3f-4c5d-ab99-5277081a2b0b,2023-05-31,Africa,Bronze,N
679bbf88-f551-49fe-90c2-43a6cf857ee2,2025-02-14,Oceania,Bronze,N
1a2ba7c1-4358-407d-9f36-31120b2b6b42,2024-04-22,Europe,Gold,Y
4a051464-ae8e-40cc-8ae2-6fe1d40be6bb,2024-07-11,North America,Bronze,Y
f8cf0485-133d-4c8c-9d74-562edbafd4c9,2023-09-14,North America,Bronze,N
12f3bec3-41e9-4e42-83a9-fcf2aeb199cf,2024-04-30,Africa,Bronze,Y
5e8347df-d5ac-492c-b1f6-99bae79d3568,2024-03-31,Asia,Bronze,Y
c1ef09ec-3c06-c2b3-e170-cfb3357f080b,2025-12-09,Africa,Silver,N
36494b96-3253-44d9-9c6e-938f0d513e78,2023-01-17,North America,Silver,N
034b6934-978c-4b44-bde3-2e62b95532ba,2024-03-10,Asia,Silver,Y
748616c8-5bc5-40d1-a05e-23deb56d1bae,2023-12-01,Africa,Bronze,Y
b927efea-015a-4944-8dfb-e47f1ca216a2,2023-11-13,Africa,Gold,Y
26fdf58f-26e1-4756-85fc-6aff0d65519e,2022-10-07,Europe,Gold,Y
3a14ece7-db0c-44c6-a081-3297a30ef58b,2022-07-06,South America,Bronze,N
131ede18-8083-491c-ab1a-426fd18f4889,2024-06-11,Asia,Silver,Y
9ffcbc21-34ce-42e9-aebc-473945dd4421,2023-06-07,Oceania,Bronze,N
035f2b91-01d3-4a6f-a716-6f46a238059b,2024-07-08,Oceania,Bronze,Y
bbab3b0e-60a1-451d-a4a0-aaadb436e8fb,2024-07-08,Europe,Silver,Y
6833b42d-e644-40a7-a722-5280fcf7e86c,2024-05-20,South America,Silver,Y
ab49eb2b-d5c9-4aee-a702-bf8c26123628,2021-12-23,Asia,Bronze,Y
ab6b0453-f66b-476e-821d-bde8e384ec88,2025-02-15,South America,Bronze,Y
11e12ee9-f664-42b9-b8d8-061976538a69,2023-02-26,South America,Silver,N
6765bf17-3bd3-4005-8448-297c8c757197,2024-01-24,Asia,Bronze,Y
a9c5baf4-14fe-4842-9064-f897e713ca88,2022-11-24,Europe,Silver,Y
f45dbbd1-e021-43f9-b04b-dd28ad20aba4,2024-10-15,Asia,Bronze,N
9099a283-eedb-4ce5-a7fe-cdcd2528b516,2023-06-07,South America,Bronze,Y
1593191b-2e46-44fd-8d52-925549aecb6e,2024-11-28,North America,Silver,N
ad236d58-5049-405c-af7b-99835619a140,2023-07-15,North America,Bronze,Y
e0ae5d9a-3fa8-4319-a013-55d4764f4e90,2023-11-09,Europe,Silver,Y
a7d7361e-837a-4dc2-b027-af950806336e,2023-11-16,Oceania,Silver,Y
5e5c68ab-439f-436f-ae62-d4048e42c497,2024-05-02,Oceania,Bronze,Y
f1587598-9e15-3705-df63-2d7a5ba3d1da,2025-12-06,Oceania,Bronze,Y
c1ec436f-ee55-43a0-8416-b187eaa0b7dc,2023-08-29,Europe,Bronze,Y
d25864f2-25d4-40fc-a154-2765d756ba9c,2023-01-26,Asia,Bronze,N
ed7bd78d-bc67-7747-2e2a-485c97382a4d,2025-12-19,Europe,Bronze,N
3a595f88-22a3-4e48-8f79-40562f9abf78,2023-03-09,South America,Bronze,N
074a1822-880d-49f0-be21-d20dc5a6e6fa,2021-11-15,Asia,Bronze,N
83cb3ceb-cac9-40d0-aa00-fa6dee86745c,2022-06-18,Europe,Gold,Y
fe290032-68c3-4565-a5e2-e0176ed26dba,2025-03-07,Oceania,Silver,Y
a5c2c1e0-6436-4a2c-a2a9-62ce1819ce5a,2021-10-22,South America,Bronze,N
3de699fd-7500-44ae-8989-4f0240190808,2024-01-15,Oceania,Silver,Y
05d2f243-163f-4feb-90ad-834c2ae2fc62,2024-01-23,North America,Bronze,Y
f7062f38-5ab7-48e7-ba6c-2d922190ad33,2022-08-08,Europe,Bronze,Y
ea468cd2-0a8e-4a0a-8d6a-8c853e4a9853,2024-04-04,Africa,Silver,N
efb33c41-a1e7-48f2-85f6-868b3b05ffa2,2023-04-07,Europe,Gold,Y
a1ebe82c-10b1-4d85-84b2-9a401b114518,2024-06-19,North America,Bronze,N
8e86f9b2-d4e6-45f7-b427-fb9ee7912673,2023-05-21,Asia,Platinum,Y
6cdb930c-dc87-485e-8f6e-1e3025d6ad40,2024-06-19,North America,Gold,Y
4ef8b478-3fa1-470a-ba2c-4666d14284f0,2022-08-15,North America,Gold,Y
afd8d868-30c1-4c5a-9c9f-607666613f73,2022-09-15,South America,Silver,Y
3b55ca48-d06e-42b9-8934-352cb2ebed3d,2021-12-11,Asia,Silver,Y
fc5ae805-f2c2-4359-8e6c-ae97fa8279f5,2022-03-29,South America,Bronze,Y
a7939a2e-34f4-4404-8ff5-070182226c16,2024-03-02,North America,Silver,N
d24995c7-8df0-4be1-bf61-2d92509c0b54,2023-06-28,South America,Bronze,N
b6003313-ab11-475c-9d15-af8dc6068e85,2023-06-18,South America,Bronze,N
7777eeac-606a-491e-a49d-b1ededad3695,2023-09-23,Africa,Bronze,Y
6a7de66f-4bcc-4d1f-8af3-a22632d19bd7,2022-05-10,Oceania,Platinum,Y
d61b4a7d-4c41-c603-290a-de9e226c8bcc,2025-12-15,Oceania,Silver,N
f0bed2cb-2a9a-4870-93de-91789db59d84,2025-09-07,Oceania,Bronze,Y
a8aa1e64-bf68-40e5-bd1d-7f4418225cb0,2022-03-03,North America,Bronze,Y
7f2487bc-8c10-4bc1-b36b-8385522fb6b0,2023-08-11,Africa,Silver,Y
1c39b72b-a3fb-4602-aee0-01b44c6b9262,2021-09-14,Asia,Silver,Y
bfcc8e33-c7da-450f-8bab-99ee6a3990da,2023-11-26,North America,Gold,Y
23f54caf-3460-4c32-b6a4-1281c0256394,2021-09-07,Oceania,Silver,Y
56af5b69-b6bf-45ba-8b2b-5e429bb7f262,2022-09-08,Oceania,Silver,N
3dd79953-6a41-46cc-a3e4-065c5bd24896,2022-12-07,Asia,Bronze,Y
e7daacc9-48b0-4d61-a8c2-579ffe7e8f5d,2022-12-25,Europe,Platinum,Y
19543a56-5b76-42ab-9577-57181978d16a,2024-07-03,South America,Bronze,N
f5513c8b-dc51-4835-88d0-a87178d2ccaa,2024-03-25,Asia,Bronze,Y
8217a922-2161-4450-b826-eb7b0c7cbdf9,2022-02-08,North America,Silver,Y
7a4df83a-0583-4954-94d4-13e7701f6eba,2025-06-13,South America,Bronze,Y
9d09cf19-a079-465a-8cc5-b7058af263bd,2022-03-17,South America,Silver,Y
77968ea8-d091-44e4-a57b-db790bbd7ac0,2023-07-19,Africa,Bronze,Y
ce68210c-1bdd-4bea-aec2-1c06f99773b2,2022-07-29,Asia,Platinum,Y
cd877f8a-5e75-46b3-aee4-5240ad6fd173,2023-06-19,North America,Bronze,Y
03063be3-d08e-45d4-853f-b4929361d3a0,2024-03-02,South America,Bronze,Y
f1b46b8c-2d97-443a-98ee-0e5cb362fb84,2023-07-30,Europe,Bronze,Y
62cb979d-43ee-4cb8-bdf8-b48b915cb1c6,2023-12-30,South America,Bronze,N
89dbf929-29f4-492e-9758-0483264df7a5,2023-09-20,Africa,Bronze,Y
07d0ea6f-d446-49b0-9c35-d662c70ad6a8,2022-11-26,Asia,Gold,Y
f972db54-73f6-4dd0-bf26-427b806ed6b4,2024-05-04,Asia,Bronze,Y
474c3800-7612-4aca-8a54-399f62d0e1a5,2021-12-15,Africa,Silver,N
c458a3bc-4cfd-486c-95e6-438b370c0904,2023-01-21,North America,Bronze,Y
f62e329e-32c2-1a25-9317-bf7bd45b1527,2025-12-27,North America,Silver,N
0ddb0654-ce19-4f51-9da8-b3919494065d,2023-07-24,Oceania,Bronze,Y
fe924949-1447-4297-94fa-3ae5cc2050ac,2024-07-17,Oceania,Bronze,Y
32b27bec-51e6-4866-b7b8-70c37b5c2074,2025-06-09,Asia,Gold,Y
35dbe0d6-7bec-44d6-bc7a-4e760813d33d,2023-10-06,Europe,Bronze,Y
5244513f-ba0e-4bd2-8e75-6db17230bc7b,2021-07-02,Africa,Silver,Y
69275829-6c5e-4242-a627-aaf779cd96c1,2021-08-06,Europe,Silver,N
ee608e1f-7f64-40ae-b846-e85d6627cd56,2021-10-03,South America,Bronze,Y
4934ae98-e9fe-4615-ace0-ca02257380c0,2021-12-18,South America,Platinum,Y
95931665-c162-4050-90a9-e2c76c22fd1d,2025-04-18,Europe,Bronze,Y
15198509-7358-4104-8b3b-10101163c441,2023-12-22,Oceania,Bronze,N
93a4982f-3b0d-46e7-967b-b24d96cf072d,2023-01-27,Africa,Bronze,N
7928250f-ade3-4ca6-bd4c-6cefbd1b65c1,2023-08-25,Oceania,Bronze,N
ea3f40e7-cc59-4f6e-ab70-b7e919b691c9,2022-12-01,South America,Bronze,Y
922e047f-b5c1-4af0-a296-884f541eb2a4,2024-10-03,Asia,Bronze,Y
2af8e6e7-8aa0-4210-9120-712228673909,2022-04-30,Europe,Gold,Y
2ced976e-52bb-4866-bf93-3b6d2acef9bd,2024-05-09,Oceania,Platinum,Y
a3446306-a0b0-4eca-8aca-873cb6e7552f,2023-03-15,Oceania,Silver,Y
a8980d21-5a77-4c20-915a-123314eadc49,2023-12-29,Europe,Bronze,N
40e4ab86-ef4f-4a7c-ab5f-e88e4ef2d10e,2025-02-07,North America,Bronze,N
57f9f551-3a5c-46c1-8875-6eca1568e054,2023-07-14,South America,Bronze,Y
290ac04f-0a39-43a7-8e62-1c9b2dc9b66d,2021-09-24,South America,Silver,Y
2333c422-a3dc-4212-86ea-b78ce6a697fc,2023-07-14,Africa,Silver,Y
fffb0041-5ba0-4fa5-b14e-8bc786a883f2,2021-10-20,Africa,Bronze,N
7bc7c7f7-b52b-4796-9cd6-7b903dfc79a5,2022-10-13,Asia,Silver,Y
eba59ca9-827e-4b0b-be1b-a26531702990,2024-05-22,Europe,Silver,N
29a7577d-c177-4c26-95bb-ad630826b159,2021-03-18,Europe,Bronze,Y
35750c90-c023-4ca3-aafb-7ebd5dddf483,2023-12-06,Europe,Bronze,Y
11a4bf80-6505-4f90-b1fd-7143c94f45bb,2024-05-15,Asia,Silver,N
4b1a6be7-2a0c-4d10-a949-286310415c6a,2023-11-11,Africa,Silver,Y
ec7dcbe8-51b6-4a00-98ce-caf0a5726ac5,2023-04-11,Europe,Silver,Y
d0cab89c-9e3e-456a-bf2e-e58ccf164ed5,2024-09-15,Oceania,Silver,Y
dbb54645-7dda-41b6-97c4-caed47c4cc51,2023-04-25,Asia,Bronze,Y
125caa77-3bb0-4218-b5e1-28422c263dad,2025-11-06,North America,Bronze,N
d37ee471-6e3b-4507-a21c-1209c3a1962d,2022-07-25,Oceania,Bronze,Y
baa93b01-cb77-4aa6-a74c-f567d368093b,2023-09-28,South America,Silver,N
18275c31-8662-4597-9d28-5350a231203e,2023-10-15,Asia,Bronze,Y
dc6756f8-52b9-4c08-a3ad-2aef0452d9af,2022-09-28,Europe,Bronze,Y
dabd385c-d2c5-49ab-b830-aa05d2d4dd05,2023-03-11,Oceania,Silver,Y
08ac88fd-ad39-4cc2-9449-cc2e1d4f3938,2024-02-14,South America,Silver,Y
740d760b-3471-48ab-a18d-d61c3da7bd62,2023-11-01,South America,Silver,N
836b47c3-7c71-4cc8-a651-73fa7ccc9258,2024-03-19,South America,Bronze,Y
c9e896e3-0c4e-45e5-9433-1bc0bc5af34e,2022-06-14,Africa,Bronze,N
f2fc1aa4-480b-4c56-9881-19cbba9e7071,2022-01-27,Asia,Bronze,Y
18bf17f7-7345-4485-9cfc-f31999e844f1,2023-05-25,Asia,Bronze,N
fa777757-915c-41d2-b5a8-3c62e3bb935b,2022-12-11,Asia,Silver,N
3b134d93-463e-42fa-9096-21aa90eac77b,2023-03-07,Oceania,Bronze,Y
b432ece9-76dc-46b5-a076-aed65ed3e00e,2023-12-21,North America,Silver,Y
9562dd7b-d033-45d1-ba80-23a07cb9e680,2022-12-21,South America,Platinum,Y
677c25b0-6d23-4155-a057-c558f1ba308e,2022-12-22,North America,Silver,Y
59c1a48a-25e4-4a03-9b41-8f9f46310d28,2025-02-03,Africa,Bronze,Y
5a92e40a-2830-44d6-b2ff-f8af0f382db3,2025-01-08,Africa,Bronze,N
bd3269e7-bffb-446f-88e0-83dfca1a55f5,2024-07-26,North America,Silver,Y
7bf5312e-02bb-4a79-87f0-b657e85704a2,2022-12-28,Oceania,Silver,Y
a4b39cbf-603d-4b7e-acb3-8aa09cc83123,2022-09-30,South America,Silver,Y
284a06f4-3a47-40fb-a2ad-bd4e9d3e13ab,2022-11-18,Africa,Silver,Y
9348df37-cbd5-4446-9b1a-4ec055f80f72,2023-02-09,Europe,Bronze,Y
46c9c6d9-ba84-4347-9c88-f03227195915,2022-02-17,Oceania,Bronze,Y
8ccb088a-aad7-4a15-b2a8-69bd33acd50a,2021-12-08,Europe,Bronze,N
a959f6ca-4f60-4262-b41f-3b6d1aa1783d,2024-08-16,North America,Silver,N
4391a474-c179-40b5-b964-44ff2f424340,2023-05-28,Asia,Gold,Y
fb3fdcd4-605f-49bb-b3a2-5bcbf5a66d2f,2023-11-26,Asia,Bronze,Y
eb78002c-b82c-419c-9650-69b53b9d4f5d,2023-06-05,Africa,Silver,Y
e8b9c59c-bc3b-439d-b40c-e9a318bb1b9b,2024-02-27,North America,Gold,N
c02ec514-85d6-45db-b829-2547ae5a7d60,2023-10-24,Africa,Silver,Y
08b70425-8df0-4539-83be-7e55d55f9f3f,2023-01-13,North America,Silver,Y
7a70c897-5296-4a22-8862-aed6e84b554d,2023-10-06,Europe,Silver,Y
ac73b06f-9e72-4dad-96a7-80c18e579579,2023-05-12,Africa,Silver,Y
ecfdc7ec-06e3-4095-89c9-fb449ad25103,2024-10-22,Asia,Silver,Y
a06b80bb-a0c6-44c2-a4df-66573196fb2c,2022-07-22,Africa,Platinum,N
df1c9cd7-5100-4d30-ac95-c1ad49c0bff4,2024-05-07,Africa,Silver,Y
683033bc-b13b-4ee8-bcdc-6b9b3a014a9b,2021-05-18,South America,Bronze,N
11489054-7b6c-4596-aa97-435dd9ff74eb,2024-05-21,Europe,Gold,Y
480bbd00-c6c4-4dfb-86d4-0ae70760beda,2025-04-07,Asia,Silver,Y
a9f1c264-1e5a-484e-817b-df8fb3663f69,2023-12-09,Asia,Bronze,Y
a4efda39-ee9d-4a71-9c63-1733d7311191,2023-08-29,Europe,Gold,Y
5b868adc-0893-4949-8512-aa6e70172842,2024-06-19,Asia,Bronze,Y
0a1b9fdd-a37b-40eb-a75d-c3730b794deb,2024-02-17,North America,Gold,Y
ef6791b6-6946-4a1f-bf8b-f62b3f9b1b1d,2024-05-05,South America,Silver,Y
247e5804-4ee8-4653-943e-5658eb07e8ba,2022-02-20,North America,Bronze,Y
4e954f55-d860-41ba-8013-3ac142a4e99b,2023-05-04,South America,Silver,N
42c087a5-60e4-4c4b-b4f4-1148f78351b5,2022-01-30,Oceania,Bronze,N
edecae6a-68ee-4fdb-8054-a1debd40659e,2021-06-01,Africa,Platinum,Y
d9f23b37-8475-f248-0ca3-7885d7607ffe,2026-01-05,Oceania,Bronze,Y
07fb54db-e5ca-45ab-b1d9-4a04f780af43,2024-02-11,South America,Gold,N
795ce19e-2be3-4285-ad2b-cc74602557fd,2022-12-20,Africa,Bronze,Y
eb125723-edd9-4249-a6f8-f882b907be84,2023-01-30,North America,Bronze,N
3550861a-e6ea-456a-8ea8-a9f265782e57,2025-04-21,North America,Silver,Y
88f7f097-57f2-445f-a751-5d4b0d829d52,2023-04-05,Asia,Platinum,Y
8c1254ee-257a-4304-b9c0-cb57dccb8b46,2025-12-09,Africa,Silver,N
88df6a45-5a2d-422f-948e-2df49a2f8623,2023-07-19,Africa,Silver,Y
05815e22-1dd2-49c1-8a2f-1f4fdf39c62e,2023-02-05,Africa,Silver,N
6b9fe0a6-7a2b-4b35-b855-ec871b60a8a5,2022-05-05,Europe,Bronze,Y
04badcf4-9000-42e3-9599-1dbf6609b9a1,2021-09-23,Europe,Silver,Y
7d71dde0-0420-4660-b2d3-328eb36bccec,2022-12-09,Asia,Bronze,Y
16d242df-77b6-4644-bb77-410b9c7460e4,2024-04-05,Europe,Silver,N
f5f6cef2-5345-48bf-a4b4-5afab7ab6d77,2025-05-01,Asia,Gold,Y
cbeb15b4-c6d3-4f0a-8d80-63691c474b1a,2024-05-09,Africa,Silver,Y
d5d9a385-2bb2-4cbc-9c79-4cdb74c88361,2022-08-13,South America,Silver,N
15174c4a-1da5-4733-a81b-3bc3a6cf7794,2023-10-23,South America,Silver,Y
ac1f23f9-28b0-466c-86a9-1984125528f2,2021-12-06,Africa,Bronze,Y
3549862b-e4f2-4edb-a3a2-75310496e8bc,2023-03-21,Africa,Platinum,Y
6cfa28cf-b62e-410a-a584-83851915bb1c,2023-08-06,Asia,Bronze,N
9de71099-0471-4230-9977-cd87b0617e07,2024-05-17,Africa,Silver,N
a98644b2-9a93-49ee-ab8a-f3eef697d176,2023-05-02,South America,Bronze,Y
76f658e4-93cc-4d9e-b0cf-9f7ed5d7223c,2024-04-03,Europe,Gold,N
7233d5af-9813-4da1-bd21-20ad5f59fb4d,2022-07-02,North America,Bronze,Y
c34a3e3a-8377-4534-8649-c6f8655f7af1,2024-07-15,South America,Silver,Y
8cb04c57-5ec6-4a19-aabf-d36422c7a41b,2021-09-09,Asia,Bronze,Y
2ab8bd33-911f-430b-9bff-00b07fe670f3,2022-03-16,Oceania,Bronze,N
236dc817-b816-475d-a5e4-fbb4c43f56f2,2023-10-27,Asia,Silver,N
ed4e2b23-620b-4d5e-919d-d3494ad86a06,2023-02-13,Asia,Bronze,Y
96b154d2-6833-4ede-ab1b-be4b1087f61b,2022-12-26,Oceania,Bronze,Y
96280f6d-001f-46ab-a829-0fd47ec13d6a,2022-01-02,Oceania,Silver,Y
00937ba0-65a0-4e43-bd2d-ca8673020b26,2022-03-31,Europe,Bronze,N
dd15ba5a-b3ff-4f24-848c-4960af3b3b95,2022-07-17,South America,Bronze,Y
99a0afd8-0771-4287-9050-20dc7e6653b5,2024-10-30,Asia,Gold,N
20cd3ff8-df83-4bb1-8ea5-8f277cbd9bd9,2024-05-26,South America,Bronze,N
1014571c-5d15-4706-a10c-7ffdddf4ea73,2022-06-02,Asia,Bronze,Y
fff446b9-bb46-4c13-b28a-030b532da8fe,2024-07-02,North America,Silver,N
549361c2-da1e-45b6-bef7-9c365c7571cb,2021-05-13,Asia,Silver,Y
a5637759-e10a-4c64-9752-800f42bb7890,2023-06-22,Africa,Bronze,Y
98fc844f-7e18-459c-9c33-07058507acc8,2022-11-27,Africa,Silver,N
753355ab-093c-47e4-8aee-b08adc809829,2022-04-26,Asia,Silver,Y
22a6ea8a-5800-41cb-862d-e9af5ac2ffc5,2021-09-05,Europe,Gold,Y
9715a1a3-18b2-4db5-bccf-9b9db304821d,2021-07-24,Asia,Bronze,Y
ea8b31f5-ccae-48fe-94eb-8e20af7c7d2b,2021-06-22,Asia,Bronze,Y
4a995cf7-a04d-4a55-9b45-35ba3055b451,2023-11-01,Asia,Bronze,Y
6860b33f-44a2-4aad-b2ff-86e15f559c7c,2023-07-08,North America,Gold,Y
d1199b2a-d1f3-41ee-9770-5961331b98e9,2022-08-03,South America,Silver,N
2807ac79-f989-446c-a288-abb725c33b5a,2024-11-15,Europe,Silver,Y
9ad2bb72-b04b-4584-b95c-ec2d7bd15655,2024-12-11,South America,Gold,N
0eba908d-d7cc-48c1-bd1a-e74938ab106d,2022-12-11,Africa,Silver,N
cb4a11c2-de99-44b0-aa05-a5f7b8048514,2024-09-11,North America,Gold,Y
1f8452fb-6c26-4326-8dc6-d899ee209e85,2025-01-15,Asia,Bronze,Y
21b81883-3918-464c-ace9-94de045b9ff7,2023-03-16,North America,Silver,Y
f88c2664-01bc-475c-9cdc-23fc50805bbf,2023-10-29,Asia,Silver,Y
b1fcaed0-e805-4b3f-b6b2-81717ade2a67,2022-09-18,Africa,Bronze,Y
cab725a8-33e9-4123-827e-03735886692a,2023-11-08,Asia,Silver,N
0221b9fa-4d38-43b3-8f93-7d3f0b91ec08,2023-04-23,Oceania,Gold,N
1d4489f4-7398-4c20-94ed-8b694a35bd63,2021-05-27,South America,Bronze,Y
8a9a5396-9631-48e0-97b1-3a5ad337e0a2,2021-09-27,Europe,Bronze,Y
f4e1048a-f417-4dc9-b954-018b6be4d062,2022-03-02,North America,Silver,N
3a0505ee-3a0d-42a1-9257-5c4bfef540ca,2023-05-21,North America,Bronze,Y
b3302dfa-1990-4710-bc7a-9bd5971642dd,2021-09-26,Oceania,Silver,N
e90f9565-934a-43c8-8340-5061984a00c3,2023-03-17,Asia,Silver,Y
bfcf648c-fc3a-4087-8ff9-aa6c083863e9,2024-04-28,Europe,Silver,Y
0a966abc-4b53-4cbc-9430-4757b1def117,2023-02-20,South America,Bronze,Y
ba26dbc3-2d3b-4adc-a386-d673412dff6c,2022-12-04,North America,Bronze,N
d653271d-2692-4b3d-9091-63f9cc66cb07,2024-06-09,Asia,Bronze,Y
76c5a26b-f773-424d-b09a-0e972eb14567,2022-08-23,Asia,Gold,Y
002d111d-08aa-49da-94c5-be4f63e947bf,2023-10-07,Asia,Platinum,Y
efa5cf36-e7d4-4742-b916-8e444347abf9,2024-01-29,Asia,Bronze,N
7e161961-7d9e-462e-a89d-08af41629314,2024-04-27,Europe,Bronze,N
f5b68a44-f4ca-42a6-a4b2-6f7546011655,2025-11-03,North America,Bronze,Y
78f6b995-47b3-4eb8-bda4-c3c6513d5e91,2021-06-30,Europe,Bronze,Y
887bc74b-d0fd-4dd2-a59b-5bacdf96a10e,2023-03-18,North America,Silver,Y
8112bf5e-c340-410c-8d08-2dc8fab70227,2022-02-01,South America,Platinum,N
5bf99857-c8cd-a671-c91d-bf0780e2811b,2026-01-05,South America,Bronze,N
0a9c4b09-7e1d-890f-7bac-9b448af0744c,2025-12-26,Africa,Bronze,Y
53a0dd0d-1768-43e0-918d-696fc001254e,2021-12-14,Europe,Gold,N
117c8860-9789-426f-8550-3ed75a0c809e,2023-08-20,Africa,Bronze,Y
c6482fd2-19b1-4bb6-933f-afca2eccad55,2023-09-15,North America,Bronze,Y
5be4a282-fc4d-4683-ac4d-54105b9e1d72,2022-06-25,Europe,Silver,Y
54ef76b8-682e-4114-9642-3fa0a229731f,2022-12-08,Oceania,Silver,Y
d18137e6-f3cd-44ab-84a4-559576597666,2025-02-13,Asia,Bronze,Y
e03797fc-0461-4c9c-9067-a19e562406e3,2022-06-05,South America,Bronze,Y
57521ae0-9192-45bc-9e03-9a06ea953432,2025-01-24,Africa,Platinum,Y
1f5393b8-b774-4054-97fc-7c58ee0bc521,2023-06-19,Africa,Bronze,Y
91a785a0-a29e-40c0-9f60-0db091a5449e,2021-08-24,Oceania,Silver,Y
41e07754-9f28-47e9-98e9-c72cefd75f65,2022-01-25,North America,Bronze,N
13c1a18d-85c8-48ce-94e5-469d17b9e9ae,2023-08-18,Europe,Gold,Y
4ecb2163-6ca3-42ce-be08-f4f85dea9733,2023-09-12,North America,Bronze,Y
267863e2-365d-4cc3-a6d9-011a77af791c,2024-03-07,South America,Silver,Y
2f637877-31b7-7072-6e28-b3e95c7e954d,2025-12-06,Africa,Silver,N
62b51691-eebf-438f-b8ce-6a2e74ba0303,2022-04-02,Asia,Gold,N
1babc41f-40c0-48ac-8ffd-5c626693a1b9,2023-06-17,Europe,Silver,N
98449ce1-f5fb-40de-99c9-bdb5ed9ec41f,2022-05-08,Asia,Bronze,Y
d7f7cbb4-1112-458f-a50f-43f3dee99a76,2022-01-15,South America,Bronze,Y
20c723d3-ff16-40c6-ada2-4653e1bfe8c4,2023-09-29,South America,Silver,Y
4bca1fc4-11d7-4dfa-88f4-05e8a673290c,2022-06-08,South America,Bronze,N
568ebc49-9b9a-4149-bc7e-e24cf3dcc423,2023-11-10,North America,Gold,Y
d7e90130-41c6-4219-9884-a1782efc5ab6,2023-09-26,Africa,Bronze,Y
d4f07021-45af-4041-849c-d82684ed89d5,2022-12-15,Asia,Bronze,Y
d7f06ac8-5097-4bc8-84fb-f3d54738bad5,2021-12-05,Asia,Bronze,Y
17545010-78bd-4e92-8a07-32adb089b21f,2022-06-03,Africa,Bronze,N
058ff66e-d5a3-4c5e-9cf0-53653c6e5ced,2021-12-28,Asia,Bronze,Y
2b36e4fa-6556-4adf-8361-339cdebe25aa,2022-05-04,North America,Gold,Y
ae8191a6-4ecc-4510-9690-605490e6a652,2023-12-08,Africa,Silver,Y
8adb4c5c-3f17-4495-b0a6-0bc9148b42fa,2025-04-18,South America,Bronze,N
d0703539-f85f-429e-9623-8684f6e16ffb,2023-10-04,North America,Bronze,N
553727d8-88e4-40ab-9296-40ed8a349655,2023-09-22,Asia,Bronze,Y
204678c9-bbc7-4e86-9adb-89f9f92e44c9,2024-04-16,North America,Bronze,N
629d7ad5-1714-4b68-bc6d-4e851c415135,2023-04-13,North America,Silver,Y
8bb2d4e3-8143-46e8-922d-4ad9ccb8e56f,2022-12-11,Europe,Silver,Y
494f4da0-c080-462a-9411-8aa43adb2b16,2023-11-05,South America,Bronze,Y
3637fdcb-4cfa-4de7-8da4-690a5679a226,2023-01-04,North America,Bronze,Y
70cefef5-cd60-4db9-85c8-b5d85a2a7ac0,2022-06-29,South America,Platinum,Y
d514e24d-6617-4495-931a-b4fad0409d28,2025-02-14,Europe,Gold,Y
86cdc2c0-bd07-4ac5-bbee-727d9c9aaa37,2022-06-25,North America,Bronze,Y
6cba931b-fcdb-4082-87e1-34d8b15ca81c,2024-10-24,Asia,Bronze,Y
87fe47c4-06d9-4a16-8c4d-9c5cd67638a7,2024-01-29,South America,Bronze,Y
02f5766c-8474-43cd-b4e3-f8114ee711b2,2022-11-29,Europe,Platinum,Y
7f5b1d1e-dd06-4803-9a60-1fc639898d07,2024-06-27,South America,Bronze,Y
4447f9e8-a71a-41c6-b4b1-a3c7708f805d,2022-05-23,North America,Gold,Y
cfb7fd57-a20e-4bb3-a2b1-9e4c2988ae6f,2024-08-20,Europe,Silver,Y
917f8d49-2ecc-4233-8c65-c06892c3c2f1,2024-03-15,North America,Bronze,N
b9f787e8-6edc-419f-966f-4e518f55ae0e,2023-02-26,South America,Bronze,N
e5b729e9-10a5-4194-b61a-658970f4e3ff,2024-02-10,Africa,Gold,Y
2d2bacc7-b992-4653-bc59-6f036eda748e,2021-12-13,Europe,Platinum,Y
b06fc65b-5667-4c35-88ae-5ca084310554,2023-04-01,South America,Gold,Y
b0355602-bfb8-4ed1-95c0-26140d8f5f5d,2022-10-27,Europe,Silver,Y
c1fcdfc3-21b2-4aa6-95bc-cd83bb853c91,2023-08-19,Oceania,Silver,Y
0128d491-bc32-498f-a73a-dd327defbb69,2024-08-15,Asia,Gold,Y
6be26db9-deb0-428e-970a-018d12d1c5f8,2024-04-05,Europe,Gold,Y
9d58b4b6-2455-47cd-b465-f27c0bd174a7,2022-05-01,Africa,Silver,Y
cc5fcfb8-9fc6-4092-b91c-187a3179ab12,2023-04-26,North America,Silver,N
26242cce-dd71-417a-aa93-1fda3fe233bb,2021-12-06,North America,Silver,Y
01c6deff-3eda-4d3b-a9fb-8d3334885010,2025-01-21,North America,Bronze,N
3af479ed-10e2-4cc2-99dc-d17e10a99d8b,2023-07-13,Africa,Silver,Y
e8ad9302-5842-4418-b9d3-4ac5c5425acd,2023-01-29,Oceania,Gold,N
ad84e900-f78e-4133-b22e-52cca932acfe,2024-09-24,South America,Silver,Y
9fbb74f9-654a-44f9-bdba-ab321fba722b,2021-09-23,Oceania,Gold,Y
0e98eec5-b438-416e-89b5-b54bd1c33bf8,2024-11-16,Africa,Bronze,Y
edb3a9b4-22f3-46dc-a8a3-dd24f803ccbf,2024-05-29,North America,Gold,N
386025cd-30f7-4e01-9baa-c507752b22d0,2024-11-15,North America,Bronze,Y
acd02d93-069f-476f-85fa-87c84e00af93,2022-06-24,South America,Bronze,N
f32491e9-9357-43d1-805f-4cbf93c0d448,2023-11-05,North America,Bronze,Y
7267205e-8f66-4ee7-8557-cad0cf06d5bb,2023-12-04,Asia,Bronze,Y
2e277539-b71d-4c90-8736-e0d79c47e99b,2023-02-12,Oceania,Bronze,Y
b8f3108b-67a9-4d9b-9a3b-081da1501014,2025-07-25,Asia,Gold,Y
b8453190-3b01-4ebf-85b3-77b8abc712c7,2021-09-29,South America,Silver,Y
d197de74-b08e-4c07-85de-fc2b6b628c4b,2021-02-12,North America,Silver,Y
0d19955e-e696-4c67-a786-de64f92ec2bc,2024-10-17,Africa,Gold,Y
65f08334-cae9-418a-aef4-4bdc1b4d4def,2025-02-22,Africa,Silver,Y
92fe947a-32fc-4bfc-b478-5e0b41c43aa8,2022-04-13,Asia,Bronze,Y
66548fd6-8027-4505-af88-198b4de53f26,2021-05-16,North America,Bronze,N
a3cd07bb-94f6-86bf-19b1-af6923bb1f64,2025-12-23,North America,Silver,Y
e1b30110-525f-4b10-b951-35a7ffb547f6,2024-01-27,Asia,Silver,Y
18cde8aa-6061-4253-a88e-636304e7ac23,2022-01-14,Oceania,Platinum,Y
437def7c-470e-4178-b3d7-c51d6b6cc0dc,2024-09-22,North America,Bronze,Y
8feee569-ed8f-4f3a-83b4-7595cdeeaea8,2025-02-21,Africa,Silver,Y
04d06df1-c98f-474c-bc2b-e5904103d5bc,2024-03-27,Oceania,Silver,Y
823da9af-571e-40bd-9b89-6d966201f0ac,2024-03-23,Africa,Silver,Y
3ce45dd7-57c0-4147-8548-de1602230fec,2024-03-26,Oceania,Silver,N
47d4ddcb-f20e-4b6f-8483-f8b647983cd0,2022-10-29,South America,Silver,Y
8276c48c-9ff8-4ad8-baf8-c27f0fddd13b,2024-07-05,Europe,Gold,Y
a57cd9dc-175a-4423-aaf7-410fea04ce07,2024-11-20,Oceania,Gold,N
8eb232b8-54b5-4b05-af67-8fc82308961b,2021-07-14,Africa,Gold,Y
bbffb1fa-0513-401d-ba78-c64e2f6c6ffb,2022-05-07,Asia,Gold,Y
eb66cedb-b691-4877-97dd-145e074b2e75,2022-02-23,North America,Bronze,Y
e2073d92-c1c6-5bbb-2b02-38ae67de3fca,2025-12-08,Africa,Bronze,Y
2e26d622-e17c-e345-407f-eda6c2aec132,2025-12-27,South America,Bronze,N
caa6e212-a5ef-4592-87d0-536e44c0d4c5,2022-03-07,Oceania,Silver,Y
ecc94063-4d79-4623-ac0d-430f16cb573c,2023-03-14,Africa,Silver,N
fedafd29-f273-402a-9024-25ebcb222192,2024-05-27,South America,Bronze,Y
8cc04ee7-d667-4e69-bc30-bdf2c6aac453,2022-05-22,Europe,Platinum,Y
d7cb2a2e-180c-442f-9454-322fe654b0e2,2024-11-26,South America,Bronze,Y
e082977e-f0ed-41aa-b90e-3e1d6f2cec49,2025-02-19,South America,Bronze,Y
59e11431-8aff-427e-a3a2-52c846696666,2023-12-11,Asia,Bronze,N
076451d3-275d-4459-92d3-6897d6442365,2023-08-24,South America,Bronze,Y
35957030-b1ac-4988-8443-c78b48e96368,2023-02-11,Africa,Silver,N
838bb07c-c58d-4e8c-8475-1be6608b313d,2022-08-26,Oceania,Silver,Y
5ef9f63b-3ddf-43bd-b021-a0bfe437cdf3,2023-03-28,North America,Silver,Y
1f48ab24-98aa-4217-857e-7b014ea0705d,2023-12-12,Asia,Bronze,Y
f557a14a-4daa-4225-b5be-f16126be2bea,2022-05-27,South America,Silver,N
7cfc206b-6bc5-45b3-a41f-58453880446d,2024-12-27,Africa,Bronze,N
0e8d1a7c-c377-4128-9cdf-049904c70352,2024-02-27,South America,Bronze,Y
63379612-7acf-44ea-bec8-909e8976ad5c,2023-06-07,Europe,Platinum,Y
85936e74-65f4-4164-88c5-2e8ceeb1e821,2023-11-30,North America,Silver,Y
1daa6780-715a-40ca-a260-04844e7fe05d,2023-10-28,Africa,Gold,Y
41e7e487-35a9-4ca8-8698-e317ad0c054e,2022-05-22,North America,Gold,Y
ac3574df-d969-4fdf-b5b4-1ea2c71ef136,2022-08-20,Europe,Silver,Y
c8ff4dd8-47c7-4498-b915-9063e95e1564,2022-11-10,North America,Bronze,N
165245fe-c436-4fb4-a6d9-8e26e69c2529,2022-05-01,Oceania,Silver,Y
82902f12-e1c6-43ef-b763-f7ca6c50eaac,2023-08-03,Oceania,Bronze,Y
7f346bb4-8869-408d-a45e-a7e65cdd8430,2024-10-19,North America,Bronze,N
1d6c0c5e-c393-4544-8378-3050e599e2e0,2023-08-10,Asia,Silver,Y
01e430f9-f266-4166-a9e6-55a577a477e9,2022-07-31,Africa,Bronze,Y
0c87ed1b-318b-4799-8a65-f3c664cba971,2023-01-05,Europe,Bronze,N
042281ad-29fa-4e52-a497-3135632b0366,2021-10-17,North America,Bronze,Y
ad851456-bdc5-4633-8e5b-961f585d4011,2025-03-08,Africa,Bronze,N
38d5101f-423c-4d9d-993e-478302b34254,2023-01-21,Africa,Gold,Y
452867e8-b6ca-4c64-8bb5-157230bc98b0,2021-10-05,Africa,Bronze,Y
25fb247c-9ebc-49fd-a760-9c775074f4b4,2022-07-20,Oceania,Gold,Y
53958389-d10f-4426-adeb-23655d81f1cf,2024-03-18,South America,Gold,N
e64152b4-a49b-4671-88da-ca13c671c92d,2023-10-06,South America,Gold,Y
5815f7f1-9b67-4374-9f31-5efd10e1fb5a,2021-11-12,South America,Platinum,N
8eb5dae2-aa93-440d-bfbd-bf5d7345873f,2022-04-07,Africa,Silver,Y
2abc4b2f-b0a6-4457-8620-5f4a6e718848,2025-03-14,Asia,Silver,Y
faf9440b-f4ec-4cad-abc6-ec7a242f4c73,2022-08-19,Asia,Silver,Y
6e7415b8-5c96-456e-b61e-7da267b8f283,2023-08-26,Europe,Bronze,N
e45c500e-ebdd-4d37-8db5-ed45fcfc7f44,2023-03-04,South America,Silver,Y
15be2848-cad7-4d24-8491-670d64ef936d,2023-07-23,Asia,Gold,N
4cd3f6ad-1da5-4774-8b17-f7741bffaf79,2023-10-04,Europe,Silver,Y
e5057071-932f-4d84-9318-85081ad7587c,2023-11-06,Africa,Gold,Y
70228a7a-8ae5-44ef-9e3f-77066735af48,2023-05-23,Africa,Silver,Y
6c99b726-95db-4721-ac60-7079ca9d32b9,2024-09-18,Africa,Silver,Y
369c564b-25ba-44e4-b9ac-b707ffcb1ab1,2022-05-19,North America,Gold,Y
83bbdc68-d333-4f4d-b51a-d0859d4948b1,2023-06-28,Oceania,Bronze,N
054a7537-94f8-4d94-8217-a0b9a7e88bd4,2022-03-10,Europe,Bronze,Y
bb9b5e21-cb6b-484c-914c-fca1f60094d8,2024-06-05,Oceania,Platinum,Y
a075e927-5110-4492-b442-7e0b61484bb3,2025-05-03,Oceania,Silver,Y
52a9ee35-620a-4a85-b942-0be271357431,2023-04-13,South America,Silver,Y
c2fae2e4-8a27-4ae0-8bc6-5d59b853096c,2022-08-16,North America,Silver,Y
d7b93d73-7455-4d86-b4c5-ec98b1751d57,2022-11-10,Oceania,Gold,Y
c8271d45-0e3c-4c44-9f72-e09ddc5d1c14,2023-01-18,South America,Gold,N
dfcd64ef-361f-4434-a9b3-ff945bc72ca3,2023-10-12,North America,Bronze,Y
f1f58294-a66c-43f2-87f2-b5814809c026,2022-02-15,Asia,Silver,Y
aca2317a-be38-4527-bf6c-7208009411a5,2024-01-11,Asia,Silver,Y
ce6ad5d5-29e6-48c5-9c06-d9079165332a,2024-03-29,Europe,Bronze,Y
f09a55a7-f289-4554-9f16-0ccd1dd22fda,2025-08-17,Oceania,Silver,N
8c8181b4-fe8b-4ccb-bd75-a5f3eeafca83,2023-11-15,North America,Bronze,N
5e21744c-7e62-4d6d-877c-a8192d9164a3,2021-07-16,Europe,Gold,Y
6cccb5ac-8807-4e82-bf17-00eb5ee3a394,2022-10-04,South America,Bronze,Y
eebea50d-5a6c-433e-af5f-8913d13a962d,2023-12-27,South America,Silver,N
44f68329-42a2-46ef-a430-afa39f9cff0d,2024-11-08,Africa,Bronze,Y
a253f545-8b3c-414e-b2ad-30e9763f0d47,2021-10-23,South America,Bronze,Y
96366d2b-e7d1-4b85-aa81-144841c3f0ae,2024-10-31,Europe,Bronze,N
536debcf-6eb5-4aa3-a2c6-efc7937b9d47,2021-10-02,Africa,Bronze,Y
4e34c4bd-a10d-46bd-9bfd-895002ba6c9b,2022-01-13,Oceania,Silver,Y
b0304411-cfdd-4299-92ea-cac34846f5e8,2023-09-04,Europe,Bronze,Y
f8355228-2cbc-4b86-88cf-82437b65ff3f,2024-03-12,Asia,Bronze,N
c3deb5e3-b3d1-4679-b2f8-cb32a0082d91,2025-01-06,Europe,Bronze,Y
2062508e-4b5a-4c21-bea6-b3ffd5f43ea5,2021-08-24,Europe,Bronze,N
ac1552b4-1982-4948-8757-5d2046c65b1e,2024-09-26,Africa,Bronze,N
b41d5a3d-f3fb-4964-9a15-45466c52fc9a,2022-05-03,South America,Silver,Y
a58295d4-9288-4cb6-b13f-bd71268f5cfe,2023-01-07,Europe,Bronze,Y
049bf703-a6ff-4014-8b10-603231e97228,2023-02-06,Europe,Gold,Y
3a0616db-0f76-4580-963d-8b82fba30867,2023-04-12,Oceania,Bronze,Y
f5348c17-cd2f-4a12-b985-f1de16f8a267,2023-04-09,South America,Gold,Y
b0e6a969-e213-42b0-b1ee-dba313432e61,2024-06-30,South America,Silver,Y
4a658a7d-c1f5-4014-9fa8-81b0c0133339,2023-12-15,Europe,Bronze,Y
515e1245-1391-476b-aa57-19b42bc1d06a,2024-11-05,Africa,Bronze,Y
a7668617-78db-4de3-8a28-4792ffaca645,2021-11-14,North America,Gold,N
e4cee509-217a-4255-922f-b3beca184e53,2024-11-03,North America,Gold,N
5200044b-3148-4df8-a6ca-8d50e5f5c891,2024-05-06,South America,Bronze,Y
7084dacc-3f66-4921-a6da-686e77491652,2023-08-02,Europe,Bronze,N
16d0c66a-e26e-49f7-b9eb-57566dbe8cdd,2021-07-13,Asia,Silver,Y
3c93a10e-4de5-4260-9aab-d54384eb80fd,2021-05-07,North America,Gold,Y
4d3a6ab2-357b-4caa-ae30-7eed254914d9,2024-07-21,South America,Bronze,Y
779f00d5-571d-7650-2a7a-55500ea20640,2026-01-08,Oceania,Bronze,Y
f6d7607d-cea2-4164-a039-18313fd915e3,2024-05-22,North America,Bronze,Y
887abf0c-e791-41c3-90cd-37ffd8f98318,2024-12-12,Europe,Gold,N
a0b48ea7-b2ae-4aa0-896f-e8bccac6b6dc,2024-03-13,Asia,Silver,N
3a357a4f-c502-41ee-b7e9-873b7d5d5d25,2021-07-19,South America,Bronze,Y
20e2d897-06ff-4f54-936d-c4ef0d4bdac8,2023-07-22,Africa,Bronze,N
7cc27448-28ea-4192-9a02-4444f28446fa,2022-10-17,North America,Silver,Y
b34e32fc-5243-14c8-ace7-6617cc42d8ff,2025-12-05,North America,Bronze,Y
e68e4345-3d74-4da8-83be-274378caf0ab,2023-12-17,Europe,Bronze,Y
c8169e32-5263-4195-b729-4c21208bc725,2023-06-25,North America,Gold,Y
addba0d0-536b-4f65-911a-c1ab7555a28c,2021-03-07,Europe,Silver,Y
a469370a-0bbe-4d96-85d2-3bc0b175159e,2025-04-12,South America,Gold,Y
10c55a1b-f39b-4e07-9f23-133d37de78b5,2024-08-24,Africa,Bronze,Y
b8e947ad-2daf-43c4-9a01-8171d92f0dba,2025-05-23,North America,Silver,N
6530a1bb-2b6a-415d-b826-ef67befab998,2022-10-25,South America,Silver,Y
3950a369-ca0e-4a52-9300-994632c868a2,2022-08-18,Africa,Silver,Y
56fae2de-8a69-413c-bf49-76fbc9f4394f,2022-06-30,Oceania,Gold,N
43d84d8b-a41d-43c8-a7bb-ce7e42dd966b,2023-12-12,Europe,Silver,Y
b10dc2ac-5b78-48cc-86f3-3d79b77fc2bc,2023-05-04,South America,Silver,Y
ff7d68c9-0fc6-4d9c-bdc9-2a2295a99a4c,2023-05-29,Oceania,Gold,N
7987280d-0778-4c9e-87e2-b7b8cfb96160,2022-10-04,Asia,Silver,Y
9f874728-3d83-4007-a28c-b767de125922,2023-10-14,Europe,Silver,N
e144b6aa-89a5-45bb-b009-91ec574d5150,2023-07-18,South America,Bronze,Y
6cf78d41-942d-4ebe-87b5-b85a4b38f3be,2022-08-25,North America,Bronze,Y
d8c4d0ff-1e88-4d86-9160-afc79e18eca4,2022-11-03,Europe,Silver,N
c346755a-637f-4a8a-8bb1-805fa24dd10f,2023-06-06,Oceania,Silver,Y
f875bcd0-ae30-42c5-b411-a25794fbb49c,2025-05-18,South America,Bronze,Y
9938f43e-b4c9-42af-8e56-cb69f9aca6ad,2023-04-14,Oceania,Bronze,Y
35b71853-8aa5-42ae-abfa-e21ebc2aac0c,2021-09-13,Asia,Bronze,N
41eb16b2-77bc-47d9-b1e1-1de07df36140,2021-08-31,South America,Silver,Y
ee3e2b23-40d5-4971-9239-d9b4c2358189,2022-01-30,South America,Silver,Y
dd802334-ff5d-4f22-ac01-a5610dfb1823,2024-11-08,Oceania,Bronze,Y
7746cc8c-1d92-41af-a6a9-8a6e86a3745a,2023-12-10,Oceania,Bronze,Y
aca83361-e722-4c58-81b8-100070f2d3a2,2024-01-21,Africa,Platinum,N
6a44b8dd-07e9-46b0-af33-fcbb74a88206,2022-06-22,Oceania,Silver,Y
073c2a57-4bb9-4842-bce4-5ab0541570fd,2023-12-22,Asia,Gold,Y
7a436735-7865-417e-87e9-e14a4398a63b,2022-10-18,South America,Silver,Y
9e944384-5516-49b6-9306-6a39441cccb8,2024-02-08,Oceania,Bronze,N
be1175ea-f73d-456a-9640-95b488148f2e,2023-07-07,South America,Gold,N
e84e3bd6-753b-446c-8264-9cacffc7b392,2022-01-03,South America,Bronze,N
236f3916-0362-4fa7-bc23-9dad58b6e71c,2024-09-16,South America,Gold,Y
d9d6a4a0-2506-4256-b1e8-8d0aed5bbf60,2022-04-18,Europe,Silver,Y
7060b699-415d-45e7-a944-0b9c3c423c26,2023-11-10,Africa,Gold,N
b778ea24-d3bf-47ab-a8f4-dd83a91f262e,2025-08-16,Africa,Bronze,N
615c68ab-247c-4e20-b8f4-35d9f865ab60,2023-04-10,Asia,Silver,Y
9a05d4c4-6721-4c78-9d30-e92cfceda3fe,2023-02-10,Oceania,Bronze,Y
9928d3f0-9f87-4f41-823c-3b130c560ec1,2023-03-28,North America,Gold,N
1212e227-eb76-4351-8984-5ff93a5efbf0,2024-01-13,Asia,Bronze,Y
873c1a81-e6d8-45f1-8d34-6af714353da2,2022-02-26,South America,Bronze,N
3ba55e2c-1486-4673-a4e6-d311ec9a8fea,2023-08-29,Europe,Bronze,Y
8bc90792-a499-4739-869e-bbf47343aa18,2023-11-12,South America,Bronze,Y
a1b0511a-ef87-4846-9d50-f0982e2f2252,2021-12-10,North America,Bronze,Y
69be173a-850e-40ad-9872-f72ee5b4a1ae,2023-02-14,Europe,Gold,Y
8100dc08-07dd-4bf3-8248-256f6b47738a,2022-04-29,Asia,Bronze,N
3b0305cd-d49d-4b27-9f99-ce04f625b970,2022-04-22,Africa,Bronze,N
0057dfcc-ab7b-4c43-a4cd-b2ad56e8dfed,2022-11-21,Africa,Silver,Y
c251ce26-0894-42cb-b6cc-28e5343d3d8a,2023-12-01,Asia,Silver,Y
a242ed94-6ab6-41ae-9943-0be108b65fdb,2023-08-16,North America,Silver,Y
6d76a5b7-8003-4081-b151-3aa95de751d8,2025-07-26,Asia,Bronze,Y
1a39d795-fa2c-4d96-a914-f1acd2a291f6,2024-04-30,Africa,Gold,Y
af0caa3c-122f-462e-8495-6e6a21cc0211,2022-11-08,Africa,Bronze,Y
c308821f-5da7-4b1b-8ff2-b1001c7c3615,2023-05-17,South America,Bronze,Y
f8644f2f-ddfc-45c2-b72c-74985a15fc95,2022-05-01,North America,Gold,Y
74c3a1f7-2235-44b2-8edf-0fe9752b1213,2021-07-19,Europe,Gold,N
f0113876-72c1-4c56-a3b7-367b3d55489e,2022-05-24,South America,Bronze,N
50abdfdb-23dc-480d-bfc5-e0540df96346,2023-03-25,North America,Gold,Y
03c700a3-510d-4323-88c8-a6d0b50cf05f,2023-03-09,Europe,Bronze,N
6cf4d2fd-d37f-4059-b1d7-64ba1712df48,2024-06-30,Africa,Silver,Y
9d52c38c-a3af-48cb-8710-fa6629aab1f8,2023-07-22,Africa,Bronze,N
c5a9106e-aa3c-48dd-be34-cde12559506f,2022-05-07,North America,Silver,N
61a73056-5114-4a97-89cb-c14823b1d124,2022-01-01,Oceania,Bronze,N
460db751-39cb-441a-8c50-1beade6d4e25,2025-03-18,Africa,Silver,Y
281d2c44-fd66-4f49-8663-6be841389c6f,2025-03-10,South America,Platinum,N
ffe2ea17-b7e1-4b62-a0d7-59cdc823214a,2024-02-09,South America,Bronze,Y
0803ad31-4e1e-4f3d-a910-22b80d60e364,2024-09-15,South America,Gold,Y
b017d4c5-9441-4552-bd85-d5ef9298655e,2023-03-21,Europe,Bronze,Y
5df7e09e-c3ae-4ce6-804c-f40018865cd0,2023-06-12,Asia,Silver,Y
a10bd6cf-8234-4997-beea-b380d0bc1825,2024-09-02,North America,Bronze,Y
48eea711-ff73-455a-b285-4de28b7e1d28,2023-01-24,Europe,Gold,N
82e13537-b022-44a6-adff-0b3bb71b0d2d,2023-01-17,Europe,Bronze,Y
3feb1b6d-00dc-4440-a633-45072f46632e,2025-07-24,Africa,Silver,N
818cd0e5-099b-452a-9b9d-e53cfaf98769,2024-08-10,North America,Gold,N
0489ce3f-fd5e-49bf-8a3a-56f5dc9936a3,2022-11-14,South America,Platinum,Y
4eaa0474-5ff0-4cbf-b894-7bd561d58f53,2023-03-05,South America,Silver,Y
24630012-166b-49d1-9fc6-ea78b3c622f8,2025-02-25,North America,Bronze,Y
0284ff08-c40f-4be6-9ce9-260bd09ef9aa,2024-08-01,Europe,Gold,Y
d1a9f011-8d85-45ce-978d-b4b1dbebde7e,2024-09-15,South America,Bronze,Y
e37fb2dd-2f8a-48e5-86bc-b0d00415052c,2024-02-04,South America,Bronze,Y
91e1a4da-2da0-46cb-b143-3edba46bb866,2021-12-21,South America,Bronze,Y
6f17fcc8-4e83-42f3-b6e3-d6060872a9f9,2025-01-22,Asia,Gold,Y
c354fc52-5ee8-8627-3ee0-5165383819b8,2026-01-04,South America,Bronze,Y
a4716345-c9bc-49f8-b780-64c8443421d3,2023-03-09,South America,Bronze,N
8e47fb7d-8a7f-426e-b585-f440c3a98532,2023-05-23,South America,Bronze,Y
5f0a74fb-b6e7-4214-b3b5-f7d79d2f1794,2024-06-08,Asia,Platinum,Y
75eff7c7-b00d-4ae8-8d9a-815ae9b500a1,2022-11-14,Oceania,Bronze,Y
7b1463c9-30bf-4f5a-b01d-e9361527690a,2022-10-04,Africa,Gold,Y
743d5b2d-500b-4959-981c-313393c7afc1,2024-10-01,Oceania,Silver,Y
557306ab-7c23-4e5d-be2f-0996421cf404,2022-11-17,North America,Gold,Y
b60223b2-fc35-4bc6-8a95-83f44b3c8939,2023-09-07,Asia,Bronze,Y
4d9fec20-1414-483d-a0af-0b16dd35585c,2025-02-12,South America,Bronze,Y
19581d52-9984-4735-a8c4-46bf1beae2f5,2021-12-22,Africa,Gold,N
c4ca0233-4273-4de8-abad-2b997fa8c425,2021-03-02,Africa,Silver,Y
360975ed-c902-42d5-955b-41ddbc7b31b9,2023-01-11,South America,Silver,N
68c8a81e-3470-4b92-a1fc-72376877c029,2023-08-07,South America,Bronze,Y
0769ea1a-5028-430b-9131-3b94dcfae50b,2024-09-18,Europe,Bronze,Y
3bfaa9a6-7a14-4089-a366-92a900267d8c,2023-09-15,South America,Bronze,Y
e7183f5e-435a-4dc2-ac6e-d21b242f5e2e,2024-04-29,Asia,Gold,Y
0e160c98-9160-4621-b58a-3243898a5e18,2023-06-03,Oceania,Silver,Y
f2b973d1-1fad-4075-b768-7f27ff8b3b0a,2023-03-18,North America,Gold,Y
06ee9b2b-88a0-4769-b58b-f6823ead5bf5,2023-10-13,South America,Silver,Y
3b6f8945-144c-423d-8e41-1928a45bfd3b,2024-08-17,South America,Bronze,N
a96f61cc-a82c-4ed3-b50e-da50c56afa5b,2024-02-27,North America,Bronze,Y
af70988f-8609-41e5-950e-9c54aaf34721,2023-11-07,Africa,Gold,Y
cbcb7fe9-e052-46a8-a015-a8cea904b9a6,2023-01-30,Asia,Gold,N
4c6f9a45-8192-4f8f-9fed-7603fadc9704,2023-03-26,North America,Silver,Y
325b1b68-20c9-442c-86d5-f8276f6d02bc,2023-04-22,North America,Bronze,Y
a605b7c9-fb07-4e93-8a37-31ab0be3534a,2022-08-03,Europe,Gold,Y
331212d1-4cdc-4dcd-bdf5-e219468a4cd3,2022-05-10,Africa,Gold,Y
a890f9a8-2015-949c-7b75-10b565dcae7f,2025-12-12,South America,Bronze,N
b6a35409-1c20-486b-b5d0-44fb2cd64d84,2024-07-14,Africa,Bronze,Y
00fd5206-2ef4-4eb1-a9eb-f7828d039e8f,2023-02-21,Oceania,Gold,Y
eb3a4a37-f7b7-4b26-8b11-1d734ef78764,2023-11-14,Asia,Bronze,Y
b4c5d4cb-c497-4da8-a8c1-b719825c54b1,2024-03-29,North America,Bronze,Y
21737acd-3e37-47dc-84d9-92ecea3c2de7,2022-11-21,Oceania,Gold,N
278acbbf-a678-4947-9647-b194565a1072,2023-05-07,Oceania,Platinum,Y
790d3bdd-3021-439c-be4a-e587f716bb5c,2025-05-05,Europe,Bronze,Y
c95811d6-28f9-4112-a1ae-c062d3bc3182,2023-08-23,South America,Bronze,Y
5124dce3-ccee-415e-9aa7-9e47462e3e02,2021-12-30,Asia,Gold,Y
f5f71def-2318-45c6-a3c3-ecf705a4702b,2023-11-26,North America,Silver,Y
93d63c97-9df5-453f-afd7-ace0ef5513b1,2023-04-19,Oceania,Bronze,N
fd32c920-b89a-45d4-bf5d-3e07036dda75,2025-05-09,Europe,Platinum,Y
dc9d41e7-699f-4b05-ad8e-8aead26984e7,2023-04-28,South America,Silver,Y
e070028b-039b-41db-96c8-15e555f47f7d,2024-05-01,South America,Bronze,N
4205ed90-d685-4fab-8de3-37c93255f924,2022-07-11,Oceania,Gold,N
c54819e1-300f-4951-8b5f-0c81b96d3171,2024-02-26,Oceania,Silver,Y
0820fb59-b5a4-4895-ae93-eac81952d845,2023-06-07,Asia,Bronze,Y
0ce46ae9-fa69-4b6a-be9b-d61a7eccae1a,2023-11-23,Oceania,Silver,Y
8e5f26da-1f1c-4b2e-8e29-b6421e03c243,2022-10-16,North America,Bronze,N
e5d6ce9f-c751-4523-897c-9f4e19870d8c,2022-05-27,Africa,Silver,Y
835108d8-9251-4afe-9d7e-5e48c03caa32,2023-11-27,Asia,Silver,Y
81fc1d3f-56bd-493e-9f15-541168379668,2023-10-14,Europe,Gold,Y
4d36c425-854a-498e-b24c-ef3d7105792a,2022-12-04,South America,Bronze,N
efab64b5-2702-49a1-80a6-a43b1a3710ae,2023-05-26,Asia,Bronze,Y
b263c33b-cd89-4d24-b6a6-d37711ab78d7,2024-02-06,South America,Gold,N
4a557f34-3ff5-4ce2-99a2-ed2dc156c299,2021-11-04,Africa,Bronze,N
