order_id,order_date,customer_id,product_category,region,quantity,unit_price,discount,payment_method,delivery_days,customer_rating,revenue
80648,2024-04-14,8c14efa5-63c2-47b7-9eb5-9846cd4a491e,Beauty,South America,3,94.15,0.05,BankTransfer,1.0,2.5,268.33
32043,2025-12-09,691bb5ed-68ba-4665-a16a-858feeb2610b,Fashion,Asia,5,212.81,0.0,CreditCard,4.0,3.6,1064.05
83470,2025-08-06,8527c5f9-dc57-4594-b171-79363a128dae,Fashion,Europe,3,306.6,0.0,BankTransfer,6.0,4.8,919.8
66861,2024-05-04,c5128bbd-8599-4b12-a2fc-717c6fe69da7,Automotive,North America,5,18.43,0.15,PayPal,9.0,2.4,78.33
834,2023-05-16,4926ce5f-7878-4140-ac2a-4f71a77d95f1,Toys,Oceania,4,27.8,0.05,BankTransfer,2.0,4.2,105.64
1061,2023-10-08,694d7b00-8d38-4327-883f-13c601b158e9,Toys,Africa,3,82.82,0.05,Cash,5.0,3.8,236.04
32214,2023-03-17,e45fbf0c-777c-412f-9275-5c2569ab9b4c,Sports,Europe,5,47.29,0.0,Cash,1.0,2.6,236.45
75773,2024-10-25,debd90b1-9233-4874-a141-c462b41cd358,Beauty,North America,2,82.87,0.0,CreditCard,4.0,3.1,165.74
492,2023-06-01,5efa9c5b-7421-4f46-a37e-4b0122bae10e,Fashion,Asia,5,341.41,0.05,Cash,6.0,4.3,1621.7
52378,2023-04-06,4a3a7cf0-d163-4ff2-93a9-901990c01631,Toys,South America,4,202.61,0.05,CreditCard,5.0,3.2,769.92
31999,2025-10-11,8c63f503-49b2-448c-a15e-729e102925ea,Toys,Africa,1,56.51,0.05,CreditCard,8.0,2.7,53.68
26555,2023-10-06,4036d3f7-4dbf-4a86-9b18-0366c500c091,Toys,Asia,3,124.49,0.05,BankTransfer,2.0,3.8,354.8
73372,2025-08-30,e7c922cc-09af-4014-9129-b8fde38122c7,Electronics,North America,1,36.18,0.15,CreditCard,8.0,2.1,30.75
74121,2025-12-25,7c37f322-f92f-414b-8300-5549943d5c80,Toys,Africa,4,460.58,0.1,BankTransfer,3.0,4.4,1658.09
82861,2024-01-28,77a31000-09cc-470f-b7dd-b1ca84246d34,Toys,Africa,5,118.52,0.05,Cash,1.0,3.5,562.97
30622,2023-11-15,81238f51-5251-4c2b-9de3-35c276252e09,Sports,Oceania,4,14.103,0.15,CreditCard,1.0,5.0,47.95
881,2023-10-31,43ad3d62-b17c-4b21-8dbc-2c1ca4afe7bd,Fashion,Asia,4,257.93,0.0,CreditCard,9.0,3.1,1031.72
38712,2023-08-20,21fcc000-f37f-4265-8db9-372a752e9456,Fashion,Asia,2,265.91,0.1,CreditCard,1.0,2.1,478.64
32613,2025-08-22,b0aa7c2d-21d5-4174-9195-67ba7c2796bd,Fashion,Africa,2,56.9,0.0,CreditCard,1.0,4.1,113.8
87038,2025-03-10,2ad24be7-ae24-43b8-9476-9237f05c50ca,Fashion,Europe,3,251.36,0.0,CreditCard,1.0,3.2,754.08
52570,2025-01-08,2687c2ed-6fc0-4743-a1cb-0b88f8272b68,Automotive,Oceania,1,47.59,0.0,PayPal,6.0,3.5,47.59
76283,2024-01-26,c642aec4-c4d0-4ca5-a48c-b66a0ad995d1,Fashion,Africa,5,190.72,0.05,PayPal,8.0,3.2,905.92
11142,2023-11-08,b02e1da7-dff6-4376-a24e-ae6510435959,Beauty,South America,6,154.881,0.0,CreditCard,4.0,2.7,929.29
84260,2024-08-21,99dc1f8a-b5b1-403c-aa3f-4471532978ba,Automotive,Africa,2,373.78,0.2,BankTransfer,2.0,2.8,598.05
73016,2023-08-20,a7be898f-b431-4b48-8b32-4e1305fb2492,Sports,South America,2,284.19,0.05,CreditCard,6.0,2.3,539.96
97827,2024-10-09,0032110d-5405-4161-b788-70f87ed4f1cb,Electronics,Asia,1,227.26,0.1,CreditCard,6.0,2.3,204.53
65881,2024-06-17,cb60a67b-9fb3-44b3-90fb-b59d623c9859,Electronics,Oceania,2,90.23,0.05,BankTransfer,8.0,2.9,171.44
85309,2025-10-11,,Sports,South America,1,395.66,0.15,CreditCard,2.0,2.7,336.31
87757,2024-06-19,5ef9f63b-3ddf-43bd-b021-a0bfe437cdf3,Home,North America,4,261.57,0.1,BankTransfer,1.0,2.4,941.65
6937,2023-04-20,6ea28b15-d0a7-43b9-a7ea-ae636f850440,Toys,South America,5,488.03,0.05,PayPal,8.0,3.8,2318.14
69169,2025-06-08,4feb9f90-7722-4636-9cec-0cd5dcf8732c,Automotive,Africa,5,219.38,0.15,CreditCard,2.0,5.0,932.36
9854,2024-12-20,bfcc8e33-c7da-450f-8bab-99ee6a3990da,Beauty,North America,3,41.85,0.0,Cash,4.0,3.1,125.55
8777,2025-11-21,d8c024a9-a99e-4f9b-b68e-af5851ddaa9d,Home,Africa,3,176.508,0.05,PayPal,7.0,4.0,503.05
1166,2023-06-18,38d5101f-423c-4d9d-993e-478302b34254,Home,Africa,1,33.26,0.0,CreditCard,6.0,4.0,33.26
24620,2024-07-16,32632cc3-665e-416f-9b67-b77503b88938,Automotive,North America,1,39.14,0.05,PayPal,3.0,4.2,37.18
76530,2024-10-16,a9c0e92c-853e-4264-b63f-935df74e7518,Automotive,South America,5,127.4,0.0,CreditCard,9.0,2.3,637.0
96661,2025-04-23,4ebe21d2-48a3-40cd-aeb2-a48779b7b4b1,Fashion,Europe,4,5.71,0.05,Cash,9.0,2.4,21.7
66366,2025-11-08,e3776e99-66c7-4c2f-9e45-698f903cad56,Fashion,Oceania,5,81.144,0.0,Cash,1.0,4.6,405.72
65347,2023-06-12,3db0d591-a803-4cbb-98e3-048bbaa2119c,Home,Asia,4,342.46,0.0,PayPal,2.0,2.4,1369.84
61650,2025-08-14,a0dea76e-9e78-4ba3-a667-85a5bf9ea33c,Automotive,North America,1,353.44,0.0,PayPal,4.0,3.4,353.44
91061,2023-06-19,8abad58e-2958-4581-a84c-acbbcbf6d143,Sports,South America,3,186.7,0.0,BankTransfer,3.0,3.8,560.1
55406,2025-06-03,c5203938-b338-4d54-a57e-d7b188c0cd16,Toys,Europe,5,129.16,0.0,CreditCard,9.0,4.0,645.8
65400,2024-04-01,c97cd72c-7dec-4bb9-be5a-f91f9f869477,Beauty,Oceania,2,129.07,0.05,PayPal,2.0,3.1,245.23
24785,2024-10-23,4ea2cd73-3ac3-43dc-8823-10ddf450be54,Fashion,Asia,1,207.5,0.0,BankTransfer,9.0,3.9,207.5
80846,2025-10-14,2c0775b6-678a-4b0c-acf3-3b77770906d6,,Oceania,1,210.95,0.0,BankTransfer,7.0,4.0,210.95
26704,2024-05-03,59178b75-96f7-4674-b702-f5539792cb50,Electronics,Africa,4,109.09,0.05,BankTransfer,8.0,5.0,414.54
86111,2025-09-29,e6660b2a-491c-4778-9aa1-df0ba1961801,Sports,Asia,3,61.52,0.1,PayPal,6.0,3.8,166.1
14255,2023-06-24,896f73b4-2cf4-436a-8f66-cb36c2dcaebe,Home,Europe,4,315.51,0.0,Cash,,4.0,1262.04
18554,2025-10-22,08aec57e-4d05-4113-8d4f-9a2d55f16dbb,Home,Oceania,2,59.23,0.0,CreditCard,8.0,3.7,118.46
10964,2023-11-21,8cc81670-d3a7-49d3-a7ad-3af12aeaff2e,Beauty,North America,2,97.065,0.0,Cash,1.0,2.2,194.13
52659,2023-01-16,25fb247c-9ebc-49fd-a760-9c775074f4b4,Toys,Oceania,1,118.03,0.1,CreditCard,2.0,3.1,106.23
35987,2024-02-25,6f3c9ce8-6806-4e9b-822c-6ecd90af00eb,Beauty,Africa,5,304.37,0.0,Cash,1.0,3.6,1521.85
86904,2023-08-12,9eb5f3b7-1a9e-4e79-8b79-cd1cba7f3ed0,Toys,Oceania,5,217.84,0.0,PayPal,8.0,3.5,1089.2
10982,2024-11-02,d98d214f-c2ab-4876-b71b-d82d635589f4,Beauty,Europe,3,239.013,0.1,CreditCard,5.0,2.3,645.34
49220,2024-07-02,76c5a26b-f773-424d-b09a-0e972eb14567,Automotive,Asia,4,24.88,0.15,Cash,2.0,3.6,84.59
38622,2025-03-24,b45c6169-4cad-49bd-b688-b0df3bbd390f,Home,Asia,2,466.99,,PayPal,4.0,2.5,747.18
72927,2025-06-29,51df0ae7-eccf-4bc3-bc47-16594dca33f1,Fashion,Europe,3,400.02,0.05,PayPal,7.0,2.2,1140.06
23121,2024-04-04,41e7e487-35a9-4ca8-8698-e317ad0c054e,Electronics,North America,3,398.72,0.1,BankTransfer,1.0,4.5,1076.54
52540,2025-08-15,854d0ab3-d156-4466-90a3-ef352f6f4900,Fashion,Asia,4,339.86,0.1,Cash,7.0,2.8,1223.5
24934,2023-06-24,843f9044-7120-4cf5-a2ad-1645ea223f8a,Fashion,Africa,3,271.58,0.0,BankTransfer,2.0,4.1,814.74
64112,2024-01-12,f6f5552d-266e-4626-9723-559884bd25ec,Toys,South America,1,,0.0,BankTransfer,8.0,4.2,133.51
54404,2024-10-12,e59a2d7a-4f03-4a3d-b5b3-706b0993f014,Fashion,Europe,1,81.57,0.0,BankTransfer,7.0,3.2,81.57
58983,2025-07-28,eaf8905d-0224-42aa-b547-912483e56206,Electronics,North America,3,168.15,0.0,PayPal,4.0,3.2,504.45
42658,2025-07-05,ca55e73a-c6b4-4e50-97f8-c158e029d0cf,Toys,South America,1,110.36,0.1,CreditCard,8.0,3.9,99.32
63607,2024-09-11,f03cf8e4-f42f-4ca3-9d19-b3a47a453fdb,Toys,Oceania,4,89.2,0.0,Cash,9.0,2.0,356.8
69619,2023-10-29,b1fcaed0-e805-4b3f-b6b2-81717ade2a67,Home,Africa,2,407.6,0.1,Cash,9.0,4.8,733.68
21185,2025-01-12,9425b29d-c400-4d41-a50d-01b21a6b6aaf,Fashion,North America,3,20.24,0.05,BankTransfer,8.0,2.9,57.68
89409,2024-11-12,e6d894b2-7756-4837-8e6f-c50fa7cef6a3,Home,Africa,6,,0.0,Cash,4.0,5.0,1642.46
7096,2024-07-17,a3593aec-d5d1-4ae2-8940-e0fa08509d96,Sports,Oceania,1,348.05,0.0,PayPal,9.0,2.7,348.05
65645,2025-09-10,804f686a-0468-45ab-8c70-c4598a56b467,Automotive,Asia,5,478.48,0.2,Cash,3.0,2.3,1913.92
12525,2025-10-12,f62f7486-bfb6-4261-b70c-a09a809c2262,Home,Asia,2,286.34,0.05,PayPal,8.0,2.5,544.05
87375,2025-02-06,c0c06ac2-1e81-4c83-aad1-09be7b5cf2e3,Beauty,Europe,5,213.73,0.0,CreditCard,3.0,4.6,1068.65
46728,2025-12-27,b14c2bff-f49a-4bc0-9974-62eeff2bc91f,Automotive,,4,461.03,0.2,BankTransfer,9.0,2.3,1475.3
11119,2023-07-14,4340d816-e17c-4533-99ce-8b2660293a67,Automotive,Oceania,1,71.13,0.1,BankTransfer,1.0,4.7,64.02
5639,2023-09-20,11e12ee9-f664-42b9-b8d8-061976538a69,Toys,South America,4,42.09,0.0,Cash,8.0,3.1,168.36
38125,2024-10-16,88a97690-f9fd-4346-9578-e79e8c7f399a,Toys,Asia,2,457.32,0.1,BankTransfer,8.0,3.0,823.18
51277,2025-10-13,a5b3eea7-4806-4252-a9d0-7012e61f1a84,Automotive,South America,3,446.15,0.0,Cash,5.0,3.3,1338.45
16241,2023-11-29,c10e07c1-bf8e-4640-be8d-544af23c3d37,Electronics,Asia,6,295.281,0.0,CreditCard,4.0,4.5,1771.69
1350,2023-07-30,c5f8e2f8-414f-4994-a845-77805e20c957,Fashion,South America,5,436.13,0.1,CreditCard,8.0,3.6,1962.58
81036,2023-04-16,5bef0090-f7a4-4b26-a0af-24d31baf93b2,Home,Asia,5,59.65,0.0,CreditCard,9.0,2.4,298.25
99034,2025-12-24,c65dbe7c-afd7-47a8-adcf-cef50c0cbedc,Beauty,North America,5,96.17,0.15,PayPal,3.0,4.8,408.72
22934,2024-05-26,bea2ceca-a7bd-4535-ae90-4535ed4d303c,Electronics,North America,4,460.5,0.05,PayPal,2.0,3.8,1749.9
67151,2024-04-15,e8ad9302-5842-4418-b9d3-4ac5c5425acd,Fashion,Oceania,3,363.91,0.0,PayPal,9.0,2.9,1091.73
8543,2024-07-10,558c7208-283c-47ec-98b4-f757d91ade99,Automotive,South America,3,90.89,0.0,BankTransfer,2.0,2.5,272.67
66387,2025-08-08,a40ef7f3-80f1-4e15-909a-b03d489cfaa8,Sports,Asia,4,468.54,0.2,CreditCard,4.0,2.6,1499.33
77145,2024-01-21,006c386b-a1a1-44d8-8402-483c95f14a8a,Sports,South America,1,464.22,0.2,PayPal,3.0,2.6,371.38
2030,2024-09-17,3ad24ac8-bf70-4042-9e7c-6795a8c6c2df,Sports,North America,3,391.84,,BankTransfer,2.0,3.7,1175.52
44834,2025-03-27,e2ee9666-4b79-40c2-955e-d53e76f6f68a,Toys,South America,5,240.43,0.0,Cash,3.0,2.7,1202.15
65308,2024-12-15,32ab5afb-d127-469a-904f-892144fa6821,Fashion,Europe,4,97.89,0.15,BankTransfer,9.0,2.5,332.83
30126,2024-10-24,4cd3e7a8-2b54-4062-8db1-499ad97f02b4,Sports,South America,1,467.3,0.1,PayPal,6.0,3.1,420.57
44992,2023-11-15,a3d83d8b-8882-48a7-a91b-e0c61f1352ea,Beauty,Oceania,4,195.066,0.05,PayPal,9.0,2.7,741.25
8570,2024-09-26,2fa227c3-dc57-44da-90ca-beebdb721b14,Home,Africa,2,251.86,0.1,PayPal,7.0,3.0,453.35
26051,2024-06-05,b59f3eec-1552-4035-99d5-0ca1fc821162,Home,Europe,2,329.95,0.1,Cash,6.0,4.9,593.91
6152,2023-10-23,677c25b0-6d23-4155-a057-c558f1ba308e,Beauty,North America,3,42.62,0.0,Cash,7.0,3.1,127.86
39332,2023-11-28,39e44780-2ca6-435b-b9a9-44eb645e065b,Toys,North America,2,165.924,0.0,Cash,6.0,4.1,331.85
68941,2023-05-14,284a06f4-3a47-40fb-a2ad-bd4e9d3e13ab,Toys,Africa,5,35.66,0.0,CreditCard,2.0,3.1,178.3
69326,2025-04-20,5a4af4d5-7301-4dd9-9fa8-133302a6bcf9,Sports,Asia,5,346.98,0.15,BankTransfer,9.0,4.9,1474.66
99395,2025-03-18,dc0eef8c-14e3-418f-a1d7-e25514b28960,Toys,Oceania,2,471.28,0.0,Cash,4.0,4.6,942.56
34293,2024-09-04,053b7268-4cce-46b8-8897-d45d7d6a8614,Fashion,Oceania,3,321.71,0.15,PayPal,7.0,4.0,820.36
13558,2023-02-15,6d377252-2af6-42d8-b961-b8ce0454f5a1,Home,North America,3,157.77,0.0,PayPal,5.0,4.6,473.31
33916,2025-01-19,8623f5ac-37b9-4d6e-809d-cfae021ac68a,Electronics,Oceania,5,436.12,0.05,CreditCard,1.0,2.1,2071.57
41094,2025-02-01,62d0bb77-eb8e-4f1c-a3d5-714f67798762,Home,South America,2,110.16,0.0,PayPal,1.0,3.2,220.32
70585,2025-05-21,959e6da9-7308-4aaf-ad94-4a338d864e0a,Toys,South America,1,150.01,0.1,PayPal,5.0,2.2,135.01
62362,2025-12-21,fd43f429-7064-414b-8dc5-47c1f409ca34,Fashion,North America,4,88.99,0.0,Cash,3.0,3.1,355.96
18568,2023-12-12,5340cb95-5ce1-44e7-8ded-3f772a2c974c,Sports,South America,3,200.54,0.0,CreditCard,9.0,,601.62
17973,2023-03-08,f9dafc66-3d60-40c4-915a-2848e3b41fe7,Toys,South America,1,383.71,0.05,Cash,2.0,2.9,364.52
34285,2025-04-03,d514e24d-6617-4495-931a-b4fad0409d28,Home,Europe,3,442.3,0.0,BankTransfer,6.0,4.8,1326.9
10531,2025-08-03,da0e862a-4b3e-4d2a-8f74-15e82f10b1cb,Home,North America,5,211.99,0.0,CreditCard,5.0,3.8,1059.95
88791,2023-03-24,1fa56d46-bb39-4d05-a63e-642d33eae04d,Beauty,North America,1,356.13,0.05,BankTransfer,8.0,2.5,338.32
11584,2023-10-30,4202c418-b6ae-4b91-890e-2e44f6e5a7b1,Fashion,South America,2,173.63,0.1,PayPal,9.0,4.7,312.53
42538,2025-09-20,65b410b8-63ed-49fd-85e4-96b4d4da6c84,Automotive,South America,4,480.65,0.0,CreditCard,7.0,3.6,1922.6
7843,2023-12-10,21737acd-3e37-47dc-84d9-92ecea3c2de7,Sports,Oceania,4,23.86,0.0,BankTransfer,3.0,2.7,95.44
27048,2025-08-26,d18137e6-f3cd-44ab-84a4-559576597666,Beauty,Asia,1,205.26,0.0,PayPal,4.0,4.0,205.26
6805,2023-12-20,5c098a5c-585d-4d17-9258-14d9638cf9e3,Sports,Asia,5,269.96,0.0,PayPal,8.0,3.6,1349.8
83454,2024-02-28,4d4f5196-0e1c-4359-b786-a183590df613,Beauty,North America,3,350.42,0.1,PayPal,3.0,4.4,946.13
90832,2025-02-22,458a13df-0ade-4275-be2b-3ce2a13ff68d,Toys,Asia,1,15.5,0.05,PayPal,6.0,4.6,14.72
96937,2024-04-09,36245ed3-f0c8-4c82-aea9-e82893df2e42,Sports,South America,4,227.7,0.0,Cash,9.0,4.0,910.8
8778,2024-11-05,6ce87f51-1eb2-4170-b1e2-d719f2034fe7,Toys,Africa,4,228.078,0.0,CreditCard,4.0,2.5,912.31
17498,2024-12-14,a17c6143-3b56-4170-b587-2e50c21e65ac,Sports,Africa,5,374.13,0.0,BankTransfer,7.0,3.8,1870.65
28178,2024-08-17,645ebe9b-1a33-4b77-8d8d-044e22761bbc,Beauty,Asia,4,424.44,0.05,BankTransfer,4.0,3.5,1612.87
95009,2023-03-15,02b262e9-f33c-4490-a333-291a5f7a3ac4,Beauty,Asia,4,402.62,0.1,BankTransfer,3.0,2.2,1449.43
34790,2025-04-18,d0cab89c-9e3e-456a-bf2e-e58ccf164ed5,Sports,Oceania,2,173.48,0.0,CreditCard,4.0,4.3,346.96
32411,2023-12-02,acd02d93-069f-476f-85fa-87c84e00af93,Toys,South America,1,17.62,0.0,Cash,5.0,5.0,17.62
11667,2023-01-06,ea7dbecd-e06f-40d4-af53-5f89e401ce0f,Sports,North America,3,372.97,0.0,Cash,9.0,4.7,1118.91
61128,2025-11-08,835e0883-94bb-414c-86d2-eecbb3b2bcd9,Fashion,Oceania,4,102.618,0.0,CreditCard,1.0,2.6,410.47
96992,2024-03-19,874f113f-7641-449e-a7fa-08000f2b9331,Beauty,North America,1,91.6,0.1,BankTransfer,6.0,2.6,82.44
94883,2025-06-18,3ae9e50d-3723-49df-91c3-5e9b84aff003,Beauty,Africa,1,191.01,0.05,BankTransfer,4.0,4.1,181.46
48542,2024-04-10,3ea37412-ec25-4199-9478-476f2412c3fb,Beauty,Oceania,4,54.11,0.05,PayPal,6.0,2.4,205.62
87380,2023-11-25,9d58b4b6-2455-47cd-b465-f27c0bd174a7,Toys,Africa,4,139.383,0.0,CreditCard,7.0,3.0,557.53
77931,2025-11-18,3150efaa-3c1c-4f2b-b3b0-daab2f4dd672,Toys,Asia,2,338.751,0.0,Cash,6.0,2.0,677.5
50452,2024-08-28,e67ab6ed-d263-469f-bc6f-dd48a0095a5e,Electronics,Asia,1,295.47,0.15,CreditCard,5.0,2.5,251.15
13465,2025-02-11,b6c02711-f941-4aad-b10f-71f57de14528,Automotive,Europe,3,429.43,0.05,Cash,4.0,2.2,1223.88
5277,2025-01-09,13974770-15bd-48ba-9caa-f6a5451ea1db,Electronics,South America,3,486.83,0.05,BankTransfer,2.0,3.9,1387.47
64259,2023-10-16,b307dfea-7ed4-4fb5-af22-700befaae2e7,Toys,Africa,5,122.97,0.1,Cash,1.0,2.7,553.36
47993,2025-03-08,0e97838b-8bc9-441d-b16b-ebca6ff151f8,Toys,Africa,4,195.69,0.05,BankTransfer,7.0,4.4,743.62
26893,2025-10-05,f57e6f5d-00e9-4548-b178-0a92e6eeba72,Electronics,Africa,4,367.43,0.0,CreditCard,7.0,3.8,1469.72
10103,2024-09-01,44fbb5b9-c9e5-4194-b746-682ad4e73adb,Beauty,Africa,3,126.49,0.0,BankTransfer,1.0,3.5,379.47
27954,2023-06-14,64423d22-ea7f-4808-98f0-2579631e2e41,Beauty,Europe,2,127.7,0.0,BankTransfer,5.0,4.7,255.4
27773,2024-08-26,558d4025-1c23-4b67-9b4c-4ff965d0654d,Sports,Asia,4,117.84,0.0,BankTransfer,4.0,3.2,471.36
62597,2024-09-23,e86f8bd4-cda0-4cab-aa90-c9c8cddb8f2d,Toys,Asia,4,32.65,0.1,Cash,3.0,3.3,117.54
16350,2024-01-07,9ffcbc21-34ce-42e9-aebc-473945dd4421,Sports,Oceania,3,111.98,0.0,PayPal,8.0,4.3,335.94
34036,2025-09-13,ca5dc9bf-05a9-46d6-aa51-ec9cdfbf05af,Electronics,Africa,3,127.56,0.05,Cash,5.0,4.0,363.55
5712,2024-01-17,e1b33498-8974-4baf-9928-3cfc76da7bc3,Toys,Europe,1,49.43,0.0,CreditCard,5.0,4.1,49.43
22224,2025-11-17,5e43c7b5-0d3f-44c1-a745-821a1521dfb4,Electronics,Africa,4,383.7240000000001,0.15,BankTransfer,2.0,3.9,1304.66
50563,2024-08-22,9041d892-cd46-43c8-b761-1b4cc590b4d6,Sports,North America,1,285.99,0.1,BankTransfer,9.0,,257.39
68549,2024-03-08,5a623db5-d96a-4d11-9d3a-59e624db200e,Fashion,Asia,5,86.6,0.0,Cash,1.0,5.0,433.0
59187,2023-06-13,e44ea92e-6e7f-4639-b4f7-5fef740d6899,Fashion,Africa,3,276.51,0.05,BankTransfer,6.0,2.9,788.05
23415,2025-09-28,982adac8-006a-4215-8d31-83764ac436fa,Beauty,Asia,4,274.09,0.0,PayPal,3.0,4.3,1096.36
25972,2024-06-15,92dddc04-d376-409d-bae7-96df8780141a,Electronics,North America,1,406.67,0.0,CreditCard,3.0,2.3,406.67
64013,2024-11-05,06ee9b2b-88a0-4769-b58b-f6823ead5bf5,Toys,South America,4,240.093,0.0,Cash,5.0,3.9,960.37
91341,2024-12-23,c2ab2d0c-656b-4797-9a3e-4acd04efed60,Fashion,Africa,1,378.67,0.0,CreditCard,3.0,2.4,378.67
84035,2025-05-24,ceab62ec-8577-46fd-b58d-0e15211eac54,Sports,South America,3,271.47,0.15,BankTransfer,6.0,4.2,692.25
23035,2023-07-04,e05cc03e-16fd-4f59-904a-f9e74b5e5448,Fashion,Africa,3,239.05,0.0,Cash,5.0,4.7,717.15
54581,2023-12-08,b438d027-9a96-4aa2-840e-a393390ba9cf,Fashion,Africa,3,153.14,0.0,Cash,1.0,2.9,459.42
74909,2025-07-12,439c2a05-5e92-42ac-a2a7-6a80a45c0645,Sports,Asia,1,433.97,0.05,CreditCard,7.0,3.5,412.27
62804,2024-05-27,aaf808c8-a352-4b48-aa9a-142e3b122f50,Home,North America,5,150.82,0.1,BankTransfer,8.0,2.7,678.69
47812,2024-09-10,ebd2a60e-b7e0-4c29-a555-3d490a8021c8,Toys,South America,3,318.68,0.0,Cash,7.0,2.6,956.04
22197,2023-02-14,553fc35f-d7e8-4bba-8816-4097486689cd,Toys,South America,5,374.51,0.0,BankTransfer,5.0,4.2,1872.55
24711,2024-10-10,2c554bf4-0ce4-4d06-a427-480070651d67,Beauty,North America,4,68.09,0.2,Cash,9.0,4.3,217.89
29475,2023-12-01,7f104948-e583-43cd-afc9-fada11497919,Sports,Oceania,3,332.99,0.15,PayPal,3.0,4.0,849.12
85542,2023-06-14,c248c7be-cfa1-444f-ba41-c36cb3c6544f,Beauty,Africa,2,271.64,0.0,,9.0,4.0,543.28
2361,2025-02-04,e7f2418a-953f-4fd4-a069-4b6d04b51c12,Home,Oceania,5,183.74,0.05,Cash,1.0,2.6,872.76
82406,2023-09-28,9a8aa879-d49e-4a1f-8deb-c1980add7ac9,Sports,Asia,3,371.24,0.0,PayPal,4.0,4.4,1113.72
77075,2024-08-24,489ea94d-9490-446e-a089-25aa12cc116a,Fashion,South America,2,167.77,0.0,CreditCard,3.0,2.5,335.54
71202,2023-08-06,d2194c6f-86f4-432a-9bf7-e0d6fcdcf0fa,Electronics,South America,5,438.61,0.1,,8.0,2.4,1973.74
266,2024-04-25,1d48a071-ab61-47b1-b93b-4c3220500494,Toys,Europe,2,117.5,0.05,BankTransfer,8.0,4.0,223.25
39983,2025-09-15,09990aed-bc07-42d4-96b4-fac8001b2293,Automotive,Oceania,4,206.64,0.15,PayPal,6.0,2.9,702.58
4194,2024-11-21,51683612-2bb6-4a4e-8c47-5261e585a0a5,Sports,Oceania,2,437.625,0.0,PayPal,7.0,4.4,875.25
95268,2025-07-17,53a1a9a8-b3d3-4437-a918-53bf23db8f35,Fashion,South America,4,452.73,0.0,BankTransfer,8.0,5.0,1810.92
77478,2025-08-30,65f08334-cae9-418a-aef4-4bdc1b4d4def,Sports,Africa,5,203.08,0.1,CreditCard,4.0,2.1,913.86
47494,2023-08-07,95322664-6f92-4f36-9761-1f80c9e28644,Beauty,Africa,2,220.91,0.15,BankTransfer,6.0,3.2,375.55
83740,2024-08-27,8ff84ec9-1564-4dfb-8b94-fea7ff7021c6,Electronics,South America,1,23.3,0.0,CreditCard,4.0,3.4,23.3
60016,2023-09-03,730a006c-308c-4971-a8ca-f7957721f50f,Home,South America,5,444.97,0.0,CreditCard,4.0,4.3,2224.85
65982,2025-03-30,9db5d7d6-4558-4148-8a83-c300525d2dc4,Fashion,Europe,5,10.33,0.05,CreditCard,4.0,3.7,49.07
94115,2024-09-25,1576f6a8-8112-41dd-b10a-cc2a7e61996c,Fashion,Asia,4,216.88,0.0,BankTransfer,8.0,4.2,867.52
27870,2024-01-21,c194c25a-1136-4096-8881-c5fdd015e5cb,Sports,Oceania,4,454.66,0.1,BankTransfer,2.0,2.3,1636.78
65352,2023-09-11,d5e2e854-b935-46d8-afb2-de39ff72b56b,Beauty,Africa,5,17.86,0.0,CreditCard,7.0,4.2,89.3
96940,2023-09-22,2b42a9a1-5108-4be9-b76b-ae497a7bf23f,Home,Oceania,1,296.82,0.05,CreditCard,9.0,3.8,281.98
27791,2025-07-11,0b3cda99-dbfd-49cb-b1cd-be14c60b447c,Electronics,Europe,5,478.69,0.0,PayPal,6.0,2.7,2393.45
41296,2024-03-02,930efd99-a5cf-4a04-a7b1-f7145d3f02a4,Sports,South America,1,395.92,0.0,BankTransfer,6.0,3.1,395.92
29223,2025-04-03,3e4ba347-64a6-4efa-a9f0-0431366c817b,Sports,Oceania,4,301.59,0.0,Cash,4.0,4.5,1206.36
77691,2023-03-29,1fc5e6ef-c7bf-4d89-b050-1385c0c421e7,Fashion,Africa,2,236.38,0.0,BankTransfer,9.0,3.7,472.76
85792,2023-10-20,4f2057eb-1f51-4c2e-8ade-6f7fd220d426,Sports,Oceania,3,323.99,0.0,Cash,1.0,3.4,971.97
44970,2023-08-23,18745d8d-749e-4d5a-bb3b-87263d9c123a,Electronics,South America,3,445.9,0.05,CreditCard,4.0,4.0,1270.81
11127,2023-01-19,4565e77f-f7f2-4d96-8823-bd8aefd18b7b,Beauty,Asia,3,178.89,0.05,BankTransfer,2.0,4.7,509.84
97796,2025-10-17,6f140dfd-7403-4e8b-8044-b30905555e8c,Home,Oceania,2,5.24,0.2,Cash,7.0,4.6,8.38
46617,2025-08-31,19700db9-f0e7-428d-915d-5b79ac2144c3,Automotive,Africa,4,258.84,0.05,Cash,9.0,4.3,983.59
91530,2023-01-17,28309a79-fc0d-4567-bb4c-e00fe730bbdc,Electronics,Oceania,5,118.42,0.0,Cash,7.0,2.5,592.1
91902,2025-06-20,6f17fcc8-4e83-42f3-b6e3-d6060872a9f9,Toys,Asia,2,102.74,0.1,Cash,4.0,2.5,184.93
76438,2023-04-01,9b12a5b7-940f-46a5-883f-a2695f8cfac9,Home,Asia,3,316.5,0.2,BankTransfer,3.0,3.5,759.6
35823,2024-06-22,7e21776d-d92d-417e-a0da-0919f65f00d8,Toys,Oceania,3,17.54,0.0,BankTransfer,2.0,2.2,52.62
24315,2024-10-25,5bf0be14-a6c9-4960-b0c9-5e1edb6e45bc,Sports,Africa,3,482.42,0.0,Cash,9.0,2.6,1447.26
85061,2023-01-22,5eb01644-b415-4e6f-b130-16139e394bdf,Home,Asia,5,99.29,0.0,BankTransfer,1.0,2.6,496.45
53278,2023-11-05,e3ed0d4c-6ed1-440e-89b2-aa913bf75895,Sports,Asia,4,433.701,0.0,PayPal,1.0,5.0,1734.8
69802,2023-03-31,963415f6-90d2-4b7e-b0db-c718e1e99689,Electronics,Asia,4,331.1,0.05,PayPal,1.0,4.7,1258.18
34574,2025-10-09,07a2a12a-2f67-4402-bde2-2ec3cf6244de,Home,North America,4,146.28,0.05,Cash,7.0,4.6,555.86
10573,2024-06-17,4758f609-f2d2-4f14-af3a-e9ef663b28bc,Fashion,Africa,1,237.09,0.15,CreditCard,9.0,3.3,201.53
18413,2025-05-16,d8211808-3e3f-4fcf-af65-6186eb37b884,Home,Oceania,4,78.13,0.0,Cash,1.0,4.0,312.52
76875,2024-10-17,ac068625-e88e-4b5d-93ba-ff5932dccf19,Automotive,Europe,1,330.44,0.0,PayPal,9.0,2.9,330.44
84848,2025-08-17,e15dbf63-b3d3-48df-aef1-4d0c386d4f4c,Automotive,Africa,2,266.36,0.0,Cash,1.0,2.2,532.72
46081,2024-12-19,73079edb-5efe-4e1a-8f44-4f17c260f4a1,Home,Asia,3,116.99,0.05,BankTransfer,6.0,2.3,333.42
55537,2024-08-07,5e19c478-4143-4597-9ea7-5453f2506a88,Automotive,Europe,3,53.27,0.05,CreditCard,3.0,4.9,151.82
19426,2023-11-28,2650b72f-6043-4b9f-9510-c1efe415626d,Automotive,Europe,4,101.457,0.0,BankTransfer,7.0,3.5,405.83
7678,2025-07-02,64a70279-8609-4880-af29-c0f72ebbfe0a,Fashion,South America,2,300.81,0.1,CreditCard,5.0,3.5,541.46
90788,2024-05-19,469f0464-aacd-4bce-acec-769118391c57,Sports,Asia,1,210.31,0.15,Cash,7.0,4.5,178.76
88630,2023-12-13,82529065-43d5-4e40-9bfa-d94b77607dfe,Electronics,Oceania,5,68.55,0.05,Cash,9.0,4.9,325.61
55411,2023-01-24,f0b3ba86-0d07-40d0-b09a-04e8979ab104,Fashion,Europe,3,491.36,0.05,PayPal,6.0,2.6,1400.38
3571,2023-05-03,3d57ee27-33da-4fc1-8d47-e26d1ef7a52e,Sports,South America,2,238.27,0.0,BankTransfer,3.0,2.1,476.54
32321,2023-10-27,e93df3c4-053a-461e-9257-f9f2153adbf4,Electronics,Europe,1,289.62,0.0,CreditCard,8.0,2.3,289.62
86548,2024-09-25,8001a023-458b-471e-863f-7404769f6056,Beauty,South America,2,321.45,0.0,PayPal,2.0,3.5,642.9
11747,2025-05-03,74e8fa93-a38f-4315-820a-80acd7a5914a,Automotive,South America,3,61.37,0.0,CreditCard,6.0,2.9,184.11
18486,2023-04-23,08c7d13f-abac-4ff9-b5d9-b43e8d95dad6,Sports,Africa,2,257.82,0.0,CreditCard,2.0,3.6,515.64
71224,2023-11-27,3f5a04f1-00de-4a64-87d2-5c511ff284c9,Automotive,South America,6,347.202,0.05,BankTransfer,1.0,2.0,1979.05
11644,2025-03-01,c414777b-6673-4343-bcfd-24be650b8d2c,Home,Asia,2,149.95,0.05,PayPal,4.0,2.7,284.9
11115,2024-07-28,e4c4cc4c-61a2-4b14-a491-8bd2e79398c7,Beauty,Africa,1,383.87,0.1,CreditCard,5.0,2.4,345.48
66826,2023-08-27,e6eb45a3-fbef-4069-98f6-b696c91c9320,Toys,Asia,2,437.54,0.15,CreditCard,7.0,3.0,743.82
13552,2025-03-25,9bc3f140-3f36-4300-bacb-af63f14c261f,Automotive,North America,2,9.94,0.0,CreditCard,9.0,3.3,19.88
69044,2024-12-10,55d0cda5-b88a-46f5-91ef-00be92b1493f,Sports,South America,5,432.65,0.0,BankTransfer,7.0,3.0,2163.25
3000,2023-06-03,5c75352c-45cd-496b-8d8a-16f329ce9bfa,Beauty,Europe,1,481.32,0.05,Cash,9.0,4.8,457.25
50797,2025-12-21,8cd67ecf-1a5e-4fac-a3c4-9f6116c1cb1b,Fashion,Europe,5,279.19,0.2,BankTransfer,8.0,4.8,1116.76
23842,2024-07-17,e86bd846-b55e-4dd5-96c2-8ce66025a26e,Toys,Oceania,3,239.08,0.0,PayPal,2.0,4.3,717.24
80996,2023-02-20,26f08b2a-f130-43c2-aece-3669b0ae3571,Electronics,Asia,1,262.34,0.0,BankTransfer,5.0,2.8,262.34
51618,2023-12-13,8619b3c2-2113-4866-ab19-a608d49320dc,Sports,South America,2,100.21,0.1,BankTransfer,8.0,4.5,180.38
59465,2023-07-17,8812f0f6-98a5-4a62-8570-3932cb79c872,Beauty,Africa,3,20.38,0.05,CreditCard,9.0,3.1,58.08
92169,2023-11-04,bc8bbed0-0e89-4457-9a5d-1defd2d6bfa4,Electronics,North America,4,427.617,0.15,Cash,9.0,3.1,1453.9
24114,2024-08-10,7b4bbf27-0aa5-497f-a983-8bdc96567e2f,Sports,Oceania,4,117.24,0.05,BankTransfer,7.0,3.0,445.51
47002,2023-02-23,ef45c6ef-686d-44da-9af1-e92c025e9ed9,Automotive,Africa,3,182.57,0.0,Cash,8.0,2.6,547.71
38859,2024-02-03,e715dee1-ea8f-4070-9861-77969ab4c2cb,Electronics,North America,1,197.83,0.0,PayPal,1.0,3.8,197.83
1323,2024-07-26,c4615234-8044-4eb2-b66e-dbf4a0ea0251,Automotive,South America,4,393.04,0.0,Cash,9.0,4.0,1572.16
74759,2023-04-12,6653bbba-f631-40fb-b6d8-9323970fd74d,Beauty,Asia,4,494.47,0.0,Cash,2.0,3.3,1977.88
30798,2025-09-14,581d84d2-7364-4c2a-a45d-ad860e29a199,Sports,South America,5,204.34,0.1,Cash,3.0,4.4,919.53
93354,2023-03-02,330cb9c2-86ce-4c21-9d40-435437ec1673,Sports,Oceania,4,484.23,0.15,Cash,8.0,3.5,1646.38
65410,2023-07-24,e9d1b837-b519-4092-9352-a1211f30df05,Fashion,Oceania,3,48.34,0.0,BankTransfer,4.0,4.0,145.02
84078,2025-07-06,b7926cd7-6e0e-40b9-bfe7-f1fcb966b030,Beauty,Europe,4,499.86,0.0,PayPal,1.0,2.0,1999.44
54967,2023-11-28,cb718a05-4b89-44b1-aa62-9b76fab2e923,Sports,North America,5,218.61,,CreditCard,4.0,3.6,983.75
80625,2025-11-18,44ac08be-4648-480d-ae6a-485299f0e968,Fashion,Africa,2,205.974,0.05,PayPal,6.0,3.8,391.35
57946,2025-07-06,b2decab7-49ba-46ac-9a44-3dd202529390,Beauty,Europe,3,24.9,0.1,CreditCard,3.0,2.8,67.23
42107,2023-03-28,df562fa7-b578-4233-a71f-d489ec5bb1e0,Home,Asia,2,75.68,0.0,CreditCard,7.0,2.6,151.36
2545,2023-07-25,dfb68a5f-bb81-41f0-bbc4-d138ec737598,Sports,South America,5,108.82,0.15,Cash,6.0,2.7,462.48
78056,2025-08-28,9cd38590-276f-4244-9493-58c77813c60e,Automotive,Africa,5,69.18,0.0,Cash,8.0,4.2,345.9
30534,2024-03-21,b06c5762-fd17-45aa-bd58-2d2ecc1d268a,Electronics,Oceania,2,193.86,0.0,Cash,3.0,3.6,387.72
24403,2023-10-13,743dd327-c8be-476c-8128-62e454e03a5f,Electronics,South America,5,65.61,0.05,BankTransfer,2.0,2.9,311.65
72953,2023-10-29,838bb07c-c58d-4e8c-8475-1be6608b313d,Beauty,Oceania,3,327.03,0.0,BankTransfer,5.0,2.8,981.09
14439,2024-09-12,7aa88007-c342-4f31-8b0e-12c48194dbaa,Beauty,Asia,5,334.71,0.0,BankTransfer,2.0,4.1,1673.55
60894,2024-12-03,931f4262-71af-4873-ae58-96d5501a5239,Home,Africa,4,301.22,0.0,Cash,7.0,2.1,1204.88
32057,2024-05-11,267863e2-365d-4cc3-a6d9-011a77af791c,Toys,South America,1,293.26,0.0,PayPal,4.0,3.3,293.26
71317,2023-08-14,8eb5dae2-aa93-440d-bfbd-bf5d7345873f,Beauty,Africa,2,394.45,0.1,CreditCard,4.0,2.3,710.01
48358,2024-04-25,4f12d502-be94-415b-acd5-1833fa24ca05,Fashion,North America,5,157.21,0.1,BankTransfer,6.0,3.2,707.44
1577,2024-11-13,ba92992e-44f8-453c-9224-6d05d3692867,Electronics,Oceania,4,332.514,0.05,BankTransfer,4.0,3.8,1263.55
33704,2025-01-14,6cab9ae0-0f22-45b6-b408-38f7fdc3bfc2,Electronics,Europe,2,453.26,0.0,Cash,7.0,3.2,906.52
87531,2025-01-26,b6b0eef8-e0dd-47c6-9f80-44eef0b9cd2c,Sports,South America,3,65.92,0.0,PayPal,8.0,3.0,197.76
20293,2023-09-07,049bf703-a6ff-4014-8b10-603231e97228,Beauty,Europe,4,270.75,0.0,BankTransfer,4.0,4.1,1083.0
633,2023-04-29,15969802-b6dd-4257-bb7d-9f1c57eb89b1,Automotive,South America,5,67.37,0.15,Cash,1.0,2.5,286.32
65187,2025-01-30,86533d16-3915-4162-b0b4-542e2372a5eb,Automotive,Oceania,2,419.88,0.1,Cash,1.0,2.5,755.78
57461,2025-12-21,9a40c649-cb92-47cb-9597-8641367232f5,Automotive,South America,2,62.81,0.0,Cash,2.0,4.2,125.62
72165,2025-07-30,40101363-11fc-4377-94cc-405dc02c1423,Fashion,Oceania,5,19.37,0.2,BankTransfer,8.0,3.8,77.48
85689,2025-07-28,839a50a5-b845-4c08-8de3-469713f77dba,Beauty,South America,1,160.58,0.0,Cash,4.0,3.8,160.58
60134,2024-10-20,12155672-6d79-4bf0-ba4d-fe3d7945e916,Automotive,Africa,3,228.18,0.0,BankTransfer,6.0,2.7,684.54
49343,2024-02-27,fb3c320b-509b-451f-908c-e6f532c7cdac,Automotive,Asia,2,254.78,0.0,BankTransfer,6.0,3.7,509.56
72812,2025-04-24,bb688c2c-780b-4ab7-86b4-8b84f3cd7717,Automotive,Asia,4,128.1,0.0,PayPal,2.0,4.0,512.4
10239,2024-09-25,d8a29687-d5fd-4cce-9627-a8eeff7d485c,Fashion,Europe,4,301.77,0.0,BankTransfer,8.0,4.0,1207.08
52210,2025-04-22,dc6a9182-3039-4552-803e-b22f2dfd6fcb,Automotive,North America,5,403.63,0.0,PayPal,3.0,3.8,2018.15
50365,2025-06-30,a10bd6cf-8234-4997-beea-b380d0bc1825,Automotive,North America,5,241.57,0.2,PayPal,3.0,4.7,966.28
84341,2025-11-01,764405f1-a3d2-4bba-bdf8-515a035df601,Sports,South America,5,290.484,0.2,CreditCard,9.0,4.3,1161.94
23740,2025-06-18,51c4a48b-d79a-4414-af05-499070857047,Home,Europe,4,320.65,0.0,Cash,3.0,4.9,1282.6
33625,2025-01-09,6499c67e-c68f-4b66-9cc8-2ba87fba11ab,Sports,North America,3,399.0,0.05,BankTransfer,7.0,3.8,1137.15
94708,2025-04-29,dd1a6953-61cc-4642-98fe-fecc8d183d5f,Beauty,Africa,2,263.97,0.0,CreditCard,7.0,3.7,527.94
83737,2024-06-01,319afe68-3478-4455-824f-307ecf174a7c,Home,Europe,1,151.08,0.0,CreditCard,6.0,2.4,151.08
98423,2025-10-05,57f76b22-88af-4f98-b171-50197f2a1be1,Toys,Asia,4,124.26,0.15,CreditCard,7.0,3.4,422.48
16461,2025-11-15,58351f3a-6394-446d-b36e-943796d4890c,Home,Europe,4,80.307,0.0,Cash,6.0,4.8,321.23
59251,2023-11-01,6a49a6dc-8372-47ee-a136-00206569bfe3,Home,Africa,3,55.314,0.0,PayPal,6.0,2.7,165.94
98953,2023-10-06,742a65ce-c275-4c6a-a776-8f582f2d4fab,Automotive,Oceania,4,443.44,0.1,BankTransfer,9.0,3.4,1596.38
67598,2023-11-07,c44f1306-055e-41e3-83e5-123ef593d27f,Electronics,Asia,3,444.942,0.0,PayPal,1.0,2.9,1334.83
85256,2024-05-07,117c8860-9789-426f-8550-3ed75a0c809e,Toys,Africa,2,345.76,0.0,CreditCard,7.0,2.4,691.52
86802,2024-06-29,801f9494-f94d-4085-952b-4695b257d64f,Home,Asia,5,362.39,0.05,Cash,4.0,3.2,1721.35
65540,2024-03-13,2bf7c2e7-f746-4036-b4ab-a6ce82165a4c,Sports,North America,4,177.63,0.0,Cash,5.0,3.2,710.52
95721,2024-05-11,386c190a-6448-400a-80fe-ef233e6f094c,Toys,Asia,1,19.25,0.05,CreditCard,9.0,4.9,18.29
87847,2023-08-28,eb78002c-b82c-419c-9650-69b53b9d4f5d,Home,Africa,1,320.91,0.0,BankTransfer,4.0,3.4,320.91
16368,2025-03-20,5b41db5f-e711-4ce1-9c77-1788117b01df,Toys,Asia,5,469.41,0.1,BankTransfer,6.0,2.6,2112.35
54353,2024-05-04,4c5fa757-4554-40c8-b7cc-86b4b8612dc8,Electronics,Europe,3,270.51,0.0,BankTransfer,3.0,4.9,811.53
88375,2025-12-10,7cbbb57b-a29f-489c-aec8-21b5bd3b46e2,,South America,2,15.49,0.1,CreditCard,8.0,2.6,27.88
48858,2024-01-14,bf539a64-2727-4262-9dfc-765595359336,Toys,Oceania,3,95.21,0.05,PayPal,8.0,4.6,271.35
12960,2023-12-22,82de9e73-3005-4231-b33c-bb95ebdeaaf9,Toys,Europe,2,309.82,0.0,PayPal,2.0,4.8,619.64
88361,2023-10-25,75187964-d57e-463b-b61c-81841dd95417,Toys,South America,4,465.72,0.0,PayPal,5.0,4.6,1862.88
60494,2024-07-27,47d4ddcb-f20e-4b6f-8483-f8b647983cd0,Automotive,South America,2,252.68,0.2,Cash,2.0,4.3,404.29
39924,2024-08-23,40c298f0-080c-4389-84d4-8a6c4b2ae8a1,Home,South America,5,218.66,0.2,BankTransfer,4.0,4.7,874.64
27806,2024-10-19,7f3e5e2a-c578-45f0-8b8f-f16c003a5ebc,Beauty,North America,5,89.16,0.0,BankTransfer,1.0,4.5,445.8
25130,2025-10-02,17907876-8403-43bb-96c1-94580b5665c2,Sports,Europe,3,13.66,0.0,PayPal,6.0,4.3,40.98
29940,2025-02-26,a6dbf2e9-8287-494d-814c-fad77426032f,Fashion,South America,4,187.09,0.0,PayPal,2.0,2.9,748.36
19497,2024-08-08,c8ff4dd8-47c7-4498-b915-9063e95e1564,Home,North America,4,134.92,0.0,Cash,3.0,2.2,539.68
97111,2023-10-02,a7040d41-8104-4d03-8b4a-c6f7b5c31b0b,Automotive,Europe,4,30.84,0.05,CreditCard,6.0,2.5,117.19
65434,2024-05-08,097a4e0b-54df-49a9-b136-a86560f34f17,Sports,Europe,3,56.63,0.0,Cash,8.0,3.8,169.89
95158,2025-08-18,6be5ff3a-9931-415c-aba5-68de88dc7289,Toys,Asia,5,432.87,0.1,CreditCard,7.0,3.3,1947.92
6400,2023-12-18,61a73056-5114-4a97-89cb-c14823b1d124,Automotive,Oceania,4,364.64,0.0,BankTransfer,7.0,2.0,1458.56
75962,2023-07-19,8fb00ea8-684c-449a-b5b3-6d8a7276ef02,Sports,Asia,5,430.39,0.0,PayPal,4.0,4.5,2151.95
60042,2024-09-06,31c990dc-8696-4567-8c2f-21d414a1f4a4,Toys,Asia,3,181.42,0.05,CreditCard,7.0,3.0,517.05
98481,2025-06-18,a8390f4e-430d-4c66-b52c-fa697bdb1b63,Toys,Oceania,4,490.66,0.2,PayPal,9.0,2.6,1570.11
39376,2024-02-19,8f8ae861-8668-4afc-a07e-3c20d2384af9,Home,Europe,4,276.04,0.15,CreditCard,5.0,2.5,938.54
78789,2025-04-21,eaf1ea5c-14a3-4e19-acf7-8256f6585975,,North America,3,369.91,0.0,BankTransfer,4.0,3.9,1109.73
68590,2025-09-26,f9dc2131-5b57-47f2-a879-d48dce0333f7,Beauty,North America,2,130.93,0.2,Cash,3.0,4.5,209.49
62951,2023-02-11,34f406c7-1314-4259-94e4-7f35f7e9d527,Beauty,Oceania,2,287.4,0.0,Cash,3.0,4.0,574.8
29178,2024-11-24,a12f9473-9dfb-4067-ad5f-82b3c542806f,Sports,North America,5,321.885,0.05,BankTransfer,5.0,4.1,1528.95
32093,2025-07-25,f516470f-2548-42e0-86bb-0c437bae78c2,Automotive,Africa,3,6.25,0.0,PayPal,5.0,3.1,18.75
22097,2023-03-06,007a159e-7ae7-49f8-8e00-b84bb3f01169,Fashion,Europe,3,161.7,0.1,Cash,4.0,3.2,436.59
10619,2023-08-19,6332472c-cdcc-40ec-bc65-182ecaec902d,Fashion,Europe,2,267.98,0.05,PayPal,5.0,2.1,509.16
47522,2024-06-01,2766b577-f774-4283-a259-9e8c1fd73a2e,Toys,Oceania,1,409.26,0.0,BankTransfer,8.0,3.9,409.26
86818,2024-11-14,3fc7128e-d03e-4475-b4a0-5c28b9aac9c7,Beauty,Oceania,5,443.8440000000001,0.0,BankTransfer,4.0,2.3,2219.22
14150,2024-06-25,513d0f10-3e55-41ec-83cd-61ab5fb6f397,Sports,Asia,3,126.37,0.05,CreditCard,3.0,2.4,360.15
82500,2025-04-29,187b1c2e-6926-43b8-9266-3abd5089f07b,Beauty,North America,5,24.27,0.15,PayPal,6.0,2.1,103.15
59643,2024-11-28,d39475f0-bb95-4b47-abc6-647987bbac11,Sports,North America,5,222.525,0.0,PayPal,9.0,3.9,1112.62
20229,2025-05-28,a687c13f-f416-4d61-a6be-4e5155431649,Toys,Oceania,3,179.03,0.1,Cash,2.0,3.6,483.38
39879,2024-10-26,abff8d01-116f-49df-a1a8-49cdb6d77105,Automotive,South America,5,459.58,0.1,CreditCard,1.0,2.6,2068.11
27419,2024-09-27,3ba55e2c-1486-4673-a4e6-d311ec9a8fea,Automotive,Europe,2,120.46,0.0,CreditCard,2.0,4.2,240.92
52530,2023-05-04,ea3f40e7-cc59-4f6e-ab70-b7e919b691c9,Toys,South America,3,124.64,0.05,PayPal,7.0,3.2,355.22
41181,2023-02-10,aba1fbbf-8d31-4f4e-9b2b-d5c0d947f2ef,Beauty,Europe,2,379.72,0.2,BankTransfer,9.0,3.6,607.55
72297,2025-06-26,60f8e5b7-8e0e-48a4-ae40-cf207fcbb0f7,Sports,South America,3,88.45,0.15,Cash,6.0,4.3,225.55
43384,2023-11-29,d2eab2be-346b-4225-8286-fe2b88cf8b83,Automotive,Oceania,3,26.064,0.1,CreditCard,5.0,2.9,70.37
93505,2023-03-28,7edfb18f-cd9a-47c2-8831-7080af890c90,Fashion,Asia,3,240.55,0.15,PayPal,6.0,3.0,613.4
86912,2025-11-19,79d2c1d7-1000-4a14-90af-b416883890de,Sports,Oceania,5,53.667,0.0,PayPal,2.0,4.9,268.34
43958,2024-08-13,c4de412a-863c-4d68-9806-bcbd3e45b500,Beauty,North America,4,463.98,0.2,Cash,9.0,3.4,1484.74
31923,2023-08-11,7bc7c7f7-b52b-4796-9cd6-7b903dfc79a5,Beauty,Asia,3,132.79,0.1,BankTransfer,2.0,3.9,358.53
43601,2024-07-03,18bf17f7-7345-4485-9cfc-f31999e844f1,Home,Asia,5,88.89,0.1,CreditCard,1.0,4.2,400.0
61570,2024-02-23,70830c84-a32c-48cb-abf7-91a336a663e9,Sports,Asia,1,282.66,0.15,CreditCard,9.0,2.2,240.26
60856,2024-09-25,6860df84-7a66-48e9-b617-f5180f5224f1,Electronics,Oceania,2,159.57,0.15,PayPal,5.0,3.9,271.27
26622,2024-08-18,53633d85-8eea-4b85-8b8a-dac706c9872d,Home,Africa,1,93.57,0.0,CreditCard,7.0,4.5,93.57
67293,2024-11-19,b9ff1d9e-e9cd-4115-8946-6957e47f763e,Sports,Asia,4,128.313,0.05,BankTransfer,9.0,3.9,487.59
28472,2025-10-19,f32491e9-9357-43d1-805f-4cbf93c0d448,Toys,North America,1,333.91,0.0,CreditCard,8.0,3.4,333.91
10868,2024-07-30,36502aef-ea93-47e9-a764-dec0448d4e76,Sports,South America,2,473.69,0.0,CreditCard,1.0,3.0,947.38
99269,2024-01-13,ddd3f8f9-8042-4e9d-9e56-d7490ae12d01,Beauty,South America,5,80.94,0.1,Cash,1.0,2.8,364.23
25356,2024-03-28,02c6a749-0df1-4962-bd98-1e03c617a4f9,Home,Asia,4,36.07,0.0,CreditCard,4.0,2.5,144.28
89359,2025-03-06,15882e5f-974b-440c-a79e-920fae5235c5,Home,North America,3,199.59,0.0,CreditCard,6.0,4.5,598.77
18466,2024-03-24,0bdedc07-a969-44f6-9d21-fc63fef6cdbc,Home,Africa,5,277.67,0.1,BankTransfer,5.0,4.4,1249.52
19321,2025-06-17,fbde7e54-6280-4750-b3b9-95989a4d027c,Home,Europe,5,472.38,0.1,BankTransfer,2.0,2.3,2125.71
27265,2025-12-02,f10f4140-6aa2-4cc7-a8d0-0c769bdfd91d,Sports,Africa,2,220.9,0.0,BankTransfer,7.0,4.0,441.8
84126,2023-02-02,a69686fc-36ed-48dc-8428-ef63e54cc0f7,Beauty,Europe,3,206.91,0.1,CreditCard,1.0,4.8,558.66
9170,2024-03-27,29c09a85-48c9-4572-8ba4-0fdb105fef51,Sports,North America,4,94.92,0.05,Cash,1.0,3.0,360.7
12482,2025-10-17,9cffa370-5fd4-46a6-9bd3-1e61c5fc71d6,Beauty,Africa,2,93.58,0.0,BankTransfer,4.0,2.6,187.16
72991,2023-03-30,3ca2452b-e373-40fb-b2e6-e856bb84461e,Toys,Africa,1,356.63,0.05,Cash,8.0,4.1,338.8
57124,2024-06-18,90a43f3d-6428-4b10-9ac5-5b81feda1835,Beauty,North America,5,280.07,0.0,BankTransfer,4.0,2.9,1400.35
17503,2023-08-03,35ee5414-1ac9-43d0-86bb-3af69ab8d051,Toys,South America,4,270.17,0.0,PayPal,3.0,3.8,1080.68
74489,2023-06-12,bebc3319-f0c6-4410-92c7-d2b22d6b672e,Beauty,North America,3,245.46,0.1,Cash,6.0,2.7,662.74
18950,2023-03-24,7babf550-59a0-4204-9955-a3e108528782,Beauty,Oceania,1,320.34,0.05,BankTransfer,9.0,4.7,304.32
35725,2025-10-14,db07709d-322b-4bb1-8e8d-7351590ec298,Automotive,Asia,1,461.38,0.05,BankTransfer,2.0,4.2,438.31
83515,2025-06-14,e0f66c22-f81c-4d0e-be83-a44d7369eed3,Automotive,Asia,4,451.04,0.0,Cash,7.0,3.6,1804.16
21551,2024-01-23,cfc86e84-523d-43f9-8a9e-5ce82544bd53,Home,South America,5,371.49,0.05,BankTransfer,1.0,4.0,1764.58
14297,2023-05-13,b58d332b-4fea-48cf-85cc-1354e95e9a2c,Toys,Oceania,1,7.76,0.0,Cash,1.0,3.7,7.76
38267,2023-10-08,59e17057-4960-4b1d-a387-716a654def5e,Home,Oceania,2,181.52,0.1,Cash,3.0,2.2,326.74
10514,2024-08-12,4eaeba0b-f07a-4ab7-8b9f-82a53f76f3b0,Toys,North America,3,147.02,0.0,Cash,9.0,3.4,441.06
85143,2024-09-14,2accc477-ebd3-4ebb-a31b-10d19c6b0f4d,Automotive,Oceania,5,,0.0,PayPal,7.0,4.9,64.75
96698,2025-03-15,34dcbb35-386e-46b7-a1bf-d3738372bb35,Electronics,Africa,2,10.4,0.15,CreditCard,7.0,2.1,17.68
37116,2025-07-27,3550861a-e6ea-456a-8ea8-a9f265782e57,Sports,North America,4,270.1,0.0,BankTransfer,9.0,3.4,1080.4
17165,2025-05-25,9fc9ced7-c95a-4097-b582-b335297ff1b9,Beauty,South America,5,284.73,0.05,Cash,4.0,2.4,1352.47
16801,2024-02-19,3ebb708b-7ce3-404c-a8a9-b672d08ac854,Sports,Africa,5,245.03,0.15,CreditCard,4.0,3.0,1041.38
88895,2023-08-09,21eb090b-444e-490e-9e47-e830c451af49,Fashion,Europe,3,305.11,0.05,BankTransfer,3.0,4.4,869.56
91238,2025-08-03,68695f07-1550-41d0-97af-dba2d50d90c4,Home,Asia,2,125.69,0.0,Cash,1.0,3.9,251.38
72270,2024-09-09,58b74bfc-0b80-4853-bc0c-b8a11ec143ee,Home,Africa,3,60.09,0.1,BankTransfer,3.0,3.7,162.24
8036,2024-11-06,835108d8-9251-4afe-9d7e-5e48c03caa32,Home,Asia,6,306.108,0.0,PayPal,8.0,3.7,1836.65
16333,2023-07-07,b5e2cf5d-4547-48d9-90d1-cc8aeb0a0a80,Fashion,South America,1,156.39,0.0,Cash,1.0,2.2,156.39
61090,2023-08-05,a29d3d43-ad1e-47b8-a0dd-b091a5073ae7,Fashion,Asia,4,361.28,0.0,CreditCard,8.0,3.6,1445.12
50856,2023-08-13,a99e7c86-c14d-437e-b377-306244d64071,Electronics,Africa,3,149.19,0.15,Cash,8.0,4.5,380.43
41444,2025-04-04,c7b2845e-7b8e-4100-b6b9-4a4fecd5c075,Automotive,North America,2,88.35,0.15,CreditCard,6.0,2.5,150.2
15836,2025-06-01,9002e0d3-d853-4f6e-87ed-f53f7b8629f6,Fashion,Oceania,1,216.4,0.0,CreditCard,2.0,3.6,216.4
4190,2023-03-21,ce8a5306-d243-4d1b-96bd-5e9f4e7a081e,Electronics,South America,4,336.3,0.0,Cash,6.0,3.8,1345.2
42562,2025-02-27,680800a2-a492-4da5-9f8e-c2d58fed71cf,Automotive,South America,3,350.76,0.15,PayPal,5.0,4.3,894.44
65891,2025-08-02,e5308b72-b336-4f7e-a6db-2f3a9e871d39,Automotive,South America,5,284.44,0.0,PayPal,7.0,4.8,1422.2
24356,2025-06-10,a89966aa-ad52-4e85-b1da-666c18b77c57,Automotive,Europe,3,54.92,0.05,PayPal,4.0,3.1,156.52
16766,2025-04-02,2dcedef0-27be-4417-bc97-b3bbca425e86,Sports,Oceania,5,435.03,0.0,BankTransfer,6.0,4.6,2175.15
51074,2025-08-29,184393e6-d769-47c1-a6fd-52068ae9fab7,Toys,Africa,3,26.47,0.0,CreditCard,2.0,4.1,79.41
15737,2025-06-07,bd73f845-faa7-476f-a634-ba2ad3fa1479,Sports,Asia,4,330.89,0.0,PayPal,2.0,4.5,1323.56
18293,2024-12-28,5bd3f5b0-0dc6-41f7-bd97-6fd5cae40b95,Fashion,Oceania,3,19.67,0.1,PayPal,2.0,3.1,53.11
86313,2023-08-22,5f3f9fe4-d4ac-4cb2-b4be-7cb292c04163,Home,Asia,4,364.75,0.0,PayPal,4.0,3.1,1459.0
13736,2023-07-08,3a357a4f-c502-41ee-b7e9-873b7d5d5d25,Sports,South America,2,13.86,0.0,CreditCard,9.0,4.5,27.72
85693,2025-12-22,da5e1572-06d4-4990-932d-4ea01c8a80c5,Fashion,Europe,1,365.82,0.0,CreditCard,3.0,3.6,365.82
78245,2023-10-02,2e0ecb82-bd69-40a2-943d-136f04c1bee9,Toys,Africa,5,307.7,0.05,BankTransfer,7.0,4.0,1461.57
23445,2025-01-16,c5e3f524-41dd-4517-a192-023b91426c7d,Toys,South America,4,389.89,0.0,BankTransfer,9.0,2.8,1559.56
37624,2024-11-14,8849b022-4668-4ed7-a263-322fcc6a7c1c,Toys,South America,6,230.625,0.05,BankTransfer,8.0,3.7,1314.56
2438,2023-01-23,70869a45-4a8a-4b17-b09a-083a0c9ea060,Fashion,Europe,5,407.75,0.1,BankTransfer,8.0,3.6,1834.88
35769,2025-01-09,4e333ecd-7e85-4680-b49d-0f7d66d46361,Electronics,Europe,5,421.06,0.1,BankTransfer,1.0,2.5,1894.77
88236,2023-12-28,bb35cc3e-e5a2-438d-b68e-586655d157b4,Home,Asia,1,329.89,0.0,PayPal,2.0,2.2,329.89
68967,2024-05-22,768250ec-554e-44a6-969e-f4f8dbfc1df4,Sports,Oceania,4,,0.0,PayPal,1.0,4.8,800.6
71391,2024-04-22,83258987-71c5-4d95-8aaa-e26b6c2719c7,Toys,Africa,4,414.25,0.15,Cash,3.0,4.5,1408.45
8286,2025-12-01,dca21033-16ec-44b5-8f6a-d43f09536c4a,Electronics,Europe,3,437.85,,CreditCard,4.0,3.5,1247.87
66782,2025-09-11,30beca83-d27d-4fba-b140-ca4ace823aab,Fashion,South America,4,44.66,0.05,Cash,5.0,4.5,169.71
74866,2025-02-16,1eabb6f1-3114-4744-b15c-ffc9c3397b73,Fashion,Europe,4,276.86,0.0,CreditCard,1.0,3.4,1107.44
16130,2024-07-27,5771f4cf-51af-4035-80be-e2989640f569,Automotive,Africa,5,444.51,0.0,Cash,4.0,3.9,2222.55
58526,2024-12-09,ff825125-b735-4d3a-90f9-5696133fe69c,Toys,South America,1,7.25,0.15,PayPal,4.0,2.6,6.16
32756,2025-01-03,8c849775-ae64-450e-8226-c7d924ce80d7,Automotive,Africa,3,152.16,0.1,BankTransfer,7.0,3.4,410.83
81163,2023-08-06,e9f24dba-13fc-4494-b8e5-c6601ed60796,Sports,Asia,1,449.35,0.05,Cash,6.0,2.6,426.88
82328,2023-11-30,c92a3700-0578-47d5-88eb-cbca750f484c,Beauty,Oceania,5,91.791,0.0,BankTransfer,1.0,3.6,458.96
52227,2025-08-30,f3612f34-1783-4035-9aa4-aa06d74cc026,Sports,Europe,3,49.95,0.0,BankTransfer,1.0,,149.85
52826,2025-11-14,d53c380c-d520-494e-8bd1-d99ea1769b16,Electronics,South America,3,212.391,0.0,Cash,4.0,3.8,637.17
75692,2024-12-13,17049677-3515-4769-9ef3-37cd0f2af0dc,Automotive,North America,2,222.87,0.1,CreditCard,8.0,3.2,401.17
39526,2024-01-17,fbdba6f3-003b-4ca2-9ba7-50f2c4b70f32,Sports,Oceania,3,330.08,0.05,PayPal,8.0,4.3,940.73
94213,2023-08-26,c2fae2e4-8a27-4ae0-8bc6-5d59b853096c,Toys,North America,4,302.37,0.05,CreditCard,8.0,4.3,1149.01
84149,2023-06-22,3c25d863-9859-4f87-9daa-f4b952336f21,Sports,Oceania,2,166.36,0.1,Cash,5.0,4.6,299.45
54668,2025-08-07,be9f4666-58a8-4bdc-aa83-66e92fee273c,Fashion,Asia,5,457.26,0.0,BankTransfer,8.0,3.9,2286.3
76206,2024-02-29,f3d95352-ec64-4e98-b17f-be611b0ca9c5,Fashion,Asia,1,159.74,0.1,Cash,4.0,2.6,143.77
65771,2024-04-16,32073242-57af-4a28-a7ca-c3ee9502ecc4,Home,South America,2,245.23,0.2,BankTransfer,1.0,3.0,392.37
37342,2023-11-12,650c78d7-29df-4156-9605-cd5f533e5e69,Beauty,,6,16.083000000000002,0.0,Cash,1.0,3.8,96.5
10971,2023-11-15,a1b0511a-ef87-4846-9d50-f0982e2f2252,Beauty,North America,3,441.027,0.0,BankTransfer,6.0,2.2,1323.08
27245,2023-03-03,9c694a79-8a3d-44b6-abc7-021aac472c44,Fashion,North America,1,33.07,0.15,BankTransfer,9.0,4.5,28.11
44978,2023-04-17,fce31861-ee98-451b-9a40-22e6a4e17c00,Sports,Europe,1,239.2,0.1,PayPal,1.0,3.3,215.28
19712,2023-07-23,148e40d9-e534-4d25-be32-3af0498e8829,Sports,Europe,4,144.12,0.0,PayPal,2.0,4.8,576.48
89716,2024-09-06,a9e82dda-163f-48f2-ac4d-5b3258f14f7f,Toys,Europe,3,310.05,0.2,Cash,9.0,4.9,744.12
45124,2024-05-19,80978429-f441-4729-95c2-9fad472a3308,Fashion,North America,5,490.72,0.1,Cash,2.0,2.3,2208.24
94926,2025-12-31,615f46f5-0b45-4cce-9a1b-b5469a4c059f,Fashion,Africa,4,492.9,0.0,PayPal,6.0,4.8,1971.6
89581,2024-10-24,7a354a74-c585-4f9f-a38a-a2f5362d335f,Electronics,Oceania,3,480.67,0.0,BankTransfer,8.0,4.2,1442.01
90263,2023-03-31,6ba98cd6-f56e-4de3-aa90-f080122e44dd,Electronics,Europe,5,22.91,0.15,CreditCard,7.0,2.3,97.37
7733,2023-12-18,c1fcdfc3-21b2-4aa6-95bc-cd83bb853c91,Fashion,Oceania,5,241.42,0.15,CreditCard,1.0,2.5,1026.03
64035,2023-10-06,42646fae-b502-42a1-8cc0-c06ce764b5ee,Toys,Oceania,5,386.5,0.0,CreditCard,3.0,4.7,1932.5
52118,2025-08-05,98b2a04f-2f45-47cd-8b39-e31dfd9f3db7,Fashion,Oceania,2,262.46,0.1,Cash,2.0,2.8,472.43
41488,2024-02-20,a84eda7e-d6e3-4dbd-86ac-3b98b1f349b4,Fashion,South America,2,331.96,0.0,PayPal,7.0,2.3,663.92
14042,2025-05-18,d2690f57-b14e-4a2e-9187-7bc86abda041,Fashion,Africa,3,446.06,0.1,BankTransfer,5.0,3.1,1204.36
21759,2023-07-21,042281ad-29fa-4e52-a497-3135632b0366,Home,North America,1,69.99,0.2,BankTransfer,3.0,2.6,55.99
30759,2023-12-13,7bf5312e-02bb-4a79-87f0-b657e85704a2,Fashion,Oceania,1,185.73,0.0,CreditCard,6.0,2.8,185.73
45283,2023-07-22,43c3b213-ddb0-4d7d-bf7e-84c5328dc2b0,Beauty,Africa,1,192.58,0.0,CreditCard,3.0,4.2,192.58
15128,2025-08-07,83d50363-3837-45bf-ab16-79f4fa460054,Toys,South America,2,54.73,0.0,PayPal,6.0,3.4,109.46
30221,2025-09-17,e68e4345-3d74-4da8-83be-274378caf0ab,Home,Europe,3,404.95,0.15,CreditCard,5.0,4.1,1032.62
22156,2025-11-11,14fe1200-93f2-4a4d-a14b-230e9f918e64,Sports,Africa,6,27.540000000000003,0.05,PayPal,2.0,2.0,156.98
93158,2024-03-04,4a5b54a7-743f-42bc-9ede-113e96961b99,Electronics,Africa,2,73.17,0.0,BankTransfer,7.0,3.8,146.34
45557,2023-02-04,03892003-62f1-427e-86e9-71d1307cc39d,Beauty,Africa,1,398.23,0.0,BankTransfer,1.0,3.9,398.23
28239,2024-08-08,7abf1053-e287-4082-8a1b-80b92fd61145,,Oceania,4,226.25,0.0,CreditCard,8.0,3.3,905.0
84793,2024-10-15,17ecb8b9-5b39-4ac2-b437-ec2ee45a062c,Sports,North America,5,430.5,0.0,PayPal,2.0,3.0,2152.5
44148,2023-01-18,7e14f5e7-bb1d-432d-9c33-562daafb56c0,Beauty,Asia,1,437.03,0.0,BankTransfer,9.0,4.0,437.03
4281,2023-11-07,2fd6129a-82e0-4d39-bab0-08df2709f5b2,Automotive,North America,6,242.451,0.0,CreditCard,7.0,4.5,1454.71
22989,2024-12-21,ac070dc2-d127-4718-94b2-a1fa2cafd8c0,Toys,Europe,5,54.06,0.0,PayPal,2.0,2.4,270.3
95261,2024-06-12,a97829a9-1076-4870-872a-332a3f49c535,Automotive,Africa,1,211.45,0.15,Cash,6.0,2.0,179.73
39550,2025-06-22,ada26156-7e48-4921-aab8-a49701f36bbd,Electronics,Europe,5,65.4,0.05,Cash,6.0,4.4,310.65
7113,2024-05-20,950ce835-3659-4a8c-938f-b1ef2ec01db7,Sports,Oceania,4,63.26,0.0,BankTransfer,8.0,4.3,253.04
64593,2025-07-17,1974fdae-ad4d-4ea6-8622-bc7811eed364,Electronics,Asia,1,309.26,0.1,PayPal,8.0,3.9,278.33
9203,2024-05-05,df40ae0a-e1cb-4d85-b4f1-7153e3b89773,Sports,Europe,4,154.38,0.0,CreditCard,2.0,3.3,617.52
6233,2025-03-06,9123f2c5-c4c9-4949-a334-fca6d04f0a71,Home,North America,3,330.71,0.0,CreditCard,2.0,2.3,992.13
98,2025-04-12,db20a56e-dc81-4fe7-8eda-8bbb71710434,Automotive,Africa,2,337.43,0.0,PayPal,3.0,3.6,674.86
92272,2025-01-06,d8cb1885-3bfd-425a-afeb-2925d02ce29e,Home,Asia,3,103.75,0.0,BankTransfer,9.0,4.0,311.25
83910,2023-01-03,a947d1ec-a203-49fe-9989-dea72f4d8bb1,Beauty,South America,1,344.4,0.05,CreditCard,6.0,2.5,327.18
39697,2024-10-18,4e954f55-d860-41ba-8013-3ac142a4e99b,Home,South America,5,334.31,0.0,Cash,7.0,2.0,1671.55
46371,2023-02-28,6e2baa05-8715-4e37-a817-7af530c8477b,Fashion,North America,3,343.02,0.0,Cash,3.0,4.6,1029.06
1863,2025-05-18,06531d47-4867-4b30-b956-77318a4cfe1f,Automotive,Oceania,1,474.68,0.15,Cash,2.0,3.3,403.48
46077,2025-12-19,3e93b295-e1cc-462e-bc04-09c7f532f65a,Sports,Oceania,1,199.45,0.0,BankTransfer,6.0,4.7,199.45
20556,2024-11-05,1883b28d-cf54-4778-8e13-5f0c68392841,Home,Asia,3,433.359,0.0,PayPal,6.0,,1300.08
3435,2025-01-14,c81a5f0f-1b1b-4a94-b983-4d4b1c65f6bd,Sports,Asia,3,348.64,0.1,BankTransfer,2.0,3.1,941.33
17455,2025-05-05,19a6914f-8c93-43f7-b097-f2708cf2d92e,Beauty,Oceania,5,88.84,0.0,BankTransfer,2.0,2.8,444.2
44521,2023-04-20,b9f787e8-6edc-419f-966f-4e518f55ae0e,Toys,South America,2,100.92,0.0,PayPal,7.0,3.7,201.84
51450,2025-11-09,1ea48e7d-216c-4adb-bc07-4af529460959,Toys,Oceania,5,359.01,0.0,PayPal,4.0,2.6,1795.05
45980,2024-06-29,b300b3a6-576e-4dd3-80c8-ef4c127c2f33,Beauty,North America,2,330.24,0.0,CreditCard,5.0,2.4,660.48
59397,2025-02-13,30715597-8703-4d11-a435-40e2ee21410d,Sports,,5,463.51,0.1,Cash,6.0,3.6,2085.8
48253,2024-01-20,da49ac02-b39e-4f6f-95ad-90f0182e4fe0,Sports,Asia,4,443.43,0.1,BankTransfer,3.0,2.3,1596.35
33089,2025-04-24,ced77ca3-7926-4748-8d86-5569608251be,Sports,North America,1,373.28,0.1,BankTransfer,5.0,4.1,335.95
39446,2023-07-29,f8931f74-a3ee-4ca0-a742-d054a55d2641,Electronics,Europe,1,199.06,0.05,Cash,4.0,2.7,189.11
86155,2024-04-25,dd4134c4-6d95-4e68-8716-4cd25fb27eb2,Sports,South America,1,99.67,0.1,Cash,8.0,4.0,89.7
75618,2025-08-07,f817d46b-b351-4be8-9971-c1399ec8956a,Toys,Africa,2,173.41,0.0,BankTransfer,6.0,4.4,346.82
38092,2023-11-28,c10d1327-9645-40b2-bcce-40da573e4de4,Automotive,Europe,3,212.886,0.05,CreditCard,6.0,3.8,606.73
23609,2024-03-21,eefaacd2-6263-48fd-a159-cf7f8be0685e,Sports,North America,3,89.82,0.0,CreditCard,6.0,3.8,269.46
96736,2025-03-10,9fbf6a1e-7b74-4c92-a4eb-93f883e6cdb3,Toys,North America,1,396.45,0.15,PayPal,7.0,3.5,336.98
86001,2024-05-30,43c2c18d-86e4-4870-aa80-4c777d6ab4cd,Beauty,South America,3,304.58,0.0,CreditCard,9.0,4.1,913.74
42514,2025-07-20,d9227c05-e3f9-41de-acef-faf8774502d6,Beauty,Europe,5,224.77,0.0,Cash,5.0,2.4,1123.85
95343,2024-11-21,18f81d0e-b9fc-4c2e-baa3-1a0bcba74bd2,Toys,South America,5,100.458,0.0,PayPal,5.0,2.8,
19309,2025-06-06,b1bb5f1f-a515-42c2-9e34-2c861e29a57b,Sports,South America,2,345.48,0.15,PayPal,6.0,2.1,587.32
54540,2024-12-28,ddc38d4a-fc6e-459b-b684-b8a653130cad,Electronics,North America,4,256.86,0.05,BankTransfer,9.0,4.6,976.07
74449,2024-08-28,28b64c46-ff60-4b7b-bb7d-92ee26802bc1,Automotive,Europe,3,290.39,0.0,BankTransfer,,4.7,871.17
27059,2024-10-09,2af68530-fc45-4481-94f5-eca75b9da84d,Home,Europe,4,455.79,0.0,CreditCard,8.0,2.5,1823.16
7390,2024-05-20,e0ebb3c7-b8a3-43fa-b769-44b886b5ca8f,Toys,Asia,3,180.86,0.0,BankTransfer,6.0,2.7,542.58
40661,2025-06-04,7c057ea6-80b7-41e7-9541-7c29d8b29376,Home,Africa,2,110.97,0.0,PayPal,3.0,4.6,221.94
47979,2023-09-08,54b0bec1-a6f7-4e85-8dcb-c2347a76bb26,Toys,Oceania,3,335.59,0.0,CreditCard,5.0,3.3,1006.77
75439,2023-12-22,be1175ea-f73d-456a-9640-95b488148f2e,Home,South America,2,109.57,0.1,Cash,1.0,2.2,197.23
89364,2024-04-16,47283587-36e9-4318-b14c-b979d2f89c43,Fashion,Oceania,3,434.4,0.1,PayPal,4.0,4.8,1172.88
74208,2025-02-20,255e674b-8820-49d1-97f3-7a728eab2cd5,Beauty,Europe,3,408.57,0.05,CreditCard,2.0,4.2,1164.42
32535,2024-05-01,2811a218-42f8-46be-8275-734bd32e6fc6,Sports,South America,5,174.05,0.0,BankTransfer,3.0,3.0,870.25
5041,2023-11-01,1ab88733-80e1-4c41-8a9a-727fb2a12a55,Sports,South America,2,102.375,0.05,CreditCard,9.0,3.7,194.51
72673,2025-03-03,2f0b28c8-16b0-47a9-abe3-5f72f43eb0d6,Toys,North America,4,73.46,0.2,PayPal,6.0,2.4,235.07
98139,2024-11-22,9fa30813-2389-4905-9a2d-47fdb3debdc3,Home,Asia,4,41.616,0.0,CreditCard,6.0,2.5,166.46
13275,2024-04-26,1bd5f014-3de1-4ef6-b77d-a5d025f78b6f,Home,South America,1,439.82,0.15,BankTransfer,1.0,2.5,373.85
27980,2025-06-17,4a45609d-2350-410b-9d27-a126ed9f8d7c,Sports,Oceania,5,299.81,0.1,PayPal,4.0,3.9,1349.14
25869,2025-04-18,3a9b6114-a569-4c50-9b74-a979e8659b50,Beauty,Europe,3,128.74,0.0,Cash,5.0,2.5,386.22
79970,2023-03-28,a06f631a-ba70-445a-983a-f19759822c1e,Home,Africa,2,479.67,0.1,PayPal,8.0,4.6,863.41
26595,2023-03-09,f5282b37-8c97-4c5c-9309-cd561ad9ee47,Beauty,Europe,1,313.8,0.2,BankTransfer,8.0,4.0,251.04
50924,2025-09-22,6bf5e27d-84c6-4b58-a1f5-ddb3901940da,Home,South America,2,155.13,0.0,PayPal,4.0,4.9,310.26
50799,2024-07-09,0548bab7-ddaa-4b0a-a8d7-d9609a6c1b86,Sports,South America,1,244.88,,CreditCard,4.0,2.1,220.39
75299,2024-10-02,612e5ff7-f3bf-4811-8541-4c254beab64c,Automotive,Africa,3,368.65,0.1,CreditCard,4.0,2.3,995.35
92414,2023-06-14,5503f3af-e6de-4f59-9bfa-2000f2f09c8a,Automotive,Europe,4,289.81,0.05,Cash,5.0,4.3,1101.28
61404,2025-07-29,6bef6d83-ebf7-4f6b-8ead-59cf617bedda,Fashion,Oceania,2,476.7,0.0,BankTransfer,5.0,3.4,953.4
19549,2025-11-09,39a31c1e-0fdd-443b-ae3b-7ea146d2befb,Toys,Oceania,3,287.81100000000004,0.1,Cash,9.0,2.0,777.09
62763,2025-04-01,226e39e5-5d86-4197-a4e7-a7475509426b,Fashion,Oceania,4,419.54,0.05,CreditCard,2.0,2.1,1594.25
37148,2023-07-22,753355ab-093c-47e4-8aee-b08adc809829,Electronics,Asia,3,367.69,0.1,BankTransfer,3.0,4.0,992.76
25012,2025-07-22,4b254c58-c32c-4d66-b7b5-46521de3c9e1,Fashion,Asia,5,247.68,0.1,PayPal,8.0,4.0,1114.56
88174,2025-12-29,6e4c1b29-9ecc-4271-b59a-abfaf1e2c960,Toys,Asia,3,302.94,0.05,PayPal,9.0,4.7,863.38
63905,2024-01-28,f838de92-f1e4-4db5-8bc2-ea1c69a4571b,Fashion,South America,1,420.7,0.15,PayPal,3.0,4.0,357.6
8019,2024-06-07,974a2447-ab73-460c-83f0-79b3f78ffd83,Electronics,Africa,5,292.12,0.0,Cash,7.0,2.9,1460.6
33320,2023-05-18,ad4807eb-b8f6-4164-ba11-e1082f8fc2b9,Fashion,North America,1,36.83,0.0,BankTransfer,4.0,2.1,36.83
88063,2023-02-09,7d71dde0-0420-4660-b2d3-328eb36bccec,Home,Asia,4,358.28,0.05,PayPal,6.0,4.7,1361.46
64349,2023-02-26,636fb8f7-3f95-41d3-a5c7-db3510e1aa52,Electronics,Africa,3,434.74,0.0,CreditCard,6.0,2.6,1304.22
64151,2025-04-20,4b8a7264-c538-4878-a8d7-3bde691f7de3,Toys,Asia,5,435.51,0.1,BankTransfer,9.0,3.2,1959.8
25744,2024-11-01,9fbbeeef-1d5b-4f01-a4fb-48feb59fd9e6,Automotive,Asia,2,164.232,0.1,BankTransfer,4.0,4.3,295.62
72381,2025-05-27,83018793-d8d0-45f3-90d5-159604336c6e,Sports,Asia,4,70.63,0.05,PayPal,6.0,4.4,268.39
25362,2025-02-09,b81296a7-18cc-4325-9dfa-a3564a334b34,Home,Europe,1,469.76,0.1,BankTransfer,3.0,3.1,422.78
21326,2024-01-31,c8cea36b-dbd0-4831-9830-86bb9e3372d7,Sports,Africa,1,192.0,0.0,PayPal,6.0,4.7,192.0
79011,2025-06-11,7a8ae49a-9b9e-4163-bebb-14bf137c2a9f,Toys,South America,5,347.13,0.05,CreditCard,3.0,2.5,1648.87
26754,2024-10-09,e0ae5d9a-3fa8-4319-a013-55d4764f4e90,Beauty,Europe,2,87.9,0.0,Cash,7.0,3.2,175.8
84866,2025-05-17,853880bb-0624-4f38-a714-ea303fde8398,Electronics,Asia,1,301.19,0.0,Cash,1.0,3.2,301.19
41534,2023-12-20,bdc02ba1-acd1-4303-ad8b-b832dd9b2d0c,Automotive,North America,4,127.09,0.1,Cash,3.0,3.6,457.52
20362,2023-06-12,a5c2c1e0-6436-4a2c-a2a9-62ce1819ce5a,Sports,South America,3,181.43,0.05,PayPal,4.0,3.1,517.08
68535,2024-04-05,95304f4f-2148-4452-9cb9-b8446d8f7676,Beauty,Asia,5,424.68,0.15,PayPal,8.0,2.1,1804.89
7302,2024-03-03,7b1463c9-30bf-4f5a-b01d-e9361527690a,Sports,Africa,4,430.81,0.05,PayPal,1.0,2.8,1637.08
3612,2023-04-15,14c62aba-89c2-4ba5-a48d-f4c0c330ec14,Sports,,5,262.78,0.05,BankTransfer,4.0,3.4,1248.2
87160,2025-07-20,7ed9faf2-bc2d-44fd-8156-18134881190e,Toys,Europe,1,16.28,0.0,PayPal,1.0,4.0,16.28
64833,2024-07-22,61d10454-a3ed-4d43-815c-121dfcabda35,Electronics,South America,4,65.59,0.0,Cash,9.0,2.5,262.36
49517,2025-12-28,08e2aeb5-f154-441a-8083-ee007ed46135,Sports,Oceania,1,447.03,0.15,Cash,6.0,4.8,379.98
44661,2023-02-01,11adb0d0-ad61-4634-8315-e733677af5c5,Fashion,Africa,2,72.88,0.0,PayPal,9.0,3.8,145.76
99350,2023-10-17,9cf3c844-0281-4794-9239-348d9d67e2c5,Beauty,Oceania,1,146.31,0.1,Cash,4.0,2.4,131.68
52661,2023-03-22,a1ff9e7c-b1e9-4f76-90cb-7b4167b31092,Electronics,South America,1,126.51,0.05,CreditCard,5.0,3.7,120.18
85774,2025-10-29,f8ea1476-ee5a-4c08-8532-dbd465568a44,Beauty,Asia,2,323.7,0.1,PayPal,4.0,3.0,582.66
71584,2023-01-21,2e635f98-12eb-4bd0-ad42-5aaaa753406f,Home,South America,3,415.46,0.05,BankTransfer,7.0,3.5,1184.06
11835,2024-03-19,cfd3aab2-3365-425b-a592-2f7ad525aa88,Automotive,South America,1,425.76,0.0,Cash,6.0,2.2,425.76
54198,2024-02-13,4391a474-c179-40b5-b964-44ff2f424340,Fashion,Asia,2,54.45,0.05,PayPal,7.0,3.7,103.46
34124,2024-01-09,5af29561-7c28-473c-823e-26505b5319ed,Automotive,Oceania,3,98.5,0.0,CreditCard,2.0,4.6,295.5
16399,2025-04-18,76ed51d8-b8b9-4baf-841e-c2cc9fb3cbf4,Home,Asia,4,41.6,0.0,BankTransfer,4.0,3.7,166.4
42732,2024-01-24,5eaf0e47-19e4-4b5b-a5ec-418937790ca3,Fashion,,2,485.05,0.05,BankTransfer,2.0,3.5,921.6
41516,2025-12-03,572d4684-71d5-43a9-a4b9-36c609773a68,Home,South America,4,473.7,0.0,Cash,1.0,4.3,1894.8
51491,2025-06-06,fccfe292-cd7f-4b11-bb03-27c971659d8d,Automotive,Oceania,1,402.9,0.2,CreditCard,6.0,4.2,322.32
34555,2024-10-19,f3202dac-657b-466e-ab72-c78f4e7f014a,Beauty,North America,5,293.95,0.0,CreditCard,8.0,3.0,1469.75
63014,2025-09-05,39b25b86-f52e-4a15-8885-e930f9640fac,Beauty,Africa,1,485.69,0.0,BankTransfer,8.0,3.6,485.69
9509,2024-01-24,e4af65aa-08f3-43a9-9398-592b698681df,Toys,Asia,3,137.58,0.2,CreditCard,9.0,3.7,330.19
26405,2023-04-01,cd6d047c-ecb0-45d0-b9e3-de4ded6ffcf8,Toys,South America,3,264.63,0.15,BankTransfer,2.0,4.4,674.81
65595,2025-06-15,0d19955e-e696-4c67-a786-de64f92ec2bc,Toys,Africa,4,71.67,0.1,BankTransfer,6.0,2.1,258.01
63759,2023-04-19,402371b5-c6f3-4fe8-bb36-872967063070,Electronics,Europe,5,285.38,0.0,BankTransfer,8.0,4.8,1426.9
90867,2025-08-30,4fb8939e-56ec-43c9-bf36-d82d2b3143f7,Beauty,Oceania,2,182.33,0.05,PayPal,5.0,4.2,346.43
31403,2025-07-22,cb86a0d8-8a6a-4b25-aa5c-456dc6b4ebbd,Beauty,South America,3,126.36,0.2,BankTransfer,4.0,2.8,303.26
17614,2023-03-03,82e13537-b022-44a6-adff-0b3bb71b0d2d,Toys,Europe,2,469.84,0.0,Cash,4.0,4.0,939.68
64674,2025-03-13,5c14a0cd-4389-49d7-bcde-df340e314a68,Sports,South America,3,168.34,0.0,Cash,1.0,3.4,505.02
60056,2024-07-02,c63b3175-9ecf-43b5-ba4d-70ac939db503,Automotive,Asia,4,31.92,0.15,CreditCard,3.0,4.5,108.53
18733,2025-04-27,ec58c1c4-7f15-4753-94f9-a7cde3d7954f,Toys,Africa,3,188.21,0.0,CreditCard,2.0,3.7,564.63
39555,2024-11-19,fa86516c-91ff-4eaa-8546-6870a976294d,Sports,Oceania,2,157.851,0.0,Cash,7.0,2.3,315.7
17837,2023-08-31,080486d4-edf1-41e1-87a0-a8f918166ea6,Fashion,Africa,5,476.37,0.0,Cash,4.0,4.9,2381.85
42264,2024-06-15,59d0f65b-aad3-4a91-a111-b90ddd98beb0,Toys,Africa,1,411.77,0.0,CreditCard,6.0,2.2,411.77
1593,2023-07-09,7233d5af-9813-4da1-bd21-20ad5f59fb4d,Automotive,North America,5,149.84,0.15,Cash,6.0,4.1,636.82
59648,2023-12-16,0cdbcdeb-e614-4c07-9bd3-b40e5f30fc19,Beauty,North America,4,402.11,0.0,PayPal,7.0,2.5,1608.44
52988,2025-03-26,bec12dae-41c1-4751-8520-d557d5a0bb99,Sports,South America,4,432.15,0.15,Cash,1.0,3.0,1469.31
70116,2023-11-09,1d2c87ce-8b95-4b57-bff5-106df8db3033,Home,Africa,3,304.857,0.2,CreditCard,2.0,4.7,731.66
51649,2025-10-20,99b91e1b-9918-403d-ba6f-d788e47d55a2,Beauty,Africa,2,327.09,0.2,CreditCard,7.0,3.7,523.34
13042,2023-08-25,56c07f2b-3875-4569-ae85-fb01030e22b3,Toys,Oceania,5,403.45,0.05,Cash,8.0,2.0,1916.39
73098,2023-07-05,6a72ef4b-ac71-4ae3-b5e7-cc94511006e0,Home,South America,3,336.62,0.0,BankTransfer,1.0,3.4,1009.86
19731,2025-02-26,1d6c0c5e-c393-4544-8378-3050e599e2e0,Sports,Asia,2,418.23,0.05,Cash,4.0,5.0,794.64
78839,2023-09-22,474c3800-7612-4aca-8a54-399f62d0e1a5,Home,Africa,3,178.79,0.0,PayPal,7.0,4.9,536.37
56444,2023-06-18,bdc4d63a-9e01-4cc8-a364-637f9eb3b815,Electronics,Oceania,4,150.76,0.05,CreditCard,7.0,3.3,572.89
87742,2024-06-29,5b2b3ed6-2a12-4112-9be7-22127a0051fa,Sports,North America,2,425.93,0.05,Cash,7.0,2.5,809.27
99489,2024-11-17,19ee23d3-7c17-44b9-95fb-1ff449aed8eb,Fashion,South America,6,350.28,0.0,PayPal,6.0,4.3,2101.68
14107,2025-12-13,0863c0d1-2cf5-45b8-9e26-696faec3f7be,Sports,Europe,5,418.6,0.15,PayPal,7.0,2.2,1779.05
7321,2023-09-23,a2fcab34-5868-4fda-a0bd-c6623ee07bb3,Electronics,South America,5,252.04,0.1,Cash,1.0,4.4,1134.18
7363,2024-03-19,4a658a7d-c1f5-4014-9fa8-81b0c0133339,Toys,Europe,5,246.88,0.0,CreditCard,8.0,2.5,1234.4
30573,2025-04-21,dc18314c-510f-4c61-a129-e7ff18189b01,Fashion,Europe,3,169.38,0.1,BankTransfer,7.0,3.0,457.33
15778,2025-04-08,0973834e-2638-49df-aad0-267ed1437323,Electronics,Africa,3,458.86,0.1,BankTransfer,6.0,2.3,1238.92
97248,2023-02-20,dae77a5f-7874-4da1-a595-0b2cb4fa860e,Fashion,North America,2,41.77,0.0,PayPal,8.0,3.4,83.54
18093,2024-08-09,5cf01b14-c77e-40ee-aeb4-2aeed6fbf5ea,Beauty,Asia,2,17.33,,BankTransfer,1.0,4.5,34.66
56049,2023-09-10,c6ebc07d-df31-4996-a8c6-57fe7e10605c,Sports,Africa,5,162.83,0.0,Cash,8.0,2.0,814.15
12201,2023-01-17,ba9b9531-66cc-4f46-ba53-8c4ca404aeeb,Home,Europe,1,365.37,0.0,Cash,5.0,2.4,365.37
84005,2023-09-07,3e0c9abe-8483-430f-a2e7-f92c9e1068b4,Home,South America,2,400.45,0.1,PayPal,2.0,2.8,720.81
16084,2024-03-03,17b9d89e-b71b-4fc7-9f4a-0227f3ab7616,Electronics,South America,3,283.6,0.15,PayPal,4.0,2.4,723.18
58699,2024-05-12,69079e93-aeb1-4522-9ecc-bc94eb586c90,Toys,Oceania,3,60.34,0.0,PayPal,5.0,2.3,181.02
86709,2025-06-08,a6846cde-dec0-4f13-b0f3-bc878ffdd887,Home,Europe,2,26.81,0.0,Cash,9.0,4.1,53.62
76046,2025-12-30,9947940b-b745-41b6-8eac-8fd0c9ebc1ae,Beauty,Africa,3,398.73,0.05,BankTransfer,7.0,,1136.38
89333,2024-12-18,030a910a-1d3e-4876-a2fd-523e7e7d4de8,Electronics,Asia,5,96.58,0.05,CreditCard,5.0,2.2,458.75
78056,2025-08-28,9cd38590-276f-4244-9493-58c77813c60e,Automotive,Africa,5,69.18,0.0,Cash,8.0,4.2,345.9
49766,2024-10-06,a18b6360-730d-4e83-8cd6-73b9188e0715,Fashion,Africa,1,207.33,0.05,BankTransfer,7.0,4.7,196.96
15344,2023-05-07,96978820-a505-44a2-9925-0e145d29915e,Beauty,South America,3,136.94,0.05,CreditCard,3.0,3.1,390.28
45949,2025-09-11,d3f293f0-849d-4d98-8a0e-957f9df6d9f1,Beauty,South America,3,350.34,0.05,PayPal,3.0,,998.47
40773,2023-12-26,8f92fba3-cf08-4c0c-b6d9-8a3f79d4672d,Electronics,Europe,1,97.11,0.0,BankTransfer,7.0,4.8,97.11
70315,2025-04-10,75b772ff-fd61-4469-b428-ef4d3cfdee39,Beauty,South America,2,121.63,0.0,BankTransfer,7.0,3.3,243.26
30687,2023-09-30,53c7c650-7762-4f09-b6d1-5ee942b7a3f0,Sports,Oceania,2,438.57,0.1,CreditCard,3.0,3.1,789.43
94766,2025-12-15,e4fb1e59-0626-4c64-9d0d-074cc429693b,Home,Europe,3,493.07,0.0,CreditCard,4.0,4.4,1479.21
98691,2023-09-13,5124dce3-ccee-415e-9aa7-9e47462e3e02,Automotive,Asia,1,193.75,0.0,BankTransfer,8.0,4.7,193.75
13133,2024-07-30,e144b6aa-89a5-45bb-b009-91ec574d5150,Beauty,South America,2,163.65,0.0,CreditCard,3.0,4.6,327.3
36566,2024-08-17,3653d055-37c0-4b1d-a37a-f4808ef71cba,Automotive,South America,1,360.36,0.0,Cash,9.0,3.4,360.36
67963,2024-03-08,e0ccb419-f5af-4aff-9530-20e89a0a58ed,Beauty,Asia,4,286.61,0.05,BankTransfer,2.0,2.0,1089.12
98276,2024-04-11,edd7baa9-038e-4673-ba5b-726883ebdb05,Toys,Europe,4,448.25,0.0,PayPal,6.0,2.9,1793.0
28853,2024-09-05,79e11c48-70b9-40f6-a032-b5e6f0ff95cd,Electronics,Oceania,5,365.6,0.15,BankTransfer,9.0,3.5,1553.8
50453,2025-06-06,05e7dce3-ce1b-468b-b8af-6533b6bad5b9,Sports,Oceania,5,83.76,0.0,PayPal,6.0,2.2,418.8
80465,2024-07-14,503f0e3b-9fd2-4268-a079-3a6868aa3db7,Toys,Oceania,2,428.63,0.15,CreditCard,7.0,2.3,728.67
31797,2023-07-11,5b9bbe0b-eada-4aab-8fc4-afe20d426fcb,Fashion,North America,1,298.97,0.15,CreditCard,8.0,2.1,254.12
8951,2025-12-10,b91340e3-9afe-48a7-a0d8-82e46b8d8642,Toys,,4,219.91,0.05,Cash,1.0,4.7,835.66
28602,2025-06-14,a80acc8d-7a7b-4270-83e4-4f57856b1d9b,Sports,Europe,5,494.67,0.05,BankTransfer,9.0,2.6,2349.68
84993,2024-01-27,c7e7c8c0-0906-4f79-aeab-eca3cd62499e,Home,Oceania,2,346.54,0.0,CreditCard,9.0,4.9,693.08
33111,2025-08-07,79c75f62-98e9-4578-9f53-4069cf9e39b1,Sports,South America,4,7.36,0.05,Cash,3.0,3.3,27.97
73277,2025-02-07,d036f927-c4e5-424c-9543-c99eee078cb4,Automotive,Oceania,4,30.71,0.0,Cash,7.0,2.6,122.84
83359,2023-11-07,5435d383-d40b-43ef-9958-7833537fd800,Beauty,Oceania,2,37.377,0.0,Cash,3.0,2.3,74.75
4942,2025-10-17,2e2d0681-a8b2-4070-9b18-72ac78c4c27f,Automotive,Asia,2,68.99,0.2,CreditCard,8.0,2.8,110.38
2063,2025-06-05,80cfb1db-1287-4313-8f02-6c2c1b414999,Beauty,Africa,2,332.78,0.0,PayPal,1.0,3.5,665.56
40991,2025-11-06,8e0235a4-cccf-4e4b-bdfd-507e1aeb2fcb,Beauty,Asia,4,59.949,0.05,Cash,8.0,4.0,227.81
25637,2023-04-11,b78d3bbf-22e3-4603-be7d-55f1438ad3d9,Automotive,Asia,2,211.64,0.1,CreditCard,9.0,4.8,380.95
778,2024-08-15,7e7838c9-ca55-438b-bc9a-be10238d6f44,Beauty,Asia,1,26.81,0.15,BankTransfer,1.0,3.9,22.79
66599,2023-04-02,e03797fc-0461-4c9c-9067-a19e562406e3,Home,South America,1,80.25,0.15,PayPal,9.0,3.5,68.21
36956,2024-12-22,9d8cae4f-6d5e-4ebf-842d-08a16941d0c9,Sports,Europe,4,247.69,0.0,BankTransfer,7.0,4.3,990.76
6849,2023-08-13,,Toys,Asia,2,238.73,0.15,PayPal,3.0,3.6,405.84
46859,2023-09-26,542c4032-9e1d-4d3c-a482-fd9712cf10a0,Toys,South America,4,97.41,0.1,CreditCard,9.0,2.5,350.68
14965,2025-04-06,e3d43569-b064-4420-b101-362e1a6c8913,Toys,Europe,4,317.52,0.0,Cash,8.0,2.2,1270.08
90894,2024-01-20,12785ea3-1839-48b5-8183-18fd6195870b,Home,Africa,4,41.57,0.0,Cash,9.0,4.6,166.28
99391,2023-05-19,1da5a16d-6676-4270-a5a1-b12b00a6c3cb,Beauty,Oceania,2,207.94,0.0,PayPal,6.0,4.4,415.88
34267,2025-10-07,075f70e5-e35d-4789-abbd-4de64a95a3fe,Electronics,Europe,5,302.46,0.05,CreditCard,2.0,2.7,1436.68
24252,2025-09-18,89995e38-55cc-4f2b-b65b-3d5b37c9d352,Sports,Asia,5,367.77,0.1,CreditCard,1.0,4.4,1654.96
93243,2023-04-18,124da106-d9d3-404a-87ce-a359cb2132b3,Automotive,South America,5,488.88,0.05,BankTransfer,7.0,2.7,2322.18
6139,2024-08-10,243191eb-5d9e-4717-bf08-6a9e569db57e,Toys,Europe,2,149.99,0.15,Cash,8.0,4.0,254.98
13925,2024-03-19,c19eb471-81e3-4c99-b350-003550711923,Electronics,Asia,4,116.2,0.0,BankTransfer,1.0,2.1,464.8
2358,2023-05-13,8c7e2904-4237-492a-8017-466e85f4c0a2,Automotive,Oceania,5,378.69,0.1,PayPal,5.0,3.9,1704.1
96223,2025-10-10,035f2b91-01d3-4a6f-a716-6f46a238059b,Beauty,Oceania,4,410.73,0.0,Cash,1.0,4.8,1642.92
58965,2023-05-07,48eea711-ff73-455a-b285-4de28b7e1d28,Electronics,Europe,1,381.84,0.0,Cash,7.0,2.5,381.84
14890,2023-12-28,7b5f2193-dac5-4d5b-8910-42d056b766a5,Home,Africa,3,255.07,0.0,CreditCard,9.0,4.3,765.21
80528,2024-08-06,1babc41f-40c0-48ac-8ffd-5c626693a1b9,Sports,Europe,2,469.26,0.0,CreditCard,2.0,4.9,938.52
42642,2024-09-15,54210361-751f-4ec8-8c72-775d35f5b763,Home,Europe,1,491.98,0.1,Cash,2.0,3.7,442.78
9754,2023-12-12,0f92b3fb-081d-45b6-a224-81801d4ac6f9,Home,Europe,4,185.88,0.05,Cash,7.0,2.9,706.34
65513,2023-02-04,cbecb05f-2be8-4abf-ad3e-7f09b9678175,Beauty,Oceania,5,231.5,0.0,CreditCard,7.0,3.7,1157.5
69510,2023-08-17,3a8d5560-1bcf-40cf-9769-8f99976770b9,Sports,North America,3,153.52,0.1,PayPal,5.0,4.7,414.5
91205,2023-02-22,150eac90-e170-43e5-bfc2-8199bd571e89,Toys,North America,4,470.26,0.2,CreditCard,2.0,4.5,1504.83
70335,2024-01-08,4b193421-e21e-4149-945c-7c49af3213a9,Beauty,Oceania,3,409.71,0.05,PayPal,6.0,2.3,1167.67
53787,2024-01-31,f4c3a4de-3106-4b75-9fe9-70ca1f1e01cf,Electronics,South America,4,105.27,0.0,PayPal,5.0,3.5,421.08
28011,2023-03-16,60baed08-f2d3-4176-b8f9-a26a386d67d8,Beauty,Asia,2,333.73,0.1,CreditCard,2.0,2.6,600.71
37130,2025-06-10,84da3e2e-4407-432c-8f3a-984850ed57e2,Fashion,Europe,3,18.45,0.0,Cash,7.0,2.9,55.35
30398,2023-11-04,0c0833f2-7099-4082-8c48-a342f8a35ed8,Sports,Asia,5,123.354,0.05,Cash,7.0,3.3,585.93
59099,2023-02-16,4e140a7a-1bb2-4342-923c-f22b7d2089a5,Sports,Oceania,2,171.23,0.05,PayPal,8.0,4.6,325.34
58754,2023-01-07,770c5f43-87ca-4969-aa55-224c67a2802f,Home,Europe,5,403.54,0.15,PayPal,2.0,3.7,1715.04
60814,2024-01-23,8dfad03c-73c1-46f6-812d-0d427e81a086,Electronics,Africa,5,270.68,0.0,PayPal,1.0,4.0,1353.4
89885,2023-03-31,715a7987-2ed9-494b-8eed-8c6e8da406d7,Fashion,North America,3,392.25,0.0,BankTransfer,6.0,2.3,1176.75
82463,2024-04-09,a23da939-7d82-4153-b800-3271d25ab894,Fashion,Asia,1,100.08,0.0,BankTransfer,1.0,4.7,100.08
48476,2024-01-10,a9f1c264-1e5a-484e-817b-df8fb3663f69,Electronics,Asia,5,155.71,0.2,CreditCard,9.0,2.4,622.84
65967,2025-05-14,c96f473f-b354-45e2-a9c8-b28d2fb6f73e,Toys,Africa,2,18.0,0.0,PayPal,4.0,2.2,36.0
30920,2024-03-25,07813300-12ac-4acf-82dc-bca23d10afa3,Home,Europe,3,50.88,0.15,Cash,9.0,3.3,129.74
40962,2024-09-27,d22c0fcb-a709-4845-be77-12d84b89d5d8,Automotive,Europe,5,284.08,0.15,Cash,7.0,4.3,1207.34
81824,2023-06-13,afd8d868-30c1-4c5a-9c9f-607666613f73,Toys,South America,5,387.8,0.0,CreditCard,7.0,4.5,1939.0
75099,2024-04-07,cf36405a-1b6c-4aa7-80a7-bdd43c5d46b9,Beauty,North America,2,9.5,0.15,BankTransfer,3.0,2.7,16.15
50360,2023-01-13,04ecab55-be5f-4178-8381-a8b15bbf99fc,Automotive,Africa,4,19.8,0.1,CreditCard,9.0,4.7,71.28
62976,2024-04-28,278acbbf-a678-4947-9647-b194565a1072,Fashion,Oceania,1,406.56,0.0,CreditCard,9.0,,406.56
58706,2023-09-15,c7e9bd6c-ca82-49fc-9d01-4f859cb08acd,Fashion,Asia,1,253.68,0.0,PayPal,2.0,4.7,253.68
18049,2023-05-24,f6204f2d-2f33-4232-a27f-df4009bcc25a,Sports,South America,5,492.13,0.05,CreditCard,6.0,3.4,2337.62
24627,2024-12-01,4c2eef90-ef30-4609-a9d5-5f2cedb715eb,Fashion,North America,2,41.3,0.0,Cash,1.0,4.3,82.6
29901,2024-07-25,b481e163-4563-4943-8dcc-90154f8aa6f8,Fashion,North America,4,335.37,0.1,CreditCard,4.0,4.4,1207.33
47124,2023-02-24,87bb957c-93b9-4827-94a0-32fffff5ac3f,Sports,Oceania,4,53.4,0.15,Cash,6.0,3.3,181.56
75110,2023-12-09,6d44c07e-3085-4631-ba9b-6daf75960c4f,Automotive,Europe,3,159.7,0.0,CreditCard,9.0,2.9,479.1
34477,2024-07-19,d24c9f86-499c-440e-bd94-8671b0f36f66,Home,Europe,3,334.91,0.05,PayPal,8.0,3.6,954.49
10021,2024-08-05,d5e652b7-1a83-4240-b0a3-a4122cfc142d,Beauty,North America,2,447.94,0.05,CreditCard,1.0,3.9,851.09
89919,2024-12-17,d6bbb8fc-9a09-4f4d-82f5-5a69156d2b65,Toys,Africa,4,248.54,0.05,Cash,3.0,3.9,944.45
4149,2024-07-10,a71372ab-34cb-4b9a-9338-82b320fa15b7,Electronics,Oceania,1,302.81,0.0,PayPal,6.0,2.7,302.81
19212,2023-02-04,3f8c18bb-5256-47f6-8b97-e77887f831f8,Toys,South America,3,352.7,0.0,BankTransfer,9.0,2.2,1058.1
16232,2023-12-11,2333c422-a3dc-4212-86ea-b78ce6a697fc,Sports,Africa,4,221.79,0.1,Cash,4.0,2.2,798.44
38129,2024-06-27,44a5df17-2e47-4798-8b41-320d863296dc,Beauty,Oceania,1,486.17,0.0,Cash,2.0,4.4,486.17
31010,2025-11-15,60d0f201-9d89-4652-be0f-d219b1d73ebb,Electronics,Asia,5,61.371,0.0,BankTransfer,5.0,3.0,306.86
68845,2023-06-07,eb66cedb-b691-4877-97dd-145e074b2e75,Toys,North America,2,,0.0,PayPal,3.0,4.7,919.38
92382,2023-03-26,bf24803e-5b55-48bf-89c8-8707e9feb50a,Electronics,North America,3,481.58,0.0,PayPal,8.0,4.6,
20428,2025-07-21,54b575c0-2b69-4471-a1e5-eacf5b08c649,Electronics,Asia,1,82.79,0.1,Cash,5.0,4.4,74.51
14269,2025-11-07,7b040680-bfbc-426a-9f69-34a5edf193c3,Sports,Africa,3,53.757,0.1,BankTransfer,7.0,2.0,145.14
87136,2023-12-17,18498b6a-df80-47e6-b2cc-3c2797d64c16,Fashion,South America,1,272.74,0.0,PayPal,7.0,3.8,272.74
83135,2025-02-15,74189841-c37b-4389-b722-ad100cf1f09d,Toys,Oceania,5,114.44,0.0,Cash,8.0,4.7,572.2
2541,2025-01-07,33bcb8a9-c71d-4564-8992-b886c8f216c1,Electronics,Oceania,5,159.43,0.05,CreditCard,6.0,4.3,757.29
73941,2023-04-22,0c32f071-cc44-454c-8af7-b7c843b8953f,Home,Asia,2,299.25,0.0,CreditCard,4.0,4.3,598.5
36961,2024-11-12,c372710d-1d47-46b9-82f0-5e1e03053c1e,Sports,Europe,6,430.677,0.0,BankTransfer,3.0,4.0,2584.06
73427,2023-05-05,29e9c860-439b-4b4e-87cf-b5f4d804ec1e,Automotive,Africa,1,27.33,0.15,CreditCard,5.0,3.5,23.23
71580,2023-01-20,c0db31a1-46d7-4dbe-93f4-d942d208206e,Fashion,Europe,4,241.14,0.05,Cash,9.0,4.0,916.33
95469,2023-01-21,08d6bc5b-38a1-40ab-ac6d-830a1a6b64a6,Electronics,Europe,1,8.67,0.1,PayPal,6.0,4.3,7.8
88751,2024-11-14,ad84e900-f78e-4133-b22e-52cca932acfe,Automotive,South America,2,289.44000000000005,0.05,BankTransfer,5.0,3.3,549.94
924,2023-12-23,cf0e6d2b-315c-467a-85d8-a6ad77d0359e,Beauty,Asia,3,202.99,0.15,BankTransfer,6.0,2.5,517.62
28746,2024-02-16,8c17b9c9-1936-4c45-93ba-4224e0f7b1fe,Electronics,North America,5,21.61,0.0,BankTransfer,1.0,4.3,108.05
99465,2024-04-21,c742c207-e868-4c61-9e9a-638269b75a59,Beauty,Oceania,4,338.21,0.15,PayPal,7.0,3.4,1149.91
48684,2023-12-24,dc4f433b-3c43-42d1-a455-855663ec37f8,Home,Europe,1,82.97,0.0,BankTransfer,7.0,3.7,82.97
22916,2023-11-04,74cdae7e-73ba-4afd-a6d7-1157b8faa516,Home,Europe,2,349.56,0.0,CreditCard,4.0,4.2,699.12
8310,2025-09-28,8c38c18b-02de-4556-9f27-e8b562e03868,Electronics,Oceania,4,358.25,0.0,BankTransfer,4.0,3.5,1433.0
58456,2024-06-24,9638c694-b30a-449c-aca4-c1f877afacf7,Sports,Europe,4,122.31,0.0,Cash,3.0,4.7,489.24
85349,2025-07-10,e90514d0-4280-4b82-8b28-8a7b5de577c4,Toys,North America,5,14.45,0.0,Cash,2.0,3.6,72.25
86133,2023-04-10,de3ae0c8-b190-4f7d-b24b-b6f51da93e5d,,South America,1,411.51,0.0,CreditCard,7.0,3.4,411.51
90358,2023-11-26,b2d31e65-f2bd-43de-a179-20ecaba22912,Fashion,Asia,5,80.055,0.15,Cash,2.0,3.4,340.23
76492,2025-05-21,437def7c-470e-4178-b3d7-c51d6b6cc0dc,Automotive,North America,1,315.77,0.1,Cash,3.0,2.1,284.19
68234,2025-12-28,e2dfa949-836e-4c5f-bdef-4bc322dca10f,Toys,South America,4,217.18,0.0,Cash,4.0,4.6,868.72
84702,2025-03-24,733e890f-bfef-470f-bdec-4dec2d08e0a4,Beauty,North America,3,473.02,0.1,BankTransfer,9.0,2.2,1277.15
92036,2023-08-25,b694d3af-a523-4337-a179-af4c302289f2,Toys,North America,2,216.27,0.15,PayPal,3.0,3.5,367.66
34339,2023-07-19,0054d0c7-1039-4378-bc1d-fb5aeb2bdb03,Beauty,Asia,2,352.95,0.05,PayPal,4.0,4.0,670.6
63618,2025-02-11,c8aa4156-82c8-4298-951c-50ddb3ad675c,Sports,Oceania,5,295.73,0.0,PayPal,1.0,3.0,1478.65
61521,2024-11-11,2cef1862-f643-4af0-ae84-4e383011230a,Beauty,Africa,3,5.472,0.0,CreditCard,2.0,2.7,16.42
58303,2025-10-07,4c70c16f-c917-4796-a838-4c4f95635189,Home,Africa,5,165.18,0.0,Cash,8.0,4.9,825.9
61936,2025-03-18,a0d3f12d-30f9-4dc7-95ec-ecc170753a38,Automotive,Africa,5,209.29,0.0,BankTransfer,,4.3,1046.45
51020,2024-01-08,dc34691c-01ea-45e8-ab5f-b38f525f3553,Fashion,South America,1,479.06,0.05,PayPal,3.0,4.3,455.11
103,2025-08-21,dd59ba71-36b8-4481-bb3a-4e3e7c52fa17,Automotive,Europe,2,152.49,0.15,PayPal,5.0,4.4,259.23
94604,2023-03-05,79401bdd-619c-4aba-854a-28b9ab5e8de3,Sports,North America,5,128.01,0.1,PayPal,8.0,4.6,576.04
53346,2023-05-07,e359e5e1-8458-4fa3-bd2c-d7e342295702,Automotive,Europe,2,367.55,0.05,PayPal,1.0,2.3,698.34
26065,2025-05-31,92ecfd73-8dbd-4e25-8e50-5cee3ebb5527,Home,North America,2,10.56,0.0,BankTransfer,7.0,4.5,21.12
77614,2025-06-12,9cc3a154-70dc-464e-861c-f4a131a743d6,Beauty,Africa,3,158.22,0.05,Cash,5.0,3.0,450.93
5289,2025-02-02,68054a24-f785-4cc1-b8e5-91c417d2efe7,Beauty,Asia,3,42.02,0.1,Cash,3.0,2.9,113.45
37038,2024-03-23,17518c7b-5fc7-4e1e-8044-6fd281743a2b,Automotive,Europe,3,368.93,0.05,CreditCard,5.0,2.5,1051.45
22187,2023-03-28,8bfa681d-8f82-4371-bf5f-d5e0fd186564,Beauty,Africa,4,176.15,0.0,Cash,1.0,4.9,704.6
50079,2025-05-09,d99b9f1e-6733-4b48-ae97-4af34fa122df,Home,Oceania,2,286.56,0.1,BankTransfer,7.0,3.8,515.81
95335,2023-10-22,9348df37-cbd5-4446-9b1a-4ec055f80f72,Beauty,Europe,2,489.66,0.05,BankTransfer,5.0,2.7,930.35
28036,2024-08-04,2243e46c-b32a-44c3-b66f-200dbb0f5aea,Home,Europe,3,335.64,0.0,PayPal,1.0,2.4,1006.92
1403,2024-04-21,b46788bd-d38e-43e4-8de1-087bafa14a55,Fashion,South America,3,320.34,0.15,BankTransfer,7.0,2.5,816.87
91715,2025-12-10,97ae16f6-48d2-407f-83c5-dfd69ccd05fa,Automotive,South America,2,452.84,0.0,PayPal,3.0,2.4,905.68
63559,2023-01-03,cd25ec88-8a6f-437b-a8ab-a1bbdb06609a,Home,Africa,3,394.52,0.15,CreditCard,8.0,5.0,1006.03
96461,2024-11-23,90939d21-6264-4823-b097-a48ebe7f05a2,Toys,North America,4,437.463,0.0,Cash,3.0,4.0,1749.85
99273,2024-05-25,71dd2009-7468-4b11-84fa-f7a0c518c070,Sports,Africa,5,450.16,0.0,BankTransfer,6.0,4.8,2250.8
59916,2025-02-26,bd2a206d-e6e3-4e47-b6e6-89f599c08884,Beauty,North America,5,372.76,0.1,CreditCard,9.0,3.3,1677.42
44932,2025-07-11,ba1b3912-aba9-4d76-9d64-cc9dbe078e3c,Beauty,Europe,3,19.16,0.0,CreditCard,7.0,2.9,57.48
82121,2024-04-24,33adfe79-efea-4645-a245-e9d77de736fc,Toys,South America,4,40.97,0.0,BankTransfer,2.0,3.7,163.88
79403,2025-07-07,56599848-18e6-4320-93bb-0ed7a776e594,Electronics,Oceania,1,300.16,0.05,BankTransfer,3.0,3.6,285.15
9933,2023-01-08,c4ca0233-4273-4de8-abad-2b997fa8c425,Automotive,Africa,4,475.8,0.15,CreditCard,3.0,3.7,1617.72
26238,2025-03-09,a8b59f56-21c2-48d0-b135-f6066b7e7422,Home,North America,4,377.94,0.0,PayPal,6.0,2.5,1511.76
19469,2024-03-15,ee90112f-abf4-49aa-a777-205378efb790,Electronics,South America,4,313.81,0.15,BankTransfer,7.0,2.5,1066.95
64408,2024-08-27,54ddf73d-205a-4371-b29f-e6f9d6a22273,Fashion,Europe,1,38.01,0.1,Cash,4.0,3.1,34.21
28922,2023-02-25,e84e3bd6-753b-446c-8264-9cacffc7b392,Toys,South America,3,166.43,0.0,BankTransfer,2.0,5.0,499.29
76007,2023-12-15,24f9056d-95df-4cdd-b8b6-0e2a7a26d8a4,Electronics,Europe,3,295.45,0.05,CreditCard,7.0,3.3,842.03
86991,2023-01-05,bb7a48cc-2261-4c1d-a217-80af36fea182,Electronics,Europe,2,329.05,0.0,Cash,8.0,4.2,658.1
56781,2025-06-04,9c7710da-5c7d-48d3-a81b-4f76091e424f,Sports,North America,3,40.92,0.15,Cash,2.0,3.7,104.35
8312,2025-12-21,17caf26b-cbfe-4d65-a23b-34635f6763a6,Sports,Asia,2,139.49,0.15,Cash,7.0,4.9,237.13
55928,2023-05-27,0e034580-0890-496f-b526-16f4f98e7156,Sports,North America,1,93.45,0.0,Cash,1.0,2.2,93.45
47631,2025-07-01,0edb81d9-bd7d-4801-b0a9-bb6a6e4bf20b,Automotive,Asia,2,78.55,0.05,CreditCard,3.0,3.2,149.24
70594,2024-05-09,f557a14a-4daa-4225-b5be-f16126be2bea,Home,South America,1,338.5,0.05,BankTransfer,3.0,2.1,321.58
48460,2024-02-22,d51032ed-af33-4380-bafd-82e9c6eb8844,Electronics,North America,5,152.21,0.1,Cash,3.0,2.6,684.94
6323,2025-06-27,b354f19d-3d22-4110-a63f-69ea0d5098fc,Toys,Asia,3,305.29,0.1,Cash,5.0,2.0,824.28
78995,2024-01-01,e84fc871-de89-4181-a99c-10dbdb44b8de,Automotive,Asia,1,276.44,0.0,Cash,4.0,4.1,276.44
36658,2025-01-08,8135ce81-d1a9-4816-b4bc-4ad5834b8b6a,Beauty,Oceania,1,258.25,0.05,PayPal,8.0,2.8,245.34
17934,2024-09-07,b240c292-ffe4-48b5-adae-c2d14bae5d71,Fashion,Oceania,4,261.44,0.0,Cash,6.0,2.1,1045.76
28031,2025-08-19,db4f2cd5-ddab-468c-988e-d4d7da6d5bb2,Beauty,Europe,5,440.31,0.15,CreditCard,8.0,3.1,1871.32
42593,2023-03-18,375d02fe-86c1-4f97-9f52-434780f6638e,Automotive,South America,5,478.79,0.0,CreditCard,4.0,2.2,2393.95
90919,2024-10-02,6b71ff09-b08d-44c9-a1a8-34b93ceee14e,Home,Asia,3,47.67,0.1,PayPal,4.0,2.7,128.71
73760,2024-04-24,50cdca52-d42d-4f06-ac6a-87638ba3f9cd,Home,Africa,4,176.57,0.0,PayPal,4.0,2.8,706.28
84683,2025-11-13,fe0f4163-243b-43d8-a2c9-7eff6f1b0b30,Home,Africa,5,156.537,0.0,Cash,1.0,4.3,782.68
53068,2023-07-17,fe5d7109-a715-48c8-805c-d34ad60461b9,Toys,Oceania,2,479.68,0.0,BankTransfer,8.0,4.0,959.36
11462,2023-04-22,6094413d-03c8-4477-addc-d3ff8b1096c0,Beauty,Oceania,5,386.07,0.0,PayPal,4.0,3.0,1930.35
47695,2024-02-29,e821de9c-1e9c-4287-8a10-14675f1a0e50,Electronics,Africa,4,367.06,0.0,BankTransfer,1.0,2.2,1468.24
18249,2025-09-12,a0b45327-af8b-4fb1-a53b-7a49a12a118d,Fashion,Africa,5,296.52,0.0,CreditCard,5.0,2.0,1482.6
67587,2023-03-14,0985af3b-a920-4c94-a761-571be391927a,Home,South America,4,401.37,0.0,PayPal,3.0,5.0,1605.48
82932,2025-07-31,4fe681fd-addf-4952-b2f7-c416e2daf886,Home,Asia,1,118.09,0.0,BankTransfer,9.0,3.3,118.09
77648,2024-01-12,451e97b4-f1e4-4ff1-a53e-25e368244f1f,Home,Europe,3,446.03,0.05,CreditCard,7.0,4.4,1271.19
93403,2025-11-19,febbc710-1973-4634-9153-5994eafd680c,Beauty,South America,4,331.75800000000004,0.1,CreditCard,5.0,3.0,1194.33
20182,2024-03-06,c458a3bc-4cfd-486c-95e6-438b370c0904,Home,North America,1,149.45,0.15,PayPal,6.0,2.7,
40471,2024-03-02,b53a72de-c7fc-4ea1-beed-1089e3e5ef84,Sports,North America,2,274.56,0.2,PayPal,7.0,3.9,439.3
86281,2024-10-28,06970811-8b49-475c-8cf5-a642bb09a475,Automotive,Europe,2,114.03,0.0,Cash,6.0,3.1,228.06
94265,2024-12-16,4ec0f5a0-df25-41d4-a53e-41b45cbdfd47,Automotive,Africa,1,350.67,0.0,PayPal,1.0,2.6,350.67
95791,2024-05-02,8e3999e1-1c52-4f1b-8165-38b1fcd0f787,Home,Africa,1,470.13,0.0,PayPal,3.0,4.8,470.13
3201,2025-06-07,5e24296e-b736-4ad9-b9a8-226b5ced7017,Home,Oceania,4,37.87,0.0,Cash,2.0,2.9,151.48
92752,2024-04-02,7b02e435-df6f-4458-a7a0-d5013f3723bd,Automotive,North America,5,321.3,0.1,CreditCard,9.0,2.4,1445.85
15496,2025-11-20,ed83cef6-f857-4817-8b59-575c5f7db347,Fashion,North America,4,422.01,0.0,PayPal,1.0,4.7,1688.04
88204,2025-08-06,a3738c8b-0f51-49a2-b6c8-202caa67f9b2,Home,Oceania,4,443.81,0.1,BankTransfer,8.0,3.8,1597.72
39346,2025-12-19,3170616d-6766-4298-a431-55ae493c34c2,Automotive,Europe,5,233.74,0.2,BankTransfer,3.0,2.5,934.96
67336,2024-05-23,30feb983-78f6-4bc1-94ea-8595a5ac71d5,Automotive,Africa,5,102.42,0.0,Cash,5.0,2.7,512.1
67560,2025-11-02,c7fa0bf5-bb2b-4ac2-a00b-2b3d7132f5aa,Fashion,Africa,4,7.29,0.1,Cash,7.0,3.9,26.24
52562,2025-08-17,b8e947ad-2daf-43c4-9a01-8171d92f0dba,Sports,North America,2,141.71,0.0,BankTransfer,1.0,,283.42
34281,2023-07-05,1fcf1c05-5133-4179-8cc9-3a5a63e6446e,Sports,North America,3,484.93,0.1,PayPal,8.0,3.5,1309.31
93269,2024-04-18,01e430f9-f266-4166-a9e6-55a577a477e9,Fashion,Africa,5,346.85,0.0,CreditCard,7.0,4.8,1734.25
82341,2023-11-22,8217a922-2161-4450-b826-eb7b0c7cbdf9,Beauty,North America,4,33.093,0.0,BankTransfer,3.0,4.8,132.37
26165,2025-03-07,4e05461a-199d-4e84-98ab-bdf2a420cfea,Sports,North America,5,140.09,0.15,PayPal,6.0,2.9,595.38
67503,2024-02-05,528f107c-55c1-423b-a427-89f14871ac70,Sports,Oceania,5,141.04,0.05,BankTransfer,3.0,4.1,669.94
20051,2023-03-01,530f5e8f-e63d-41fc-9096-e6a470b5d4ee,Electronics,Africa,2,99.62,0.15,BankTransfer,3.0,3.5,169.35
18743,2025-06-24,29f937b5-eecf-4fa5-ac72-2e8ccf3cf4be,Beauty,South America,1,8.17,0.1,PayPal,9.0,4.2,7.35
58453,2025-05-14,47fcc41c-3cf4-43f4-ad97-667bd999c533,Beauty,,4,351.49,0.1,PayPal,3.0,4.8,1265.36
27438,2025-11-29,5a41e7f9-6137-4bba-a8f4-5ce307460647,Electronics,Asia,4,436.167,0.0,Cash,3.0,2.9,1744.67
68530,2025-11-27,3a90045c-b63c-4d1c-b3af-711eacbe65bb,Toys,Oceania,6,258.714,0.0,PayPal,6.0,4.0,1552.28
47700,2023-05-02,fc84382a-08f7-4961-9cbc-12e470c9a3d4,Sports,North America,5,221.56,0.0,BankTransfer,1.0,4.2,1107.8
30335,2024-11-18,76f1d068-e713-471a-bc57-6cf6a693c652,Beauty,Europe,3,232.659,0.0,CreditCard,7.0,3.7,697.98
77362,2024-07-23,150c5590-a22d-46b9-bb0c-a87eb0717eb5,Toys,South America,4,35.55,0.0,CreditCard,3.0,4.4,142.2
81242,2024-11-26,51dc34f9-5950-4d34-9825-2b7356ad3c08,Automotive,South America,4,175.32000000000002,0.1,Cash,1.0,3.7,631.15
37912,2024-11-03,f7b471d6-df48-4923-be0b-38e546a8a0b5,Beauty,Africa,2,324.108,0.05,PayPal,1.0,2.7,615.81
227,2023-02-12,c074718e-425a-409f-b337-c59979844388,Electronics,,1,375.84,0.0,BankTransfer,9.0,3.7,375.84
90553,2024-10-10,aa6363cc-a394-408d-9d2b-a9ccc7f3ee72,Fashion,Oceania,4,437.54,0.0,BankTransfer,7.0,4.9,1750.16
50359,2023-11-27,e25e9dde-ef1e-47b7-9f20-18e52a4ec91a,Electronics,South America,4,52.128,0.05,CreditCard,8.0,3.4,198.09
70701,2023-08-04,5b4cf598-2ded-4560-84be-fc8e86a92ccb,Home,Africa,4,200.94,0.0,BankTransfer,2.0,4.7,803.76
89625,2023-09-23,52d8e13b-8bc3-43bc-a306-28c251f63263,Beauty,South America,3,12.69,0.0,Cash,2.0,4.8,38.07
28101,2024-02-15,5ed69b88-fdbe-4e47-9edf-5358756b17cc,Toys,North America,4,183.75,0.2,Cash,8.0,2.9,588.0
39437,2023-01-23,ff1bdf3c-3b91-4214-acb0-7e392250bb68,Sports,North America,2,333.23,0.0,BankTransfer,4.0,4.6,666.46
80727,2025-07-17,a3d07cdb-c18d-4deb-bcf5-3f0d8c60722d,Fashion,Africa,3,443.85,0.0,CreditCard,4.0,2.3,1331.55
58573,2025-04-04,9c0256f6-1aee-4105-a450-61c91fd423a4,Home,Europe,3,453.4,0.05,Cash,9.0,2.2,1292.19
66110,2024-01-20,0221b9fa-4d38-43b3-8f93-7d3f0b91ec08,Sports,Oceania,5,54.2,0.1,BankTransfer,8.0,3.7,243.9
74545,2024-04-27,693c634a-60e0-4724-be61-d40758c1f905,Beauty,South America,2,334.23,0.0,Cash,8.0,2.0,668.46
15876,2023-03-27,304b8215-dae7-4073-899f-163e7fde376e,Toys,South America,3,7.76,0.0,Cash,4.0,4.7,23.28
135,2024-05-25,aaf91531-0200-41f0-8768-a84fa76afde6,Electronics,Africa,5,73.94,0.0,CreditCard,7.0,3.7,369.7
1055,2023-08-10,a175a9c3-d7b1-42a9-a332-a50e6992896e,Toys,Europe,5,403.53,0.0,CreditCard,5.0,2.1,2017.65
18167,2023-01-31,4c38325e-df88-412a-8168-5283d50a151c,Toys,Oceania,5,246.41,0.05,BankTransfer,2.0,4.1,1170.45
31162,2024-11-14,fbc6e633-5b6f-49e0-a6bc-35aaa34ac905,Beauty,North America,2,160.191,0.0,CreditCard,6.0,4.9,320.38
2087,2023-09-22,d61a080a-3fec-4a37-95be-a8dc33e88249,Beauty,Oceania,5,366.6,,PayPal,5.0,4.2,1833.0
66703,2025-06-20,4f1cf36b-6a71-426c-a3d3-576e1a933965,Beauty,Africa,2,136.7,0.05,Cash,5.0,4.2,259.73
2324,2023-10-26,909e21ba-8a38-45aa-91be-ba8e0a8aeb94,Toys,Africa,4,139.95,0.0,PayPal,7.0,3.0,559.8
73312,2023-04-07,8bbe40ed-4b92-4c4d-81fd-f130e8a72e7a,Electronics,Asia,2,463.19,0.1,PayPal,5.0,3.4,833.74
11097,2024-05-08,b9a693ef-3571-4561-bd12-c52be64f17e3,Sports,North America,4,81.6,0.0,PayPal,5.0,2.0,326.4
32547,2025-07-31,a94cd1cb-46d8-430e-8c30-4d149b204b4a,Beauty,North America,4,29.04,0.0,PayPal,5.0,4.8,116.16
2183,2025-06-24,e1d55f85-6967-4586-b046-30085fa72012,Toys,Africa,4,391.95,0.1,BankTransfer,4.0,3.1,1411.02
48669,2025-01-12,2b3fa032-0c02-4f4b-879a-d9f47c36590c,Electronics,North America,4,284.59,0.15,CreditCard,5.0,4.5,967.61
2798,2024-04-04,22249813-0a6b-4e3d-94fd-0594ecf91245,Fashion,North America,5,486.89,0.0,CreditCard,9.0,4.1,2434.45
87379,2025-12-03,9537aef8-deaa-4ac2-85ac-e9e956ee56ee,Beauty,Asia,2,84.37,0.05,CreditCard,7.0,4.0,160.3
74412,2025-03-30,542a4747-fc10-4952-aa94-4d391d587174,Automotive,Oceania,5,100.17,0.0,Cash,3.0,4.4,500.85
52578,2025-03-07,ff757363-ab90-489c-87c9-12242ab20c6c,Toys,South America,4,42.73,0.0,Cash,5.0,3.5,170.92
98734,2023-09-29,b6631bb4-84cf-45f9-a131-aaed5de7d461,Automotive,Europe,5,423.5,0.05,BankTransfer,3.0,3.2,2011.62
69756,2023-09-05,f7b0cc65-3846-4e86-9cc2-b33f5fab816a,Automotive,Oceania,3,313.85,0.05,CreditCard,8.0,4.2,894.47
41718,2025-12-08,f50a615b-2e13-480c-baf5-0c027fa61547,Automotive,Asia,4,253.32,0.0,Cash,6.0,3.0,1013.28
40041,2023-02-12,40785616-d186-4cd6-a2f9-2cd41757e1ab,Fashion,South America,4,439.48,0.15,BankTransfer,6.0,3.1,1494.23
18374,2023-10-21,c346755a-637f-4a8a-8bb1-805fa24dd10f,Sports,Oceania,4,326.57,0.05,BankTransfer,1.0,3.5,1240.97
54447,2023-07-22,631ad1c6-8753-4734-8fdd-6e56eb851b88,Home,Europe,1,97.47,0.0,Cash,9.0,2.6,97.47
41963,2025-02-17,3d2accf0-ec1c-44a8-a8f8-794b9f65aed1,Home,Oceania,5,221.26,0.05,BankTransfer,8.0,2.8,1050.98
33310,2025-02-22,01c4225e-be40-4b83-89c6-2b6b58974643,Beauty,North America,5,343.88,0.1,BankTransfer,2.0,4.1,1547.46
58594,2023-10-23,d748b1db-e62d-45d4-8c87-87ec6ee79b66,Fashion,Africa,3,398.81,0.05,PayPal,9.0,4.8,1136.61
35929,2023-05-29,2af8e6e7-8aa0-4210-9120-712228673909,Sports,Europe,3,358.05,0.0,PayPal,2.0,2.4,1074.15
36690,2025-05-20,bbc55b2d-40f3-4c0d-ac48-c3039c83d480,Toys,Oceania,3,434.15,0.0,CreditCard,6.0,4.4,1302.45
66323,2023-04-15,f646ecd0-52ad-4518-8e74-dd164fe45fbb,Fashion,North America,5,458.78,0.1,Cash,8.0,2.3,2064.51
95341,2024-05-29,423c6112-bda3-4fdd-bc27-49710a128475,Electronics,South America,3,70.54,0.0,BankTransfer,9.0,4.1,211.62
28551,2024-02-22,7d894735-a26c-499e-8307-f13d5cdf9d3f,Sports,Africa,3,13.17,0.1,Cash,1.0,2.2,35.56
57113,2025-07-25,23f96deb-4140-45ca-af56-f3433c46d4cd,Toys,Asia,3,391.63,0.05,PayPal,1.0,4.2,1116.15
62880,2024-02-09,d9d0744c-a3d2-4357-9986-63ca261ef842,Fashion,North America,1,307.49,0.0,CreditCard,8.0,3.0,307.49
41996,2025-04-10,0153106f-4104-4e6f-9351-9f4398ed2bae,Sports,Europe,3,326.87,0.05,PayPal,3.0,3.8,931.58
48910,2024-12-12,7e362e30-8483-48f5-ac5e-b771d9c38ca6,Beauty,Asia,2,168.34,0.0,Cash,8.0,3.0,336.68
67690,2023-08-26,95604b1c-ff0c-42a0-9c0a-7cc4f7790f43,Toys,North America,4,412.55,0.2,Cash,3.0,4.5,1320.16
30001,2025-12-19,d6462d44-5d7a-4c37-a12b-1c11e54532d1,Fashion,North America,5,408.19,0.0,PayPal,9.0,2.7,2040.95
90709,2023-03-06,7b8a13a4-46f7-4a71-b6af-dfd850a16e21,Electronics,Asia,1,496.46,0.0,PayPal,6.0,4.4,496.46
1880,2025-02-03,12087e20-8ede-4b46-807d-0affcb51a911,Beauty,Europe,5,87.05,0.1,CreditCard,2.0,4.2,391.72
96689,2024-09-21,6161846a-3902-40c8-970f-c035838f5ed0,Fashion,Oceania,5,286.49,0.0,CreditCard,3.0,3.8,1432.45
60285,2025-04-02,e53a619b-52bb-49b0-8a76-d3247b800ec0,Beauty,Europe,2,407.73,0.05,BankTransfer,6.0,2.4,774.69
61671,2024-03-20,1075ae75-d336-41ad-8232-f8522badf8b8,Automotive,Europe,5,225.61,0.05,Cash,8.0,4.4,1071.65
82629,2025-10-06,08b6d455-3618-47a5-8bf3-695bc1d7f12a,Toys,Asia,2,478.91,0.0,CreditCard,4.0,2.5,957.82
27699,2025-11-08,e6a16894-e85f-4f14-a727-93bd2a3c9368,Automotive,North America,3,357.363,0.05,CreditCard,6.0,3.5,1018.48
81562,2024-11-21,627ead88-3d9d-4c94-bc42-78784ba97ad2,Beauty,Africa,3,198.36,0.15,BankTransfer,6.0,2.3,505.82
52177,2023-08-05,429acb42-4ed6-43d2-ad2f-5e97a01dd2ef,Fashion,Africa,3,372.23,0.0,BankTransfer,8.0,3.5,1116.69
77745,2023-03-18,d7f7cbb4-1112-458f-a50f-43f3dee99a76,Beauty,South America,4,121.72,0.05,CreditCard,4.0,2.8,462.54
62687,2025-11-22,907a4097-3ecb-49ba-b17c-c7c835454c76,Toys,Oceania,5,328.626,0.0,PayPal,3.0,3.1,1643.13
19264,2024-02-08,2495c5a2-c64e-4eca-b20d-ac54b4ef32c2,Sports,Africa,1,94.85,0.1,Cash,5.0,4.7,85.36
98444,2025-09-01,75d62e67-00c8-48ed-bde6-e609348f88c3,Electronics,Asia,1,308.62,0.2,Cash,4.0,2.6,246.9
8342,2025-06-27,0abdbcd1-782c-4fec-9e5d-78a1c5bdb495,Automotive,North America,3,334.68,0.0,CreditCard,8.0,4.7,1004.04
96450,2025-06-06,6f20b8c3-d434-43bb-bcfb-59685f941349,Toys,Oceania,5,482.82,0.1,PayPal,5.0,4.4,2172.69
19824,2024-04-08,0cbb5bb9-3a79-4543-8340-52fa2a291267,Sports,Africa,2,145.98,0.1,PayPal,6.0,5.0,262.76
78272,2024-02-27,3ccc9bc7-4b1c-4b71-95c4-5e3cdce1142f,Toys,Africa,5,301.75,0.05,Cash,3.0,3.8,1433.31
14897,2024-07-24,ea1197f6-bf67-498b-a280-15820e074ee9,Electronics,Asia,3,134.08,0.05,PayPal,3.0,4.2,382.13
7738,2023-04-26,8eb232b8-54b5-4b05-af67-8fc82308961b,Beauty,Africa,5,258.07,0.0,PayPal,2.0,4.9,1290.35
58245,2024-06-11,ec55bbbf-2ef1-4fb7-8489-2fe0c4f31cf1,Electronics,Africa,1,306.05,0.2,BankTransfer,4.0,2.1,244.84
97706,2024-02-01,13fe75c3-688d-457b-a834-f13f5bb3fcdb,Electronics,Asia,3,372.6,0.1,CreditCard,3.0,3.4,1006.02
97293,2023-05-08,f2a2070a-292e-4d95-bb3f-9c93a881a5bb,Home,Africa,1,432.65,0.15,PayPal,7.0,3.4,367.75
35200,2024-06-21,15559318-c7d5-4015-8d8d-fdb1b951d034,Toys,Europe,4,148.02,0.0,CreditCard,1.0,4.0,592.08
56620,2025-04-25,b4294c75-5df7-4720-a025-92a6e89b8731,Fashion,South America,5,215.68,0.0,PayPal,5.0,2.3,1078.4
78889,2024-01-03,e8999dee-ec97-4643-97fc-9b1735a4a053,Home,Asia,1,492.22,0.15,PayPal,4.0,4.4,418.39
92371,2023-07-22,7bb84553-5f89-4d71-9b03-5c77ec0a3ad6,Electronics,Oceania,2,375.68,0.0,BankTransfer,4.0,2.8,751.36
83728,2023-09-18,a3ab3d8f-457a-42e1-9340-dd02f928a5a6,Home,South America,4,372.18,0.0,BankTransfer,2.0,3.0,1488.72
24053,2025-01-21,4c8f505c-b4f8-4e25-ad49-20e3edc276a9,Toys,North America,5,390.73,0.05,Cash,9.0,2.8,1855.97
46392,2025-04-06,dcb17ca6-442a-4da0-a443-06c5f1ffb7d6,Toys,Oceania,4,193.1,0.0,Cash,7.0,4.1,772.4
34171,2024-09-29,929a94a9-b7f2-4aed-b651-c2b2969ac7d5,Automotive,South America,5,247.56,0.05,PayPal,4.0,2.3,1175.91
43769,2025-04-13,b1bfee53-04ce-4c38-b826-a5f5310eb491,Home,Europe,4,135.46,0.1,CreditCard,3.0,2.5,487.66
25141,2024-08-01,7f875546-73b7-41bb-a7f2-6c47dc0f891c,Electronics,South America,4,459.19,0.05,BankTransfer,8.0,4.4,1744.92
61768,2024-01-22,4dc39462-7f6e-4ad3-8ec1-c06cac076dbe,Home,Asia,2,361.25,0.1,PayPal,5.0,4.2,650.25
16823,2024-02-24,c25d52c2-cbdb-4d33-af65-665fae2054f6,Fashion,Europe,2,499.3,0.0,Cash,9.0,3.7,998.6
47681,2025-08-13,7064a65b-4aa6-4a9f-865c-2dbb24246ba7,Home,Africa,2,497.33,0.0,Cash,7.0,4.6,994.66
11855,2025-02-15,aca41c10-2319-46a8-bc2b-edfc23ecb390,Fashion,Europe,1,349.99,0.0,CreditCard,6.0,2.5,349.99
87958,2025-08-28,c5722afd-2dd2-4305-91a4-cc464eee85b6,,Oceania,5,232.8,0.1,CreditCard,1.0,4.4,1047.6
14108,2025-06-21,acb15b9b-fd60-4b05-830f-7e8014f7f2c0,Beauty,South America,5,486.04,0.0,PayPal,8.0,3.1,2430.2
18593,2023-02-05,88869eb3-f591-4690-a802-514cf839e104,Home,Asia,4,402.64,0.0,CreditCard,2.0,3.7,1610.56
13083,2024-12-04,b7d6a62f-9468-4f11-9150-190b5c21018d,Home,,1,299.97,0.0,PayPal,8.0,4.1,299.97
31197,2024-02-17,a9b4adc1-7d88-4e18-b10a-dbd81bed09ca,Toys,North America,4,225.92,0.0,CreditCard,1.0,3.5,903.68
75861,2024-02-09,5708a21a-f641-4d60-b6b3-662dcb016af6,Toys,Oceania,1,173.78,0.0,BankTransfer,3.0,3.1,173.78
62529,2025-06-21,be794b8b-11ed-4d75-a46e-1223df957a2c,Toys,North America,2,317.95,0.0,PayPal,5.0,3.9,635.9
58323,2024-11-14,fb3fdcd4-605f-49bb-b3a2-5bcbf5a66d2f,Home,Asia,3,122.193,0.0,PayPal,3.0,4.6,366.58
36458,2024-02-11,d3379d87-d851-4192-8d0a-87f39ba02459,Electronics,South America,5,374.97,0.15,CreditCard,2.0,4.1,1593.62
72772,2024-11-06,6ca653b7-9fb9-4839-9096-da0015a838a6,Automotive,South America,6,246.57300000000004,0.0,CreditCard,3.0,3.1,1479.44
9159,2023-02-15,504d39e0-d4f7-415f-be9a-f4fb7afe3780,Beauty,Oceania,1,253.07,0.05,BankTransfer,8.0,4.1,240.42
9162,2025-02-16,66383fa3-dec6-4e8f-b21b-76e3482202f9,Toys,North America,4,278.24,0.0,BankTransfer,9.0,2.2,1112.96
68289,2025-05-11,5e25b414-9f46-4965-a09d-e9ff1717f677,Home,Asia,5,235.14,0.0,Cash,2.0,4.1,1175.7
45517,2024-12-11,651535c0-d9e7-4673-b2cf-9cd005e1872f,Automotive,Africa,2,372.97,0.0,CreditCard,5.0,2.6,745.94
79317,2024-03-13,efc44d72-39b9-48e6-9ef8-2b0da14cb296,Beauty,Africa,5,92.67,0.15,BankTransfer,3.0,3.4,393.85
87337,2025-03-26,c2dad97d-02d3-471a-a271-ba6c378a4387,Automotive,Oceania,5,105.76,0.0,CreditCard,3.0,3.9,528.8
73647,2023-12-20,4eaa0474-5ff0-4cbf-b894-7bd561d58f53,Home,South America,3,193.28,0.2,Cash,2.0,2.5,463.87
19295,2024-12-16,8276c48c-9ff8-4ad8-baf8-c27f0fddd13b,Electronics,Europe,1,479.13,0.15,PayPal,9.0,3.8,407.26
8094,2024-03-31,c7569b9b-ca12-4556-b5cc-a86b92e92aa7,Beauty,Asia,2,116.89,0.0,Cash,7.0,4.9,233.78
1415,2024-05-04,668c879b-d2dc-42c8-b2b8-d8aa21768dd7,Automotive,Africa,1,269.07,0.0,BankTransfer,2.0,4.7,269.07
30418,2024-07-09,c9d58426-96ef-456d-8cc3-59325c031a06,Sports,Europe,4,73.64,0.0,Cash,6.0,2.0,294.56
52413,2025-06-17,f511365c-759e-4b26-8c2a-e513ad5595a5,Home,Asia,5,87.69,0.0,CreditCard,8.0,2.8,438.45
36507,2023-12-28,af70988f-8609-41e5-950e-9c54aaf34721,Home,Africa,2,402.39,0.0,CreditCard,8.0,3.0,804.78
77631,2024-03-25,2f3c077e-7777-41ce-aed3-c4c96303aee2,Automotive,North America,5,262.14,0.0,PayPal,7.0,2.5,1310.7
71268,2023-08-06,ccd3af49-8dab-4a98-8d5e-c047e8273beb,Fashion,Africa,5,23.98,0.0,PayPal,2.0,3.9,119.9
43600,2024-12-03,8d53cea1-40e5-4868-a17a-30898df9616b,Sports,Europe,1,165.18,0.0,CreditCard,3.0,3.4,165.18
80854,2025-05-03,ef9be032-3255-4431-bff4-3db29497477b,Sports,Europe,2,461.47,0.0,BankTransfer,3.0,4.4,922.94
51877,2024-12-25,04397a31-0270-42c4-aeb5-3c79282270dc,Electronics,Oceania,1,34.3,0.05,Cash,8.0,3.1,32.58
70007,2023-05-04,a469f40d-96ab-4bc2-be59-aa02e93988b0,Home,North America,2,418.45,0.0,CreditCard,5.0,2.3,836.9
52178,2025-02-06,8f178f35-3935-41da-bbbb-4aaf494db579,Toys,North America,5,17.44,0.15,Cash,5.0,3.1,74.12
27887,2023-06-29,26050196-f2fb-4ac1-b685-0ced7d99b3ec,Beauty,South America,3,52.87,0.15,CreditCard,1.0,2.3,134.82
21823,2023-05-29,5e025c70-f396-4535-b8d3-c99e65485986,Electronics,Europe,4,151.13,0.05,BankTransfer,6.0,3.7,574.29
79006,2024-01-05,35822b4a-af52-426f-836e-59d992e181ec,Toys,South America,4,377.23,0.0,CreditCard,2.0,2.6,1508.92
94189,2023-02-22,5244513f-ba0e-4bd2-8e75-6db17230bc7b,Electronics,Africa,1,17.56,0.1,Cash,2.0,4.9,15.8
15534,2025-11-21,c1840a08-c0b0-4405-996e-5344850d3ae1,Automotive,South America,3,27.459000000000003,0.15,PayPal,4.0,4.3,70.02
55239,2024-11-09,da8ab774-2b59-4574-b243-73ac9b72f0e4,Automotive,North America,6,319.968,0.05,Cash,3.0,2.4,1823.82
69920,2023-05-20,2678e702-a610-4004-bf30-a6450256e275,Beauty,North America,2,228.51,0.1,CreditCard,6.0,3.4,411.32
67302,2024-04-26,887bc74b-d0fd-4dd2-a59b-5bacdf96a10e,Automotive,North America,2,243.51,0.0,Cash,2.0,2.5,487.02
62615,2024-11-07,37eced07-21ad-46b4-92ce-60243db4f40d,Fashion,Africa,2,287.14500000000004,0.05,BankTransfer,4.0,4.3,545.58
78057,2023-08-13,00bb0012-7f06-48bf-8fcf-bf69f8d8b79a,Home,South America,3,401.09,0.1,Cash,1.0,3.0,1082.94
43301,2024-10-03,a3528d57-2c0f-4a8e-b352-f4914f845f0e,Beauty,Asia,2,180.21,0.0,BankTransfer,8.0,3.5,360.42
10011,2023-06-08,1b3e2271-1a71-4bdf-bb6d-e07125b08a57,Automotive,Africa,2,297.84,0.1,CreditCard,8.0,3.9,536.11
39445,2025-12-21,f5b68a44-f4ca-42a6-a4b2-6f7546011655,Toys,North America,2,122.36,0.15,BankTransfer,8.0,2.6,208.01
19224,2024-07-13,9c788612-a60d-4c0c-a866-f62193ad7a76,Home,Africa,5,20.72,0.0,CreditCard,6.0,4.0,103.6
4185,2025-09-06,460db751-39cb-441a-8c50-1beade6d4e25,Sports,Africa,3,479.93,0.1,CreditCard,1.0,4.7,1295.81
44419,2025-06-27,feb88192-1599-4d5a-be4a-deac3a39d050,Electronics,Oceania,4,409.54,0.0,BankTransfer,9.0,2.6,1638.16
65237,2024-07-28,ca10e38f-278d-4a10-9963-5d2b2c8ab416,Fashion,Asia,2,394.3,0.0,CreditCard,6.0,4.9,788.6
97027,2024-11-26,19da32c6-5ea0-4452-80a3-3bb9c5a07eaa,Sports,Europe,5,387.936,0.0,PayPal,7.0,2.7,1939.68
55296,2023-05-21,6e9c47ac-b205-4f95-af7f-dad2a041e65d,Automotive,Africa,3,431.66,0.0,PayPal,6.0,2.8,1294.98
65948,2023-09-11,fe9b780c-a9ed-4ac2-b3bf-9f7f9569c9cd,Sports,Asia,1,400.53,0.15,CreditCard,6.0,4.3,340.45
20975,2024-09-01,15224687-6efd-4fb1-a4a9-358820155171,Fashion,South America,2,404.69,0.0,PayPal,5.0,3.7,809.38
92594,2024-09-21,55088818-a027-4a20-bae0-6f30dfd2a536,Automotive,North America,3,135.56,0.05,PayPal,2.0,3.8,386.35
41131,2023-10-24,5591ada1-cdbd-4a83-b2b6-1bbbfc06d1ec,Beauty,Africa,3,258.28,0.05,CreditCard,7.0,2.7,736.1
50863,2024-02-20,5fb7d2ad-2d81-4d61-83ed-35f4ad28eef9,Fashion,Africa,1,197.36,0.0,Cash,8.0,2.7,197.36
30358,2025-01-10,68b40bc2-68c9-41ec-854e-9f38c002c580,Beauty,Oceania,4,486.93,0.0,Cash,8.0,4.2,1947.72
43850,2025-12-14,6d1b898c-f0f3-493c-9bfc-30150952bf33,Toys,Asia,4,292.63,0.1,CreditCard,5.0,5.0,1053.47
98589,2023-01-29,a5b2b2f9-187b-4952-b3c8-c79fe7779d32,Beauty,Europe,2,48.41,0.0,PayPal,3.0,2.0,96.82
25656,2024-06-15,a430b35d-7953-4493-b97d-3b2c0575e589,Electronics,Europe,3,220.72,0.0,BankTransfer,7.0,2.7,662.16
17948,2024-08-20,4862f17d-d37f-4be6-8dde-abcc6b258cbb,Fashion,North America,3,403.52,0.0,CreditCard,3.0,3.7,1210.56
18353,2025-03-08,08a8fbdc-522a-4bb1-9c24-c791ad07020c,Beauty,Africa,3,376.09,0.0,CreditCard,9.0,3.3,1128.27
33966,2023-06-22,7505bb0b-b415-4637-8a27-6c0f0afd5240,Automotive,North America,3,409.27,0.15,CreditCard,5.0,3.4,1043.64
70227,2025-10-05,dea07b4b-cd17-4b48-b736-a4ac12bd332b,Home,South America,3,283.93,0.05,CreditCard,8.0,3.6,809.2
52302,2024-10-31,299ebd2b-cde6-4708-8ca3-e804e3cc21fc,Beauty,Oceania,1,183.03,0.0,PayPal,9.0,2.1,183.03
99477,2024-07-15,8e9df34d-f5dc-4a3f-b58a-982e57056804,Beauty,Oceania,2,313.75,0.0,PayPal,1.0,3.7,627.5
30513,2023-03-19,b7eeb5fa-588e-4a83-bdc2-b1d624cf8e36,Home,Europe,3,75.27,0.2,Cash,3.0,3.2,180.65
37779,2024-02-15,273c5b2d-f2cc-41b7-8eae-97100f5ee233,Automotive,Africa,2,43.89,0.1,BankTransfer,5.0,3.5,79.0
77984,2023-06-29,d6921fbb-3499-4c46-89f1-197c567fc2c0,Beauty,,2,152.69,0.0,BankTransfer,7.0,2.9,305.38
81365,2024-01-14,6635f9bc-e7fe-425b-ba33-4745f7c80b90,Toys,Africa,1,51.31,0.0,BankTransfer,9.0,2.0,51.31
77823,2025-08-30,de36f6f6-5ea8-46af-a098-953688bc9518,Toys,South America,2,143.88,0.0,PayPal,7.0,2.5,287.76
19455,2023-04-12,703179c1-3a32-4738-9fb5-3919d1b31ef8,Electronics,North America,3,356.98,0.0,CreditCard,9.0,2.3,1070.94
39886,2025-03-23,21d555d0-27c0-4780-aa67-946d7d6b57af,Automotive,Africa,1,53.16,0.0,CreditCard,5.0,5.0,53.16
75448,2024-06-27,11d5d9cf-4b18-497a-8bda-762b37666603,Automotive,Asia,1,283.12,0.15,PayPal,1.0,4.5,240.65
84112,2023-05-15,b9be511f-2715-48b1-9ea0-42e2ba18a02a,Sports,North America,4,426.14,0.0,PayPal,6.0,3.6,1704.56
42207,2023-02-18,b1e21d6b-447c-49f5-9161-f817dc91a0d8,Electronics,Oceania,2,309.61,0.1,BankTransfer,6.0,3.9,557.3
67355,2024-07-10,759d3b9a-8fc1-4373-87f5-0e8cdddcc24c,Electronics,Oceania,5,494.52,0.05,CreditCard,7.0,4.0,2348.97
70812,2023-04-03,3bb554f6-b5d0-4641-9309-30f9ddb28551,Automotive,Africa,4,143.42,0.05,BankTransfer,1.0,4.9,545.0
61238,2024-02-23,4b637343-4f0c-4036-bcf4-e458b90ed009,Home,North America,1,485.52,0.05,BankTransfer,8.0,3.1,461.24
59542,2023-10-31,38d95d60-9715-4fa5-8de3-d7fbf1d288ad,Toys,Europe,2,374.14,0.2,PayPal,4.0,4.9,598.62
14407,2023-11-23,99cfc5aa-36de-4ce6-b3be-b3611193874e,Beauty,Africa,2,262.56600000000003,0.0,CreditCard,9.0,3.3,525.13
88127,2023-01-22,91e2f520-4f98-468d-b8e5-bfed6e672a66,Automotive,Africa,3,78.97,0.1,BankTransfer,2.0,4.2,213.22
84954,2023-01-12,45d95418-a7e9-440f-b432-98988dbfc936,Sports,South America,2,380.68,0.0,Cash,9.0,3.2,761.36
5983,2025-12-03,1aedbcfd-a357-44ea-8e80-c78a6bf2d5d9,Home,North America,4,272.51,0.1,CreditCard,9.0,4.7,981.04
45856,2024-06-01,81242236-d835-4361-bbe8-8dbe5111587c,Sports,South America,1,373.27,0.05,PayPal,8.0,4.0,354.61
49857,2025-04-30,f1ebd811-ebad-44c5-b778-827457c62155,Sports,North America,1,267.55,0.15,Cash,2.0,2.8,227.42
71378,2023-02-01,d3fe22d3-3011-4743-aa49-680daa5b654d,Automotive,Oceania,2,248.48,0.0,CreditCard,4.0,3.6,496.96
2450,2024-10-22,171603b1-7466-4e6f-a1ee-b1f133b1d0dc,Automotive,Asia,5,344.36,0.05,PayPal,3.0,3.6,1635.71
37572,2023-04-12,e9c74cd6-2128-41ac-a0ca-4b4c2e3cefe0,Sports,North America,1,228.68,0.05,Cash,2.0,3.9,217.25
57991,2025-04-19,fa823ae2-bf0a-4b33-b642-6796fdbb7edb,Automotive,South America,4,24.04,0.0,PayPal,8.0,4.3,96.16
3314,2025-04-19,076451d3-275d-4459-92d3-6897d6442365,Home,South America,4,49.6,0.0,PayPal,9.0,2.3,198.4
3290,2025-02-09,bca37653-50c7-4baa-aa3c-6137e48623dd,Fashion,North America,2,197.03,0.1,PayPal,4.0,4.0,354.65
62383,2023-05-21,01f0977c-077d-464a-be57-13bec0752cd6,Electronics,North America,1,68.36,0.0,Cash,3.0,3.1,68.36
49513,2025-03-20,baa93b01-cb77-4aa6-a74c-f567d368093b,Beauty,South America,2,137.51,0.0,Cash,8.0,3.2,275.02
23379,2023-08-24,9f689d10-cbfa-493a-ba6a-78d0259aee3b,Fashion,Oceania,4,106.18,0.15,CreditCard,3.0,3.8,361.01
77432,2024-01-29,f6785768-2c65-4208-9948-bccc565b3cb1,Home,North America,5,388.79,0.0,Cash,2.0,3.8,1943.95
41797,2023-02-20,506e3e93-5d3b-4df5-b7f6-16fc55cf9f68,Automotive,Europe,3,406.47,0.0,CreditCard,9.0,2.5,1219.41
33966,2023-06-22,7505bb0b-b415-4637-8a27-6c0f0afd5240,Automotive,North America,3,409.27,0.15,CreditCard,5.0,3.4,1043.64
4452,2024-09-19,1b2375d0-b38f-40f2-8dd8-67e55f26b2a6,Toys,Oceania,4,156.1,0.05,CreditCard,9.0,2.2,593.18
61543,2025-01-30,c39dba82-bb5c-42be-8460-583a1955ca1f,Sports,North America,3,170.07,0.05,Cash,7.0,4.6,484.7
96707,2025-08-21,6e600f9c-b0c7-4b4b-9db1-6c4d77f83e57,Home,Oceania,4,336.74,0.05,CreditCard,6.0,2.3,1279.61
36035,2024-01-20,abbb03a4-3e29-43e5-a8d1-bf94c1ab72b6,Toys,Oceania,5,71.53,0.0,Cash,4.0,2.0,357.65
66663,2023-07-28,fbdd12d8-4348-4ee8-91d5-0b98b1c8f06c,Sports,South America,2,201.18,0.05,BankTransfer,3.0,3.5,382.24
89013,2025-04-04,3ce45dd7-57c0-4147-8548-de1602230fec,Sports,Oceania,3,411.25,0.0,BankTransfer,7.0,2.3,1233.75
82212,2025-07-27,d1750d71-0dc1-4e41-a924-213edfa1d3aa,Home,Asia,3,87.29,0.0,PayPal,1.0,3.1,261.87
45052,2025-03-12,c54819e1-300f-4951-8b5f-0c81b96d3171,Sports,Oceania,3,84.44,0.1,Cash,9.0,3.2,227.99
97145,2024-09-26,8d1254cb-2dc6-4ae9-9235-23909264e78f,Automotive,Asia,5,,0.05,PayPal,6.0,3.3,763.89
55494,2025-08-20,b237570b-caf6-4649-aa7a-e4473fcbb7d7,Sports,Oceania,4,362.18,0.05,BankTransfer,6.0,3.8,1376.28
24548,2024-11-10,fedafd29-f273-402a-9024-25ebcb222192,Fashion,South America,5,48.465,0.0,CreditCard,2.0,3.5,242.32
25024,2024-07-09,62cb979d-43ee-4cb8-bdf8-b48b915cb1c6,Home,South America,5,167.54,0.0,CreditCard,7.0,2.4,837.7
91238,2025-08-03,68695f07-1550-41d0-97af-dba2d50d90c4,Home,Asia,2,125.69,0.0,Cash,1.0,3.9,251.38
84937,2025-09-03,2acdb86b-9e0f-40ec-b41d-32a64d04afc6,Electronics,North America,4,477.13,0.05,BankTransfer,5.0,3.6,1813.09
4689,2025-12-13,34b16488-cb4a-4b4b-aa68-3e184fc40b0a,Automotive,Europe,1,30.49,0.05,BankTransfer,2.0,4.2,28.97
47175,2025-07-28,91354360-eb5c-4275-9ca4-c51c5e92249f,Toys,South America,4,249.84,0.1,Cash,1.0,4.6,899.42
65203,2023-12-28,0f953c6a-edab-48b8-84f6-684bc3121a5c,Sports,Asia,4,218.16,0.0,BankTransfer,6.0,3.3,872.64
59781,2025-12-22,4e72aa52-83be-4cd9-87d4-e1ff8b6a5839,Automotive,Oceania,3,297.72,0.0,BankTransfer,2.0,3.4,893.16
79278,2024-05-17,9974281b-f2e3-4673-a514-e46dc1dd86d4,Sports,Asia,4,32.41,0.0,Cash,3.0,2.4,129.64
65190,2025-09-04,8afa0c5e-e62b-4207-b9a1-c64ad53de14a,Beauty,Africa,4,495.74,0.0,Cash,2.0,3.4,1982.96
15618,2023-06-11,69275829-6c5e-4242-a627-aaf779cd96c1,Fashion,Europe,4,65.62,0.0,BankTransfer,6.0,3.5,262.48
62448,2024-05-05,1126952a-3d39-4d7d-889e-ddac4158346f,Beauty,Oceania,3,445.69,0.0,CreditCard,2.0,2.7,1337.07
4245,2023-06-23,d92d9519-9e24-4724-a47a-7b03768ae6fb,Sports,Europe,2,68.88,0.05,PayPal,9.0,3.8,130.87
75112,2025-09-03,e070028b-039b-41db-96c8-15e555f47f7d,Automotive,South America,4,393.12,0.0,BankTransfer,6.0,3.1,1572.48
11251,2025-08-20,8bdf7e7e-c248-4251-a3b0-f45dc08665ec,Electronics,Asia,1,395.58,0.15,PayPal,5.0,2.1,336.24
68474,2025-02-13,b263c33b-cd89-4d24-b6a6-d37711ab78d7,Fashion,,2,33.73,0.0,CreditCard,9.0,4.5,67.46
95853,2024-12-31,da12e424-1d7a-4394-83c6-b64adb22bdac,Home,North America,3,257.01,0.0,Cash,4.0,4.9,771.03
94405,2024-08-10,361748d2-c518-48f6-a361-c2f165e55438,Sports,Asia,1,453.2,0.0,BankTransfer,9.0,4.0,453.2
38115,2025-05-09,d7cb2a2e-180c-442f-9454-322fe654b0e2,Home,South America,1,428.5,0.05,PayPal,1.0,2.1,407.08
41536,2023-10-07,3950a369-ca0e-4a52-9300-994632c868a2,Sports,Africa,2,141.61,0.05,Cash,4.0,3.8,269.06
50199,2024-09-03,ce289de4-7921-4ac8-92cd-fc085ac85bf1,Beauty,South America,3,104.36,0.15,Cash,9.0,4.8,266.12
39796,2024-06-02,61521896-26c2-49f1-8e91-0b5c83eee779,Sports,Europe,3,386.36,0.15,Cash,5.0,2.1,985.22
22794,2025-02-14,b11822ff-ab73-49a1-be9d-d3cc28aca4da,Beauty,South America,5,73.93,0.1,CreditCard,1.0,5.0,332.69
56098,2024-05-21,fbfd8d9a-3c14-423c-964d-5331e2b1ebcc,Toys,Africa,3,165.3,0.05,BankTransfer,8.0,2.4,471.1
51688,2023-04-22,89cf6785-4364-46b5-a87b-ecad603166f4,Electronics,South America,3,159.22,0.2,Cash,,4.3,382.13
99624,2024-04-28,36f99fd4-993e-4907-9166-5c94889765b8,Fashion,Asia,2,424.18,0.05,Cash,7.0,4.1,805.94
87692,2024-08-27,d6bee1c4-99e3-43f2-9716-4453adf11ef3,Automotive,North America,5,33.63,0.05,CreditCard,9.0,2.5,159.74
51009,2025-09-19,139e2e60-080a-4d72-a6af-2eefcfe2123a,Automotive,Europe,2,153.9,0.05,CreditCard,7.0,4.4,292.41
11039,2023-10-21,eac04858-b4d7-4748-b3f8-33d35db58cdc,Toys,North America,4,108.18,0.0,CreditCard,7.0,3.7,432.72
82817,2025-07-12,0a2aa248-22db-40b5-b680-70be20b00f7c,Beauty,Europe,1,415.58,0.0,PayPal,4.0,2.2,415.58
29574,2025-04-06,1e005657-d048-4e32-938f-627626dea97b,Home,,3,353.68,0.0,CreditCard,1.0,2.5,1061.04
31448,2023-09-06,11b67738-43ed-4e83-b0df-d90c0af6d6d5,,Africa,4,486.86,0.1,PayPal,8.0,4.9,1752.7
46017,2024-10-30,8f5cc497-5b84-4f27-a143-05e25a31ac5e,Sports,Europe,4,55.53,0.0,PayPal,1.0,3.0,222.12
79371,2025-04-03,11948cca-7a30-4baa-8fd4-b40c598b3835,Electronics,North America,2,317.46,0.0,BankTransfer,7.0,4.4,634.92
5449,2025-05-01,8365d2cf-173b-4226-84d9-ea2dcb56eb48,Toys,Europe,2,177.45,0.0,CreditCard,8.0,5.0,354.9
14832,2025-12-18,6f71b9ba-6b20-4590-859b-3fa5b73cdcb4,Electronics,Asia,5,467.22,0.05,CreditCard,8.0,4.4,2219.3
12107,2023-07-24,cf11be94-02a6-427c-8d16-192b515b1487,Electronics,Africa,1,377.16,0.0,Cash,7.0,2.4,377.16
69176,2023-03-28,c0a16918-8eb7-40a4-87f2-af7932331357,Beauty,Oceania,3,303.18,0.0,BankTransfer,2.0,2.5,909.54
11498,2025-10-16,5278faea-1523-4a90-992b-ba2538e4cbdf,Beauty,South America,2,447.1,0.15,Cash,4.0,2.1,760.07
12534,2025-10-02,d57a1134-c82f-48db-9bc6-9dfca6a148c3,Home,Oceania,1,227.4,0.0,CreditCard,9.0,3.9,227.4
29232,2023-12-23,2eb7f6e1-5365-428c-8bd3-6f9d54fdfb9b,Sports,Africa,3,388.98,0.0,CreditCard,3.0,3.4,1166.94
16161,2023-06-17,d9738a63-c262-4e44-afdd-42c0484c6265,Sports,Africa,5,212.32,0.0,PayPal,8.0,3.1,1061.6
85998,2023-05-23,eee38f3e-ec98-4abc-89ee-69ae9af63bc3,Electronics,North America,4,359.61,0.0,PayPal,4.0,4.9,1438.44
72030,2023-09-22,0149ac30-558d-4c80-88e9-4775413a9fd3,Sports,Africa,3,326.09,0.05,PayPal,3.0,3.3,
93633,2024-06-11,692c1fe3-3bb7-4e67-acc8-f989e232b97d,Fashion,North America,3,8.47,0.2,CreditCard,8.0,4.1,20.33
10830,2024-05-22,44f36f67-9f9f-4d78-b19e-5eb1afcb7996,Sports,Oceania,4,248.65,0.1,BankTransfer,5.0,4.9,895.14
83069,2024-10-04,56b35c55-393f-4cbc-8d7c-c059cceb53ca,Toys,South America,3,287.45,0.1,Cash,7.0,4.9,776.11
48741,2023-05-20,21ef42cc-1b89-46aa-a1bd-240181ec72e8,Fashion,North America,4,182.35,0.0,BankTransfer,4.0,3.8,729.4
22611,2023-03-30,dfae6b2d-c6fe-462e-b006-58ed94168bf7,Beauty,Oceania,4,498.7,0.0,BankTransfer,6.0,4.4,1994.8
64274,2025-06-13,d7e90130-41c6-4219-9884-a1782efc5ab6,Fashion,Africa,5,208.62,0.1,BankTransfer,8.0,4.4,938.79
11778,2024-06-17,efa8c7a7-2956-4c67-a6ff-b2a15ddc7abb,Sports,Africa,1,430.79,0.1,CreditCard,7.0,2.9,387.71
17543,2024-11-16,8d09d751-1470-4624-8f2a-61c04f153435,Electronics,Africa,4,105.21,0.05,CreditCard,9.0,4.2,399.8
29932,2023-02-02,7bd63c59-d7ea-4d5d-9899-4a8bad5d5c2a,Sports,Africa,5,354.83,0.0,Cash,2.0,4.7,1774.15
6427,2023-03-18,b0333c0d-5381-4235-b1cf-c83f359ee84a,Sports,Oceania,1,443.94,0.0,BankTransfer,2.0,4.3,443.94
73918,2023-07-14,0c17c124-3ba4-480b-b83d-bd0384b90ded,Electronics,South America,1,310.24,0.1,PayPal,2.0,4.7,279.22
17091,2025-03-11,d9b833fd-0964-45f3-9f36-8532241939f4,Electronics,North America,3,476.94,0.1,CreditCard,1.0,3.7,1287.74
72810,2023-03-04,8de11cb0-04d3-4f73-b003-ac1930c2d46f,Toys,North America,4,231.77,0.1,BankTransfer,9.0,4.9,834.37
74690,2023-01-01,e5b32ef9-2514-4502-ae4c-4b85110de65c,Home,Oceania,2,344.78,0.0,CreditCard,4.0,4.4,689.56
39875,2025-12-15,51c77965-2198-49cc-bcb4-3d57e8049941,Beauty,North America,5,33.97,0.0,CreditCard,7.0,2.8,169.85
65401,2024-09-26,18f56437-dc66-47f6-bd85-931776f19892,Automotive,Africa,5,459.13,0.15,BankTransfer,5.0,4.7,1951.3
60178,2024-07-24,a469625b-8178-4a1b-b732-4ab14abbdf36,Automotive,Oceania,1,143.2,0.1,Cash,5.0,3.6,128.88
53851,2024-09-26,9ddfcf5e-2855-466c-b5dd-068b148502f2,Electronics,Asia,2,339.58,0.1,PayPal,8.0,2.2,611.24
80829,2024-09-30,3f63ed90-bbf5-45b9-a5c1-36399fe42c2e,Electronics,Oceania,1,189.26,0.1,BankTransfer,2.0,3.5,170.33
96591,2025-03-02,917f8d49-2ecc-4233-8c65-c06892c3c2f1,Sports,North America,4,487.76,0.1,Cash,,4.1,1755.94
97487,2024-11-22,671a8a66-0631-4d18-a9ff-a39885c8eec3,Beauty,Africa,6,84.76200000000001,0.0,CreditCard,3.0,4.7,508.57
85177,2023-03-15,07fbcacd-f4a8-474c-b6db-c36c75c9a90b,Sports,South America,2,312.93,0.0,PayPal,4.0,4.4,625.86
38411,2024-06-22,97573a6d-97da-460e-abdd-796c5c55dc37,Automotive,Asia,1,204.69,0.15,CreditCard,5.0,4.1,173.99
33563,2023-10-03,2b007383-deb4-4ff2-8ff6-d8bc6999e448,Toys,Europe,2,303.18,0.0,BankTransfer,1.0,3.8,606.36
14889,2025-04-22,960c05cd-2ad7-47bd-86a2-2cdadcd3cdcc,Toys,North America,2,368.12,0.0,PayPal,6.0,3.2,736.24
80446,2025-02-24,593489bd-1041-43b3-b106-6b732e1fc0be,Automotive,Africa,5,63.56,0.15,CreditCard,1.0,3.0,270.13
47705,2024-01-29,19d026f8-a2dd-47a5-a92e-3e8902cef4af,Automotive,South America,4,17.24,0.0,BankTransfer,1.0,3.7,68.96
1911,2025-10-22,8c8181b4-fe8b-4ccb-bd75-a5f3eeafca83,Home,North America,4,280.14,0.05,PayPal,3.0,2.2,1064.53
43122,2025-12-18,ebf4a80a-0473-488b-8219-17cc3a9dc781,Electronics,North America,4,64.85,0.0,PayPal,9.0,2.8,259.4
95126,2025-11-18,8adb2e17-5fe5-4703-8729-a98ec03e41d5,Automotive,Asia,5,149.769,0.15,CreditCard,3.0,4.5,636.52
83564,2025-08-13,69ac155e-e0a8-4b90-bbe8-0ab2035e5be2,Beauty,South America,3,326.1,0.2,Cash,6.0,3.3,782.64
1222,2024-07-14,90ce77e9-7513-43b9-87de-96ea2b0fbe44,Beauty,Africa,1,194.21,0.05,BankTransfer,6.0,4.0,184.5
97418,2025-03-25,89e1404c-cf0f-45c6-a195-163c1db9d6f5,Electronics,Africa,4,290.3,0.0,PayPal,7.0,4.1,1161.2
57769,2025-10-29,62d6c2c0-9d3b-4597-80fa-78c041bb0626,Sports,North America,4,413.14,0.05,Cash,2.0,3.2,1569.93
14828,2025-08-13,a96f61cc-a82c-4ed3-b50e-da50c56afa5b,Fashion,North America,3,239.44,0.1,Cash,2.0,2.1,646.49
62670,2023-06-30,b74cc7fb-f034-4e51-b464-8743aa8940a7,Sports,Europe,1,48.46,0.1,BankTransfer,3.0,4.8,43.61
14608,2024-04-14,ff17bd6f-c984-44fb-a656-1ffcc61c3d58,Toys,Africa,5,176.88,0.15,CreditCard,1.0,4.4,751.74
20035,2025-04-21,6b91a4b6-9daa-4003-8569-c3a77610468f,Sports,Europe,4,71.51,0.05,PayPal,3.0,2.9,271.74
13936,2023-10-15,afa3153c-ebd4-45cb-a152-424b180b1a8a,Toys,Africa,3,51.2,0.05,CreditCard,3.0,4.4,145.92
99188,2023-10-22,4abb4c79-145c-4217-849e-96ff1d5128e6,Toys,Asia,2,112.13,0.0,Cash,2.0,2.0,224.26
57810,2024-01-23,6e771bb4-c8de-4d9a-b4dc-f40a226282c1,Toys,Europe,3,30.24,0.05,BankTransfer,7.0,2.9,86.18
22388,2024-08-21,4217615d-8753-4b91-bf6a-889cd8528f07,Toys,North America,1,77.89,0.0,CreditCard,7.0,4.1,77.89
57710,2024-10-06,,Home,Europe,4,95.52,0.05,Cash,3.0,3.0,362.98
88889,2025-05-12,1212e227-eb76-4351-8984-5ff93a5efbf0,Fashion,Asia,1,281.48,0.0,CreditCard,8.0,4.9,281.48
70408,2025-05-08,1c220f42-090d-49db-b674-b191bc6552b1,Home,South America,4,398.98,0.0,PayPal,5.0,3.4,1595.92
4420,2024-08-01,fa61726a-eedf-4f78-9c99-4976008ec990,Beauty,Europe,1,489.36,0.0,BankTransfer,2.0,2.1,489.36
22303,2023-04-18,4188431e-6c96-478d-9f69-881a2adf10e9,Toys,Asia,3,245.12,0.0,Cash,2.0,2.5,735.36
98454,2025-12-30,829ac030-6d5b-496a-adaf-8ebc3208673c,Automotive,Africa,4,235.77,0.0,BankTransfer,1.0,3.3,943.08
53675,2024-09-12,cabd761f-deac-445e-8c09-837c053e9f6d,Sports,South America,3,352.04,0.15,BankTransfer,8.0,3.8,897.7
47006,2025-02-21,f3bf1db3-0bc5-486f-90be-db84526a523e,Home,Africa,1,174.99,0.0,BankTransfer,5.0,3.5,174.99
32808,2024-02-25,f44f3085-003d-4fcf-a78c-22c81263ead3,Home,South America,1,198.75,0.0,PayPal,2.0,4.7,198.75
38443,2023-10-16,fc5ae805-f2c2-4359-8e6c-ae97fa8279f5,Automotive,South America,1,93.28,0.15,Cash,3.0,4.4,79.29
2213,2024-08-16,32fd73c5-0894-4176-be99-df69bcd49975,Electronics,Asia,1,82.06,0.1,CreditCard,6.0,4.6,73.85
47442,2025-03-27,e6149638-85c1-403b-9165-27a3ad99c58b,Sports,Africa,4,384.51,0.1,BankTransfer,8.0,4.0,1384.24
13580,2025-08-21,7c7d471a-71cb-495c-9262-8861c0e4f44d,Home,Africa,1,454.4,0.1,Cash,3.0,3.4,408.96
35346,2024-04-25,4988e784-f13d-4936-a816-4d9a715dbf9a,Automotive,Asia,3,256.52,0.0,BankTransfer,8.0,2.4,769.56
52716,2025-06-27,555c56b4-fb4f-405a-973a-346817e3add9,Fashion,Europe,5,156.09,0.0,BankTransfer,9.0,2.8,780.45
78495,2024-01-14,1be4ff2c-ece8-4bab-9d9e-57a063142d7d,Beauty,Asia,3,499.16,0.15,Cash,5.0,3.9,1272.86
21757,2024-08-11,6ea96992-ca9c-4c16-bfbb-0308abfd45aa,Toys,Europe,2,430.08,0.15,BankTransfer,8.0,2.9,731.14
15084,2023-01-22,b5663d62-60fd-444f-aa42-cb5161336c44,Fashion,Europe,4,208.63,0.0,PayPal,8.0,2.2,834.52
74893,2025-08-29,fa0efa76-a448-4e55-9124-7a25124884d1,Sports,Africa,5,176.43,0.05,Cash,7.0,2.4,838.04
38540,2023-02-28,e8aa1ab9-dceb-481a-96c6-d1040ac9eadc,Electronics,Asia,1,422.76,0.0,BankTransfer,8.0,4.8,422.76
20777,2023-01-16,cc3fb20d-61bf-48c3-80a7-28c5ee7beff1,Home,North America,3,463.19,0.0,BankTransfer,9.0,4.9,1389.57
72758,2023-10-23,097b4bfe-fbd4-4390-945d-3345255b0697,Toys,Europe,3,133.38,0.0,BankTransfer,4.0,4.5,400.14
586,2024-11-06,c3a00c6f-2321-41e1-8471-04c036136e15,Automotive,Asia,4,418.5,0.1,BankTransfer,1.0,3.1,1506.6
90238,2025-04-25,bded4034-72d3-47b5-8f77-f149c0a16aeb,Toys,Europe,4,472.11,0.0,CreditCard,4.0,2.4,1888.44
39695,2025-09-29,2218f4b6-f542-4c48-9479-59df167c1165,Sports,Asia,3,350.52,0.1,Cash,6.0,3.4,946.4
95150,2025-11-03,f09a55a7-f289-4554-9f16-0ccd1dd22fda,Electronics,Oceania,2,320.364,0.15,BankTransfer,3.0,3.7,544.62
92221,2025-04-29,7e78b1fe-65f3-4ba4-9b69-18ccad4178e6,Sports,Asia,3,81.9,0.0,BankTransfer,6.0,2.7,245.7
78802,2024-10-02,cbe164c4-0e02-43f4-945c-bc2488cb4750,Automotive,North America,3,166.93,0.0,CreditCard,6.0,2.7,500.79
71266,2025-08-05,702cbbe4-aaaf-4df8-a9af-078af28b96d5,Toys,Oceania,3,308.61,0.05,PayPal,5.0,4.0,879.54
19371,2025-10-05,ec5464a1-8773-4e8a-b013-d7625d4a2b4a,Toys,Asia,3,33.59,0.15,BankTransfer,6.0,2.2,85.65
44724,2025-04-20,45b8bacb-6ee0-4a48-8ce9-fcda50019e40,Sports,Europe,3,33.97,0.0,CreditCard,5.0,3.6,101.91
65572,2025-03-04,57bb42df-7b8f-406a-86ec-5ef8fe5318ed,Electronics,Oceania,3,36.63,0.1,BankTransfer,3.0,3.9,98.9
22765,2023-02-14,683033bc-b13b-4ee8-bcdc-6b9b3a014a9b,Sports,South America,1,484.98,0.0,BankTransfer,3.0,2.4,484.98
4104,2024-04-06,0ddb0654-ce19-4f51-9da8-b3919494065d,Beauty,Oceania,3,388.56,0.0,Cash,6.0,3.7,1165.68
81263,2023-11-06,6650562d-f6bc-4d08-89d1-9bbd8c596260,Toys,Africa,2,154.8,0.0,CreditCard,4.0,3.0,309.6
9409,2025-07-08,571cdfbf-8dd9-4b83-9877-c24c8842955a,Sports,North America,3,13.12,,BankTransfer,6.0,4.2,31.49
37594,2025-02-16,0a8e7c78-06a9-4518-bc7a-dd932b48dcbd,Toys,Oceania,5,150.93,0.1,BankTransfer,5.0,2.4,679.18
42237,2024-09-05,2a74889c-6f74-4c44-b1ac-96a2944b8033,Electronics,Asia,4,326.59,0.15,Cash,5.0,3.3,1110.41
54807,2023-08-04,9dfecd3b-eb2c-4685-84d6-cb987d2bbc60,Toys,Europe,4,6.03,0.15,PayPal,9.0,2.7,20.5
99699,2024-01-02,161e7518-ba9b-40ca-8302-bd6a5237df5f,Fashion,North America,1,235.05,0.15,PayPal,6.0,2.3,199.79
49044,2023-01-17,a1470e58-5870-4df1-ba40-26c30262b936,Home,North America,2,436.61,0.0,PayPal,6.0,3.9,873.22
41762,2025-07-09,f65a9197-fcc0-4bd2-aaf1-645193d5125a,Home,Europe,4,186.31,0.05,PayPal,7.0,4.0,707.98
24469,2025-03-01,7ed56097-6fc6-44c2-8f88-e7c5b22411f8,Toys,Asia,3,128.27,0.15,PayPal,6.0,3.3,327.09
65699,2025-06-14,428d6450-c223-49e1-bd74-08253af7d156,Fashion,Europe,4,328.65,0.0,BankTransfer,5.0,2.1,1314.6
32716,2025-05-16,fff4bad5-898d-4119-bd51-3ea9677769ad,Automotive,Africa,1,120.32,0.1,CreditCard,6.0,4.9,108.29
40360,2024-09-18,eb8a7cf0-f820-4b34-9a67-28c3a546e95b,Beauty,Oceania,5,69.6,0.15,PayPal,9.0,4.9,295.8
89071,2025-11-23,613f3917-f1dd-41f1-94da-a8f8fc41bd77,Automotive,,2,148.122,0.15,BankTransfer,4.0,2.7,251.81
7784,2023-10-02,9b48c6fb-333f-417b-a054-e592101b3c72,Automotive,Oceania,5,429.98,0.15,BankTransfer,2.0,3.6,1827.42
36169,2023-08-12,4307599d-a2d6-4bb8-b454-cd84f93c3ab0,Electronics,Oceania,1,80.03,0.0,Cash,9.0,3.4,80.03
13199,2024-06-15,f3cd0681-81f7-4175-9f59-bdecf7b453f5,Beauty,South America,4,329.48,0.2,BankTransfer,9.0,2.2,1054.34
18555,2024-10-29,96502ed4-8dc1-4db4-a406-522ff2ef3eb1,Beauty,Africa,3,156.24,0.0,Cash,3.0,4.9,468.72
47950,2025-08-05,e4cee509-217a-4255-922f-b3beca184e53,Home,North America,1,66.78,0.15,Cash,9.0,4.8,56.76
18332,2024-02-01,c0bd494b-69e6-4df4-8be7-3aeb5a6ae3c6,Sports,South America,4,306.92,0.05,CreditCard,1.0,,1166.3
50601,2025-05-07,b6a26dd3-e7d2-4025-a3ac-73ad30eed426,Electronics,North America,3,136.73,0.0,BankTransfer,5.0,4.7,410.19
11373,2023-01-25,388d46c3-990e-41ea-b31b-7c54fb62b35d,Home,Africa,1,273.03,0.0,BankTransfer,5.0,3.7,273.03
34606,2024-03-07,25a773de-8337-46c2-a591-3d354dd5b00d,Home,North America,1,151.44,0.05,Cash,6.0,3.2,143.87
93669,2023-02-13,0fe708ab-c291-4db6-aef0-b5f51ba8c26c,Electronics,Asia,2,467.04,0.0,BankTransfer,8.0,4.7,934.08
34591,2023-08-23,65df6f0c-76fe-41ca-9976-029c475ee308,Fashion,North America,4,303.94,0.15,PayPal,9.0,2.2,1033.4
95414,2025-05-11,79503e0d-1505-4268-9be4-9c0ab4312d12,Electronics,South America,3,124.8,0.1,Cash,7.0,4.3,336.96
76659,2023-02-25,08046b1b-5476-456d-8b1b-c7b96e32838c,Electronics,Asia,4,100.28,0.0,BankTransfer,7.0,4.3,401.12
96016,2025-09-26,5bb94ebd-f399-4791-adf9-9a171add4ff5,Electronics,,5,333.35,0.1,BankTransfer,2.0,3.7,1500.08
22825,2024-01-07,07256699-9e37-4e92-b1b8-b77b3012f305,Home,South America,2,441.01,0.05,BankTransfer,9.0,4.6,837.92
35464,2025-05-15,b4c5d4cb-c497-4da8-a8c1-b719825c54b1,Home,North America,2,119.59,0.15,CreditCard,1.0,2.9,203.3
8086,2023-12-05,82fecfdc-73fb-4982-8401-4a72068f19b5,Electronics,Asia,5,213.75,0.0,BankTransfer,3.0,4.7,1068.75
75430,2023-07-02,36f3d6d3-3559-43c3-9b8b-b33814b7ada1,Toys,South America,4,405.43,0.05,Cash,1.0,3.3,1540.63
41188,2023-08-27,eef29a4c-3ed0-4ae3-b6c0-b07490490d09,Toys,South America,5,414.02,0.0,Cash,1.0,4.2,2070.1
29415,2024-09-26,a1713120-85bf-471f-a2d5-da5de59cb2c0,Beauty,Oceania,1,431.88,0.0,Cash,7.0,4.9,431.88
78112,2025-05-17,2f5c0b4a-8948-4426-bd2d-972f956acb37,Fashion,North America,1,6.57,0.0,Cash,1.0,3.7,6.57
75831,2023-11-27,ee3720a2-96e0-4443-9892-d167e382e107,Toys,North America,2,375.291,0.1,CreditCard,9.0,3.6,675.52
84627,2023-04-08,81556bb2-8270-43f1-b4e3-1b15c2d953ba,Beauty,Africa,1,303.55,0.2,BankTransfer,8.0,4.0,242.84
79515,2025-11-16,2a075ef6-ce9c-42d7-b650-3688f0ffa78e,Electronics,Europe,3,228.996,0.1,PayPal,5.0,3.6,618.29
59848,2024-11-30,7a307926-93a6-47bc-bb8a-285cafd98510,Fashion,South America,6,215.388,0.0,PayPal,2.0,3.0,1292.33
21256,2025-05-08,c570896e-240b-4dd5-9c00-01e60d927c37,Sports,Europe,4,330.7,0.0,CreditCard,6.0,4.9,1322.8
35153,2025-04-16,887abf0c-e791-41c3-90cd-37ffd8f98318,Automotive,Europe,5,414.29,0.05,Cash,5.0,4.2,1967.88
45763,2025-11-15,7f2b3c85-ec70-4990-8290-eedd4295edd1,Toys,Oceania,6,156.84300000000002,0.0,Cash,8.0,3.1,941.06
85808,2023-03-28,5e98552b-d087-4adb-9c37-04a1bd446be7,Sports,South America,3,459.07,0.0,PayPal,6.0,4.4,1377.21
85583,2024-10-08,66f5067c-405f-4ae2-97ed-52653975e1a5,Toys,Oceania,5,454.14,0.0,PayPal,5.0,2.9,2270.7
58904,2024-11-23,c2ee5d35-e5dd-4dae-ac75-ea46382c01b4,Toys,Oceania,2,189.954,0.1,Cash,4.0,4.6,341.92
4685,2023-09-03,32a807cc-2c47-4336-8006-1add316c00bc,Beauty,Asia,3,499.82,0.1,Cash,4.0,4.7,1349.51
36138,2024-07-19,750a9c79-21e6-4781-9f1d-9e6dff2985c5,Toys,South America,2,435.52,0.0,Cash,7.0,3.3,871.04
34864,2025-09-21,2f6b95a6-dccd-4ade-b565-53d19b0b93f2,Automotive,Asia,5,358.64,0.0,CreditCard,2.0,4.2,1793.2
62333,2023-11-04,1d87de0e-65e0-4067-8dd8-03c937ed5a98,Home,Europe,3,266.607,0.1,PayPal,5.0,4.1,719.84
61934,2024-06-06,073c2a57-4bb9-4842-bce4-5ab0541570fd,Fashion,Asia,4,114.3,,Cash,1.0,3.3,457.2
99578,2025-04-10,00a68632-6176-48c4-be33-e329fe5ad7e5,Automotive,Africa,4,88.24,0.1,CreditCard,3.0,2.5,317.66
44938,2023-11-29,e3a953a9-6489-4728-ae51-61d5d9d07971,Home,Africa,5,173.259,0.05,PayPal,6.0,3.9,822.98
19810,2023-06-20,436d1a6a-d98a-41b3-ac02-5f6a7d873b7d,Electronics,North America,5,431.49,0.05,CreditCard,5.0,4.1,2049.58
80326,2025-12-05,d63f85ab-5e12-48f8-b786-ad350fec5af6,Fashion,Asia,1,284.15,0.0,PayPal,4.0,4.6,284.15
97792,2025-11-19,3ce49130-cc28-47f4-8478-f845a4fd99c5,Home,South America,6,53.928,0.0,PayPal,1.0,3.3,323.57
2291,2023-04-17,d37ee471-6e3b-4507-a21c-1209c3a1962d,Sports,Oceania,2,211.82,0.0,BankTransfer,4.0,4.1,423.64
72158,2025-09-21,73ec5b83-7246-4267-bed4-da72a0d3d8fb,Sports,Asia,1,339.84,0.0,Cash,1.0,4.5,339.84
52921,2023-04-02,1c7f1fc9-6d3b-4682-a40e-7ff0bbc34e9a,Toys,South America,4,261.82,0.1,CreditCard,4.0,2.7,942.55
59117,2025-09-04,34928a7b-42dc-4d93-a93a-04150360bd53,Beauty,Asia,5,253.25,0.0,Cash,8.0,4.9,1266.25
43583,2024-01-12,5bad287f-59bb-4917-a2d6-2c8b95e27771,Automotive,North America,4,256.31,0.05,CreditCard,3.0,2.3,973.98
36645,2023-07-31,568fe4fe-f858-4532-bc9f-ca6ff0ee7620,Toys,South America,3,81.51,0.0,PayPal,9.0,3.9,244.53
86350,2025-11-13,c6962a24-48cb-4fc7-be59-3147fc8d6fde,Electronics,Africa,5,96.084,0.0,BankTransfer,7.0,3.5,480.42
84216,2023-08-06,833fec42-aa94-49fa-9de3-c4db9dbf8bfb,Automotive,Europe,3,50.46,0.15,PayPal,9.0,3.0,128.67
82852,2025-02-25,03df0c66-0cbb-4f92-b5a8-0e6d5b120acc,Toys,North America,2,448.54,0.0,BankTransfer,6.0,3.9,897.08
98756,2025-09-10,d99cd3a8-eb87-4518-a441-a0a58ff91293,Toys,Oceania,5,327.1,,PayPal,8.0,4.6,1635.5
49418,2024-01-05,0eba908d-d7cc-48c1-bd1a-e74938ab106d,Sports,Africa,5,123.81,0.0,PayPal,6.0,3.9,619.05
80699,2023-06-09,0489ce3f-fd5e-49bf-8a3a-56f5dc9936a3,Fashion,South America,4,210.08,0.0,PayPal,3.0,4.9,840.32
26054,2023-07-30,4bca1fc4-11d7-4dfa-88f4-05e8a673290c,Automotive,South America,1,114.61,0.0,PayPal,1.0,3.9,114.61
35425,2025-02-27,64bf82e1-a343-4b6b-b19f-815e86a07367,Automotive,Oceania,2,409.35,0.1,BankTransfer,6.0,2.7,736.83
93376,2025-06-14,92f713ca-0b69-4a54-b6a3-5a1e0a2302a7,Home,Oceania,1,197.44,0.1,PayPal,7.0,3.6,177.7
8589,2025-10-11,92a6584c-85b2-4fa7-9fde-c4f3c92215cd,Home,Africa,2,462.69,0.0,PayPal,5.0,2.8,925.38
92040,2023-01-20,7f4c22c4-880e-4430-8186-fab70f7a5db9,Beauty,Europe,4,319.19,0.0,CreditCard,4.0,4.5,1276.76
35768,2025-05-10,65399d75-47e2-4ede-a83e-b503e424e48f,Sports,South America,3,423.91,0.2,Cash,9.0,3.4,1017.38
57504,2023-11-08,d08aba95-52b7-45f6-a695-66490744add6,Fashion,Europe,6,164.178,0.0,PayPal,6.0,3.2,985.07
22673,2025-04-14,a672bfe1-515d-4ee1-b7b3-d35cf71bc83d,Home,Africa,3,226.07,0.0,Cash,7.0,3.1,678.21
69437,2025-12-25,3e9e6d1a-ebe5-463c-b0f2-7c98e19d2f82,Automotive,North America,1,20.1,0.1,PayPal,7.0,4.4,18.09
52992,2023-11-06,222b0b4a-9f6a-412c-a56b-be8a0f38b27b,Fashion,North America,6,28.314,0.15,CreditCard,1.0,3.7,144.4
93733,2024-07-28,ffe2ea17-b7e1-4b62-a0d7-59cdc823214a,Beauty,South America,5,17.6,0.1,BankTransfer,3.0,2.1,79.2
6484,2024-05-22,57f46801-69a2-4466-94c6-d16d569186b9,Electronics,North America,1,417.11,0.0,Cash,4.0,3.6,417.11
61462,2025-03-09,ce6ad5d5-29e6-48c5-9c06-d9079165332a,Fashion,Europe,3,252.64,0.1,Cash,1.0,3.7,682.13
36695,2024-05-11,8ccb33e7-6aac-4029-93ca-e6ae9e3720f1,Home,Oceania,5,421.73,0.0,BankTransfer,1.0,4.3,2108.65
17712,2025-06-02,2722e695-4618-4f72-aeec-67d5e942c749,Electronics,Europe,4,217.88,0.2,Cash,2.0,2.5,697.22
67458,2024-02-29,50d04757-4cce-4630-a65f-9362f936269f,Automotive,Asia,1,207.29,0.0,CreditCard,3.0,4.1,207.29
41277,2023-08-07,290ac04f-0a39-43a7-8e62-1c9b2dc9b66d,Sports,South America,2,345.64,0.15,BankTransfer,9.0,2.4,587.59
57688,2024-12-21,d30fb36f-75a1-4732-8416-0d5eae5cc28a,Sports,Oceania,3,63.81,0.05,PayPal,6.0,3.6,181.86
32348,2024-04-08,ec8ef28d-44d4-42e5-9254-3531c8fbbbc5,Fashion,Oceania,3,145.69,0.0,PayPal,7.0,3.4,437.07
16070,2023-04-22,db4c0d45-c1e6-478a-be81-d07d6c510a95,Home,Europe,3,488.49,0.05,Cash,9.0,3.4,1392.2
2169,2023-06-24,bfb8abb9-a18c-4492-b4e0-079a98fb4727,Toys,North America,1,358.77,0.05,BankTransfer,7.0,4.2,340.83
58204,2023-03-30,35a6c365-6126-47c9-91c9-64f4d7153f7e,Beauty,North America,2,425.88,0.0,PayPal,8.0,2.3,851.76
73521,2023-10-05,9962dc13-4411-4011-aefa-aa48e1ed070b,Automotive,Oceania,4,488.86,0.05,Cash,2.0,3.8,1857.67
37630,2025-05-26,4720fe78-ffb0-4cf1-b919-b1927ca8297c,Electronics,South America,1,32.65,0.1,PayPal,5.0,2.2,29.38
31632,2023-12-17,4247fd42-d6bd-4a82-8ddc-d54626560d7f,Sports,Europe,3,169.72,0.2,PayPal,3.0,3.0,407.33
56892,2024-11-16,c13c9de3-5c99-49f7-9861-08c234e12327,Home,Asia,3,445.842,0.0,BankTransfer,5.0,3.9,1337.53
81314,2025-07-28,43074550-1c95-4057-8f3f-70c6d67d35aa,Beauty,North America,4,35.32,0.1,Cash,1.0,2.3,127.15
38355,2024-01-31,faf7e81e-373a-468c-97f2-3c1d25a0e12b,Electronics,Europe,1,35.39,0.05,Cash,7.0,3.5,33.62
35270,2025-12-31,e171405c-9701-4619-bab4-afab01491e7b,Toys,Europe,3,18.06,0.0,Cash,4.0,3.6,54.18
65462,2023-08-12,af93db35-85ac-43d2-aef1-55e9bf554375,Toys,North America,2,233.47,0.0,BankTransfer,7.0,4.4,466.94
36629,2025-08-16,748485cb-2bc1-44e9-a2f6-dd04507e4fa4,Beauty,North America,2,132.39,0.0,PayPal,8.0,2.7,264.78
48977,2024-05-24,92bfd42d-727c-474e-ace9-7eb3cf688f93,Fashion,North America,5,404.12,0.0,PayPal,1.0,3.7,2020.6
18621,2024-01-24,0971bee4-553d-4bba-aada-3e53e58b2476,Fashion,North America,5,80.6,0.1,PayPal,8.0,3.4,362.7
64484,2023-08-10,dea079bf-9d99-4cf7-a59e-6ddcb9868041,Sports,Asia,4,17.02,0.0,PayPal,4.0,4.7,68.08
35873,2024-01-28,ac6e7511-c0f9-4755-9ffc-a390ed269b03,Fashion,South America,5,355.53,0.0,Cash,2.0,4.6,1777.65
6730,2024-06-25,f8eb51b8-5938-4971-b0f6-d8b690e65aa4,Beauty,South America,1,436.52,0.15,BankTransfer,3.0,2.4,371.04
26567,2023-09-09,a9c5baf4-14fe-4842-9064-f897e713ca88,Sports,Europe,2,224.08,0.0,PayPal,3.0,4.6,448.16
14305,2023-03-27,4b0d4cbd-09e6-4510-a634-8757754989fc,Home,Africa,3,261.94,0.0,PayPal,8.0,3.7,785.82
16332,2024-01-01,689d9d3b-762f-4c7e-9a34-66056330c4ba,Fashion,Asia,3,248.04,0.0,PayPal,5.0,2.3,744.12
63236,2024-02-01,86c1cfc4-91b3-471f-afdf-a1efe1d05547,Home,North America,5,89.78,0.0,Cash,6.0,4.3,448.9
6833,2024-09-11,5e723c24-c2c7-4d49-8dae-27d77668d540,Fashion,Asia,3,314.35,0.05,BankTransfer,9.0,4.9,895.9
10826,2023-06-18,99761ae3-9330-4626-bac3-4112bf6247e2,Home,Africa,2,197.79,0.0,PayPal,2.0,3.0,395.58
39488,2023-01-27,a4bebbbb-9c77-40df-9ba9-36d543cd1818,Fashion,Asia,1,65.87,0.0,Cash,7.0,2.4,65.87
49561,2024-04-28,6eb21a24-49c4-4a27-a114-ca04fb75848b,Toys,South America,5,315.01,0.05,CreditCard,4.0,4.2,1496.3
18913,2023-04-25,189bdfe5-1a78-4efb-89b9-e2acd24f9fce,Sports,Oceania,1,156.18,0.1,CreditCard,5.0,5.0,140.56
53337,2025-04-11,df0ff726-1c8a-45e6-a46c-f4a979633a2f,Home,Oceania,4,132.64,0.15,CreditCard,7.0,4.9,450.98
38278,2023-07-15,b0355602-bfb8-4ed1-95c0-26140d8f5f5d,Automotive,Europe,4,111.58,0.0,BankTransfer,4.0,2.7,446.32
88487,2025-09-08,d83779d9-77a8-47c9-81cb-45ca50a5a475,Sports,South America,2,18.58,0.0,BankTransfer,7.0,3.8,37.16
29160,2023-11-26,1bf41192-2943-4001-9daa-db3f5f60eca8,Toys,Europe,2,131.472,0.0,CreditCard,2.0,3.1,262.94
2484,2025-07-07,f75efed8-2d6b-4953-8fea-d84ec98cfd48,Home,Africa,4,351.58,0.0,PayPal,2.0,4.0,1406.32
36701,2024-12-24,ba731464-ac3c-427f-894e-48548e4ea889,Beauty,North America,3,183.39,0.15,Cash,6.0,4.5,467.64
43445,2025-09-06,026004c8-827c-40e3-9881-ad9ff03566ac,Home,North America,3,435.68,0.1,CreditCard,2.0,4.2,1176.34
89152,2025-10-02,098108dd-4549-42ba-a79b-62cac29e32b0,,North America,3,439.7,0.0,BankTransfer,9.0,2.9,1319.1
41649,2023-12-20,35dbe0d6-7bec-44d6-bc7a-4e760813d33d,Automotive,Europe,5,322.0,0.1,CreditCard,4.0,2.1,1449.0
67484,2023-02-14,0b05cde0-b4eb-4ab8-9990-e0470a671617,Electronics,South America,5,155.6,0.05,Cash,6.0,4.6,739.1
88842,2025-10-27,8bc28c28-1731-43c9-8d86-24095bdb68fb,Fashion,Europe,2,244.23,0.0,PayPal,7.0,3.2,488.46
43854,2024-07-16,cd72f297-2cc7-41b5-b947-6077f731904f,Beauty,Africa,3,368.57,0.0,Cash,9.0,3.7,1105.71
35430,2023-08-30,05815e22-1dd2-49c1-8a2f-1f4fdf39c62e,Beauty,Africa,3,232.29,0.05,PayPal,3.0,3.4,662.03
52507,2023-02-15,0b4e93d5-10a4-463c-9096-217bc40c5197,Sports,Europe,4,157.71,0.15,CreditCard,2.0,,536.21
65904,2024-06-02,888f02cb-6433-4e4d-a5ef-b61d7794cee1,Automotive,Africa,4,108.39,0.0,Cash,6.0,2.5,433.56
43207,2023-05-04,4e34c4bd-a10d-46bd-9bfd-895002ba6c9b,Fashion,Oceania,3,94.6,0.1,BankTransfer,2.0,2.2,255.42
78602,2024-09-02,dbdb8161-98e3-40ba-8f8f-3f8a8b017ef7,Automotive,Africa,4,462.33,0.0,PayPal,1.0,4.5,1849.32
84611,2024-06-14,4cb95f10-90e3-4ab5-a0ce-1ab42733677f,Automotive,Europe,2,211.72,0.1,BankTransfer,2.0,2.1,381.1
79961,2023-11-08,683fbcee-4c1d-4771-937a-827072186b49,Fashion,South America,6,37.656000000000006,0.05,CreditCard,5.0,3.6,214.64
44953,2024-11-01,7449dee1-8773-4850-8459-ac975b3dfe3a,Home,Oceania,2,263.781,0.0,,8.0,3.1,527.56
20264,2023-01-05,8e5f26da-1f1c-4b2e-8e29-b6421e03c243,Sports,North America,1,286.11,0.05,PayPal,7.0,3.6,271.8
46757,2024-08-23,a58295d4-9288-4cb6-b13f-bd71268f5cfe,Sports,Europe,4,149.7,0.2,BankTransfer,4.0,2.1,479.04
33223,2025-07-30,b8870d92-d3f0-441d-820f-5cb08bc8054f,Automotive,Asia,2,266.72,0.0,Cash,3.0,3.5,533.44
46678,2023-05-11,794a5977-3f72-44e4-b529-8346d55240fc,Beauty,Africa,5,108.96,0.1,PayPal,5.0,4.9,490.32
49792,2024-09-09,816ce9af-35bc-4068-bec4-2c1ad25d21f9,Toys,South America,1,298.6,0.1,Cash,1.0,3.9,268.74
74846,2024-10-05,8765084a-c3f6-4bc1-9263-a26f63025b9b,Sports,Asia,2,497.32,0.0,CreditCard,4.0,4.3,994.64
69475,2025-12-14,532f4810-1b46-4772-a04c-5909993cf602,Sports,South America,2,423.59,0.05,Cash,8.0,2.9,804.82
22584,2023-08-02,203f074e-e041-4805-bdce-29756aa57f33,Home,Europe,2,252.49,0.0,BankTransfer,6.0,3.2,504.98
16302,2025-03-28,f025bd70-ab1e-46b7-9c4e-3ef222d5df3d,Electronics,Asia,5,443.13,0.0,Cash,5.0,2.2,2215.65
19646,2025-12-05,6381bbd7-271f-4e38-a6fe-42117fe8b570,Home,North America,5,22.91,0.0,CreditCard,7.0,3.9,114.55
31410,2024-01-17,8e7a5996-d495-4f8f-af72-212480eaf3f5,Sports,North America,4,128.37,0.05,PayPal,4.0,4.5,487.81
42142,2023-05-07,2062508e-4b5a-4c21-bea6-b3ffd5f43ea5,Automotive,Europe,1,449.88,0.15,PayPal,1.0,4.8,382.4
37941,2025-06-24,65270cce-378f-4d8f-862c-47f72165ce36,Electronics,North America,1,26.23,0.0,PayPal,8.0,4.3,26.23
38834,2024-05-01,6c022dce-a9cd-4c15-a615-fdc694ebfcce,Beauty,North America,1,474.33,0.0,Cash,6.0,3.9,474.33
36570,2024-08-19,2128e419-79c8-45d0-8431-bcd99d455b0d,Sports,Europe,2,368.08,0.05,Cash,8.0,2.4,699.35
40204,2024-12-18,3b6f8945-144c-423d-8e41-1928a45bfd3b,Electronics,South America,2,408.27,0.1,PayPal,1.0,,734.89
6444,2024-03-02,c51b2922-ca91-4df7-b174-5b78c705dd1e,Automotive,Oceania,1,364.15,0.0,BankTransfer,8.0,3.4,364.15
77947,2024-07-04,a9bc670d-c88e-4510-876d-6f4da4b7b612,Sports,Europe,1,218.27,0.05,CreditCard,6.0,2.6,207.36
13344,2024-06-20,26fdf58f-26e1-4756-85fc-6aff0d65519e,Sports,Europe,1,342.36,0.0,CreditCard,2.0,3.6,342.36
88533,2023-01-12,454f9fe2-08ca-4e08-bd84-e3ee7a653499,Beauty,North America,5,280.04,0.0,Cash,1.0,3.4,1400.2
3031,2024-05-03,c355853e-b0d9-451c-acc0-067f141f746e,Automotive,Oceania,3,184.42,0.0,PayPal,7.0,2.4,553.26
59976,2023-10-31,314ae079-5e6e-4662-b88b-1b19c736c148,Electronics,South America,4,302.6,0.0,CreditCard,8.0,2.1,1210.4
53685,2023-03-25,d74bdd2e-a605-41a8-b080-2b271e27e6a0,Fashion,Oceania,2,498.92,0.05,CreditCard,9.0,4.4,947.95
50586,2023-08-10,24e368ec-6ee1-470b-8c8e-cd408f47abc3,Electronics,South America,2,356.68,0.05,CreditCard,4.0,3.1,677.69
24930,2024-02-22,8b210d49-1491-4371-88c6-38c9d2b45510,Home,Europe,3,174.48,0.0,CreditCard,1.0,3.1,523.44
41469,2025-05-08,0a44b229-af3b-4315-91f2-b01b93731894,Toys,Europe,4,186.56,0.05,BankTransfer,9.0,4.6,708.93
16154,2023-04-07,a287fc6d-f6aa-4893-b7df-f112bd275765,Beauty,Europe,3,82.5,0.1,PayPal,6.0,3.4,222.75
58999,2025-03-17,4782d4f4-82a7-423d-8838-f55341f6ddd0,Beauty,Africa,1,472.08,0.0,CreditCard,9.0,2.6,472.08
8257,2025-12-18,b3338169-dcfc-4b72-abbb-ae74db9b4d43,Beauty,South America,1,250.61,0.2,BankTransfer,4.0,2.1,200.49
37103,2024-12-13,8d1195ad-0bbe-4562-88ae-0c4c2c12710b,Beauty,Europe,2,413.56,0.0,PayPal,1.0,4.7,827.12
2126,2023-10-25,411920f6-d056-4199-b728-ddc20f5e8b47,Fashion,South America,4,398.84,0.0,PayPal,2.0,2.3,1595.36
18006,2024-01-17,de4908b0-c3e6-419b-8461-db6132a8a01c,Fashion,South America,2,456.51,0.0,PayPal,6.0,4.3,913.02
78319,2024-10-17,7c6f34d8-8917-4eff-b4e6-a4a448abb446,Automotive,South America,5,102.79,0.0,Cash,6.0,2.2,513.95
94778,2023-01-10,6049cbb0-3db5-433f-85d7-3ac4ea248e1a,Beauty,Europe,4,305.81,0.0,CreditCard,2.0,4.1,1223.24
40570,2023-09-11,0d69a521-d4a1-49fb-b777-1615333afce8,Sports,North America,2,488.36,0.2,PayPal,5.0,2.7,781.38
77730,2023-05-16,e7e1e12a-a917-4719-b073-201f46a7a82e,Fashion,South America,4,236.63,0.1,PayPal,8.0,4.5,851.87
87071,2025-07-03,dfcd64ef-361f-4434-a9b3-ff945bc72ca3,Toys,North America,4,109.28,0.15,Cash,3.0,,371.55
8297,2023-09-27,35c87983-910b-47f9-a1ae-25a6f1966b21,Sports,North America,5,167.84,0.0,Cash,5.0,2.2,839.2
58892,2025-09-04,eb7157f0-e5d1-4d75-ac69-d4c03f4c4bee,Toys,South America,4,72.41,0.0,CreditCard,2.0,4.7,289.64
40261,2024-09-05,b1d277c6-aa78-4c00-9550-eabff84e462f,Toys,Africa,5,144.96,0.0,BankTransfer,8.0,4.0,724.8
929,2024-03-28,9c678393-2ced-4c0d-b173-04b5c1dd484a,Toys,Asia,4,216.29,0.05,CreditCard,8.0,4.2,821.9
9684,2024-01-23,05476e17-0f9b-4aca-8081-a70437c200e3,Toys,Europe,4,60.76,0.1,CreditCard,9.0,2.6,218.74
92460,2025-11-27,5c9f1a81-301c-43e0-8664-365c65555601,Fashion,Europe,2,109.62,0.0,CreditCard,5.0,4.5,219.24
45932,2023-08-11,4e242519-4828-4b65-85ec-62a7779c2706,Home,Oceania,2,302.43,0.0,PayPal,5.0,3.2,604.86
40715,2024-02-16,ab043a75-2ab2-47bb-a1a3-36d0d97319e6,Home,Europe,1,358.77,0.0,CreditCard,4.0,4.0,358.77
98977,2025-11-02,86497600-4a28-4af5-bda7-f0b21becdd66,Sports,Oceania,2,206.154,0.0,BankTransfer,3.0,3.7,412.31
49826,2023-05-03,1b5a4c97-91fd-48fa-9e0f-a86f1ed5dec1,Electronics,South America,5,329.77,0.05,Cash,2.0,2.3,1566.41
58117,2025-05-01,50c12151-7a81-4047-a178-6b0c6a7bb608,Electronics,Africa,5,92.25,0.0,PayPal,3.0,2.2,461.25
89505,2023-07-25,02f5766c-8474-43cd-b4e3-f8114ee711b2,Fashion,Europe,4,221.69,0.1,CreditCard,5.0,4.9,798.08
48601,2025-01-13,818cd0e5-099b-452a-9b9d-e53cfaf98769,Fashion,North America,1,,0.0,PayPal,5.0,2.9,405.6
87844,2025-11-26,9b32560d-470e-4ab7-80db-3abec6568ed5,Toys,South America,4,44.343,0.1,PayPal,9.0,4.5,159.63
58125,2025-04-18,ac060929-33a7-4bf6-ab60-3828d3d2578d,Toys,Africa,2,328.54,0.1,Cash,2.0,2.2,591.37
16432,2025-02-06,3381311d-deac-4a4c-9ad2-7a444bbfb795,Electronics,Asia,4,114.95,0.0,BankTransfer,5.0,3.6,459.8
28367,2024-12-10,24478e0a-45e2-4ee1-add5-5c3c8c7c0585,Automotive,Oceania,2,160.05,0.0,Cash,1.0,4.7,320.1
49027,2024-07-10,799fd27a-e7c1-4df7-9e8a-417baf55c9b2,Home,Europe,5,59.36,0.05,PayPal,9.0,3.6,281.96
50104,2023-02-23,4cbb47fd-ae7b-4853-b6e1-d52e924d1d57,Electronics,Europe,1,83.43,0.0,BankTransfer,9.0,2.5,83.43
63120,2024-05-15,6ab37668-3c5d-4dab-a99b-99c775a8e106,Electronics,Asia,4,490.15,0.0,CreditCard,8.0,3.6,1960.6
86689,2023-09-29,8f8f5eb2-806d-4b5c-ad6a-8b4943aca5c4,Automotive,Oceania,5,221.34,0.0,CreditCard,9.0,3.0,1106.7
42061,2024-08-11,d02312d9-fdcb-4956-87fc-ff29a541d05e,Automotive,Oceania,1,70.48,0.1,BankTransfer,9.0,3.3,63.43
13321,2025-06-24,8ed4e35b-7803-4c73-836d-24e62cad2d65,Home,Europe,5,361.33,0.1,BankTransfer,9.0,2.9,1625.98
65202,2025-07-16,7bf0e7bf-3174-4357-b13a-315f0bc23f89,Beauty,Asia,4,231.19,0.15,PayPal,4.0,3.7,786.05
72764,2024-05-08,ff15d8c8-6364-4208-be63-29c6488e8e98,Home,Europe,3,190.11,0.0,BankTransfer,7.0,3.6,570.33
77056,2024-02-05,96b154d2-6833-4ede-ab1b-be4b1087f61b,Fashion,Oceania,3,75.28,0.0,PayPal,1.0,4.7,225.84
60420,2023-06-23,1da1eaf6-930a-4de6-a971-ea93927a6e91,Automotive,Europe,5,212.39,0.1,Cash,5.0,4.8,955.75
13131,2025-04-28,9caa3398-6619-40c8-8097-223feac90c4d,Sports,Europe,3,461.46,0.1,PayPal,9.0,3.7,1245.94
79068,2025-07-15,dfb665b6-a128-449b-a16b-48e0bcd27897,Beauty,Africa,1,435.37,0.05,CreditCard,8.0,2.2,413.6
87895,2025-11-30,5aed79fb-34f4-42c5-8795-8ea970f04878,Electronics,North America,3,122.598,0.0,Cash,8.0,4.7,367.79
93051,2023-02-16,4e3bb717-f1e9-4272-9fe4-1894898ba230,Home,Africa,1,248.26,0.05,Cash,1.0,2.4,235.85
75293,2025-06-02,ffa8dce6-ae3a-4adb-863b-5ad5373b7275,Sports,Europe,3,136.47,0.0,PayPal,4.0,4.9,409.41
67680,2025-11-13,5ddd0392-2d1e-49ed-9c70-7d52273d83a3,Sports,Oceania,4,298.593,0.0,Cash,4.0,3.5,1194.37
13564,2025-09-27,ff17662b-06d9-4391-94ca-74050944c6e5,Beauty,Africa,2,400.01,0.0,CreditCard,5.0,3.2,800.02
56661,2025-02-20,fa540f84-813a-463e-a291-ed24f07227ac,,Asia,5,259.09,0.0,Cash,3.0,4.4,1295.45
49809,2023-11-21,59f4e435-d32f-46b2-b47e-6b314d2527b1,Toys,Europe,5,362.56500000000005,0.05,BankTransfer,8.0,2.9,1722.18
29508,2024-01-08,81e2db6e-be49-4a02-98f9-8c93929b98d1,Electronics,Europe,1,313.08,0.0,Cash,5.0,4.2,313.08
53481,2025-07-03,77656969-40a9-407d-8df6-cfdfafdf6f60,Beauty,Europe,3,411.64,0.1,CreditCard,8.0,3.2,1111.43
36683,2025-10-20,9ec9a49f-044b-49c3-b41f-2023505c363f,Toys,Oceania,2,212.0,0.1,Cash,5.0,3.8,381.6
1249,2023-03-21,257035db-3fea-490a-a1f8-072dddb7570e,Sports,Africa,2,145.09,0.0,CreditCard,9.0,4.8,290.18
35459,2023-09-23,6abf3ba6-8625-4c53-ae23-8260d261f228,Sports,Africa,1,349.17,0.05,CreditCard,7.0,3.9,331.71
90624,2024-06-05,8b6ed727-0237-474f-b531-dce7ed6fb796,Sports,North America,1,79.1,0.1,BankTransfer,3.0,4.4,71.19
3734,2023-10-25,217bc29e-ec95-43e9-a1fa-246624f982ec,Home,Oceania,2,271.29,0.0,CreditCard,3.0,2.5,542.58
76915,2025-02-08,bd2c6c1e-c97f-446d-8036-511d4f6d42ac,Automotive,Oceania,2,334.93,0.0,CreditCard,5.0,4.7,669.86
59063,2025-09-24,60e4ee04-d7c7-4cac-8478-bbd08d9cffd3,Home,Oceania,2,252.93,0.15,PayPal,4.0,3.5,429.98
41470,2024-10-14,fbc21364-7a7c-43c8-ad0f-775e8188fd5d,Fashion,South America,2,332.59,0.0,PayPal,3.0,4.3,665.18
84252,2024-09-28,ccebb9ff-4e7b-4695-ad9b-009358f1f5bf,Toys,Africa,1,260.68,0.05,PayPal,8.0,2.6,247.65
56754,2024-12-06,99887c0b-1462-4397-bc80-8a98a188d09c,Automotive,Africa,3,312.56,0.0,Cash,8.0,2.2,937.68
77803,2024-10-18,7a5bb1bc-3761-416b-a1fe-a3d2c7925ad5,Toys,South America,5,474.8,0.0,BankTransfer,2.0,3.4,2374.0
88493,2024-08-30,83f61065-d3cf-4d66-ab23-ff8f6253ba76,Beauty,South America,5,381.86,0.05,PayPal,7.0,2.4,1813.84
89645,2024-02-02,b927efea-015a-4944-8dfb-e47f1ca216a2,Fashion,Africa,2,482.86,0.05,BankTransfer,6.0,4.6,917.43
23395,2025-11-28,c7d8ca9f-917b-4af7-a33a-15ba03a331eb,Toys,Asia,4,139.662,0.15,BankTransfer,7.0,4.3,474.85
88990,2024-02-26,9b226c6d-1b73-4816-8f3e-c8e2f07dc5f5,Fashion,North America,3,440.25,0.05,CreditCard,1.0,3.7,1254.71
74046,2025-05-14,536d3751-a46b-4f40-954a-5e5b90d02873,Fashion,North America,3,82.84,0.1,BankTransfer,1.0,3.2,223.67
7341,2025-03-19,ea4cd607-8e48-4a8c-a3e4-79461fcfcb8e,Electronics,Oceania,5,47.77,0.0,Cash,7.0,2.4,238.85
35888,2023-04-02,90ea4f75-6287-490c-888f-fd214bf90a59,Automotive,South America,2,401.04,0.15,BankTransfer,5.0,3.5,681.77
85889,2025-08-24,f099fb0e-baca-412d-85d9-aa8b90674a08,Beauty,South America,3,8.68,0.0,PayPal,1.0,4.7,26.04
32227,2025-11-07,7a4df83a-0583-4954-94d4-13e7701f6eba,Sports,South America,6,236.538,0.0,PayPal,3.0,3.2,1419.23
89777,2024-09-02,12f3bec3-41e9-4e42-83a9-fcf2aeb199cf,Toys,Africa,2,330.63,0.2,Cash,9.0,2.4,529.01
41721,2024-07-02,c7434c90-2e83-4104-b61c-782cd35cc2a3,Sports,North America,4,93.84,0.05,PayPal,3.0,3.9,356.59
56338,2023-10-16,c6608fed-89b4-4919-a5b5-19ead0e5350e,Fashion,Africa,1,15.54,0.05,BankTransfer,9.0,3.8,14.76
18635,2023-11-28,cf82779e-3079-49c6-9a5a-4d67055ae18d,Automotive,Europe,3,293.427,0.15,CreditCard,4.0,2.1,748.24
56430,2023-10-14,ed4e2b23-620b-4d5e-919d-d3494ad86a06,Sports,Asia,4,306.06,0.05,PayPal,3.0,3.4,1163.03
66694,2023-05-13,55d8ebbc-56f0-4c4b-99e7-7b40234e77f9,Automotive,North America,3,350.87,0.0,BankTransfer,6.0,3.1,1052.61
49599,2023-12-24,f3f2f142-3817-4cd8-b584-78446a182068,Automotive,North America,3,214.84,0.0,BankTransfer,9.0,4.3,644.52
7702,2023-06-11,62e32fa7-f4cd-4362-834a-184284d8ec6a,Beauty,North America,2,202.8,0.0,BankTransfer,1.0,2.2,405.6
46495,2025-10-11,d37f6d97-43c5-4563-94bd-43b7e36382a4,Toys,Asia,3,280.81,0.0,PayPal,6.0,2.7,842.43
72855,2024-05-23,2a476530-88eb-4f77-93de-ac055705ab5b,Fashion,North America,2,44.78,0.0,BankTransfer,9.0,4.8,89.56
89800,2024-08-16,479eb95c-3729-4e8d-b6fd-a85277275d4d,Electronics,Oceania,4,161.79,0.0,BankTransfer,2.0,4.2,647.16
3657,2024-09-04,10168d65-4f90-491a-9448-10de2a1b76e3,Automotive,North America,4,12.65,0.15,PayPal,4.0,4.8,43.01
21048,2023-09-03,f5348c17-cd2f-4a12-b985-f1de16f8a267,Fashion,South America,5,200.02,0.0,CreditCard,2.0,3.7,1000.1
61549,2025-05-03,7141e68c-b7b5-4bdd-bd57-199aaf9f4673,Home,Europe,3,44.09,0.0,CreditCard,5.0,2.9,132.27
58440,2023-04-10,75eff7c7-b00d-4ae8-8d9a-815ae9b500a1,Home,Oceania,5,257.09,0.0,BankTransfer,1.0,3.7,1285.45
37379,2023-01-22,85086b68-5ed7-47df-8af2-8ea0264208dc,Electronics,South America,3,146.86,0.0,CreditCard,7.0,2.0,440.58
27603,2025-10-10,fe290032-68c3-4565-a5e2-e0176ed26dba,Sports,Oceania,4,414.33,0.05,BankTransfer,6.0,3.9,1574.45
3787,2025-09-21,9645dec1-840d-414b-bbd5-48637974c90b,Electronics,Europe,1,274.19,0.0,PayPal,9.0,3.1,274.19
38194,2023-10-17,ad236d58-5049-405c-af7b-99835619a140,Home,North America,3,315.8,0.0,Cash,9.0,4.5,947.4
82072,2023-05-29,70cefef5-cd60-4db9-85c8-b5d85a2a7ac0,Toys,,1,63.35,0.1,PayPal,8.0,2.4,57.02
14504,2025-08-27,7060b699-415d-45e7-a944-0b9c3c423c26,Fashion,Africa,1,158.71,0.05,BankTransfer,7.0,4.8,150.77
58489,2025-02-01,0c81f9b0-4e25-4c38-a5b9-1de231d6241c,Beauty,Africa,3,137.97,0.2,Cash,1.0,4.3,331.13
82364,2024-11-28,66cc29ee-6708-4180-8a1f-619ce49d1335,Toys,South America,6,443.862,0.0,CreditCard,8.0,4.2,2663.17
84956,2025-08-21,971524f7-79f2-4cc8-986b-77203bdc4331,Fashion,Asia,5,205.66,0.05,CreditCard,6.0,3.0,976.88
15838,2024-08-10,ab586163-2023-450b-aa25-14bc12fc6b3b,Toys,Oceania,5,396.58,0.0,PayPal,2.0,4.4,1982.9
30896,2025-01-22,70e4d888-0952-48c8-8cb5-ce532a4c01f4,Toys,South America,3,233.01,0.0,CreditCard,5.0,4.7,699.03
13815,2025-12-16,a7797368-04a6-47d5-9170-133e515eb10e,Fashion,Africa,4,146.53,0.0,PayPal,1.0,4.2,586.12
35914,2023-01-15,866b09a1-4a26-4f83-849d-62d9eedeef39,Beauty,Europe,1,348.61,0.05,Cash,9.0,3.5,331.18
56286,2023-03-04,f29e5b1c-99db-46e7-848c-a532a38ae71e,Automotive,Europe,5,282.97,0.0,Cash,3.0,3.0,1414.85
3048,2024-03-27,b73f6e64-378d-4f8d-8761-f9da039479c1,Fashion,South America,1,105.89,0.1,PayPal,4.0,4.0,95.3
51076,2024-08-01,0e3aa1ab-9186-4913-8487-7863394b9142,Sports,Asia,3,188.7,0.05,Cash,6.0,2.7,537.79
19738,2023-07-11,2652048e-4cfa-4494-9aa2-22caa9fb289b,Automotive,North America,3,405.37,0.0,Cash,3.0,4.0,1216.11
32322,2024-04-29,8c896a2b-ae7d-4e2c-8964-a565ee62ab17,Beauty,South America,4,467.03,0.0,CreditCard,9.0,3.2,1868.12
12078,2023-02-16,4c956585-a59b-4682-b3ff-e304b50e33d7,Toys,Asia,4,439.83,0.0,BankTransfer,9.0,3.3,1759.32
40501,2025-04-29,0a4e6244-3ead-4eb7-9b4e-f51b8ce6f491,Sports,North America,1,375.04,0.0,PayPal,3.0,3.6,375.04
18343,2025-02-21,39093829-edaa-49d9-9bbd-038e2d65e1e7,Beauty,Africa,3,146.66,0.0,CreditCard,,3.5,439.98
62447,2024-09-01,1cb8d52e-b378-48bd-a0e8-821d430dd383,Beauty,North America,4,41.55,0.05,Cash,5.0,3.4,157.89
54133,2024-09-23,1873b726-3af8-4d8e-b143-100a59da673e,Electronics,North America,1,28.87,0.0,CreditCard,1.0,2.2,28.87
69588,2023-04-21,9928d3f0-9f87-4f41-823c-3b130c560ec1,Home,North America,3,308.88,0.0,Cash,6.0,4.9,926.64
59395,2025-10-24,5ff44565-e4d4-4726-a091-c424916539d2,Electronics,Africa,3,12.75,0.2,PayPal,7.0,2.7,30.6
29973,2024-07-17,99837629-e3e0-46d8-a67d-6a76e8325744,Beauty,Europe,2,191.42,0.1,BankTransfer,2.0,3.3,344.56
73692,2024-09-11,4e641c80-c0d9-4866-bbd8-0e1b457469b2,Sports,North America,3,491.34,0.0,BankTransfer,7.0,4.0,1474.02
4700,2025-03-20,65f76d06-5a2d-465b-87ce-baaaf713c245,Fashion,South America,2,286.11,0.0,Cash,7.0,4.6,572.22
56099,2025-08-11,eea04d1a-78a1-40a4-8464-7aed90704cfb,Fashion,Asia,5,414.5,0.0,CreditCard,8.0,3.6,2072.5
35021,2024-07-26,f7062f38-5ab7-48e7-ba6c-2d922190ad33,Home,Europe,1,148.44,0.15,CreditCard,7.0,4.4,126.17
27546,2024-05-08,345d9ab5-c139-4404-bd9a-c43180078fdf,Automotive,Asia,5,207.49,0.15,Cash,3.0,2.4,881.83
78969,2025-07-26,c914ce72-7e9d-445b-9dfc-cc0d27b13192,Sports,Europe,2,119.35,0.0,CreditCard,1.0,3.2,238.7
37235,2025-06-22,240a04a9-c0db-4e13-9a25-56841ca33370,Beauty,Europe,4,140.9,0.0,CreditCard,1.0,4.0,563.6
73959,2023-01-29,1cc7d838-9fe1-4ebd-9465-0e818d74aa30,Automotive,Africa,4,404.74,0.0,Cash,3.0,2.1,1618.96
7332,2023-01-13,9a2363fe-6901-488c-bd8a-3090353a044d,Sports,South America,1,487.16,0.0,BankTransfer,2.0,2.1,487.16
34825,2024-03-28,93343365-5766-4362-9c0a-b496b0f9ef4a,Beauty,Africa,3,131.62,0.05,CreditCard,1.0,2.7,375.12
23339,2025-06-22,bdc7c359-ad35-4fd0-85dd-b4e358e817ef,Electronics,Africa,4,332.33,0.0,CreditCard,4.0,4.1,1329.32
53832,2023-05-14,9d9e6fe7-0722-440d-a8ee-aec6f129dfd0,Electronics,South America,5,122.44,0.1,Cash,8.0,2.6,550.98
20154,2023-08-03,536debcf-6eb5-4aa3-a2c6-efc7937b9d47,Beauty,Africa,4,218.37,0.1,CreditCard,9.0,2.7,786.13
38358,2024-09-26,baee4701-6bde-4fb8-b6e1-2e779284bc31,Beauty,North America,3,218.21,0.0,PayPal,7.0,4.5,654.63
93264,2025-02-25,b891757e-f7e7-4744-8993-113eb9cdc58c,Sports,South America,2,20.98,0.0,CreditCard,5.0,4.4,41.96
11447,2024-01-07,9edd5a9b-a920-435f-92eb-985f38cfa8b6,Sports,South America,4,249.8,0.0,Cash,3.0,3.6,999.2
29776,2023-03-31,42c087a5-60e4-4c4b-b4f4-1148f78351b5,Electronics,Oceania,5,97.63,0.2,BankTransfer,7.0,4.6,390.52
68522,2023-03-21,dc6d665e-cb3d-45f5-9ee1-aa32960efa4a,Toys,Africa,3,84.08,0.0,BankTransfer,7.0,2.7,252.24
34571,2023-12-15,9230df03-385d-4b56-9899-c2706f746f9a,Sports,Oceania,1,161.44,0.0,BankTransfer,3.0,4.6,161.44
26895,2024-02-21,1a73d59c-d2b5-49f2-8183-52c2316e76d3,Home,Africa,5,448.73,0.0,PayPal,9.0,4.6,2243.65
18094,2024-03-04,8b495a46-5212-41b2-8054-e5b07d7120b3,Sports,Europe,5,377.72,0.0,CreditCard,9.0,3.1,1888.6
33309,2023-02-03,d57af542-4027-4ec7-aedb-93bd2eadb530,Fashion,Europe,2,475.65,0.1,BankTransfer,5.0,2.6,856.17
74722,2023-10-30,9ab4a8b3-a6f6-4420-b74c-b3e079fa9124,Electronics,Asia,2,88.71,0.0,CreditCard,8.0,4.9,177.42
56651,2025-11-06,26967c7d-8e87-456f-9479-c50e4e338444,Automotive,North America,6,68.15700000000001,0.15,Cash,5.0,2.1,347.6
79836,2024-01-11,122ee3f9-24dd-4139-aac4-ecdc2f6458e8,Electronics,Asia,1,268.29,0.1,PayPal,1.0,2.8,241.46
11907,2023-05-23,ef609bc6-f0f1-4a53-b5e8-bbd4eb1feef5,Beauty,Oceania,2,13.07,0.05,CreditCard,4.0,2.0,24.83
82347,2023-02-07,0083193c-9711-46a6-8d5e-a0175589da6f,Electronics,South America,1,478.99,0.0,BankTransfer,5.0,4.1,478.99
15160,2024-08-24,d6a9b899-ff90-46f4-9613-2301a4d327c3,Fashion,South America,3,497.36,0.05,Cash,5.0,3.6,1417.48
48404,2024-01-27,a55d963c-eb0b-4e49-994a-5da5c4901373,Sports,Europe,2,439.75,0.0,CreditCard,8.0,2.2,879.5
77960,2024-02-23,1e8a0c9c-dee3-4fed-9aca-06fde175c01d,Home,Europe,4,368.27,0.0,CreditCard,7.0,4.0,1473.08
79139,2023-12-15,c70d8f19-5fb5-4340-aa7c-4177d73386d3,Beauty,North America,1,346.3,0.05,CreditCard,4.0,2.8,328.98
61729,2025-02-28,8c394e76-8e54-4391-8fdf-4029e4ec4de9,Fashion,Africa,4,168.52,0.0,CreditCard,9.0,2.9,674.08
99944,2025-01-18,0231b934-7e15-44c6-8cf7-c55fb785d4c0,Sports,North America,1,491.69,0.0,BankTransfer,1.0,4.6,491.69
79697,2025-05-11,1c9bbeaa-9d64-4f94-aba1-548f8f6b0446,Sports,Asia,4,47.9,0.0,CreditCard,7.0,2.0,191.6
21617,2023-08-12,dfceadd0-c01c-47fd-a464-800f0fe5c896,Sports,Africa,2,66.26,0.0,Cash,6.0,3.4,132.52
43258,2024-12-18,be0009cf-6156-43b8-9adf-1726d2c780f8,Electronics,Africa,2,450.4,0.15,PayPal,9.0,3.7,765.68
21613,2023-08-11,cd877f8a-5e75-46b3-aee4-5240ad6fd173,Sports,North America,5,201.87,0.1,BankTransfer,7.0,4.9,908.42
65733,2024-02-13,e615d90b-a43a-459b-9824-7162a42d8cde,Electronics,Europe,2,421.43,0.0,Cash,2.0,2.7,842.86
15808,2025-11-16,93400bc2-95d4-41cb-b650-67e06b941b94,Home,Africa,3,266.859,0.05,CreditCard,5.0,4.7,760.55
30419,2023-07-04,e72f3acb-a16c-45eb-874a-abc61e9c4a25,Home,North America,3,328.31,0.05,PayPal,8.0,4.8,935.68
38943,2025-10-10,547213ee-39fd-4ae0-bd7b-3857276eec17,Fashion,Africa,2,138.6,0.0,BankTransfer,6.0,4.8,277.2
2130,2025-06-30,581993cc-41f9-494a-8f5d-337fee8d5daa,Fashion,Oceania,3,246.28,0.0,Cash,2.0,2.2,738.84
95337,2025-08-19,c3ca7c8c-a7bf-4ec6-8d43-6e09aebd0fbb,Automotive,North America,5,118.58,0.1,CreditCard,7.0,2.5,533.61
99992,2025-11-10,f4c80445-e2d1-4d4c-b3ef-757622a82fff,Sports,North America,3,266.256,0.0,Cash,7.0,3.3,798.77
42745,2025-08-05,e082977e-f0ed-41aa-b90e-3e1d6f2cec49,Automotive,South America,5,427.73,0.15,CreditCard,7.0,3.2,1817.85
82921,2024-05-25,415ca82f-71d3-4abc-9624-78bec86ca69a,Fashion,Asia,5,166.93,0.0,PayPal,3.0,4.3,834.65
83411,2023-07-03,71c2f610-401e-4891-b3cd-e2f95928a5b1,Beauty,Asia,5,186.21,0.0,PayPal,3.0,4.4,931.05
73315,2023-05-06,0e547ab0-4025-47a2-9b30-2d962fb61158,Automotive,Europe,4,316.61,0.0,BankTransfer,7.0,4.5,1266.44
64680,2025-08-24,4d57f74c-382d-451d-bd79-25092de609ca,Sports,Africa,1,416.19,0.0,PayPal,4.0,3.8,416.19
56861,2023-06-11,ab4315fa-d5e9-4b88-b53a-4ae0a0be04c5,Fashion,Africa,4,407.62,0.0,BankTransfer,7.0,4.9,1630.48
53082,2025-01-29,1989c7a8-ea95-49f2-9ed0-8f80570540bb,Electronics,South America,5,480.97,0.0,PayPal,1.0,3.8,2404.85
5744,2025-01-25,2bf998ad-c92a-4b0c-a56f-fbd8c4329e78,Electronics,Oceania,2,44.54,0.0,PayPal,5.0,3.2,89.08
67404,2024-07-15,4e5dc22a-d907-4dba-aaf3-8193211cc2c3,Sports,Africa,4,29.57,0.0,CreditCard,7.0,4.5,118.28
39521,2025-11-15,deaf7224-742c-40e5-9aec-65499bdbca5e,Automotive,North America,6,32.904,0.0,Cash,4.0,4.8,197.42
7647,2023-05-21,81edceb3-8bb2-4f15-a045-d9e673ad562d,Home,Oceania,1,142.5,0.15,PayPal,3.0,4.2,121.12
9294,2024-12-31,ecea934f-263d-479a-83ba-c96e3c8f5a90,Home,Oceania,1,153.99,0.0,BankTransfer,1.0,4.2,153.99
66734,2023-11-26,d8c4d0ff-1e88-4d86-9160-afc79e18eca4,Home,Europe,2,232.317,0.0,PayPal,6.0,4.6,464.63
33637,2025-02-21,a0b48ea7-b2ae-4aa0-896f-e8bccac6b6dc,Beauty,Asia,5,295.31,0.0,PayPal,3.0,5.0,1476.55
93038,2024-08-21,58b2c2a6-86fd-4e71-8dfd-cc2909612c26,Automotive,Asia,3,83.73,0.05,BankTransfer,4.0,2.5,238.63
6692,2025-12-23,aac5e8a3-2567-4f2a-9227-b7accdca6bef,Electronics,North America,2,270.91,0.1,CreditCard,3.0,2.9,487.64
31839,2025-03-28,926042fc-d9ca-4e7d-a282-84faa0ab3e0b,Home,Oceania,5,204.57,0.0,PayPal,7.0,2.9,1022.85
44830,2023-05-23,31e3be07-a8ec-4d87-97e0-8108a0bc716c,Beauty,Europe,3,50.67,0.05,CreditCard,5.0,3.5,144.41
32593,2024-12-18,2afed171-238a-40c0-b876-17df4e0c637f,Electronics,Oceania,3,79.8,0.0,CreditCard,6.0,3.0,239.4
48882,2025-01-18,d85b6e9a-8453-4645-86f3-f304cbc53d6c,Sports,North America,3,180.67,0.2,CreditCard,3.0,2.1,433.61
51362,2024-09-20,e4805b0e-ba2d-4c51-8419-8f10c7e8bccd,Fashion,Asia,4,366.93,0.05,Cash,1.0,2.4,1394.33
68821,2025-12-28,83685a5e-88e5-40f5-9abf-52bca921f65c,Fashion,South America,4,305.18,0.0,PayPal,9.0,4.6,1220.72
79411,2023-08-21,a253f545-8b3c-414e-b2ad-30e9763f0d47,Automotive,South America,2,409.97,0.0,Cash,7.0,2.2,819.94
79163,2025-10-07,4f21818e-2d63-4b08-a267-9a06f4d191f8,Home,Asia,5,374.26,0.0,BankTransfer,2.0,2.1,1871.3
88853,2025-12-29,96366d2b-e7d1-4b85-aa81-144841c3f0ae,Toys,Europe,1,270.05,0.0,Cash,1.0,2.2,270.05
76862,2024-06-28,2c53c4b6-8a9a-4b37-b9ce-69895ab29d9a,Home,Asia,5,398.51,0.0,BankTransfer,9.0,3.0,1992.55
59439,2025-08-11,b60223b2-fc35-4bc6-8a95-83f44b3c8939,Beauty,Asia,1,54.76,0.0,CreditCard,8.0,3.1,54.76
62725,2024-01-18,efb33c41-a1e7-48f2-85f6-868b3b05ffa2,Toys,Europe,3,228.1,0.15,BankTransfer,6.0,4.5,581.66
22507,2023-12-26,5dce5a22-be5a-4cc4-b955-95d065615876,Electronics,South America,1,136.9,0.05,BankTransfer,1.0,2.3,130.06
90344,2023-08-04,a97e07d9-c870-4767-a4d4-d773958ecdf7,Electronics,Asia,4,261.51,0.2,CreditCard,3.0,2.4,836.83
15395,2025-06-21,98e4dc15-70ae-46f1-8783-96553eacdcd6,Sports,Africa,3,99.83,0.1,Cash,8.0,3.2,269.54
53616,2025-11-15,bcc82784-8232-4904-a71e-d05e3875825a,Sports,Asia,3,201.384,0.1,CreditCard,4.0,2.9,543.74
83844,2023-02-19,16547b64-2a5d-4aa6-87ea-8d1424d879e7,Fashion,South America,5,349.33,0.0,CreditCard,3.0,2.4,1746.65
34635,2024-08-24,db707b39-7132-4dcf-ba17-c8a4e8750483,Home,Oceania,3,398.91,0.2,PayPal,1.0,4.2,957.38
11318,2025-09-15,9eefa930-e04c-4e7a-9285-c5f5f6fe34c8,Sports,Asia,3,172.44,0.05,PayPal,7.0,2.4,491.45
1044,2024-10-01,f186e47a-a794-4320-8cf6-e8b87fd238c3,Beauty,Asia,4,114.13,0.0,PayPal,2.0,4.1,456.52
36704,2023-07-23,625b513d-71a8-4123-b709-797ef4de0acd,Automotive,Oceania,3,460.73,0.05,Cash,9.0,3.7,1313.08
97549,2024-03-14,919a3950-fad3-4e06-b1f6-7c7b546760b3,Automotive,Europe,2,370.05,0.0,Cash,9.0,4.8,740.1
11839,2025-10-06,8d94508a-10e3-4e3b-bc1b-999b96b16459,Toys,North America,2,48.66,0.15,BankTransfer,4.0,2.6,82.72
42103,2023-06-08,ee8749ab-6cd2-44e2-b683-35eeb9247dfb,Sports,Asia,1,451.25,0.0,Cash,7.0,3.1,451.25
65693,2023-03-31,bded6a97-c2e6-4493-a952-f47d0bc07ae6,Toys,Africa,4,348.18,0.1,PayPal,9.0,3.9,1253.45
78446,2024-06-13,1c4f3c3b-50c1-4fe8-a54e-adaf9cc37efd,Electronics,Europe,3,237.95,,CreditCard,9.0,4.7,606.77
49662,2024-09-05,4ff88826-f720-4486-b04c-f7dd2165d436,Toys,Africa,1,345.02,0.2,PayPal,9.0,2.3,276.02
97053,2024-03-22,80ae10d0-18b7-4755-8905-e014abea2b2d,Home,South America,1,350.15,0.1,PayPal,8.0,4.2,315.14
47796,2025-10-04,6ca3b4fa-6d87-40a1-98c5-334989b3c047,Fashion,North America,2,206.22,0.1,CreditCard,5.0,4.0,371.2
28878,2024-05-19,995bad11-e365-4b2c-af80-0a845bae64a3,Automotive,Asia,3,464.9,0.0,CreditCard,6.0,3.4,1394.7
93008,2023-11-25,191578fc-ed09-4d70-a08d-fc3de313633f,Fashion,Europe,2,52.974,0.05,BankTransfer,6.0,2.4,100.65
98368,2023-12-12,1a67ace5-d670-401d-ae24-83390cf78ae8,Beauty,Asia,4,349.45,0.0,BankTransfer,5.0,4.9,
55862,2023-07-12,478c6745-4337-4faf-81bc-3eb497883d7d,Beauty,North America,3,236.26,0.05,Cash,9.0,4.3,673.34
9621,2024-05-03,746cff4e-019c-4251-9590-65fa795581fa,Automotive,Oceania,4,123.65,0.0,BankTransfer,4.0,2.7,494.6
16702,2024-10-19,3088f44b-405d-4416-958b-867a46aee430,Automotive,Oceania,3,327.21,0.0,CreditCard,7.0,3.8,981.63
36734,2024-02-24,f7797551-298a-4b44-b349-9a5e1cc4ec86,Sports,Asia,3,194.57,0.0,Cash,1.0,2.7,583.71
16099,2023-08-10,3476581f-b967-456d-b68a-2097417cf2ed,Toys,Oceania,1,361.55,0.05,PayPal,4.0,2.6,343.47
69020,2023-03-31,a77da148-da05-4220-9eee-2c9f9970007f,Beauty,Asia,2,205.22,0.2,PayPal,4.0,4.6,328.35
40981,2023-10-23,64a18452-dae5-498a-ba19-7e9f557b9e63,Beauty,North America,1,419.55,0.0,Cash,4.0,4.8,419.55
3712,2024-01-07,c4b27b21-bc0d-46ed-bb12-2ee53d305a07,Beauty,Oceania,3,482.62,0.0,BankTransfer,3.0,3.0,1447.86
30713,2024-11-08,f17ff4d8-cd02-49b7-9147-a17d71e3b64b,Sports,North America,3,158.013,0.0,CreditCard,6.0,4.4,474.04
95984,2025-10-04,7a355759-8350-4c2b-9aa6-ea6832b70c16,Electronics,Europe,3,252.43,0.0,BankTransfer,3.0,3.6,757.29
94506,2023-06-08,079526af-2af8-4ced-9aa5-a8f269df8506,Toys,South America,3,164.86,0.05,PayPal,7.0,4.7,469.85
53142,2025-01-23,8d8748c4-12ab-4acd-a52f-2ae78862923d,Automotive,South America,2,397.69,0.05,BankTransfer,3.0,3.9,755.61
63260,2024-08-05,312a982d-09d3-4bd0-9870-2dc92dded27c,Beauty,Oceania,4,346.37,0.15,CreditCard,9.0,4.6,1177.66
80550,2025-07-01,eac59504-4075-463e-9900-8c66ce9ccae5,Toys,North America,4,117.74,0.1,PayPal,1.0,2.7,423.86
26117,2023-09-03,e0618f83-6804-440d-b637-fdadb608a8cc,Beauty,South America,3,433.19,0.2,CreditCard,2.0,2.6,1039.66
96402,2023-12-02,1bac9257-f9ca-425a-9a1a-b0d9271c8856,Sports,South America,2,362.26,0.0,CreditCard,4.0,2.6,724.52
55594,2025-12-26,0d5beaa4-d4ad-4452-a63b-6095e927b8d7,Home,Africa,1,215.22,0.1,Cash,1.0,3.8,193.7
83943,2023-12-01,da7caa20-4eec-4db4-b81e-475e990b73d9,Home,South America,5,192.69,0.0,CreditCard,3.0,4.2,963.45
34277,2023-12-22,22847787-5076-40c5-8455-77fcdfdee2bd,Electronics,Europe,4,437.31,0.0,Cash,9.0,2.1,1749.24
2947,2024-08-25,1cc0b764-b06b-4fca-96b4-05d7712dd406,Home,Oceania,5,26.08,0.0,Cash,7.0,2.4,130.4
63807,2025-08-22,21aa6694-eed0-4f87-a79b-eb3e049d2c1b,Home,Oceania,4,149.46,0.0,Cash,4.0,2.9,597.84
72020,2024-04-19,2ed29af9-9f3d-4b14-a5b6-3029f353a855,Sports,North America,4,23.02,0.0,PayPal,8.0,2.9,92.08
87402,2025-06-12,6ca0b4d7-1e4d-4c1e-bf12-538de40a6c94,Toys,Oceania,2,365.8,0.0,CreditCard,1.0,3.7,731.6
32411,2023-12-02,acd02d93-069f-476f-85fa-87c84e00af93,Toys,South America,1,17.62,0.0,Cash,5.0,5.0,17.62
41949,2025-06-24,e5e8b563-3848-408b-82f6-2b6b2f8fbe65,Beauty,Asia,2,68.94,0.2,PayPal,8.0,4.7,110.3
11505,2023-06-24,7c4166be-1965-4efc-a86e-3525714faa88,Automotive,South America,3,137.95,0.0,CreditCard,9.0,3.8,413.85
43385,2025-09-27,9e8b14e1-7799-403e-9f48-5e4754e54f77,Toys,South America,3,356.1,0.15,PayPal,8.0,4.0,908.06
47165,2023-01-23,a3a04269-4684-4598-a57e-d03a28976443,Toys,Europe,3,285.4,0.2,PayPal,8.0,3.9,684.96
12733,2024-01-15,04ba966f-809c-487c-bec6-0551a39e9671,Electronics,Asia,5,418.93,0.2,Cash,7.0,2.8,1675.72
64476,2024-05-31,6e85ef52-67c0-4bff-bf57-d8a8a9ca074f,Sports,Europe,4,193.45,0.0,CreditCard,3.0,4.1,773.8
17196,2025-03-16,0c5b672d-6274-4e7b-8e2e-af6fe2622ebf,Fashion,Africa,3,126.45,0.0,CreditCard,1.0,2.4,379.35
22915,2024-06-07,1a492555-2b89-44a1-a279-9225adb3a657,Sports,South America,1,131.8,0.0,BankTransfer,5.0,4.9,131.8
82163,2023-04-14,8502d93e-eb20-444e-b509-b50ddcb7ff57,Sports,South America,4,85.31,0.05,BankTransfer,3.0,3.2,
7252,2023-12-29,e6b23125-d568-492f-9032-5480b01b5658,Sports,Africa,3,146.36,0.2,CreditCard,9.0,4.6,351.26
64477,2025-08-21,89433bbf-4c7a-410e-bec3-9aa7cc21bd61,Toys,Asia,1,236.57,0.1,PayPal,8.0,4.9,212.91
8526,2023-07-09,634ee115-5c81-4bad-8bb3-4c1425818b22,Home,South America,4,51.22,0.0,CreditCard,2.0,3.4,204.88
41273,2024-05-20,db32c6d7-8bdd-4220-82b1-e5c04fcbd951,Sports,Asia,1,305.75,0.0,Cash,9.0,,305.75
37210,2025-04-07,5d501ff8-631a-45d7-93cd-b211596f17ff,Electronics,Europe,1,225.58,0.0,PayPal,8.0,2.0,225.58
25171,2024-12-05,c4b3486f-c68a-4cec-ac52-8ec320aad273,Sports,Asia,3,416.92,0.0,CreditCard,6.0,2.4,1250.76
39549,2025-05-29,d8c06b4d-7466-461b-9f25-f6b4b6612bf9,Fashion,South America,4,432.37,0.05,Cash,9.0,4.8,1643.01
19912,2025-04-28,73ceca7e-5cc1-43c1-aa1b-645781c6ef8e,Sports,Africa,5,377.12,0.0,CreditCard,8.0,2.6,1885.6
57356,2023-03-29,ada40ac0-a4b1-44e4-bb75-cf7fb09fb603,Fashion,Europe,4,213.91,0.05,PayPal,6.0,2.6,812.86
26941,2024-07-22,bfaa8cc5-a66d-49b1-a694-111bf65b74d9,Sports,Asia,5,214.13,0.1,BankTransfer,5.0,4.4,963.59
467,2024-12-23,c958e75e-21d5-4971-b367-49b52cf6bf75,Electronics,Oceania,4,483.19,0.0,Cash,4.0,4.1,1932.76
96853,2024-03-23,7c6d6de2-d090-44b8-88d0-0d354da17273,Toys,Asia,3,417.14,0.0,CreditCard,2.0,3.0,1251.42
83026,2024-02-25,03121f15-daeb-402e-ab0b-a5bcbeea2c9c,Automotive,South America,4,464.84,0.0,CreditCard,6.0,2.2,1859.36
89353,2023-04-24,d438abb3-3a78-4bfb-9ea9-6338316fe89d,Toys,North America,1,238.3,0.0,Cash,1.0,2.5,238.3
19804,2023-02-28,a577d497-9347-4a31-9501-25864f637747,Automotive,Africa,4,362.52,0.05,Cash,9.0,3.3,1377.58
63744,2023-01-17,8ccb088a-aad7-4a15-b2a8-69bd33acd50a,Home,Europe,2,313.92,0.0,CreditCard,8.0,3.5,627.84
99588,2025-04-30,ab6b0453-f66b-476e-821d-bde8e384ec88,Electronics,South America,5,262.34,0.05,BankTransfer,2.0,3.5,1246.11
15045,2024-11-17,89caa69d-e741-419d-8eb4-c02507ed9338,Beauty,North America,6,130.878,0.0,BankTransfer,1.0,3.7,785.27
21660,2025-08-18,5f361dde-025f-4965-8578-a3148611f2e4,Sports,North America,1,79.82,0.05,Cash,2.0,2.5,75.83
4511,2025-11-09,9f9bc7bd-5c3d-415c-8a74-982e56ca0fb3,Beauty,Oceania,5,13.572,0.0,PayPal,2.0,3.1,67.86
18143,2023-08-28,3aff8085-8d22-463f-8064-b74d4b972bc7,Toys,Asia,2,423.39,0.15,BankTransfer,7.0,4.0,719.76
47331,2023-03-10,26242cce-dd71-417a-aa93-1fda3fe233bb,Fashion,North America,1,398.43,0.15,PayPal,1.0,4.4,338.67
65199,2023-02-21,bf15e7c3-3da9-4900-b590-2b6b9de2d438,Beauty,Oceania,2,390.55,0.0,Cash,3.0,4.1,781.1
85627,2025-03-26,4c5444a4-dd33-4c3b-ba07-8c935bb6354e,Home,Oceania,5,74.27,0.0,PayPal,9.0,2.7,371.35
97032,2023-06-25,ed4bec3f-0aa3-41a2-aa2d-e9b9e52744e1,Electronics,Europe,2,298.46,0.1,Cash,3.0,3.6,537.23
43582,2023-08-25,80b3b2e1-941f-44fd-a791-d4f60ca22fbf,Sports,Asia,2,288.3,0.1,PayPal,7.0,5.0,518.94
14763,2023-11-03,77fff0fe-9b70-49a0-a901-73cd9d157d1a,Electronics,Europe,6,151.434,0.05,PayPal,9.0,3.1,863.17
76501,2023-04-09,263121f4-c864-4829-8b6b-61ace474de7c,Sports,Oceania,3,283.46,0.0,CreditCard,4.0,4.4,850.38
29285,2024-06-24,9ecbef4e-744f-49c1-8a6b-804747cba7c8,Toys,North America,1,493.18,0.2,CreditCard,8.0,3.8,394.54
63343,2023-06-28,be04e89f-6a8e-49aa-a9c1-a0c63818a9bd,Automotive,Africa,1,42.43,0.0,CreditCard,8.0,4.8,42.43
61461,2025-11-06,6a7ee18d-3dc6-44e0-93be-361fa151f14b,Toys,Africa,4,93.069,0.15,PayPal,9.0,2.1,316.43
27538,2024-05-12,935b5a4e-3ea3-470a-85f2-3922d0394481,Beauty,Africa,2,204.94,0.0,Cash,1.0,3.4,409.88
77458,2024-04-06,15198509-7358-4104-8b3b-10101163c441,Toys,Oceania,5,13.91,0.1,Cash,1.0,3.8,62.6
78141,2025-07-17,085bb952-ffe2-4804-ba09-904d012e2169,Automotive,Europe,2,206.94,0.2,Cash,4.0,,331.1
42652,2025-02-04,1eba3186-931b-4f4d-ba4d-6caa4cf8651d,Beauty,Africa,5,398.46,0.2,CreditCard,9.0,3.4,1593.84
74940,2024-11-18,ce998ffe-cb76-4381-88e6-0e13d5e278f1,Toys,Europe,2,321.021,0.0,PayPal,2.0,2.2,642.04
48273,2025-09-24,9c542018-c1df-4bcb-8f1b-03a52f20a3ac,Home,Asia,2,154.62,0.0,BankTransfer,3.0,3.7,309.24
61821,2023-09-26,2cce0f8b-db29-42fd-8d6e-ce8fdf9c3483,Toys,North America,2,67.96,0.0,PayPal,1.0,3.3,135.92
2363,2023-03-16,3360d115-48b5-4c88-8f63-5f4a2b9a118e,Toys,South America,1,18.25,0.15,PayPal,2.0,3.3,15.51
5099,2023-04-03,3a5b171c-b7a4-4108-8dac-20f90abd99fd,Home,Oceania,2,391.13,0.0,Cash,1.0,4.9,782.26
90425,2025-08-10,6d5f62d9-c80c-42d5-a954-08ae8dc62423,Beauty,Asia,4,33.82,0.0,PayPal,5.0,4.4,135.28
80591,2023-07-24,98470a94-2ad3-482e-a291-aac7d1aec228,Fashion,North America,3,399.55,0.2,PayPal,7.0,3.8,958.92
8547,2024-03-15,21483249-414e-4cc1-9027-8ec26125cb48,Electronics,North America,4,468.18,0.2,Cash,6.0,3.4,1498.18
37476,2025-01-30,f19ba98d-3814-4caf-885f-8a0851a7cc62,Electronics,South America,3,67.03,0.05,CreditCard,1.0,4.1,191.04
38869,2025-08-14,2e6c6bba-58b4-46e8-84a6-b5ab611a0625,Automotive,Asia,4,233.99,0.0,Cash,6.0,2.1,935.96
95348,2024-07-20,61453600-cb68-4a0d-8f70-024f10120611,Home,South America,1,300.72,0.05,BankTransfer,5.0,4.5,285.68
53290,2024-01-12,52857cd5-2f2a-49be-9176-b926f11a31ee,Home,South America,5,400.85,0.0,BankTransfer,4.0,3.8,2004.25
70156,2024-06-24,3c6d525d-2538-40be-9585-9de485b8c373,Fashion,Europe,3,436.85,0.0,BankTransfer,3.0,4.0,1310.55
41929,2025-10-09,4a7041d5-b918-4343-981e-260fcae83972,Toys,Oceania,1,198.43,0.05,Cash,7.0,2.2,188.51
47330,2023-06-15,64acbdac-7d9c-429b-8ec5-1daa1da5c353,Beauty,Asia,5,19.52,,Cash,8.0,3.3,97.6
97372,2023-09-22,4fcc475f-fb2d-4525-827c-4576f015e45f,Fashion,North America,2,87.53,0.05,BankTransfer,9.0,5.0,166.31
76502,2025-05-25,5082a8b6-4e41-4748-881d-3e5b63a4baf9,Electronics,North America,3,188.78,0.2,PayPal,6.0,3.1,453.07
34287,2025-09-05,a8533c93-2926-41d3-8888-3652b62b10dd,Automotive,South America,2,412.46,0.0,PayPal,1.0,2.2,824.92
91444,2024-12-19,98bdd2b8-6908-4ea0-a7f9-2e136a5bd0d0,Beauty,Africa,2,228.51,0.0,PayPal,1.0,2.6,457.02
76471,2023-02-18,87a923d0-46ca-4a9b-8837-922ed5a303b6,Beauty,Asia,1,371.66,0.1,PayPal,1.0,3.8,334.49
30099,2025-07-04,919337ca-65b6-45bf-8eb8-d1b162ae6405,Toys,Africa,4,280.88,0.0,CreditCard,9.0,2.0,1123.52
88838,2025-12-09,971419c1-669f-4e36-883f-64c0c23865ea,Sports,South America,5,307.88,0.0,CreditCard,2.0,4.3,1539.4
47372,2024-06-15,f586a744-d249-404b-a636-c7ffe060036b,Fashion,Oceania,4,313.33,0.0,PayPal,1.0,4.7,1253.32
29396,2023-01-17,890fee3b-5170-479f-a45b-bfd55d0d1872,Beauty,Europe,2,492.3,0.05,CreditCard,3.0,2.0,935.37
71758,2025-03-09,9f43076c-ce5d-4cb9-9d95-7265972d5b52,Sports,Africa,3,358.45,0.05,Cash,3.0,2.2,1021.58
98796,2025-08-16,d4f8d7c3-f2ad-4ec9-9751-a07d100220f1,Sports,North America,5,178.65,0.1,BankTransfer,4.0,4.1,803.92
33635,2024-10-23,2ff9a249-c0bd-4806-b60a-4df4e3401a76,,Africa,3,469.7,0.1,CreditCard,3.0,4.4,1268.19
69696,2024-09-24,a415129b-415f-4179-988a-8c2196801c7d,Automotive,South America,1,388.1,0.0,PayPal,6.0,4.3,388.1
11405,2024-01-17,27af9995-8e5a-4e09-accc-181e2e54ca50,Home,Europe,3,408.24,0.05,Cash,1.0,3.5,1163.48
61122,2023-08-06,10c99a48-a654-417d-aba2-565052694fee,Fashion,Oceania,4,356.94,0.2,PayPal,5.0,4.0,1142.21
9846,2024-02-23,f53d488d-e994-4cd2-9ab9-5b799f76385e,Fashion,North America,5,214.34,0.2,CreditCard,9.0,4.1,857.36
47373,2024-12-03,95d01db0-2e1e-479e-aedb-379db104a523,Toys,Africa,3,151.61,0.1,BankTransfer,1.0,2.9,409.35
69879,2025-07-11,2bac55fb-0dac-4faf-9092-c355ad8b8a4e,Sports,North America,1,167.02,0.15,CreditCard,3.0,4.0,141.97
75379,2025-06-30,285946b3-7218-4854-be5a-60994dc80592,Automotive,Asia,3,59.7,0.2,PayPal,8.0,4.5,143.28
33804,2023-04-10,631c18ea-932a-471b-a02b-938252f21af0,Automotive,Oceania,4,215.64,0.0,CreditCard,5.0,3.2,862.56
50243,2025-01-09,dad09e6b-c416-4ab7-8212-ee84c42a9e00,Toys,Asia,5,447.56,0.2,PayPal,2.0,2.2,1790.24
54417,2024-06-15,7a436735-7865-417e-87e9-e14a4398a63b,Automotive,South America,1,454.78,0.0,BankTransfer,9.0,2.3,454.78
52926,2023-10-03,b9be6f81-2b42-4175-b57c-f62f5fbf371d,Electronics,Africa,5,414.73,0.2,CreditCard,9.0,4.9,1658.92
29227,2023-05-27,74d54610-ae4b-4031-9dd7-2830d3eb39bb,Toys,Africa,2,90.45,0.1,BankTransfer,7.0,3.4,162.81
43218,2023-03-22,e95b6461-c35f-4e4e-822c-d1cd42a080ef,Beauty,South America,1,479.7,0.2,PayPal,5.0,3.7,383.76
57447,2024-06-07,63379612-7acf-44ea-bec8-909e8976ad5c,Automotive,Europe,2,195.31,0.0,Cash,7.0,3.4,390.62
954,2024-09-23,1cb9b73a-906d-4c8c-aad0-8c8913fe8a29,Sports,Europe,2,125.85,0.0,Cash,2.0,2.4,251.7
6810,2023-04-12,28791fa4-7a80-4dd0-8286-2014ff41e2a0,Sports,Africa,1,389.35,0.0,Cash,1.0,2.6,389.35
70108,2023-04-01,1725b9ae-9e36-4de9-af2f-009e7f44f777,Beauty,Africa,2,90.68,0.0,CreditCard,2.0,3.7,181.36
76013,2024-11-12,89f6d50b-c996-4fa8-8a1c-6199cb9262b1,Toys,North America,5,444.312,0.15,BankTransfer,6.0,2.5,1888.33
52374,2024-01-22,50296b31-aaa7-4074-9e9c-ab3d551ade57,Fashion,North America,1,283.81,0.0,PayPal,6.0,2.0,283.81
89355,2023-01-13,16d0c66a-e26e-49f7-b9eb-57566dbe8cdd,Fashion,Asia,3,474.94,0.0,PayPal,8.0,3.9,1424.82
46154,2025-09-22,c563c681-f270-493d-a5af-35fad733766f,Electronics,Asia,3,290.98,0.0,PayPal,6.0,3.7,872.94
76512,2025-08-23,f84ceda9-ed3a-4308-9608-f4685200c3d2,Sports,North America,4,12.05,0.0,Cash,2.0,3.3,48.2
9106,2024-06-08,af31dee8-81ea-4853-8415-a46760a55b8e,Sports,Europe,1,33.36,0.0,Cash,1.0,2.3,33.36
95332,2025-11-10,e73ca02f-73f1-4ffe-a8ff-da2b3d4cdf7e,Automotive,Africa,6,270.531,0.2,CreditCard,7.0,2.4,1298.55
8290,2023-09-28,8e86f9b2-d4e6-45f7-b427-fb9ee7912673,Automotive,Asia,1,86.42,0.1,BankTransfer,8.0,4.4,77.78
66054,2025-08-30,a7fa40fd-dde1-41b0-a547-9e2c697e5390,Sports,Asia,2,57.18,0.15,BankTransfer,4.0,4.6,97.21
85275,2024-05-07,85936e74-65f4-4164-88c5-2e8ceeb1e821,Fashion,North America,1,263.43,0.0,CreditCard,6.0,4.9,263.43
16959,2025-09-28,8adb4c5c-3f17-4495-b0a6-0bc9148b42fa,Sports,South America,1,119.4,0.15,BankTransfer,2.0,4.3,101.49
56521,2025-08-22,39039516-db69-4c05-8c80-09f3b7daa7c1,Electronics,South America,5,214.63,0.0,Cash,7.0,3.5,1073.15
62621,2025-02-19,d99f0444-6db6-4f62-9b10-75578c8e652c,Home,Europe,1,480.09,0.05,PayPal,5.0,3.2,456.09
47283,2023-12-22,743c92eb-e918-4aee-a9a8-5e1b8a5b3040,Sports,South America,1,165.41,0.05,PayPal,2.0,4.8,157.14
28212,2025-05-22,a12a2031-92da-4b36-9879-27a2da212725,Fashion,South America,2,366.86,0.0,PayPal,6.0,3.4,733.72
23466,2024-07-10,5ff2d515-f700-4e39-bebf-642f371be782,Automotive,Asia,5,415.22,0.0,,9.0,3.7,2076.1
73601,2023-07-11,bbffb1fa-0513-401d-ba78-c64e2f6c6ffb,Fashion,Asia,2,361.49,0.0,BankTransfer,6.0,3.7,722.98
6092,2025-06-03,f88c2664-01bc-475c-9cdc-23fc50805bbf,Home,Asia,2,121.43,0.0,PayPal,3.0,2.4,242.86
88238,2024-10-28,f2e3f818-5d8a-4c2d-a76e-34788b19d195,Electronics,Oceania,5,322.51,0.0,BankTransfer,4.0,3.2,1612.55
74458,2024-06-09,461fbc51-11b5-43f8-9b71-37dee7e6f7b2,Beauty,North America,1,209.61,0.0,BankTransfer,7.0,2.9,209.61
99837,2025-07-10,b6abe0f1-116a-4341-b264-487b7ce8256f,Sports,South America,2,490.05,0.15,BankTransfer,6.0,2.7,833.08
31592,2023-07-28,12845ced-1b20-490e-b246-843473a03176,Beauty,Asia,4,15.34,0.0,CreditCard,5.0,4.0,61.36
56048,2025-04-09,7f596780-7be7-4711-b95a-fa14aff4ded0,Sports,Europe,1,481.0,0.0,BankTransfer,5.0,3.6,481.0
38717,2023-10-31,0ac22c6b-4975-4aad-a6ad-60be72c0b8a9,Electronics,Asia,2,358.99,0.05,PayPal,6.0,2.7,682.08
14045,2024-09-17,41cf509d-a0ac-4cd1-b1dc-bdad27d7772d,Fashion,Africa,1,231.71,0.15,PayPal,4.0,3.0,196.95
84149,2023-06-22,3c25d863-9859-4f87-9daa-f4b952336f21,Sports,Oceania,2,166.36,0.1,Cash,5.0,4.6,299.45
80167,2024-02-21,2b56db2f-0f7a-401d-ab8b-65fdd8b71fef,Toys,South America,1,10.57,0.0,Cash,6.0,4.9,10.57
58356,2023-08-11,a8df0a00-6afa-4b81-a05e-1436e423b21e,Fashion,Asia,2,32.87,0.05,BankTransfer,4.0,2.0,62.45
32261,2025-12-15,3fecfb65-9e70-45b0-9383-74ff8f275a7f,Fashion,Oceania,4,413.48,0.2,PayPal,8.0,3.0,1323.14
36910,2024-09-11,1aeb1100-82cd-4317-bc24-5777d41b34ac,Home,Africa,5,392.54,0.0,PayPal,7.0,3.7,1962.7
8518,2024-05-15,126f28a9-107d-4387-88c2-1370c2a423f2,Beauty,Europe,3,63.49,0.0,Cash,6.0,4.8,190.47
6934,2023-08-22,f2d058ca-7b2e-429d-9f80-bd12299606d2,Toys,South America,3,390.01,0.0,BankTransfer,9.0,3.3,1170.03
60771,2025-02-19,04515944-701f-4366-937b-f358b0ba2274,Fashion,Europe,5,415.4,0.1,BankTransfer,2.0,4.3,1869.3
36586,2023-06-14,91a785a0-a29e-40c0-9f60-0db091a5449e,Beauty,Oceania,4,24.13,0.0,CreditCard,8.0,2.9,96.52
90692,2025-06-03,6d5c748d-023a-45c1-bb21-c90700a9a495,Home,North America,1,85.29,0.05,PayPal,7.0,2.3,81.03
85684,2024-03-20,a0836439-c972-41eb-8307-146ce4303229,Toys,Europe,3,99.03,0.05,Cash,9.0,3.7,282.24
96443,2025-01-07,66783830-9f50-4a11-bc78-c405ff6851ff,Toys,North America,4,329.34,0.0,PayPal,8.0,4.1,1317.36
23229,2024-06-19,194a5e83-b658-4077-b428-8600ad5c5f36,Home,South America,1,479.46,0.0,Cash,8.0,2.5,479.46
62800,2023-05-19,2160c1ac-8a9c-4759-a809-75bfae4ec4b3,Home,Africa,2,479.82,0.1,Cash,7.0,4.0,863.68
68003,2025-04-24,9a2a6d77-6521-4e2a-8afc-7724cf4c1bca,Sports,Africa,5,23.31,0.0,CreditCard,2.0,2.9,116.55
21505,2025-08-18,61bdbe67-3f0a-4ea7-9905-be03bd2e54df,Automotive,North America,5,406.62,0.05,PayPal,8.0,4.0,1931.44
75691,2023-06-14,94d93f4e-ff92-47c5-88b8-1679ef8cee34,Electronics,Asia,2,33.24,0.0,BankTransfer,7.0,3.0,66.48
50381,2024-12-22,d3ecea4e-fba3-49bf-9971-a776876d88f4,Home,North America,3,,0.0,BankTransfer,7.0,4.3,1191.81
90377,2023-08-01,b086ccbf-3c44-449b-bba9-4cf02d8802cd,Automotive,Oceania,1,333.45,0.0,Cash,2.0,4.9,333.45
32134,2025-02-02,dd839d94-bc11-4e6d-8657-52d85849b91a,Home,Europe,2,499.37,0.1,CreditCard,5.0,2.3,898.87
28006,2025-12-13,fdbcb7e2-5da7-409f-abea-b9d7e798054f,Automotive,Africa,3,390.65,0.15,CreditCard,8.0,4.4,996.16
33932,2024-01-02,073780b9-63d6-4fba-b385-87b1cc98db3d,Sports,North America,3,227.11,0.0,Cash,1.0,3.1,681.33
77699,2023-05-21,21c96a4f-f984-4c17-9ccc-55ce1559eb30,Home,Africa,4,156.68,0.0,BankTransfer,2.0,2.1,626.72
22936,2024-02-04,5954d3d2-288a-4503-ae41-3b92cbf829fb,Home,Europe,1,180.32,0.0,BankTransfer,5.0,3.1,180.32
90314,2024-09-25,acc34b99-40ca-4564-acdd-b1fb955738c1,Toys,Asia,2,205.22,0.05,PayPal,2.0,2.9,389.92
97581,2025-05-08,d05478d1-e894-4f33-84bd-10ac8838e119,Sports,North America,3,116.16,0.05,CreditCard,4.0,3.0,331.06
94928,2024-02-27,3a7c0072-76c1-43d0-96bc-17e51bbc697f,Electronics,Europe,4,38.11,0.0,BankTransfer,6.0,3.8,152.44
41997,2023-11-15,5dda46c2-8f33-4efb-9388-046aa30a543b,Beauty,Europe,4,80.064,0.05,Cash,1.0,2.6,304.24
71108,2023-12-30,a35de9cb-0a0b-4dcd-8cc2-6ad0aef20d14,Automotive,South America,4,474.72,0.1,CreditCard,7.0,2.5,1708.99
2399,2024-09-15,9099a283-eedb-4ce5-a7fe-cdcd2528b516,Toys,South America,2,350.25,0.1,CreditCard,2.0,2.9,630.45
43698,2025-03-05,2a3ddff4-551d-482f-90cd-a4a33da0220b,Electronics,North America,1,413.07,0.0,Cash,4.0,2.2,413.07
35531,2025-12-18,8af2b429-3f81-449d-bcca-192decd399cc,Home,Africa,3,188.42,0.0,Cash,9.0,3.1,565.26
6322,2025-06-21,2ab8c610-e7e3-49b8-918d-a4887d5704df,Automotive,Europe,4,496.25,0.0,PayPal,8.0,4.2,1985.0
38754,2023-02-23,913e93a6-e03d-488d-b573-cc53e845e18d,Home,Africa,5,208.97,0.1,BankTransfer,2.0,4.7,940.36
30725,2025-04-03,68869693-459a-4785-853c-bfb2ff430c3e,Home,North America,5,476.59,0.1,PayPal,9.0,4.0,2144.65
60422,2024-08-23,a85adb0c-6517-4828-a40c-352351e3f195,Beauty,Oceania,3,320.78,0.1,PayPal,9.0,5.0,866.11
90791,2024-01-14,b02c8c24-d639-4576-9049-b8fc357eb820,Automotive,North America,1,293.27,0.1,BankTransfer,3.0,3.3,263.94
14503,2024-11-26,b1e22571-4212-4f7c-8854-a4ca0459b778,Home,Oceania,2,432.738,0.0,PayPal,3.0,3.9,865.48
47556,2025-05-15,fc106020-4973-46d3-9d05-11451d7bbb68,Toys,Oceania,2,136.5,0.0,CreditCard,1.0,4.9,273.0
42103,2023-06-08,ee8749ab-6cd2-44e2-b683-35eeb9247dfb,Sports,Asia,1,451.25,0.0,Cash,7.0,3.1,451.25
23196,2025-06-02,119f707f-e9fb-4063-8c2a-6a2f71cddba6,Sports,North America,1,148.81,0.05,PayPal,5.0,3.8,141.37
68128,2023-02-08,74b887df-d88a-45a2-aded-fd48a06950fc,Beauty,North America,1,350.11,0.0,PayPal,1.0,2.6,350.11
2788,2024-11-13,565c1e3f-6d1c-41d6-b3e0-4a38cdf0aaba,Toys,Oceania,4,144.423,0.0,PayPal,1.0,3.5,577.69
68852,2025-03-02,13df10d0-e1a1-4bde-8e3e-167ba4226c1a,,Asia,3,319.81,0.0,Cash,2.0,2.9,959.43
33895,2023-07-29,26d1a6ad-71bc-4a0d-8907-c7cfd69af16d,Home,Europe,2,121.7,0.0,PayPal,5.0,2.9,243.4
8236,2024-07-27,f0a968a6-aea2-449e-bdc2-c940fa26897a,Electronics,South America,5,351.46,0.05,PayPal,6.0,2.5,1669.44
38392,2023-07-27,53a0dd0d-1768-43e0-918d-696fc001254e,Sports,Europe,5,30.71,0.2,CreditCard,2.0,2.1,122.84
17330,2024-09-02,ee01c05e-6cc3-4514-9257-e28815d48ee8,Toys,North America,2,257.9,0.0,CreditCard,6.0,2.2,515.8
47037,2025-09-17,a79f41d8-8abf-4736-a514-b571f75602ec,Electronics,Europe,2,454.52,0.1,BankTransfer,,3.1,818.14
91839,2024-05-17,615c68ab-247c-4e20-b8f4-35d9f865ab60,Sports,Asia,3,244.79,0.2,CreditCard,8.0,3.9,587.5
37926,2024-11-28,ed9384c1-2a9f-4a5a-9e61-af453cd76bc9,Toys,Asia,5,105.318,0.0,CreditCard,5.0,2.4,526.59
12581,2025-12-24,b4b4aba9-4db7-4ad7-85c3-822093cc50ac,Fashion,Europe,1,310.65,0.0,Cash,6.0,2.8,310.65
22528,2023-11-25,4633f355-c0c5-464a-baf8-fbd12fd505b1,Home,Europe,6,92.142,0.0,PayPal,6.0,3.9,552.85
3310,2024-10-12,5422ea97-e32a-4787-9824-6315ad49e072,Home,Oceania,2,339.2,0.0,Cash,1.0,4.4,678.4
4912,2024-01-25,42a1279b-8bf5-4aed-9904-b887d77b03b3,Beauty,North America,4,357.92,0.1,CreditCard,6.0,4.8,1288.51
29129,2023-10-26,798d99fb-2ed7-4961-951e-89e65c4fe578,Beauty,South America,3,303.45,0.0,Cash,7.0,3.2,910.35
16847,2024-05-24,d04de68d-3e0b-412b-b1e1-84c1ed9d3f55,Fashion,South America,4,161.6,0.05,PayPal,9.0,2.2,614.08
6101,2025-12-03,181af69a-16cf-4211-94f0-327b1e978ef7,Electronics,Africa,1,214.91,0.1,CreditCard,6.0,4.8,193.42
58135,2024-08-17,42788f00-39bf-4453-8869-282a05d5413a,Beauty,Africa,4,87.45,0.0,CreditCard,5.0,2.8,349.8
38309,2023-06-15,19581d52-9984-4735-a8c4-46bf1beae2f5,Beauty,Africa,1,116.65,0.2,BankTransfer,5.0,4.5,93.32
42620,2024-01-18,ca953e46-7ee6-49af-b928-1b752be73a3e,Automotive,Asia,5,495.66,0.05,PayPal,9.0,4.0,2354.39
43560,2025-09-27,cac49626-c6e7-436d-97ca-2a8d962e1e62,Sports,Europe,4,186.39,0.0,Cash,4.0,2.5,745.56
12770,2024-06-19,c5b504dd-4e28-45e9-b708-0b78bebf5e40,Fashion,Europe,4,56.84,0.0,CreditCard,1.0,4.1,227.36
37546,2025-01-04,1ab9a3c6-192f-4bba-80ef-c826381f453e,Electronics,South America,2,229.62,0.0,BankTransfer,9.0,2.1,459.24
44244,2025-06-07,93c3d6d5-512d-4d99-9348-f0a86bbfd47d,Fashion,Asia,2,38.5,0.0,CreditCard,1.0,3.8,77.0
80252,2025-11-17,35f91835-1143-4cbb-955c-be8a16040cc7,Beauty,South America,3,279.666,0.2,BankTransfer,2.0,3.5,671.2
34515,2023-04-14,0311cfea-1cc8-400e-8e91-4d5af84f6a66,Fashion,North America,4,161.42,0.0,Cash,6.0,4.3,645.68
27079,2023-11-06,6f5022f6-8db9-46fb-8204-6c6e12406ad5,Home,Asia,3,292.70700000000005,0.0,PayPal,4.0,4.6,878.12
12963,2023-11-14,8a353f73-a4ba-45b5-a5e7-c785d355e653,Automotive,,2,278.07300000000004,0.0,PayPal,2.0,4.7,556.15
17338,2025-07-19,7b90b5dc-2257-4398-9ed9-2dcaf0f879c6,Automotive,South America,4,100.27,0.0,CreditCard,5.0,2.2,401.08
62838,2025-12-04,623e59ad-3e1e-4913-b199-b48c9b50661d,Electronics,Oceania,5,108.02,0.1,Cash,7.0,4.6,486.09
90355,2024-12-24,40faa7ae-e150-4cb7-a156-8334f907a338,Automotive,Africa,2,119.43,0.0,PayPal,9.0,4.3,238.86
19838,2025-12-13,e5e650c7-db55-4b32-bf43-08894b80dcb6,Automotive,South America,4,448.5,0.05,BankTransfer,7.0,2.1,1704.3
74723,2023-12-22,c5105f30-6e1d-48a8-8c8b-3cb7e4ea1dbf,Home,Oceania,5,74.91,0.0,CreditCard,6.0,4.1,374.55
32387,2023-10-14,78b345b3-be6f-4d89-98d3-9ccd0338ca32,Toys,Asia,5,262.33,0.0,CreditCard,6.0,2.9,1311.65
35851,2025-10-22,69259be4-bbeb-486b-80b4-b922a2fbd132,Fashion,South America,5,175.62,0.2,Cash,8.0,2.6,702.48
55930,2023-10-03,fabf5972-b176-4788-bbd4-a82f6b69b696,Toys,Oceania,1,31.28,0.0,PayPal,1.0,4.0,31.28
95751,2025-09-10,40e4ab86-ef4f-4a7c-ab5f-e88e4ef2d10e,Fashion,North America,4,56.19,0.0,Cash,1.0,3.7,224.76
89405,2025-11-16,25769caf-a6a0-4f89-a549-7e8a4bfaaaef,Fashion,Oceania,6,330.138,0.1,Cash,3.0,3.8,1782.75
15753,2025-01-05,1e171c05-bd50-4fad-851c-94d7dd7803c1,Sports,South America,5,20.3,0.0,Cash,4.0,3.4,101.5
6001,2024-04-30,d0b66c10-6bfd-41bc-9a93-03eae75ec164,Automotive,Oceania,1,425.17,0.0,BankTransfer,5.0,4.8,425.17
75085,2024-05-15,ae2ce70e-86bc-4c53-9b1f-e7692124a42c,Automotive,North America,1,149.5,0.0,CreditCard,9.0,3.2,149.5
7130,2024-11-05,3f612028-cb4a-4aa4-a520-53b68faa2da8,Home,Africa,3,259.524,0.0,BankTransfer,4.0,4.9,778.57
31781,2023-10-02,6cfc78a6-0b98-4e6b-a834-81b9f4bc3def,Electronics,Oceania,3,176.81,0.1,BankTransfer,2.0,3.2,477.39
25416,2025-08-28,c9d1504b-82ca-43de-9d9e-fc3903d2c22a,Fashion,Oceania,2,194.17,0.1,PayPal,6.0,4.2,349.51
83433,2024-08-29,d8ac0a90-2159-4dd3-87f8-8b4fcfb45858,Fashion,Africa,2,296.76,0.05,CreditCard,6.0,2.3,563.84
56025,2024-06-26,e1ace5f0-b439-4b44-9d95-31c2eaf8276b,Toys,Asia,4,272.67,0.0,Cash,1.0,3.8,1090.68
47454,2025-12-09,31242890-12c6-4e8a-9b8e-698381d0934d,Beauty,North America,2,337.57,0.05,Cash,5.0,2.3,641.38
89109,2024-09-12,e8858968-2a1f-4485-9e40-4175345f8050,Automotive,Asia,5,279.76,0.05,PayPal,1.0,2.9,1328.86
93400,2025-08-31,5a0c3085-67d9-4bc2-87c4-7aa68c249fbc,Electronics,Europe,1,112.61,0.05,BankTransfer,3.0,4.3,106.98
9938,2025-10-12,c3d1b0b7-be94-4e36-9229-e29b56430354,Sports,South America,3,377.12,0.0,CreditCard,5.0,3.9,1131.36
26758,2023-02-12,d1aab379-b25e-41cb-a7ee-b6c83bf67606,Beauty,Africa,1,423.07,0.05,CreditCard,7.0,4.1,401.92
44644,2024-03-23,f2e3c6db-ac3f-4cd7-9756-3839559a822e,Toys,North America,4,130.22,0.15,BankTransfer,9.0,2.6,442.75
76733,2023-02-25,c76b3113-f162-47bb-b69b-c1c3f9aa5c86,Beauty,Africa,3,56.66,0.05,Cash,3.0,2.1,161.48
76874,2023-12-16,18cde8aa-6061-4253-a88e-636304e7ac23,Sports,Oceania,1,495.23,0.0,Cash,6.0,2.5,495.23
87485,2024-09-21,54050c61-5d47-4b2f-881d-00da13702a07,Electronics,Africa,4,131.36,0.0,BankTransfer,9.0,3.6,525.44
82151,2025-09-13,7e0b6c5e-7afd-40d1-aa78-ff8a735811b4,Sports,Oceania,4,14.02,0.0,CreditCard,2.0,4.1,56.08
42612,2023-07-05,8a258ee2-29c1-4088-9f2c-246c6855390d,Beauty,South America,2,377.66,0.15,BankTransfer,3.0,3.1,642.02
50075,2024-04-07,5775c64c-80e8-4ec7-bcb1-1ea983d7b71e,Toys,Oceania,1,367.64,0.0,Cash,4.0,3.0,367.64
68376,2024-05-24,4a7ba815-44c0-4e44-b392-328a69681a30,Toys,Asia,2,492.8,0.2,Cash,7.0,2.7,788.48
62413,2023-11-20,9765d07c-3a94-4216-967f-863c351f427a,Fashion,Oceania,6,347.661,0.0,BankTransfer,5.0,2.4,2085.97
13094,2023-08-06,fd2dd4e4-f17a-4c4e-84b3-725c567d8eb7,Home,Europe,2,485.76,0.05,,5.0,5.0,922.94
31428,2024-09-24,1d930b9b-de70-4c0e-a6ea-2cc22c138751,Sports,Oceania,5,103.68,0.05,PayPal,5.0,2.6,492.48
40256,2024-12-31,bddb7249-45cb-4ff7-a63e-04381486a406,Automotive,North America,5,242.75,0.0,CreditCard,2.0,2.6,1213.75
11864,2025-01-03,ae4e31cf-594e-4567-babf-14cd094d4ebd,Automotive,North America,1,229.69,0.15,PayPal,2.0,3.0,195.24
22333,2023-10-16,,Toys,Asia,1,415.17,0.0,PayPal,1.0,5.0,415.17
20950,2024-11-09,85396599-5b4f-41d7-b27f-1cc381f0657a,Electronics,Africa,2,103.797,0.0,CreditCard,5.0,4.4,207.59
26633,2023-02-06,436f8858-16c2-4199-a767-df033a0b5b0d,Toys,North America,4,233.61,0.0,PayPal,2.0,3.3,934.44
1567,2024-06-15,66d71d97-b193-48b8-ae49-c0799bd0d4c7,Toys,Asia,2,101.88,0.0,BankTransfer,1.0,3.5,203.76
17445,2023-10-19,48e724e4-c7bb-4252-9444-b5f81df52cb0,Toys,Europe,5,359.52,0.0,Cash,4.0,3.5,1797.6
21583,2025-06-03,d1a9f011-8d85-45ce-978d-b4b1dbebde7e,Toys,South America,4,52.2,0.2,BankTransfer,6.0,4.9,167.04
85020,2025-11-13,f10dffb6-f8c3-453e-b6cf-c4c4c8026a45,Toys,Europe,5,296.1,0.0,Cash,9.0,3.1,1480.5
69946,2023-03-26,e2f05428-42aa-4709-b820-cad24b4b04fb,Beauty,Africa,3,346.36,0.05,CreditCard,6.0,4.7,987.13
9888,2023-08-10,f8644f2f-ddfc-45c2-b72c-74985a15fc95,Fashion,North America,5,211.02,0.1,PayPal,6.0,2.2,949.59
44893,2024-11-06,b5920752-939c-4c0a-824c-028029670256,Sports,Europe,4,278.36100000000005,0.0,BankTransfer,7.0,3.1,1113.44
34090,2025-04-27,5a92e40a-2830-44d6-b2ff-f8af0f382db3,Automotive,Africa,3,130.15,0.0,CreditCard,7.0,4.0,390.45
66639,2023-06-24,b0d7b232-958b-40a3-a970-9193ff68b1a8,Toys,Oceania,3,485.29,0.0,BankTransfer,6.0,4.0,1455.87
13261,2023-08-08,0cc244a5-b893-40a0-87d3-8350a061450c,Beauty,Europe,1,170.31,0.0,PayPal,5.0,2.2,170.31
60148,2024-07-13,36cfe991-2efa-47cd-a711-c5cc83d5427d,Beauty,South America,2,5.82,,PayPal,5.0,3.0,11.64
37692,2025-08-24,f5f6cef2-5345-48bf-a4b4-5afab7ab6d77,Beauty,Asia,1,399.12,0.1,Cash,2.0,3.0,359.21
66233,2024-01-31,5b6ac8c4-d28f-40a1-bbaa-c9672fde9027,Automotive,Asia,4,106.01,0.1,Cash,5.0,4.1,381.64
42353,2024-10-03,0a1b9fdd-a37b-40eb-a75d-c3730b794deb,Fashion,North America,3,101.6,0.1,PayPal,1.0,3.6,274.32
69683,2023-02-25,4593fa62-b824-4fd2-bb7b-da0bb9c68ae8,Beauty,South America,4,232.14,0.15,BankTransfer,8.0,4.7,789.28
17920,2023-04-06,052011e3-b35d-450c-b972-39c3edaabee1,Beauty,Oceania,3,79.4,0.05,CreditCard,7.0,4.4,226.29
83858,2025-03-04,0f8e3a49-03e4-49e9-98fe-45de76c3281c,Toys,South America,3,350.72,0.05,Cash,1.0,2.9,999.55
53089,2023-02-19,99708e28-bc3e-4c2f-8663-60c00eefe207,Home,South America,3,87.56,0.0,CreditCard,9.0,4.3,262.68
61804,2024-09-04,0e822240-561d-4ba7-97b1-b0eea413fba2,Beauty,South America,3,203.0,0.0,PayPal,4.0,3.9,609.0
4644,2025-02-13,9e3bc735-071f-4a27-a72e-31b197e1bc36,Toys,North America,3,100.82,0.05,PayPal,6.0,4.5,287.34
95775,2023-08-21,b3302dfa-1990-4710-bc7a-9bd5971642dd,Automotive,Oceania,1,125.9,0.05,Cash,4.0,4.7,119.6
49188,2025-01-09,c8c672c0-db76-4701-8e3f-c460287e5974,Beauty,South America,1,23.54,0.05,CreditCard,9.0,4.2,22.36
48307,2025-01-31,720c9b8b-266d-4a1a-b1d9-f69eead38da1,Home,Africa,5,443.77,0.0,CreditCard,6.0,2.3,2218.85
50195,2023-01-28,1e704e82-ca10-4b7e-8f6c-847b1a16e068,Electronics,Europe,1,205.38,0.05,Cash,1.0,2.2,195.11
4222,2023-03-23,1febc9af-b2a8-4456-884b-fa8ce3593ee9,Electronics,Africa,1,387.28,0.0,PayPal,6.0,3.3,387.28
53394,2025-01-30,ef57073f-9480-4065-b04c-9d0b155f4086,Automotive,North America,4,56.96,0.0,CreditCard,9.0,2.7,227.84
8649,2024-03-28,37d9f94a-87e8-43e5-b4ae-6f01bfc3535d,Home,North America,4,77.7,0.1,CreditCard,5.0,3.3,279.72
36194,2024-07-22,2ef49ce2-dae5-4aea-84f9-d5f93b821b5c,Beauty,Africa,1,53.92,0.0,BankTransfer,3.0,2.2,53.92
32490,2024-09-13,a9fe004c-da64-4226-8cec-3727d48887a6,Electronics,South America,5,22.54,0.1,Cash,5.0,2.9,101.43
61130,2023-04-20,322f100c-adc3-4bfe-97da-3ba69224c44f,Sports,Asia,4,203.08,0.2,Cash,8.0,4.1,649.86
8666,2023-05-19,c881464b-c358-4cfb-875f-a0cf4974e1b7,Automotive,Asia,1,482.05,0.15,PayPal,2.0,2.7,409.74
36255,2025-06-18,b7dce930-1b0e-4b26-91bc-b8109425fef2,Automotive,Africa,1,27.66,0.0,CreditCard,4.0,3.4,27.66
53870,2023-10-08,1bda6e42-8138-4573-8a3e-8a692d7e4d55,Sports,Asia,1,435.69,0.2,CreditCard,2.0,4.4,348.55
7135,2023-05-01,bce4808b-2b5b-4e12-a06c-e216b54a126d,Toys,South America,3,71.61,0.0,CreditCard,5.0,4.0,214.83
76996,2025-08-11,5be611f8-99c1-437d-a644-e6306dc1904f,Beauty,Africa,1,323.04,0.2,Cash,9.0,2.4,258.43
66689,2025-12-14,78dc4a45-cbd6-4854-9246-9425ec03052d,Automotive,Asia,5,100.26,0.0,Cash,5.0,3.5,501.3
46782,2023-03-06,c3c79a6f-302c-4608-9911-5c6d49f6487e,Electronics,Africa,4,383.86,0.1,CreditCard,9.0,3.7,1381.9
10409,2024-04-23,14cb07a9-0180-4ceb-a665-c3027c0ba9d2,Toys,Asia,5,437.06,0.1,CreditCard,4.0,4.1,1966.77
77600,2024-07-02,2b0a9941-ad08-4bab-8872-544c6020c52e,Fashion,Oceania,4,66.14,0.0,CreditCard,6.0,2.2,264.56
78225,2024-08-13,29ae01d1-ebee-4748-aa93-9b48cad77185,Automotive,Oceania,2,145.48,0.05,CreditCard,7.0,4.5,276.41
32097,2023-09-24,4e5b2424-385c-4e81-8aca-c467ecba5167,Toys,Africa,3,374.9,0.1,PayPal,9.0,3.8,1012.23
31061,2025-05-19,d67ff9ea-e9de-4024-a45b-52edf379026f,Electronics,Africa,2,33.9,0.0,PayPal,7.0,2.0,67.8
45149,2023-03-21,21feaa32-4c28-499d-9765-ee09d0fba467,Electronics,Europe,5,451.13,0.0,Cash,8.0,2.3,2255.65
33012,2023-01-24,6530a1bb-2b6a-415d-b826-ef67befab998,Electronics,South America,2,238.14,0.2,Cash,8.0,2.2,381.02
65936,2024-04-26,799a2331-a8ac-4073-91dd-c674a41674f1,Electronics,Europe,2,300.54,0.0,PayPal,7.0,3.8,601.08
52766,2023-05-23,3ba3592c-536f-49de-9293-d5a1261b83b0,Home,South America,5,355.99,0.1,PayPal,6.0,2.8,1601.96
1575,2024-09-22,4cec495b-2267-46e3-ba5b-6ac5de703b72,Home,Europe,2,283.18,0.0,BankTransfer,6.0,2.8,566.36
37027,2025-11-21,c5546ad0-9d62-4af8-a755-00916a4e9ed9,Fashion,Europe,3,208.125,0.05,CreditCard,7.0,2.7,593.16
5170,2024-01-06,26fa466b-1573-4a73-8266-557cefc66c4c,Fashion,Asia,5,333.73,0.0,Cash,8.0,4.3,1668.65
18671,2023-12-27,706017d2-6df6-4277-b893-85d0ea77c46c,Automotive,Europe,3,472.83,0.05,PayPal,6.0,3.2,1347.57
31471,2024-02-15,97071445-e4ca-40f5-8e81-cbbd15e4486f,Beauty,Oceania,2,256.65,0.0,PayPal,4.0,2.8,513.3
12790,2024-07-11,a20bc47d-6724-4e29-bd95-8b6ed31f3cf4,Home,Africa,5,91.43,0.0,Cash,9.0,4.3,457.15
92358,2025-08-02,2bd45fe6-c33c-494c-9571-7ec665cb3d88,Sports,Africa,5,280.34,0.05,PayPal,8.0,3.2,1331.61
11061,2024-09-24,ee906cfe-bda0-4104-848a-441e7cafb69b,Electronics,Asia,3,21.14,0.1,CreditCard,7.0,4.1,57.08
17806,2023-05-17,aa9bc58b-378f-4cc8-8d23-4a55ef71374c,Toys,Asia,3,282.85,0.0,BankTransfer,6.0,2.4,848.55
76776,2025-10-25,3c1dde97-62b3-478e-8418-c70b8a6d8908,Toys,South America,3,305.71,0.0,Cash,6.0,2.7,917.13
31841,2024-10-15,9e9add66-024c-49c6-bebd-2f2326701a88,Toys,Oceania,1,191.64,0.0,CreditCard,5.0,2.6,191.64
29189,2023-04-04,cd9f09dd-8348-4399-9fe3-c493aaa718d5,Home,South America,1,360.26,0.0,PayPal,2.0,2.8,360.26
97866,2025-08-20,3d8c232a-7e74-4177-b047-55a677a0c7fd,Sports,North America,1,164.06,0.05,CreditCard,5.0,3.4,155.86
51644,2025-01-03,c1e13d6a-57e9-4210-87a0-0f82a63d39c7,Automotive,Africa,5,21.38,0.15,BankTransfer,8.0,3.0,90.86
82850,2025-07-18,733c01a9-da73-479a-8b44-35646e924eff,Electronics,Europe,4,136.57,0.0,Cash,7.0,3.0,546.28
19893,2025-11-03,ee823f36-2de6-44f5-a798-1259719be0ca,Sports,North America,3,198.18,0.15,CreditCard,6.0,3.4,505.36
5039,2025-04-04,3e84455f-a755-4468-9e74-e1224aed4cc8,Beauty,North America,3,436.53,0.05,PayPal,1.0,4.8,1244.11
2496,2025-03-19,9ad2bb72-b04b-4584-b95c-ec2d7bd15655,Sports,South America,3,208.3,0.0,BankTransfer,3.0,3.9,624.9
95066,2025-04-05,029105c1-c548-4918-9b3d-b2e37b226a68,Beauty,Asia,5,381.65,0.0,CreditCard,1.0,4.8,1908.25
94954,2024-11-04,67467281-b3d0-49dc-b4ad-e55548c639cf,Electronics,South America,3,284.49,0.0,CreditCard,1.0,3.1,853.47
75760,2024-12-10,3c69b13d-93f7-4212-8c5f-b99a681873c9,Electronics,North America,1,196.66,0.0,PayPal,4.0,4.4,196.66
93112,2025-02-05,3d9fd0a3-5d31-416a-94ae-3358046a101c,Sports,Oceania,3,38.18,0.0,CreditCard,6.0,4.6,114.54
21352,2025-01-08,43d84d8b-a41d-43c8-a7bb-ce7e42dd966b,Electronics,Europe,4,43.12,0.05,PayPal,9.0,3.0,163.86
15023,2025-05-03,002d111d-08aa-49da-94c5-be4f63e947bf,Toys,Asia,2,21.39,0.15,CreditCard,9.0,3.8,36.36
73631,2024-07-26,6cd7a51f-c209-446d-90e8-7393cbe76c4d,Fashion,North America,1,275.59,0.0,PayPal,3.0,2.9,275.59
11408,2023-01-28,fffb0041-5ba0-4fa5-b14e-8bc786a883f2,Electronics,Africa,4,490.99,0.0,BankTransfer,9.0,3.2,1963.96
73551,2024-12-15,31501505-3bc1-47bc-b5e6-a351c724945f,Beauty,Asia,5,266.96,0.15,PayPal,9.0,4.5,1134.58
32201,2025-04-13,30563e0d-2a79-43ee-b1d9-947ad835a834,Sports,Europe,3,317.02,0.0,BankTransfer,3.0,2.2,951.06
70746,2023-10-02,bb03120a-ad5c-47b5-ac41-9c0d14bc3de0,Sports,Oceania,1,345.7,0.0,PayPal,7.0,3.1,345.7
41920,2023-04-15,3fa8b844-3eb5-4f4d-a375-cbe30cfea4f2,Toys,Europe,2,183.27,0.0,Cash,7.0,3.9,366.54
87560,2024-08-05,,Automotive,North America,5,225.14,0.0,CreditCard,3.0,4.2,1125.7
41694,2024-03-14,4ea6341a-1a4e-479b-ab78-b28f04b17841,Fashion,South America,4,144.32,0.0,Cash,8.0,3.1,577.28
92432,2024-04-10,1c42398a-d337-4e70-8103-158395c91b4e,Toys,Europe,5,398.0,0.1,Cash,2.0,3.4,1791.0
34581,2025-07-24,cbd03adb-ef08-458a-990a-a63c88acd319,Toys,North America,5,441.4,0.1,CreditCard,6.0,4.3,1986.3
55816,2024-05-09,933ec0cd-07ca-4fbe-8b82-6efdebc3af7c,Electronics,Asia,4,325.64,0.0,Cash,9.0,2.9,1302.56
54410,2023-06-04,d92bf054-6142-4878-bb81-f50122699844,Beauty,Asia,1,390.8,0.05,Cash,7.0,2.1,371.26
26781,2025-10-26,94744954-a9e2-4323-8a80-a37a41113c03,Toys,Oceania,4,298.08,0.0,BankTransfer,3.0,3.0,1192.32
44035,2023-06-01,cb53c7e0-e46a-43a7-994f-fee115978679,Toys,Europe,3,100.42,0.1,Cash,2.0,2.3,271.13
70807,2024-08-14,3a010c14-835a-4cf4-bcb5-04909267d0b5,Toys,North America,1,146.2,0.15,CreditCard,7.0,,124.27
11856,2023-11-16,11187b88-8519-4182-add8-cccca29bc628,Home,Europe,5,300.402,0.2,PayPal,8.0,2.2,1201.61
87675,2024-02-18,fc8d23dd-45d4-400b-95b4-2a72ab8a67b7,Home,South America,3,379.39,0.15,Cash,1.0,3.0,967.44
41135,2024-02-22,1d5723e7-a388-4d72-bd43-a755864a9d07,Home,North America,4,204.7,0.15,CreditCard,4.0,2.7,695.98
5541,2023-11-05,bb5e14d6-5b74-4fdd-9c97-46949884f76d,Fashion,North America,2,280.53,0.0,Cash,5.0,4.8,561.06
1046,2023-04-04,b93b17fb-f76d-45fd-bd16-45a0d253d966,Fashion,Europe,2,,0.2,BankTransfer,4.0,4.9,574.19
57863,2023-05-01,7d59af0e-120c-4ea6-a890-140d95bed2d9,Electronics,South America,1,499.89,0.0,Cash,9.0,2.6,499.89
48554,2025-10-16,7c0f803f-17d7-40af-a2b1-070e27e40eae,Toys,Oceania,2,107.47,0.1,PayPal,4.0,3.5,193.45
27177,2025-04-11,fb624f1c-14b1-4cd3-b7f7-3151ecda2ea8,Home,Asia,5,74.99,0.0,CreditCard,9.0,2.3,374.95
53071,2024-06-21,3e7b3e3c-5a69-4d3e-8d5c-8c667379db61,Beauty,Asia,4,72.43,0.0,Cash,7.0,4.9,289.72
69596,2025-06-11,4c103b3c-6cfa-4ad5-9cdd-488f6c5f451a,Beauty,North America,3,474.86,0.0,PayPal,7.0,3.7,1424.58
93219,2023-12-22,4ef8b478-3fa1-470a-ba2c-4666d14284f0,Sports,North America,1,310.88,0.0,CreditCard,5.0,3.6,310.88
21261,2024-10-01,43361f25-3897-4fe3-a642-f14a83f522aa,Automotive,North America,2,455.56,0.05,PayPal,5.0,3.7,865.56
12751,2024-03-11,,Automotive,South America,1,116.38,0.05,PayPal,6.0,2.1,110.56
99463,2025-04-17,f16651bd-1346-4353-a0c3-1350d86c0de5,Sports,South America,3,221.92,0.2,Cash,2.0,4.5,532.61
21794,2025-12-17,10da6403-6af3-4358-b610-0ed542e13bc8,Home,Europe,2,81.69,0.0,BankTransfer,9.0,4.0,163.38
12310,2023-04-15,f980c29c-4b32-4b05-b4e4-8d5639f2eb71,Electronics,Europe,4,297.04,0.0,CreditCard,7.0,4.2,1188.16
53520,2023-03-10,d984aca1-4956-40ae-b3de-6bad969ec315,Automotive,Oceania,5,153.55,0.1,PayPal,7.0,3.8,690.98
16555,2024-12-03,2f5f2368-ed33-4c9e-9216-76cbe1661340,Fashion,Oceania,4,79.35,0.0,Cash,3.0,2.5,317.4
85809,2023-09-18,c9a87d11-11dc-4326-9632-6aeed5ba45ff,Beauty,Oceania,1,397.64,0.1,CreditCard,2.0,5.0,357.88
52459,2024-02-17,e23ee028-9b64-4a54-9966-a73bf77f4366,Home,South America,1,263.48,0.0,Cash,9.0,2.6,263.48
76930,2025-10-08,4ebd494b-15af-43d9-86dd-b703cf632b9c,Home,Asia,3,118.11,0.0,CreditCard,3.0,5.0,354.33
53836,2025-03-21,ebfb7179-1fbc-49d2-bae8-d68a4b7215b1,Automotive,Asia,1,71.74,0.0,BankTransfer,3.0,3.6,71.74
46919,2023-11-16,5e905326-5ed7-48b4-aee5-17d0d5d52460,Beauty,North America,6,267.966,0.0,Cash,4.0,3.1,1607.8
47869,2025-05-15,e0e361a4-4004-42c2-a1f2-8f588f71831f,Beauty,Asia,2,465.71,0.2,PayPal,9.0,2.3,745.14
53065,2024-06-23,c27cd62e-bd9d-4363-a11c-084a11ffee87,Fashion,Oceania,5,61.68,0.0,PayPal,8.0,3.4,308.4
73381,2023-04-27,b303ce4d-8796-43ce-9a82-66e254b72d4f,Sports,Oceania,4,105.25,0.0,Cash,3.0,4.9,421.0
22985,2025-05-22,9d52c38c-a3af-48cb-8710-fa6629aab1f8,Fashion,Africa,3,135.35,0.05,PayPal,4.0,3.9,385.75
84914,2023-12-09,a242ed94-6ab6-41ae-9943-0be108b65fdb,Home,North America,3,159.43,0.0,PayPal,3.0,3.8,478.29
66294,2025-12-19,3b7fd68a-ca95-475a-8da4-d7e3b04bad13,Toys,Oceania,3,274.4,0.15,CreditCard,6.0,2.3,699.72
19851,2023-07-19,91e62df6-9435-4b94-aa40-49d282033ec2,Toys,Oceania,5,198.81,0.0,PayPal,1.0,3.5,994.05
6492,2025-11-04,06339f7f-8ec4-4aab-aefb-4b37a50ee5e7,Toys,Oceania,6,325.512,0.1,Cash,1.0,3.2,1757.76
48014,2023-07-07,fa48bba7-0496-47c5-952c-216a015583b9,Beauty,Africa,5,133.22,0.0,Cash,4.0,2.3,666.1
25160,2025-05-30,471246de-be5e-4b17-a2ac-c80d6c3e676f,Beauty,South America,2,180.3,0.15,PayPal,5.0,3.7,306.51
20198,2025-08-31,63edbae3-9c9b-4e79-9e6f-1e24a8b1e1a7,Toys,South America,1,413.27,0.0,PayPal,1.0,4.7,413.27
503,2023-06-16,46a02a9b-65ec-4acd-8f80-35f55bd20c98,Automotive,Europe,1,249.86,0.1,CreditCard,1.0,3.9,224.87
69606,2024-12-14,42ad622b-dc5b-4dc1-97b8-e22fd48f9d47,Electronics,Africa,3,37.47,0.0,PayPal,7.0,4.8,112.41
14683,2023-11-24,5110c40c-651c-4898-971e-ce45cfe41699,Beauty,Asia,6,425.466,0.15,PayPal,5.0,2.0,2169.88
28080,2024-10-09,7c45de70-cdab-46c5-9648-43921d0c3e08,Sports,South America,4,486.59,0.0,BankTransfer,3.0,4.1,1946.36
76335,2025-07-05,11a4bf80-6505-4f90-b1fd-7143c94f45bb,Automotive,Asia,1,320.87,0.05,BankTransfer,3.0,2.6,304.83
55991,2023-03-05,b76b81ce-5b1d-40a6-91de-7f1e09838f18,Automotive,Asia,2,175.67,0.05,Cash,5.0,4.4,333.77
49454,2023-06-25,88473044-8493-43ad-b811-6fbae7f6ef03,Electronics,Oceania,5,309.37,0.0,Cash,9.0,2.2,1546.85
74251,2023-07-08,080c51e8-d70a-4047-afac-bced9e02347c,Automotive,North America,2,282.0,0.0,Cash,7.0,2.4,564.0
45567,2024-11-04,0f61e087-ff3e-4e49-8347-64ad6d04722f,Sports,South America,2,58.941,0.15,BankTransfer,9.0,3.5,100.2
24081,2024-02-24,5d027966-c671-4eeb-b5d0-9c8c22c486ba,Sports,North America,3,369.9,0.05,Cash,9.0,3.4,1054.21
37834,2025-03-26,c251ce26-0894-42cb-b6cc-28e5343d3d8a,Home,Asia,2,159.23,0.0,BankTransfer,6.0,2.6,318.46
19357,2024-06-13,db5fc59e-df3a-42bd-b478-3e0c61205840,Sports,Europe,2,170.44,0.0,BankTransfer,5.0,3.3,340.88
65394,2024-01-28,9c4d8178-ada4-4532-8a3e-13a791240ea8,Toys,Oceania,1,68.52,0.0,PayPal,8.0,4.6,68.52
48859,2025-04-20,bae72596-54a8-43d4-9102-f671001470a5,Toys,Oceania,2,246.05,0.05,Cash,1.0,4.8,467.5
42446,2023-02-10,5ab065d2-6d2c-48b8-a1cd-3ef58f405d61,Toys,Asia,2,47.14,0.15,CreditCard,1.0,2.2,80.14
53576,2025-03-18,74e025fe-e2ee-45f5-acb7-fcc10d59857b,Toys,Asia,3,164.93,0.1,Cash,7.0,4.2,445.31
30401,2025-10-04,b7426edd-f8bd-4ac6-9fed-7221ebcd63b3,Electronics,North America,3,191.36,0.15,CreditCard,7.0,4.6,487.97
90417,2025-02-02,b71e78c3-55bf-4148-b4f5-6852d5d7846b,Automotive,Oceania,2,406.17,0.05,PayPal,6.0,3.8,771.72
10539,2024-08-03,d641beaf-b11b-477e-8150-bdcbe285db4d,Sports,Asia,2,332.43,0.0,Cash,7.0,4.3,664.86
85979,2024-10-11,4aae2781-a181-405c-9f7c-31b86f6413d8,Sports,Oceania,2,173.75,0.0,BankTransfer,3.0,3.8,347.5
73794,2024-09-04,236dc817-b816-475d-a5e4-fbb4c43f56f2,Sports,Asia,2,415.37,0.0,CreditCard,3.0,4.3,830.74
65988,2024-04-24,f48e9f04-9612-412d-8c68-3a9bcd103252,Toys,North America,2,306.26,0.0,BankTransfer,5.0,3.3,612.52
69995,2023-06-04,66ceaf9b-9005-4012-b6ee-3a01c4a604db,Sports,Oceania,4,282.72,0.0,CreditCard,2.0,4.2,1130.88
77574,2023-04-14,2e07772e-0db9-4ca1-9600-543077c5e3ee,Fashion,North America,4,92.23,0.0,BankTransfer,9.0,4.1,368.92
981,2025-04-02,c194f97f-00e3-4026-95b6-de85390239d9,Toys,Africa,4,195.6,0.05,CreditCard,3.0,4.2,743.28
28786,2023-02-05,82e612a8-4597-4767-b31f-fe8e7d6be102,Beauty,Oceania,5,445.58,0.1,BankTransfer,7.0,2.6,2005.11
4780,2023-08-11,5a19d7ab-73e0-467e-87e8-1b25a9715404,Home,South America,3,286.2,0.0,Cash,6.0,5.0,858.6
55013,2023-10-01,5c18020a-1dec-4558-bdf3-e9b0683bb8cf,Sports,North America,1,435.39,0.0,Cash,6.0,4.2,435.39
10502,2025-03-25,d10327ba-fa9f-4b46-b908-2fbdebd4e04b,Home,South America,2,367.46,0.0,CreditCard,2.0,2.3,734.92
15781,2024-04-23,db00ebd5-3d7b-40c9-a6b9-83745e4f2127,Electronics,Oceania,1,245.57,0.15,PayPal,5.0,2.2,208.73
82673,2023-04-15,01734b80-3566-4cd6-a1a3-83afe9c9d5df,Fashion,Europe,3,39.61,0.05,CreditCard,3.0,2.3,112.89
30311,2025-01-14,d4f90c7e-df70-4c5e-aaf4-596fd43e526e,Home,Asia,3,277.01,0.0,PayPal,3.0,2.9,831.03
20067,2025-07-06,0e51dca6-5378-4b7c-8ac8-d16e6b8e51fd,Electronics,Asia,1,128.06,0.15,CreditCard,7.0,4.0,108.85
10300,2023-07-23,8c494fb2-1ec8-4afb-a79e-9573e33df2e9,Beauty,Asia,2,172.14,0.0,CreditCard,9.0,2.9,344.28
36373,2024-12-23,b062f6dd-32b3-4da5-a7ea-e2c697a4a116,Sports,Africa,5,133.58,0.0,BankTransfer,4.0,4.8,667.9
54394,2024-11-13,e5cb5401-9d02-4f2d-8057-d21d2387c031,Automotive,North America,3,396.045,0.0,BankTransfer,3.0,2.9,1188.14
57505,2023-08-21,ee3e2b23-40d5-4971-9239-d9b4c2358189,Beauty,South America,4,207.99,0.0,BankTransfer,2.0,2.4,831.96
60204,2025-03-14,8e6b783c-a74c-48ae-8849-82eb7bb96a5e,Automotive,Africa,4,492.38,0.1,CreditCard,,2.7,1772.57
96556,2024-11-08,cb8e00d5-280e-4eff-8ac5-a0fc982a0848,Home,Asia,2,408.402,0.1,BankTransfer,2.0,4.9,735.12
38631,2025-04-04,e4f2803b-e5a0-4fa0-871b-e1a16b94bb8d,Sports,South America,4,260.13,0.0,CreditCard,2.0,3.5,1040.52
69103,2025-12-15,959def22-cecd-4cfe-81e0-7edb68ea7d85,Toys,South America,4,13.84,0.0,BankTransfer,3.0,4.4,55.36
9527,2025-12-22,6b1b8c03-0b7e-4d79-8c1b-0d55933be58a,Beauty,Europe,3,20.18,0.0,CreditCard,9.0,2.0,60.54
89430,2023-10-07,668c4775-ac77-43aa-b1c9-08d816b1298d,Home,North America,2,251.01,0.0,Cash,1.0,3.7,502.02
56238,2024-04-07,189a5606-b3ff-4796-a34b-b4e58666599e,Automotive,Asia,2,419.46,0.0,PayPal,8.0,2.1,838.92
81823,2023-10-12,1eabd98d-df05-401b-8354-948c916dae4f,Sports,Asia,3,423.87,0.1,PayPal,3.0,3.2,1144.45
51247,2025-05-16,10498db3-de0c-4ee9-a4c3-2cac294fbb99,Automotive,North America,5,466.64,0.1,PayPal,8.0,2.5,2099.88
69037,2023-05-01,eb68e020-1924-4a3c-9264-2dcdd8614b58,Home,Europe,2,255.37,0.1,Cash,9.0,4.7,459.67
68728,2025-10-02,be340ce7-de70-4ff7-afb7-1f57cc1472ae,Fashion,Europe,1,351.39,0.05,Cash,1.0,2.2,333.82
39162,2024-09-19,839811e8-8034-442b-af0f-9195b68f04e3,Automotive,Asia,4,382.54,0.05,Cash,2.0,4.9,1453.65
84880,2025-11-12,76b0766b-bbd1-44b0-b9df-8f7fe8c8fa9b,Automotive,Africa,2,95.409,0.1,Cash,6.0,2.6,171.74
42372,2024-02-02,0d3f0a6f-a354-4e98-8f37-349218f6b88a,Home,North America,3,443.25,0.05,BankTransfer,5.0,3.2,1263.26
26974,2024-11-26,b1d9deb7-8ac0-4308-bac9-222493b66c15,Toys,Asia,4,445.77,0.0,BankTransfer,6.0,2.4,1783.08
68362,2023-01-11,c67d3af5-3df6-43ad-9f50-651d3014d441,Fashion,Oceania,2,146.6,0.15,Cash,4.0,4.8,249.22
71936,2025-01-12,d8f495fe-ce4d-4904-8dad-1be47b04e080,Sports,North America,2,407.23,0.0,Cash,1.0,3.6,814.46
13825,2024-11-15,74be52b3-fbee-4066-b16f-6e038c59fd47,Automotive,Asia,2,437.868,0.0,CreditCard,8.0,3.2,875.74
8746,2023-10-20,5b345ede-d26b-4c21-87e4-7dbaf0ad73fb,Sports,South America,4,267.06,0.1,Cash,3.0,4.9,961.42
85971,2025-06-11,306bc044-e7c1-4395-81d6-a86717e9d585,Toys,Europe,2,25.15,0.1,CreditCard,9.0,4.0,45.27
95718,2024-08-09,4d3a6ab2-357b-4caa-ae30-7eed254914d9,Home,South America,5,381.06,0.0,CreditCard,9.0,4.8,1905.3
19779,2024-07-26,de89a7c7-84d8-4c7b-a294-f5d3797d71fe,Home,North America,4,375.26,0.0,CreditCard,4.0,3.2,1501.04
6668,2024-11-24,6fb0c665-4766-429e-8895-df3c7941a6a4,,Asia,5,34.146,0.05,CreditCard,2.0,3.6,162.19
42028,2025-06-02,e2da43f2-7538-4359-980c-b619001cd8a3,Fashion,Oceania,2,450.9,0.05,BankTransfer,9.0,2.4,856.71
37524,2024-04-21,d67612eb-4969-457a-b1d3-7b9e3fc698da,Home,Oceania,1,241.59,0.2,BankTransfer,7.0,2.5,193.27
22933,2023-09-09,c526e125-6d25-4689-9b74-b16bc33be859,Beauty,North America,4,256.98,0.0,Cash,6.0,2.0,1027.92
94701,2025-01-23,d7d0fa7c-fff3-411a-9ba3-171730203726,Automotive,Europe,1,489.95,0.0,CreditCard,2.0,4.3,489.95
48063,2023-01-27,0a5c099e-ba95-480b-9c3f-b5aef9d13adf,Automotive,North America,2,345.96,0.1,BankTransfer,5.0,4.8,622.73
33790,2024-01-24,e64152b4-a49b-4671-88da-ca13c671c92d,Electronics,South America,3,386.7,0.05,CreditCard,4.0,4.1,1102.09
33930,2023-03-05,4d36c425-854a-498e-b24c-ef3d7105792a,Beauty,South America,4,463.74,0.05,PayPal,6.0,4.7,1762.21
58722,2024-06-17,3f7c50f3-9889-441c-8419-0e9cd3b7e554,Electronics,Europe,2,176.96,0.05,BankTransfer,1.0,3.3,336.22
71553,2025-10-29,8d1ff9c1-9012-4bad-8175-284e65f1c06f,Sports,Africa,1,191.5,0.0,PayPal,2.0,2.6,191.5
63155,2025-06-12,97d93595-9d77-4683-9227-aac41e903705,Electronics,South America,1,161.24,0.05,BankTransfer,1.0,4.5,153.18
75874,2024-04-18,70fa41e6-51e9-4da7-8b72-edd889b6a2b3,Toys,Oceania,1,232.42,0.0,Cash,4.0,2.6,232.42
26344,2025-07-16,9b0198ce-ca1d-429d-9ad7-9207b1102552,Automotive,Oceania,4,189.59,0.15,CreditCard,5.0,2.1,644.61
56541,2025-04-27,e5b729e9-10a5-4194-b61a-658970f4e3ff,Electronics,Africa,4,120.76,0.05,Cash,7.0,4.6,458.89
38862,2024-09-20,8b7e61f4-e3ad-4ceb-9b56-80c7c59b7cfc,Sports,Africa,2,436.17,0.1,PayPal,8.0,2.6,785.11
58851,2025-08-21,4c335465-4506-4a17-8cd5-c00ee2fc182e,Home,North America,2,398.02,0.05,CreditCard,5.0,3.8,756.24
96190,2025-09-27,28a775b7-ae00-4316-9f10-9f59a4d9ac7c,Sports,North America,2,456.77,0.1,CreditCard,3.0,3.0,822.19
65350,2023-09-02,c2f060a5-107c-4da4-a120-7d8710da6af6,Fashion,Africa,4,473.69,0.1,BankTransfer,5.0,3.9,1705.28
62801,2025-08-23,fae596f7-a6b8-4a4f-a246-96455954b354,Toys,Oceania,3,226.92,0.05,Cash,9.0,2.1,646.72
2892,2023-09-13,c0cffa73-35b5-4ec5-b3ed-8f33f587d26d,Home,Africa,4,408.73,0.1,Cash,1.0,3.0,1471.43
37109,2025-06-29,17816099-1d7c-4864-b222-3847b452ae5c,Sports,Asia,2,397.55,0.05,CreditCard,3.0,4.3,755.34
26084,2025-06-15,599c19c1-9902-45b6-9442-5752aa6d5bb8,Electronics,Europe,3,449.97,0.0,CreditCard,3.0,4.9,1349.91
71141,2023-07-08,eb543234-30d1-4d32-8eab-57ffdeb847e8,Electronics,North America,2,354.7,0.0,BankTransfer,3.0,2.1,709.4
80954,2024-09-18,932c2f0c-bb8d-43c1-a9df-2bc15488ca81,Beauty,Africa,3,485.84,0.0,Cash,,2.3,1457.52
45355,2024-11-13,c3d82df3-016d-4d99-8257-15f53c11cf24,Electronics,South America,6,252.77400000000003,0.0,Cash,6.0,4.2,1516.64
43009,2024-07-11,77968ea8-d091-44e4-a57b-db790bbd7ac0,Sports,Africa,2,313.8,0.0,BankTransfer,5.0,3.9,627.6
69400,2024-10-10,2dc8f858-b5e2-4cd9-af76-bf19e3ce0749,Electronics,South America,4,260.34,0.05,BankTransfer,8.0,2.9,989.29
72894,2024-04-07,ded8eeb5-761c-4ca7-96f1-d7e0c3cb9f79,Beauty,Europe,4,69.58,0.15,PayPal,2.0,4.8,236.57
73382,2025-07-29,d67d87a0-63d5-4284-a101-cbb122a39c78,Sports,South America,5,10.96,0.0,Cash,1.0,4.4,54.8
74731,2024-11-03,1f0318c0-dd52-4fc8-83fb-5c2065c04d48,Home,Oceania,6,157.32000000000002,0.0,Cash,1.0,2.0,943.92
35084,2024-10-14,ddaa5963-8c73-42bf-8133-c9411ea8fea0,Fashion,Oceania,2,331.79,0.0,BankTransfer,4.0,2.6,663.58
78633,2025-02-05,2b8bd602-1924-46e7-bc55-7f3fcbcd6f84,Fashion,Europe,2,207.19,0.05,PayPal,4.0,4.9,393.66
62265,2024-01-24,42d13934-0e99-4c65-a5b6-83a8d97bdf61,Electronics,South America,1,90.74,0.1,BankTransfer,4.0,2.8,81.67
66950,2023-12-05,58e596c8-a239-4851-bc43-9b5375a155d3,Home,North America,5,256.9,0.15,CreditCard,8.0,4.2,1091.82
98588,2025-06-28,f20da490-e36f-4f3a-b8d3-80ca90e07b7e,Sports,North America,4,463.81,0.1,BankTransfer,2.0,4.0,1669.72
11041,2024-06-02,706e3f71-a99c-43da-a5b5-97c6ab5b2ca1,Fashion,Oceania,5,429.74,0.0,PayPal,5.0,4.0,2148.7
93881,2025-12-03,862bd0a4-2f63-4fa7-be61-0d80c876fbd5,Home,Europe,3,201.95,0.2,CreditCard,2.0,3.9,484.68
70368,2025-05-22,d1eebe93-dd78-4dda-a155-678e71a91222,Automotive,Africa,2,48.18,0.15,CreditCard,2.0,3.5,81.91
97611,2024-01-27,8658ae03-0560-4032-878a-07081f6a5a54,Toys,South America,1,208.25,0.05,CreditCard,9.0,2.2,
85074,2024-02-04,746d2dce-14e0-4791-addb-245319fe719b,Home,Asia,4,367.02,0.0,Cash,9.0,2.4,1468.08
87550,2023-10-30,4d38e7dc-8146-4a5d-96cb-3dcb8f5dca48,Home,Oceania,5,462.99,0.15,,6.0,2.2,1967.71
49148,2023-11-29,ad9e9d74-2d24-41a0-8e56-03307e04ec0e,Home,North America,4,52.29,0.0,BankTransfer,5.0,2.4,209.16
35380,2024-08-12,ed20e734-0430-409d-b922-80ac7dfd523d,Fashion,Africa,2,329.15,0.05,BankTransfer,8.0,4.4,625.38
35594,2023-07-29,a89d8341-5412-4f47-9db3-a240f0f08d0b,Automotive,Asia,1,77.93,0.0,PayPal,7.0,,77.93
37754,2024-12-18,0e0ec958-9ba3-448c-9018-11cb4544d03e,Electronics,South America,5,147.84,0.1,Cash,4.0,5.0,665.28
34607,2025-12-26,93936dba-e732-457a-9bc7-cef811e6fe56,Home,Oceania,4,192.0,0.05,Cash,9.0,2.2,729.6
50519,2024-01-21,25a30516-119d-4d67-b4d8-76deffff8099,Toys,North America,1,322.08,0.1,BankTransfer,8.0,3.6,289.87
24036,2023-03-22,23e9c687-419c-4822-b97d-2f9d2867aede,Electronics,Oceania,1,169.56,0.0,CreditCard,3.0,4.4,169.56
10927,2025-04-16,d7eaa90f-2e8a-4175-a721-837f624a7cab,Toys,Africa,1,431.37,0.2,PayPal,7.0,3.7,345.1
74859,2024-01-15,55b19861-16bf-4099-a5de-d7959b6845e5,Toys,Asia,5,498.02,0.15,BankTransfer,4.0,2.3,2116.58
22993,2025-01-08,52fd9580-3e54-443e-a0c6-c8727e1ba5de,Automotive,Oceania,1,320.02,0.05,CreditCard,7.0,4.2,304.02
7117,2024-02-25,b67af865-cfc3-445b-9464-cda8dbf7fa26,Automotive,South America,3,248.27,0.1,BankTransfer,8.0,4.2,670.33
57622,2024-04-17,ebf23019-3023-4a61-8468-02d42ee1b3dc,Fashion,Oceania,4,338.87,0.15,PayPal,1.0,2.4,1152.16
39591,2023-02-26,34261533-0bad-4c12-95d2-753864a4f4eb,Beauty,Africa,3,209.23,0.1,BankTransfer,4.0,2.5,564.92
21615,2025-08-12,1a72184f-a03b-4197-a46e-777443a16938,Electronics,Oceania,2,154.11,0.0,PayPal,7.0,4.7,308.22
79995,2025-03-31,644f8afc-728d-46ce-9372-42ced3efd0ac,Toys,North America,4,447.38,0.05,Cash,8.0,3.6,1700.04
63979,2025-12-13,4a051464-ae8e-40cc-8ae2-6fe1d40be6bb,Sports,North America,2,389.7,0.0,BankTransfer,4.0,3.0,779.4
84471,2023-09-09,c4f00fdc-151e-4f32-a32c-1c938028f1d4,Electronics,South America,1,469.31,0.0,PayPal,7.0,2.7,469.31
12397,2025-07-23,aabe05a3-66e7-403c-a522-67569c4b1428,Beauty,Africa,1,143.68,0.1,Cash,4.0,4.4,129.31
31184,2025-09-08,6d861a6f-c8e9-45bd-8d57-21e96cff1fb2,Electronics,Europe,3,170.24,0.05,BankTransfer,7.0,4.4,485.18
63183,2024-01-09,dad0cd83-3561-400b-831d-88bf2c9a0cbf,Fashion,South America,3,419.36,0.0,CreditCard,1.0,2.8,1258.08
76183,2024-09-17,3f6962cd-365b-4e0e-9655-138cc0cbead8,Sports,South America,3,234.73,0.1,Cash,9.0,4.5,633.77
12072,2023-03-22,60ebb712-710a-4cd6-9eff-7485c4613bbc,Fashion,Africa,5,478.89,0.0,Cash,5.0,4.4,2394.45
79168,2024-05-26,c2ff32c1-4472-456a-9071-e9ede9d3e56e,Fashion,Asia,4,448.91,0.05,BankTransfer,7.0,4.7,1705.86
74081,2024-01-19,49eaa97b-fa71-413c-95a2-e6b1194767b5,,Africa,1,80.37,0.1,CreditCard,3.0,4.1,72.33
26143,2025-10-28,bdbca2cf-0654-490b-98fa-6147c5b51c1f,Toys,Africa,5,177.91,0.0,CreditCard,9.0,3.0,889.55
31921,2025-05-14,b41e70e8-5a1a-4a61-9e1e-20171e43d2b9,Toys,South America,1,376.79,0.0,BankTransfer,6.0,4.2,376.79
66045,2024-08-04,a23cc79c-0789-4691-80a6-82141313cf08,Automotive,Africa,5,129.0,0.0,BankTransfer,6.0,2.2,645.0
29441,2025-08-17,b98abe5f-6cbf-41fb-977b-e9e63739fcb7,Home,Europe,1,90.78,0.0,Cash,8.0,2.1,90.78
60034,2023-11-02,7db14dc0-ae1e-4946-a6cd-1e1620d19426,Electronics,Asia,3,327.159,0.15,BankTransfer,1.0,4.1,834.26
69380,2025-12-21,8c1254ee-257a-4304-b9c0-cb57dccb8b46,Fashion,Africa,4,275.65,0.15,CreditCard,1.0,3.4,937.21
68929,2024-12-09,38f2c585-be94-4801-9dba-bf46e9f55d20,Automotive,Asia,5,261.9,0.1,BankTransfer,1.0,3.2,1178.55
83938,2023-11-09,76f7c302-b4ce-4f97-9826-5575bbe42855,Fashion,Europe,6,275.83200000000005,0.1,CreditCard,9.0,4.0,1489.49
50212,2023-03-21,ae01a90f-dae4-4236-9a80-9472cdb503f2,Fashion,South America,4,40.6,0.0,BankTransfer,2.0,3.5,162.4
57904,2024-01-21,87da550d-68f1-4945-8ad7-55c99f43fcc2,Sports,Asia,1,361.72,0.0,CreditCard,7.0,4.0,361.72
93283,2025-12-21,4ad4a29c-912b-4a83-9622-88edd81ce41b,Home,Europe,1,103.91,0.0,Cash,2.0,4.9,103.91
66583,2023-10-02,dacb75a7-31f9-463a-9b6c-af6893c96652,Automotive,Europe,5,118.65,0.05,BankTransfer,5.0,4.6,563.59
78220,2023-10-20,c87e488f-c019-457a-aa7f-521ba4fae839,Fashion,Asia,1,216.69,0.05,PayPal,7.0,3.7,205.86
1573,2024-12-17,dbb54645-7dda-41b6-97c4-caed47c4cc51,Electronics,Asia,3,155.21,0.1,PayPal,4.0,2.8,419.07
8867,2024-09-19,7f2487bc-8c10-4bc1-b36b-8385522fb6b0,Fashion,Africa,1,308.91,0.2,PayPal,5.0,3.9,247.13
95099,2025-04-12,1cf2703c-c13a-4554-8fc9-039f1d864605,Sports,South America,3,427.19,0.05,Cash,4.0,3.4,1217.49
36906,2024-02-14,3bfbb564-a1a1-445e-ad30-2164339c4436,Beauty,Europe,1,5.21,0.05,PayPal,9.0,2.9,4.95
16425,2025-03-07,eb3a4a37-f7b7-4b26-8b11-1d734ef78764,Beauty,Asia,2,223.88,0.0,Cash,7.0,4.8,447.76
96261,2024-08-30,ed1bc2d9-9c28-454e-96ed-21ffc233361b,Home,North America,4,11.13,0.0,BankTransfer,5.0,4.8,44.52
23091,2023-02-20,a126d75d-14df-46cc-8686-33f62a9acf17,Electronics,Oceania,1,137.66,0.0,CreditCard,7.0,2.1,137.66
37663,2025-09-18,96a9b40d-a289-4493-8fa9-569beb75e6c3,Home,North America,4,175.72,0.0,Cash,4.0,2.3,702.88
45498,2024-09-12,338c1ad0-5116-4ee6-8705-4e87ffa5016c,Sports,South America,4,473.78,0.05,CreditCard,5.0,5.0,1800.36
25669,2024-09-01,05d2f243-163f-4feb-90ad-834c2ae2fc62,Sports,North America,4,274.78,0.15,BankTransfer,6.0,4.2,934.25
29027,2023-08-15,a781dac1-1212-4c91-92be-654727f395e4,Toys,North America,5,455.0,0.1,Cash,6.0,2.7,2047.5
7145,2025-11-10,940d8bcc-e926-4a56-a95a-e210973cb616,Sports,South America,3,401.283,0.05,BankTransfer,5.0,4.5,1143.66
97695,2024-08-11,9c191295-c0b5-47ec-b19d-52702a49f107,Electronics,South America,5,208.91,0.05,BankTransfer,4.0,4.8,992.32
7951,2025-11-20,0f34bd08-8e10-43c7-8b4b-af231c4dacfd,Fashion,Europe,4,88.767,0.0,BankTransfer,9.0,4.7,355.07
48389,2025-07-28,ac5c43ff-b91c-4533-aa91-8c62daab40aa,Home,Europe,5,168.71,0.05,PayPal,1.0,2.7,801.37
8519,2023-06-07,9d09cf19-a079-465a-8cc5-b7058af263bd,Fashion,South America,4,342.01,0.0,BankTransfer,5.0,3.1,1368.04
41760,2025-09-22,8811f11a-2011-48a9-94cf-556290d004b0,Electronics,Asia,3,252.74,0.0,Cash,6.0,4.2,758.22
85242,2025-11-30,21540cfb-4447-424b-ab1e-12d2904fa9a6,Home,Asia,4,264.276,0.15,BankTransfer,2.0,3.1,898.54
53057,2025-11-28,edb3a9b4-22f3-46dc-a8a3-dd24f803ccbf,Sports,North America,6,357.408,0.0,Cash,5.0,4.0,2144.45
50034,2023-10-04,378f79c3-99c5-4577-9cae-025c4a84611d,Automotive,Africa,3,58.02,0.0,CreditCard,9.0,3.4,174.06
94557,2023-05-19,b87e4b03-0496-489b-acbb-8966135044b7,Fashion,Asia,2,464.0,0.05,PayPal,5.0,2.9,881.6
97434,2025-05-31,f5513c8b-dc51-4835-88d0-a87178d2ccaa,Beauty,Asia,3,193.82,0.15,BankTransfer,6.0,5.0,494.24
64339,2025-11-16,04d06df1-c98f-474c-bc2b-e5904103d5bc,Toys,Oceania,5,325.39500000000004,0.05,CreditCard,7.0,3.3,1545.63
4728,2025-02-25,6a429bd5-cd71-42b4-9471-104f1859c5ae,Toys,Asia,2,203.83,0.1,,3.0,2.8,366.89
47111,2023-07-19,2bf59816-9986-44b3-8e3e-6f365643ac55,Beauty,Oceania,3,132.35,0.0,Cash,4.0,4.9,397.05
67258,2023-04-21,bc34f0cb-d39a-4a2b-bec9-55cb7b8fc1d5,Sports,Europe,3,348.43,0.15,BankTransfer,2.0,4.0,888.5
40989,2024-11-25,e4b9b94e-3946-47ea-b1be-c3c90133570f,Toys,Asia,2,319.98600000000005,0.0,Cash,3.0,3.7,639.97
74562,2024-08-03,64fc30cf-d950-492e-87d3-dacfdf1f9f82,Toys,South America,5,104.61,0.0,Cash,2.0,3.6,523.05
56020,2024-12-30,70b11416-c683-4e2c-9c97-07d5ec85b81a,Fashion,Oceania,1,268.76,0.0,CreditCard,1.0,3.3,268.76
42578,2023-08-12,849e81ad-7721-44e1-a5b3-3cceb8dd1699,Toys,Africa,1,31.98,0.0,BankTransfer,2.0,2.9,31.98
53979,2024-05-15,d98b3a7d-75c1-4a6b-a651-d31178d26909,Home,Africa,2,189.19,0.15,Cash,2.0,2.0,321.62
44599,2024-06-22,03c700a3-510d-4323-88c8-a6d0b50cf05f,Sports,Europe,3,,0.2,CreditCard,7.0,2.7,970.8
53660,2023-12-05,bf0f2743-5b54-49d1-b3b5-9e3575ee03a6,Toys,North America,1,344.98,0.1,PayPal,6.0,2.1,310.48
53173,2024-05-18,740dd662-6d68-47bd-a54c-0527a80f342f,Automotive,Oceania,3,251.29,0.0,PayPal,7.0,3.6,753.87
97306,2025-11-03,3abe7838-160c-42f5-9aba-7a62b7aecdeb,Toys,North America,4,88.488,0.05,Cash,6.0,3.3,336.25
68778,2024-12-24,13e03fd6-96ca-40b3-ab96-69a67e5e3608,Electronics,Asia,4,225.28,0.05,PayPal,1.0,4.9,856.06
44365,2025-11-19,4f47d62c-a754-456e-9148-d73f5185708d,Electronics,North America,4,109.593,0.0,Cash,6.0,3.1,438.37
15809,2025-03-09,3d2d7f73-5e9b-4b75-b5f8-39a6306c130f,Toys,Asia,2,439.38,0.0,Cash,9.0,2.7,878.76
97672,2023-01-02,3408f5fe-bdd2-4677-aedb-50638a56dd0f,Sports,North America,4,245.4,0.1,Cash,2.0,2.3,883.44
32427,2023-04-11,111f9dbf-5593-4c98-9d73-aa6ff1dc15bc,Home,Europe,4,488.99,0.0,BankTransfer,4.0,2.4,1955.96
5113,2025-06-30,4b47b715-f937-4fff-b146-56f1787ed06b,Automotive,Africa,2,20.9,0.0,CreditCard,4.0,2.4,41.8
20292,2023-02-16,27f63d41-2b7e-404f-a321-b54ade10a04c,Fashion,Europe,4,85.91,0.0,Cash,2.0,3.6,343.64
60538,2025-10-22,6d76a5b7-8003-4081-b151-3aa95de751d8,Toys,Asia,1,320.03,0.0,CreditCard,9.0,2.3,320.03
98573,2023-03-19,6fc3abc8-00b3-4dde-90ec-f6308b9ac0c3,Toys,Africa,3,431.63,0.05,BankTransfer,1.0,4.9,1230.15
96987,2023-03-05,b1ca2234-b568-43d5-8e83-800f6f1d6849,Beauty,North America,2,206.72,0.2,CreditCard,2.0,4.8,330.75
40579,2024-04-18,ae04f3ef-e783-4f2c-ab59-7840c518b6ef,Fashion,Asia,1,123.85,0.0,CreditCard,1.0,4.7,123.85
90463,2024-03-03,dd7476ce-4a06-41ad-9234-154626e045fb,Automotive,Africa,5,300.35,0.0,BankTransfer,5.0,4.5,1501.75
77936,2023-03-07,191ae872-c19c-4037-af02-3ae8858b3e73,Toys,Asia,5,344.97,0.0,Cash,4.0,2.7,1724.85
54213,2025-04-26,a52b4d88-fda7-4ff3-a76c-11fcda9a9daf,Electronics,Africa,3,28.2,0.0,PayPal,4.0,3.7,84.6
32006,2024-12-04,fc261a31-5691-4e98-800b-137f8a9cf5cc,Automotive,Oceania,5,323.92,0.0,BankTransfer,8.0,4.1,1619.6
44721,2023-08-18,0938d34d-d579-4650-a3fa-bde823fc8c44,Electronics,Europe,1,410.89,0.0,CreditCard,2.0,4.8,410.89
36905,2023-06-30,0e160c98-9160-4621-b58a-3243898a5e18,Toys,Oceania,5,100.58,0.0,CreditCard,3.0,3.8,502.9
44797,2023-03-13,3b55ca48-d06e-42b9-8934-352cb2ebed3d,Beauty,Asia,1,344.92,0.1,BankTransfer,8.0,4.0,310.43
25998,2024-08-18,4dc3a23c-892e-42a6-8d54-d814cbe9b012,Toys,Europe,1,289.41,0.1,Cash,1.0,3.2,260.47
95129,2025-10-09,c4155487-7af1-49a7-a510-09455775cf92,Electronics,Africa,1,396.37,0.15,PayPal,2.0,4.1,336.91
6433,2024-02-14,c8169e32-5263-4195-b729-4c21208bc725,Sports,North America,4,227.68,0.0,BankTransfer,2.0,4.2,910.72
85451,2025-12-12,125caa77-3bb0-4218-b5e1-28422c263dad,Electronics,North America,1,444.05,0.0,CreditCard,8.0,2.9,444.05
56108,2025-06-18,a64aa031-f763-443a-9f72-3470dfdda77b,Beauty,Europe,2,304.03,0.0,Cash,4.0,2.4,608.06
92177,2024-09-06,1a59b8ec-57da-4885-8b5c-414af7da7bc5,Sports,North America,4,98.58,0.0,Cash,2.0,4.8,394.32
39989,2024-02-16,4bb8f598-2098-4c89-813a-1c8f833a44da,Fashion,North America,3,284.37,0.0,Cash,8.0,2.7,853.11
65343,2025-06-09,3b0c0fcb-ea2a-4e03-822b-1acb37622fda,Toys,Africa,2,405.81,0.15,PayPal,8.0,2.0,689.88
74540,2025-04-01,cf5e3a1b-b488-429a-8479-dfde2f061408,Home,Oceania,2,306.21,0.0,BankTransfer,1.0,4.1,612.42
78722,2025-06-06,5be02370-0e8a-4d50-9453-4d157348a697,Toys,South America,3,107.58,0.0,Cash,5.0,4.7,322.74
91788,2024-07-05,5cedfc38-5c30-45d9-b211-3cc07108a855,Automotive,Asia,5,205.31,0.05,Cash,5.0,4.4,975.22
78696,2023-04-14,efcde67b-d217-43e3-bdb9-9432f7447d89,Toys,Europe,2,384.77,0.0,PayPal,8.0,2.4,769.54
71356,2023-08-07,b9c7ae3f-6051-4883-8fa8-3c99580d9a8f,Sports,Europe,3,246.06,0.15,Cash,5.0,3.6,627.45
40931,2024-12-23,2ad95f99-ee13-44d8-8531-2f2b811660f9,Beauty,Africa,4,441.9,0.1,PayPal,4.0,4.3,1590.84
90496,2024-02-16,50b90cf7-3232-4cd6-880c-c4cbbd4ada34,Automotive,Europe,4,250.75,0.1,Cash,8.0,3.1,
59703,2024-07-02,9af25277-45d9-4e56-b5a0-4e1dc005c4b6,Sports,Oceania,4,17.27,0.1,BankTransfer,1.0,3.1,62.17
13074,2025-12-02,dbd959b8-8888-4491-a59b-918547e9773e,Home,Africa,5,112.17,0.0,Cash,8.0,4.6,560.85
96033,2023-11-30,b22fbb3c-c3b8-4fbf-9496-d8d84f8ad146,Home,Africa,6,62.406000000000006,0.0,Cash,3.0,2.9,374.44
41306,2024-09-07,25fc9f06-5bb1-4649-942e-24e85dcfb153,Electronics,Asia,5,233.78,0.05,Cash,1.0,4.5,1110.46
41077,2025-05-09,3ab79235-addc-49d2-b800-c8e1b325bbea,Beauty,North America,3,95.1,0.15,BankTransfer,5.0,4.5,242.5
4025,2024-08-30,c05e5ade-b303-4188-b378-cb94478b2f00,Sports,Oceania,3,320.76,0.05,Cash,8.0,2.4,914.17
51988,2025-12-07,36f14933-17f4-4f96-b861-4f08a3b475ff,Sports,Africa,5,337.78,0.1,BankTransfer,6.0,4.1,1520.01
45945,2024-12-21,4ce746aa-28f5-4a00-a911-2a3ed88af63e,Toys,South America,2,229.72,0.15,PayPal,4.0,4.1,390.52
45816,2024-09-10,9837c6d0-1e4a-4a1a-88d7-516d57819dd5,Fashion,South America,3,197.0,0.1,Cash,9.0,2.3,
72533,2023-05-25,d1b50b65-e556-46d8-971d-bf18d70cad8d,Sports,Europe,1,89.24,0.0,BankTransfer,5.0,3.3,89.24
38182,2023-10-30,bae0dd1d-965e-44b5-a10d-612f8d47cba8,Home,Oceania,2,361.85,0.1,CreditCard,7.0,4.5,651.33
66594,2025-01-22,a251bb9b-d7ba-4307-a82e-333acb35a473,Sports,Africa,4,253.68,0.05,Cash,5.0,2.4,963.98
21288,2025-09-10,f85c49cf-844a-44b4-87a4-f60ae94bfee9,Home,Asia,3,146.04,0.1,PayPal,6.0,4.7,394.31
79157,2024-03-29,59e11431-8aff-427e-a3a2-52c846696666,Fashion,Asia,2,213.12,0.0,BankTransfer,1.0,2.4,426.24
76340,2025-09-05,3d120e7a-0803-4b71-9c87-527291f03262,Home,Europe,4,167.28,0.1,Cash,8.0,4.7,602.21
96759,2025-01-15,41d0ddc5-fcbd-4ec2-a627-6205e4991583,Automotive,Asia,5,326.91,0.0,CreditCard,5.0,4.8,1634.55
65917,2023-03-08,4ac6df21-e16d-4831-a827-2b824f3f7571,Home,Oceania,1,188.4,0.05,PayPal,8.0,4.0,178.98
30897,2024-01-13,1693824f-f647-4d59-baba-415b3b613c2c,Home,South America,5,156.12,0.0,CreditCard,3.0,5.0,780.6
83543,2025-01-11,9e8da991-91e0-4e31-aa64-f424ffbcc6ee,Electronics,South America,3,279.38,0.0,PayPal,5.0,4.7,838.14
69374,2023-07-07,96891208-bc95-4c72-a3a9-da1d069abf2e,Sports,Africa,2,51.42,0.0,CreditCard,5.0,4.4,102.84
19084,2023-04-30,30b85953-d74d-415f-9d34-ee36b9f52c1c,Fashion,Africa,5,149.96,0.05,PayPal,5.0,2.8,712.31
56804,2023-04-12,86d3905d-abf4-4cd3-9edf-4606f6f80da0,Automotive,Oceania,5,51.39,0.1,BankTransfer,4.0,2.2,231.26
49149,2023-06-19,54ef76b8-682e-4114-9642-3fa0a229731f,Automotive,Oceania,5,398.15,0.0,PayPal,3.0,3.5,1990.75
17972,2023-01-05,8dd44a0f-5d9e-4ef7-8314-2c2baa602364,Home,North America,5,195.6,0.0,BankTransfer,9.0,3.7,978.0
23273,2023-10-12,3731ff7d-04f3-4ca5-889b-fbfffba05810,Automotive,Asia,2,132.99,0.0,Cash,8.0,2.8,265.98
73662,2024-09-21,fa40092d-9504-4df5-a645-49cfbd2204eb,Home,North America,5,329.54,0.1,Cash,2.0,2.8,1482.93
15295,2023-09-16,b8c20889-0055-47d8-9a0c-2aac165d4c7a,Home,Europe,5,338.99,0.0,BankTransfer,8.0,4.7,1694.95
89480,2025-11-25,73d1a9c7-c40f-40f5-8c2b-717ad7e00483,Automotive,South America,4,178.27200000000002,0.0,BankTransfer,9.0,2.7,713.09
68955,2023-04-08,fd62d44b-d958-4a62-b4bb-7921901cf5ca,Automotive,Oceania,4,79.11,0.0,PayPal,2.0,3.0,316.44
64625,2023-05-15,fe8a4627-0b7b-4da1-bd1f-a6480db29f7f,Home,North America,5,239.8,0.1,CreditCard,4.0,4.0,1079.1
88107,2023-06-25,d80abce2-10f9-4550-bb1a-0f5c402bd4d9,Beauty,Africa,5,20.66,0.05,BankTransfer,2.0,3.6,98.14
98127,2023-01-14,0ab52ae0-9df2-4506-b198-01c460d41be7,Automotive,Asia,4,172.34,0.0,BankTransfer,7.0,2.6,689.36
80128,2024-01-18,922859fe-ceec-4f87-a097-c1de1a7ae54c,Automotive,South America,3,238.57,0.0,BankTransfer,3.0,2.1,715.71
62750,2024-11-08,16951215-d93a-448c-9f0a-f1175ee3ac2e,Sports,Africa,6,139.86,0.0,BankTransfer,8.0,2.3,839.16
78420,2024-07-31,7cfb02be-f920-413e-9b09-a1fe64c65fae,Home,South America,5,162.67,0.15,PayPal,7.0,3.1,691.35
44594,2024-08-15,fe924949-1447-4297-94fa-3ae5cc2050ac,Beauty,Oceania,4,268.65,0.0,Cash,7.0,2.3,1074.6
52853,2025-12-02,e602163a-49ef-4146-a68f-7c1acced4c38,Toys,Africa,1,340.83,0.0,BankTransfer,7.0,3.5,340.83
32933,2023-01-02,8c48c12b-1747-40f1-8c23-4f1c33abe863,Automotive,Africa,4,35.01,0.0,Cash,2.0,2.2,140.04
4493,2024-08-06,f56febb1-484b-424b-806e-10295b4d5bbf,Electronics,Europe,1,13.65,0.0,BankTransfer,6.0,3.2,13.65
84474,2023-11-02,7296f71d-e4d2-40ab-864a-1ba1877d7d0c,Electronics,Europe,2,216.567,0.0,BankTransfer,6.0,3.8,433.13
83540,2024-11-26,459db719-919b-4387-8a69-e9eef95bd40e,Electronics,Oceania,5,256.635,0.05,Cash,3.0,3.0,1219.02
89301,2025-06-28,41b79dbc-5cbf-4b5e-bd36-eec476731d32,Toys,South America,4,242.33,0.05,CreditCard,3.0,3.2,920.85
3395,2024-12-14,836b47c3-7c71-4cc8-a651-73fa7ccc9258,Toys,South America,1,451.54,0.2,PayPal,5.0,3.1,361.23
4073,2023-01-07,c572aa5b-51d4-4f72-ac77-8135fad76ab7,Fashion,,3,139.46,0.0,BankTransfer,5.0,5.0,418.38
49359,2025-09-15,f4564728-3c73-416e-aa0f-1d92c431cbe5,Automotive,Africa,4,466.32,0.05,Cash,8.0,3.5,1772.02
83198,2023-09-07,0551615c-3ce0-497d-9303-0508fc5c9f96,Automotive,North America,2,276.05,0.05,CreditCard,1.0,3.0,524.5
674,2024-11-09,70cafdd8-fc04-4f08-9207-0158f2771f63,Automotive,South America,6,101.736,0.05,CreditCard,1.0,2.4,579.9
9837,2023-06-19,9c7e3507-4f9a-4528-8d0b-906366c5558f,Fashion,Asia,3,492.41,0.0,CreditCard,5.0,3.0,1477.23
21397,2025-09-22,b9c3267c-299d-4a89-916c-d9fda26d3ed1,Fashion,South America,1,148.43,0.0,PayPal,8.0,,148.43
76700,2025-01-07,f731e8db-4972-4cf8-8525-f35944af95d9,Beauty,Africa,1,305.31,0.0,Cash,4.0,3.9,305.31
12879,2024-04-05,bac2b1e1-4125-44e2-9894-8127b76091df,Fashion,Europe,2,36.38,0.05,CreditCard,9.0,3.9,69.12
86938,2023-12-24,caa508d1-d1d3-4d2e-8a97-d5fc6b3d2a10,Fashion,North America,5,403.97,0.1,CreditCard,9.0,3.7,1817.87
57381,2025-11-13,dd21a19b-16fa-4c2e-9c6a-f7860a4b49c6,Sports,Europe,5,114.678,0.05,PayPal,4.0,2.8,544.72
64247,2023-02-10,e6bddcc3-e6f8-4195-a091-b634a8cef04f,Home,Africa,2,138.25,0.1,PayPal,2.0,4.6,248.85
81751,2023-03-11,b1f41379-a5a3-4ddb-8892-feee53b324ff,Beauty,North America,1,108.67,0.0,CreditCard,7.0,3.7,108.67
81287,2023-11-26,4205ed90-d685-4fab-8de3-37c93255f924,Sports,Oceania,3,62.63999999999999,0.0,PayPal,2.0,3.8,187.92
34353,2024-07-18,10ae82d6-1939-4502-af13-889381ba572b,Toys,Asia,4,424.33,0.0,CreditCard,6.0,3.5,1697.32
96309,2025-06-08,722c8862-e08c-45cc-96ea-8429e3fdca72,Automotive,North America,1,439.08,0.0,Cash,3.0,3.6,439.08
27344,2023-03-23,6bd11bf2-a6eb-42c7-affc-b034cd33e10c,Electronics,South America,1,240.15,0.2,PayPal,2.0,,192.12
61758,2024-09-22,1bcf1c2e-23e1-45c8-bcd4-6a34840d0878,Fashion,South America,5,44.34,0.1,CreditCard,6.0,2.6,199.53
64421,2025-12-16,e199519f-5da3-47b3-8281-5e4adc07ad2d,Automotive,South America,2,125.84,0.0,Cash,6.0,4.1,251.68
66760,2023-10-01,0fcb5b52-1da8-475e-a666-63a04ecad402,Electronics,Europe,1,123.25,0.0,BankTransfer,5.0,4.2,123.25
14337,2025-08-12,3f6c9df5-394d-42c9-8b57-5c1124ced0a1,Electronics,North America,4,7.3,0.0,PayPal,7.0,4.7,29.2
99185,2025-08-09,35c0a4d2-ae2f-484b-afb7-67b43891221a,Beauty,Asia,4,135.71,0.15,BankTransfer,8.0,4.5,461.41
84358,2024-04-18,266ab5f8-7854-44c0-b120-5f702df11536,Sports,Europe,1,378.2,0.0,BankTransfer,9.0,2.1,378.2
79096,2023-11-27,e732a683-6d64-419e-b913-d8e89594a115,Electronics,Oceania,6,309.996,0.0,CreditCard,4.0,3.3,1859.98
90464,2025-05-11,ac91b340-5244-405f-8309-a5b5dc596ffa,Fashion,South America,1,315.1,0.0,BankTransfer,9.0,2.1,315.1
33516,2024-07-18,ee2f4e50-5328-44e5-a707-d0f00e953e25,Electronics,Europe,2,311.62,0.1,PayPal,5.0,2.2,560.92
17170,2024-09-24,09bd7a03-44ea-4da0-96e4-2b52845a91f2,Electronics,Oceania,1,452.03,0.0,CreditCard,7.0,2.3,452.03
3394,2024-05-28,0979f5d3-4a70-4330-bfc0-31368de6e6b3,Sports,Oceania,5,182.11,0.0,CreditCard,9.0,4.6,910.55
28324,2024-10-15,ce76a365-16bf-4177-b142-282f8f4eddd1,Electronics,South America,1,83.38,0.0,BankTransfer,5.0,2.0,83.38
87119,2025-12-15,3feb1b6d-00dc-4440-a633-45072f46632e,Home,Africa,3,92.11,0.1,PayPal,6.0,3.4,248.7
60468,2025-11-14,393fee64-7968-4391-889b-058b07336e4e,Beauty,Europe,4,39.051,0.15,BankTransfer,2.0,2.0,132.77
42513,2023-10-31,44a32bc5-a2c9-4188-9174-5b7a0cd65d01,Fashion,South America,2,252.26,0.2,BankTransfer,8.0,4.9,403.62
52877,2025-03-28,48cc644d-eae5-48fd-9c31-ef0f532b24d2,Electronics,Asia,5,81.14,0.0,BankTransfer,7.0,4.5,405.7
16639,2025-10-29,3d96ce1a-52b2-4455-a0d3-77ac621d6235,Automotive,Oceania,3,218.38,0.0,Cash,4.0,2.0,655.14
17426,2024-03-27,4be7982f-c758-401d-9495-2c71437761e0,Beauty,Africa,2,148.9,0.1,,6.0,2.2,268.02
27382,2024-05-12,9f1e725d-a480-4bf1-bc23-a5f72fd9577c,Automotive,North America,3,108.74,0.0,CreditCard,5.0,4.8,326.22
99433,2023-06-13,6a2b70fd-56d5-4cd3-9c70-671a86caffd2,Home,South America,2,166.23,0.05,PayPal,9.0,3.6,315.84
19171,2025-11-09,e0cac955-6324-4ac5-a94b-37bcb8c34677,Home,Oceania,2,436.86,0.0,Cash,9.0,4.5,873.72
7634,2025-06-24,c88994e7-49ef-4088-8ab7-2eb99be4e2ac,Sports,Europe,3,246.47,0.0,BankTransfer,7.0,2.5,739.41
43943,2025-06-22,e84e3e46-932a-45bf-a453-474612113363,Beauty,South America,3,169.27,0.0,CreditCard,9.0,2.7,507.81
48387,2025-09-28,3a90dd8e-7b1a-4085-ac0c-2dcc67cae086,Automotive,Africa,1,352.59,0.0,CreditCard,1.0,4.4,352.59
62940,2025-03-28,045dbe94-2084-4acf-af90-3653de1c5838,Toys,South America,5,118.49,0.0,PayPal,8.0,3.3,592.45
82733,2024-01-12,62264e3f-3660-4558-8f82-f369696e558d,Toys,Oceania,3,336.05,0.0,Cash,3.0,3.3,1008.15
94393,2025-08-16,7265a44d-3cd0-4a4d-84a8-710cacb44f2d,Toys,Oceania,4,7.22,0.05,PayPal,2.0,3.9,27.44
36598,2023-04-07,fe498bc1-68e5-4840-9e26-24cd6a514ef1,Electronics,Africa,4,248.88,0.0,CreditCard,6.0,5.0,995.52
24264,2025-07-21,e38e039d-9edf-4835-8512-cb2e3a068e71,Beauty,South America,5,186.57,0.0,Cash,9.0,2.8,932.85
14229,2025-07-15,c01ddf41-b729-41ab-a68b-9e0ce9e11053,Fashion,North America,1,377.44,0.2,CreditCard,5.0,4.7,301.95
1464,2024-08-16,573bfc17-2167-435e-8e73-34f233932b6c,,South America,5,107.01,0.0,Cash,3.0,4.0,535.05
90531,2025-05-04,fd9874ec-d27a-4ee6-8226-b2dce60a4bde,Home,Africa,5,140.62,0.05,PayPal,9.0,2.6,667.94
64128,2024-10-25,10b92d22-721c-41f4-8ebd-734eebcf0e3b,Home,Asia,4,481.61,0.15,CreditCard,2.0,3.9,1637.47
79977,2024-06-27,e737d84e-8349-4a68-8595-204c4865b03a,Home,Asia,1,299.24,0.0,CreditCard,1.0,3.9,299.24
84373,2023-05-15,d6f68e61-b5dc-4f04-b7f4-37ee4564c913,Home,Africa,5,419.67,0.05,Cash,4.0,4.5,1993.43
52913,2024-07-02,708af036-3e17-442c-9c29-6683b159ea64,Fashion,North America,3,274.14,0.0,CreditCard,1.0,2.7,822.42
65744,2024-04-15,4c14c94e-38f0-4570-9c3f-6f31a3844e7c,Automotive,Oceania,2,466.13,0.1,PayPal,5.0,3.3,839.03
9210,2025-10-04,d3c0331b-c002-4999-8fb3-0320e9bdb511,Automotive,South America,2,57.99,0.0,CreditCard,7.0,2.4,115.98
42039,2023-04-19,377f402b-f245-4aec-aab7-33d0670094ee,Automotive,Oceania,1,448.26,0.05,CreditCard,7.0,3.0,425.85
90744,2024-06-11,657a9887-3267-4687-815f-b7057746fe6a,Home,North America,3,353.3,0.1,BankTransfer,6.0,3.9,953.91
74689,2025-07-19,5b1c1f10-7688-44ae-95cf-c78677262d4c,Automotive,Africa,2,425.53,0.05,PayPal,7.0,2.8,808.51
87445,2025-12-28,a950b04d-476e-4d52-8cca-e47bbfa7b98f,Beauty,Europe,4,283.89,0.05,CreditCard,6.0,2.4,1078.78
84128,2023-11-05,3dbb7ccf-9c54-46ac-a538-1c06116b01f9,Electronics,Oceania,3,275.796,0.0,CreditCard,7.0,3.5,827.39
12827,2025-02-24,920368b2-a9b7-4b58-961a-a5bea4e343db,Electronics,North America,5,252.89,0.0,BankTransfer,4.0,3.0,1264.45
80795,2025-04-07,01a07005-e5bd-452e-8e80-c47e7635f660,Automotive,South America,1,338.25,0.05,CreditCard,4.0,3.2,321.34
18988,2023-03-11,26abf251-b8f1-409a-8f3c-9adfe5592193,Home,Oceania,1,486.98,0.05,PayPal,6.0,4.2,462.63
20001,2024-01-10,0f043e7d-c3b7-4478-9566-18494d053204,Toys,Europe,4,411.79,0.0,CreditCard,4.0,3.2,1647.16
15393,2024-11-19,5a4594cf-6648-4283-b6de-1f5cd985084a,Sports,Europe,5,376.146,0.0,CreditCard,2.0,3.6,1880.73
32675,2025-05-28,8419a1ff-4956-4e62-8269-a6aec0ed9119,Automotive,Asia,1,461.8,0.0,Cash,5.0,2.5,461.8
73701,2025-11-27,ae8191a6-4ecc-4510-9690-605490e6a652,Automotive,Africa,3,335.745,0.1,CreditCard,2.0,4.1,906.51
50413,2024-05-30,8ae8c091-dd01-4a91-8c6d-f515c298ee8d,Sports,Asia,1,215.08,0.0,CreditCard,9.0,2.0,215.08
19887,2023-11-29,7cd2e58b-0d45-4fa3-b4aa-b2e1f8b9f8fe,Home,Oceania,2,134.307,0.05,Cash,2.0,4.1,255.18
72131,2025-01-19,57a24496-472b-47c2-9403-2a3b40bdcd9f,Toys,Oceania,2,401.28,0.0,PayPal,6.0,2.6,802.56
9764,2024-11-19,0784781d-2006-4fdb-96ee-251359d12415,Home,Africa,6,170.46,0.0,BankTransfer,4.0,2.5,1022.76
79198,2023-09-29,6a44b8dd-07e9-46b0-af33-fcbb74a88206,Sports,Oceania,4,90.89,0.05,PayPal,9.0,2.5,345.38
69420,2023-05-17,c0489444-11d8-4b0e-a1b2-43177fb45dfc,Sports,Europe,2,292.56,0.0,CreditCard,1.0,2.3,585.12
55568,2023-06-04,088f262c-f17e-4612-a580-66a3aa42d181,Toys,South America,3,163.38,0.15,PayPal,4.0,4.2,416.62
63100,2025-06-21,9de71099-0471-4230-9977-cd87b0617e07,Fashion,Africa,3,403.16,0.0,PayPal,4.0,4.4,1209.48
65834,2024-06-17,53d69df8-6529-46fd-9f57-94fea0966da8,Home,Asia,1,236.55,0.05,BankTransfer,6.0,3.0,224.72
30641,2023-11-30,4d90d947-1c5f-4f89-9eb0-16ce469eaff5,Beauty,North America,2,33.174,0.15,PayPal,4.0,4.0,
68527,2024-01-17,050d939a-5bac-4cbf-bda1-9f55de77bb21,Home,Oceania,2,338.84,0.1,BankTransfer,3.0,4.5,609.91
55227,2023-05-13,22a6ea8a-5800-41cb-862d-e9af5ac2ffc5,Electronics,Europe,1,66.38,0.0,PayPal,9.0,2.8,66.38
67074,2024-03-28,c4b4ba55-898b-487b-84df-d7718fc72891,Home,Oceania,1,149.36,0.0,BankTransfer,9.0,4.2,149.36
34819,2023-07-06,187de90d-f3a9-4ed8-9990-e3a8010b063d,Sports,Oceania,1,270.14,0.0,CreditCard,8.0,2.4,270.14
35074,2025-12-27,5dc7be3a-f444-4eff-8239-40fc43ece745,Sports,North America,4,333.94,,CreditCard,9.0,3.2,1335.76
66069,2024-08-18,4258c537-0634-4829-ae38-7d2318871b69,Fashion,Asia,1,498.58,0.1,BankTransfer,8.0,2.5,448.72
24096,2023-10-25,e7a4e064-c531-4074-9bd1-e92c9ca32e67,Electronics,North America,3,13.68,0.1,PayPal,8.0,4.8,36.94
14645,2023-06-15,25a3dcf6-a1ed-475b-9ef9-d51fe329c512,Toys,Oceania,2,206.33,0.05,Cash,6.0,4.4,392.03
94199,2023-11-28,bdb4ee73-dda5-40e1-ad3b-944c113a096c,Toys,North America,3,383.085,0.1,BankTransfer,3.0,2.5,1034.33
86713,2023-01-27,b55a33f4-ff42-42d6-b242-9c28db87de0f,Toys,Asia,1,290.63,0.05,CreditCard,6.0,5.0,276.1
2821,2024-11-18,28e60130-2d23-4ed1-bf5d-21f279731ea8,Electronics,Asia,5,37.458,0.0,CreditCard,3.0,2.3,187.29
77665,2024-06-14,ea993df0-9af1-4aea-8e5c-d243b0054358,Sports,Asia,3,,0.15,BankTransfer,8.0,3.8,1254.01
57724,2023-04-05,64dff775-2266-4824-8f85-39db651aa96d,Home,South America,5,164.96,0.0,PayPal,5.0,2.2,824.8
64846,2025-03-24,af596fa4-d3e0-4466-a562-b7c68b2a6ea4,Home,Asia,4,355.88,0.0,PayPal,8.0,4.0,1423.52
30095,2023-09-03,fb5498c8-a5ba-4edd-bf9a-2833d320d3b2,Beauty,North America,1,109.56,0.0,Cash,2.0,4.7,109.56
8192,2023-03-27,4f848c31-7954-4f2d-a819-d4b9b1a6aed3,Sports,North America,1,302.48,0.0,BankTransfer,6.0,2.0,302.48
61364,2025-12-30,03e278db-f774-4e24-a0f7-8fe3038b0c36,Electronics,South America,1,296.58,0.15,Cash,7.0,4.9,252.09
9424,2024-11-29,922e047f-b5c1-4af0-a296-884f541eb2a4,Automotive,Asia,6,232.947,0.05,Cash,5.0,3.0,1327.8
9549,2025-06-20,81db9a62-10a4-47d5-a6b1-7ece85d0cf83,Toys,Asia,5,447.54,0.0,PayPal,8.0,2.2,2237.7
67611,2024-12-17,78d6736e-c249-4f8a-ab52-ad6e5a22c20e,Fashion,Asia,2,344.68,0.1,Cash,1.0,4.6,620.42
97088,2023-07-28,1b1301bf-49eb-4924-b645-05a969e1f0fd,Home,Oceania,2,249.45,0.0,PayPal,9.0,3.4,498.9
56599,2023-04-27,13a545b6-0ddb-4860-95c2-f9ee937ffcd2,Electronics,Oceania,5,287.69,0.2,CreditCard,8.0,3.0,1150.76
11467,2025-04-28,24d6bca4-517f-4719-a629-a922153f1e28,Fashion,Oceania,3,488.75,0.1,CreditCard,5.0,3.9,1319.62
45326,2024-04-27,41d6d637-4934-4acb-9173-5d3d5827298f,Electronics,South America,4,319.47,0.0,BankTransfer,9.0,4.3,
29770,2025-10-11,e13676e5-1201-41c5-8534-65b63e49d3fa,Electronics,Oceania,2,237.26,0.0,PayPal,4.0,3.1,474.52
83815,2024-07-12,c18db661-e8a0-4202-8e8a-4401d33039fc,Electronics,Africa,2,487.01,0.0,BankTransfer,5.0,2.1,974.02
13915,2024-04-01,b07a810a-1bef-4085-916b-66defe56f624,Home,Europe,4,88.62,0.05,BankTransfer,7.0,4.0,336.76
79755,2023-03-01,549361c2-da1e-45b6-bef7-9c365c7571cb,Toys,Asia,5,112.72,0.15,CreditCard,8.0,2.8,479.06
62393,2023-11-17,83fc7eda-c63b-4662-ae5c-3e02607816a9,Fashion,Africa,2,79.659,0.0,BankTransfer,3.0,2.6,159.32
1058,2023-11-10,a3422e50-9e2a-4324-8f79-a8a75f8a14bd,Sports,Oceania,3,271.512,0.0,PayPal,5.0,3.4,814.54
4907,2025-06-22,1a85fd69-344c-46cc-bf48-e5f018cc0e29,Sports,Oceania,2,200.41,0.2,BankTransfer,1.0,4.8,320.66
34452,2024-05-17,bc97eb7b-cf8d-440d-bf58-c799a844f459,Fashion,North America,1,360.9,0.0,PayPal,6.0,3.6,360.9
15880,2024-05-05,afe6d7b6-e0f8-492f-aeda-791fd770a730,Beauty,Oceania,2,265.53,0.0,,8.0,4.2,531.06
73112,2025-08-05,1d9a1365-39a7-4d49-ae15-f28a90870c83,Beauty,Asia,5,100.47,0.1,Cash,1.0,3.8,452.12
39183,2024-04-16,d4c77cc3-8279-4d00-b8c3-93c12a7f571e,Toys,Europe,2,366.25,0.05,Cash,9.0,,695.88
87708,2023-04-26,b98daf50-7fca-4b4f-b80f-1e2e2ea0a752,Toys,Oceania,3,200.05,0.0,PayPal,8.0,3.1,600.15
29353,2025-12-07,4ccf9f22-16a8-478a-9b50-c965576818b5,Automotive,Oceania,4,321.89,0.0,CreditCard,8.0,3.8,1287.56
41389,2025-08-04,679bbf88-f551-49fe-90c2-43a6cf857ee2,Home,Oceania,2,142.33,0.0,PayPal,4.0,2.3,284.66
19527,2023-06-06,3e540130-5c18-41cc-87d2-046421fc2591,Toys,North America,2,240.96,0.0,CreditCard,9.0,3.4,481.92
58696,2024-08-28,a4b39cbf-603d-4b7e-acb3-8aa09cc83123,Toys,South America,3,150.7,0.05,PayPal,6.0,2.8,429.49
29131,2025-11-24,1d2c951f-8427-48d7-ad16-dc604f818984,Home,North America,4,233.604,0.0,CreditCard,5.0,3.3,934.42
35068,2023-12-16,ffbb5901-b85c-4d0a-97e6-d31adcf67d9f,Toys,Oceania,1,128.05,0.05,PayPal,2.0,4.1,121.65
49043,2025-01-05,a008aea1-6785-471b-8a6b-67fd0d2a1903,Sports,South America,4,413.92,0.05,BankTransfer,2.0,4.0,1572.9
6330,2023-06-28,4d7e6eeb-04eb-4694-92da-e5a7bc11733c,Fashion,Africa,4,72.32,0.1,PayPal,2.0,4.6,260.35
56346,2024-10-16,f2cb9995-2557-4c31-9d86-2a59afad4bdd,Fashion,North America,5,213.94,0.05,CreditCard,4.0,4.4,1016.22
62006,2025-04-07,e8053392-2d12-494e-b63e-7fe19d0ede28,Fashion,Oceania,2,257.59,0.1,CreditCard,4.0,3.6,463.66
67237,2025-04-23,35d0252b-0ecf-4226-8af9-98d1f20f754b,Automotive,Oceania,2,60.19,0.2,BankTransfer,6.0,4.5,96.3
30814,2025-07-07,d400f82d-31d6-46fd-97bd-19a200418183,Sports,North America,4,488.2,0.0,Cash,9.0,2.6,1952.8
89918,2025-05-21,b524b52a-5e4f-4928-ae87-895d780f5153,Sports,Asia,2,252.37,0.1,,9.0,3.1,454.27
65336,2025-01-06,151b3925-3426-4911-8749-802844ef50c8,Beauty,Africa,2,113.98,0.1,Cash,9.0,2.6,205.16
81149,2023-10-12,ff7d68c9-0fc6-4d9c-bdc9-2a2295a99a4c,Sports,Oceania,4,316.46,0.1,CreditCard,1.0,2.8,1139.26
88590,2023-09-10,9982bfc8-7fb8-4cd2-8b61-7dc3f914bf8d,Home,North America,5,212.43,0.05,PayPal,5.0,4.3,1009.04
67047,2024-12-28,94cf76c2-f8b7-4f95-a614-e174f1d5f01d,Sports,South America,2,447.94,0.05,Cash,8.0,2.2,851.09
81411,2023-10-24,14b96b54-57f4-4d47-91ec-577cba19469f,Home,Asia,4,138.59,0.05,CreditCard,5.0,2.3,526.64
81360,2025-06-04,7ba32bc9-424a-4c61-9c14-c1a3576419b8,Toys,North America,5,415.56,0.0,CreditCard,3.0,4.1,2077.8
27734,2024-05-26,4341024d-5468-4e86-8f5c-daa37d8a551e,Toys,Europe,1,367.33,0.05,Cash,7.0,3.9,348.96
37251,2023-11-29,8b6cb1f8-bd83-4b3b-9136-e1c7544afe6b,Home,Oceania,5,197.289,0.0,CreditCard,7.0,2.7,986.44
42631,2024-05-28,362cb840-4493-4724-9db9-be25ff329536,Toys,Oceania,2,102.92,0.2,CreditCard,4.0,3.0,164.67
60107,2023-06-14,37d9a97c-2148-4314-9e8c-7851fc42cbee,Electronics,Africa,5,88.93,0.0,Cash,5.0,2.3,444.65
26895,2024-02-21,1a73d59c-d2b5-49f2-8183-52c2316e76d3,Home,Africa,5,448.73,0.0,PayPal,9.0,4.6,2243.65
29414,2025-04-13,ac0d40d6-626a-45f1-9a5e-4a5d2e0ce312,Automotive,Oceania,5,109.3,0.0,CreditCard,8.0,2.6,546.5
91840,2025-04-08,d653271d-2692-4b3d-9091-63f9cc66cb07,Toys,Asia,5,478.67,0.05,PayPal,7.0,3.7,2273.68
39484,2024-01-06,92aab45e-c146-44f8-8d9c-79bc2a418a5f,Automotive,Africa,3,457.71,0.0,BankTransfer,9.0,4.6,1373.13
81655,2025-04-03,368219b0-2940-4284-a360-5973e42fe2d2,Beauty,Europe,1,345.63,0.15,BankTransfer,1.0,4.2,293.79
36291,2024-10-03,cd5c9b30-854b-4963-b6b2-031fe644a1fe,Home,North America,3,449.74,0.05,PayPal,7.0,2.1,1281.76
17437,2023-08-21,98268773-5e14-4ea1-b28b-66261724b6a7,Toys,Africa,1,427.12,0.0,PayPal,5.0,2.4,427.12
15195,2024-04-14,d55cec3a-3568-4809-9268-358f6cd65311,Toys,Africa,1,135.88,0.0,PayPal,2.0,3.0,135.88
58012,2024-03-01,3c823035-f64f-4a09-874f-45e10cc000c6,Fashion,Africa,4,465.3,0.0,Cash,8.0,3.2,1861.2
84694,2024-11-07,59d68aea-76c4-4caa-b2fa-6763886162d9,Beauty,Europe,5,344.646,0.0,BankTransfer,8.0,2.6,1723.23
33944,2024-02-26,94ea0fc5-eed4-4e63-929e-798b53fbf38d,Beauty,Asia,5,69.12,0.0,CreditCard,2.0,3.1,345.6
9982,2024-05-15,6e659294-876d-432a-a4a3-482f37c783d1,Home,Europe,4,292.86,0.0,BankTransfer,3.0,2.6,1171.44
16815,2023-05-16,2b36e4fa-6556-4adf-8361-339cdebe25aa,Electronics,North America,5,392.42,0.0,CreditCard,9.0,2.3,1962.1
43812,2024-07-11,c6514738-fecd-49a4-a1ab-61e1d3056c96,Electronics,Asia,2,330.94,0.15,CreditCard,1.0,2.3,562.6
63781,2024-06-30,ff6c058f-a631-4506-8e35-f691ba8a4581,Sports,South America,1,182.94,0.1,BankTransfer,4.0,4.2,164.65
35003,2023-08-28,7084dacc-3f66-4921-a6da-686e77491652,Fashion,Europe,1,465.85,0.0,PayPal,1.0,2.7,465.85
70347,2024-01-20,201b5e7e-8347-4fcf-bf20-54039077f7a1,Beauty,Europe,5,261.53,0.0,PayPal,4.0,3.3,1307.65
2649,2024-07-18,b64e26cf-3c9b-4542-bb1d-23a8d8c823b0,Toys,Asia,3,67.29,0.05,Cash,8.0,3.8,191.78
53266,2024-04-06,17744800-3dcf-4a2b-b87b-95bf6b0b8a88,Automotive,North America,3,171.39,0.15,BankTransfer,5.0,3.7,437.04
42644,2025-11-19,a7c99bc3-8240-4ba4-8c80-a0bce774f7b6,Sports,Asia,3,268.83,0.0,BankTransfer,8.0,2.9,806.49
62621,2025-02-19,d99f0444-6db6-4f62-9b10-75578c8e652c,Home,Europe,1,480.09,0.05,PayPal,5.0,3.2,456.09
97494,2025-10-17,0b2833f5-150e-48e2-96f0-415038855fa2,Home,Africa,3,172.25,0.2,CreditCard,9.0,3.9,413.4
4625,2025-08-15,06b81c8a-03f9-474d-885d-5d016a2062aa,Toys,South America,4,86.42,0.15,CreditCard,9.0,4.8,293.83
97717,2023-04-10,65632b4e-2c82-482d-a84c-2510823be360,Automotive,Asia,2,231.18,0.05,BankTransfer,4.0,2.8,439.24
29675,2024-02-24,ac100258-f97c-493a-b1e8-24e81c3618b1,Beauty,Asia,2,310.74,0.0,PayPal,8.0,4.6,621.48
49960,2024-12-02,cb10aff8-4820-4cba-b8f6-2a57ef2e273a,Toys,South America,3,58.87,0.1,Cash,1.0,2.3,158.95
85699,2025-10-30,99a75489-a5d0-4b50-8e39-a30b9729a972,Automotive,South America,4,397.59,0.2,BankTransfer,8.0,4.6,1272.29
33803,2025-01-30,c2667162-48ce-4772-848f-8175a5b05c8f,Sports,South America,1,133.36,0.1,CreditCard,3.0,3.5,120.02
44983,2025-01-14,b11f9c90-0f26-43c9-bd40-b72a8075b880,Fashion,Asia,5,491.78,0.1,CreditCard,7.0,4.1,2213.01
32666,2023-03-23,054a7537-94f8-4d94-8217-a0b9a7e88bd4,Fashion,Europe,5,418.51,0.0,Cash,1.0,4.5,2092.55
11862,2023-01-24,fe568d34-12da-4c46-b864-cb10b7c23f92,Toys,Europe,2,172.37,0.0,CreditCard,3.0,4.4,344.74
24188,2025-12-15,a1e16a4d-d03b-4607-9303-577e19c82de4,Fashion,North America,4,453.05,0.0,PayPal,8.0,2.5,1812.2
79851,2023-08-14,9a2c566c-0c30-4ab1-a66b-268cfa5e2914,Toys,South America,3,185.0,0.05,CreditCard,1.0,4.2,527.25
68093,2024-11-20,951ce53f-e16d-45e3-ac64-537c4875cddc,Fashion,North America,5,278.091,0.1,Cash,2.0,4.9,1251.41
95712,2025-07-28,e99ff3ca-1870-4054-bad2-59dfc708be8b,Home,Asia,4,491.71,0.0,Cash,3.0,3.0,1966.84
37980,2023-01-28,40367b57-8412-4b3b-8961-d047a67368cd,Home,Asia,2,41.07,0.0,Cash,5.0,4.8,82.14
98692,2024-02-26,c809e185-e206-4815-a417-3b82fe84fafc,Automotive,Asia,1,498.49,0.0,Cash,7.0,2.7,498.49
49216,2024-10-12,b017d4c5-9441-4552-bd85-d5ef9298655e,Electronics,Europe,3,152.47,0.0,CreditCard,3.0,3.8,457.41
23193,2023-12-10,2e3081ce-232f-400e-b98c-efa549b88721,Sports,South America,2,137.62,0.05,Cash,4.0,2.6,261.48
61886,2024-08-09,8acad514-2cb5-4d83-a340-8f09955da46e,Beauty,Asia,2,440.69,0.0,Cash,9.0,3.5,881.38
25330,2025-12-04,63619e38-d21d-4ff7-9dc1-cf1e6f0413f1,Fashion,North America,1,375.76,0.0,Cash,4.0,3.4,375.76
6149,2025-05-29,a4a8a844-8bdf-4208-81c5-bc8b64e94d6a,Electronics,South America,5,497.91,0.1,Cash,6.0,2.6,2240.6
69229,2023-05-02,92dffcd8-b80a-4abf-92cc-2a997d796b8f,Fashion,Asia,2,104.11,0.0,PayPal,3.0,4.7,208.22
49448,2025-06-20,6530dd25-5913-4494-a86a-9424eb0b1eaa,Automotive,Oceania,3,477.54,0.0,BankTransfer,3.0,3.0,1432.62
44819,2023-01-08,2157d7ec-8ec3-40d4-a5c8-8e4f7fc3fa1c,Sports,Europe,5,233.44,0.0,BankTransfer,3.0,2.0,1167.2
86810,2023-05-05,72791a45-665e-4b63-a186-a04227d564bd,Home,South America,4,339.5,0.0,PayPal,6.0,4.6,1358.0
54247,2024-06-03,e7183f5e-435a-4dc2-ac6e-d21b242f5e2e,Automotive,Asia,5,335.16,0.15,CreditCard,2.0,3.6,1424.43
34715,2023-04-03,7d801b28-5f08-4c3b-bc28-adb342d8b896,Beauty,North America,2,176.31,0.0,BankTransfer,1.0,3.3,352.62
81993,2025-03-11,61ef4814-ba7a-4b91-a0cf-525d6a5ee957,Home,North America,3,23.41,0.15,Cash,6.0,4.7,
86254,2025-04-04,58ee0427-2c95-4ec8-92e7-e2e1491681e4,Toys,Africa,5,56.78,0.0,BankTransfer,4.0,4.0,283.9
55852,2024-10-04,c6482fd2-19b1-4bb6-933f-afca2eccad55,Sports,North America,5,274.22,0.0,CreditCard,6.0,5.0,1371.1
17673,2024-04-08,9bd179d6-4fc4-4893-a7bc-de05e3fb18a3,Automotive,Asia,2,174.85,0.0,CreditCard,2.0,3.6,349.7
80833,2023-10-12,a34c41e9-9bf8-476c-bc15-374eb0c01080,Beauty,South America,5,351.36,0.1,PayPal,4.0,3.9,1581.12
63352,2023-11-14,b7934184-5b44-4209-90e4-02ba3e744efc,Electronics,Asia,6,194.256,0.0,CreditCard,1.0,2.9,1165.54
1748,2025-05-22,7eef09ab-da14-4a47-b823-51d9d94df188,Automotive,North America,4,138.55,0.0,BankTransfer,9.0,3.5,554.2
2714,2025-01-10,59fcfaeb-7229-44a9-af7c-e6091a99aae0,Home,Asia,4,191.63,0.0,BankTransfer,,3.1,766.52
42872,2023-01-16,48b6dfac-8731-41b7-86dd-4d8a37f14593,Toys,Africa,3,163.19,0.0,PayPal,5.0,3.0,489.57
32128,2024-10-28,ca9e39ee-e223-431a-a21c-52593ff9de89,Beauty,Europe,2,262.27,0.15,Cash,7.0,3.1,445.86
77204,2024-04-03,4d6b2365-0194-49c4-bc3a-ee408e31e7a0,Sports,North America,2,309.69,0.0,BankTransfer,4.0,3.5,619.38
98341,2023-09-08,78578658-af17-405f-8685-2f641ca35f8f,Automotive,South America,1,141.55,,PayPal,6.0,3.2,134.47
98823,2023-11-20,0e7fb5b9-0b51-40e7-9c4f-1c5d4089da57,Fashion,Europe,3,118.998,0.2,PayPal,7.0,2.6,285.6
19663,2023-04-21,cbcb7fe9-e052-46a8-a015-a8cea904b9a6,Home,Asia,2,117.48,0.0,Cash,3.0,4.6,234.96
96666,2025-03-24,1cf15472-4fe4-45f2-b151-acfe3fe93622,Automotive,Oceania,5,222.34,0.15,BankTransfer,5.0,3.9,944.94
12470,2025-12-25,0c3dbeee-e6f5-47a9-be27-21cdd79b37a1,Electronics,Oceania,3,143.17,0.05,Cash,6.0,3.1,408.03
48467,2025-10-29,1178b8f9-f165-41a4-b171-71aadf2990a4,Toys,Oceania,1,343.28,0.0,BankTransfer,5.0,5.0,343.28
35837,2024-01-31,493acbb8-cbed-4ad3-9aa1-a0c404f08bdf,Toys,Europe,3,495.5,0.0,Cash,9.0,2.4,1486.5
53738,2024-04-04,1871692c-6562-40f2-bd29-219bf0534a14,Home,North America,3,373.96,0.05,PayPal,9.0,2.5,1065.79
30175,2024-04-02,3bb77cfa-c36f-49c4-a176-a48353cc8405,Fashion,Africa,4,308.5,0.05,PayPal,1.0,3.3,1172.3
42687,2024-05-22,d4b09e38-dedc-4f98-8d9f-047a92c1b7b4,Toys,Africa,4,213.58,0.0,PayPal,2.0,3.9,854.32
90050,2025-04-04,8feee569-ed8f-4f3a-83b4-7595cdeeaea8,Beauty,Africa,1,395.61,0.0,BankTransfer,7.0,4.5,395.61
5390,2025-07-29,65f69897-7a8e-4e5c-a444-c04046633755,Home,Europe,3,85.77,0.05,BankTransfer,9.0,2.2,244.44
18216,2025-08-18,ddf66267-40dc-43d0-9b90-eccb57170190,Toys,Asia,4,154.19,0.0,PayPal,8.0,3.5,616.76
44168,2023-05-22,116303c8-e883-44e9-a985-f85b1b583934,Home,North America,3,449.84,0.15,BankTransfer,5.0,2.5,1147.09
35090,2025-08-29,ec331e24-f83e-4424-a953-3e74edb07bca,Electronics,North America,4,309.9,0.0,PayPal,9.0,2.7,1239.6
95610,2023-10-27,fac2de8b-d309-49f4-962a-f80e01ca939f,Toys,South America,1,142.32,0.05,BankTransfer,3.0,4.6,135.2
1762,2025-10-20,a7939a2e-34f4-4404-8ff5-070182226c16,Toys,North America,1,105.13,0.05,CreditCard,2.0,4.7,99.87
34428,2024-07-01,70143c6d-25c3-46ff-809c-2c6b89011a2a,Toys,North America,3,254.22,0.0,Cash,8.0,4.2,762.66
26638,2024-03-02,becec9eb-2c81-4f99-a153-74b0f6257ed1,Sports,Oceania,2,141.8,0.15,CreditCard,8.0,4.7,241.06
14779,2025-03-10,91784374-d42e-4d39-8c3f-6f87deeee136,Automotive,Asia,3,5.22,0.0,BankTransfer,7.0,2.2,15.66
11200,2023-02-23,66548fd6-8027-4505-af88-198b4de53f26,Fashion,North America,1,412.81,0.05,,8.0,3.3,392.17
22893,2023-06-30,39fa9c25-7b17-4af2-b7c9-d8fcd9a3959d,Fashion,Europe,5,269.92,0.05,BankTransfer,6.0,4.0,1282.12
59796,2023-02-11,b8e064ff-bcf9-4e04-9789-0cf369cf7e4a,Sports,Europe,1,18.81,0.05,BankTransfer,3.0,3.8,17.87
95950,2025-06-18,00e27fa3-4745-42f7-be0d-e86b3fa51d3b,Fashion,Europe,5,244.83,0.0,CreditCard,9.0,2.1,1224.15
30849,2023-10-28,296bc878-b3e8-46bf-9425-8378d2cb0fa8,Fashion,South America,2,304.81,0.15,CreditCard,2.0,3.3,518.18
5763,2023-08-13,bd303739-8f5a-4787-8edd-8e22536019db,Electronics,Europe,1,5.05,0.1,BankTransfer,2.0,2.5,4.54
47100,2025-06-06,386025cd-30f7-4e01-9baa-c507752b22d0,Electronics,North America,3,175.55,0.05,CreditCard,4.0,4.3,500.32
11015,2024-02-01,efab64b5-2702-49a1-80a6-a43b1a3710ae,Automotive,Asia,3,114.31,0.1,Cash,8.0,4.3,308.64
82586,2025-11-30,f139df30-0b7c-4108-80b4-0761f08717cb,Toys,Africa,6,66.186,0.0,BankTransfer,9.0,4.7,397.12
14767,2023-05-20,1837e8b9-2a3c-4f6b-bcef-0b0b05d9f92f,Automotive,Europe,5,386.95,0.05,Cash,5.0,3.4,1838.01
95182,2025-12-31,6a06957b-741b-4e8f-a403-d35633378409,Fashion,Oceania,5,8.15,0.05,CreditCard,5.0,2.0,38.71
12388,2023-12-23,d6e9ebe0-189b-48d4-99d7-2f60529d82f8,Toys,Oceania,5,48.13,0.05,CreditCard,5.0,3.4,228.62
37016,2025-11-09,e3213a11-3e54-44cc-b750-48938dcfe8c8,Electronics,North America,4,262.773,0.0,BankTransfer,8.0,2.6,1051.09
79952,2023-02-03,d9d6a4a0-2506-4256-b1e8-8d0aed5bbf60,Beauty,Europe,4,232.72,0.1,CreditCard,4.0,2.3,837.79
4338,2024-02-28,9b72a9fe-669e-498d-a3e7-3896c784ef4b,Automotive,Europe,5,139.62,0.15,CreditCard,9.0,2.4,593.38
34223,2023-05-03,e4e9fbf6-e472-4813-bb34-6b4be187e480,Home,Oceania,4,279.42,0.0,BankTransfer,8.0,2.6,1117.68
6212,2023-01-08,80ed319c-ef01-4e79-a9b2-4a990a8260b6,Toys,Oceania,4,112.35,0.05,Cash,2.0,5.0,426.93
27668,2025-11-06,4a3fd64e-9f35-4e67-93d7-50c3874ed236,Beauty,Oceania,5,173.01600000000002,0.0,PayPal,8.0,2.1,865.08
51428,2023-06-30,460797f8-752b-48fe-beb6-ec62805f914c,Toys,Oceania,2,92.68,0.05,BankTransfer,3.0,2.6,176.09
83564,2025-08-13,69ac155e-e0a8-4b90-bbe8-0ab2035e5be2,Beauty,South America,3,326.1,0.2,Cash,6.0,3.3,782.64
37180,2024-07-26,743b09e9-e24f-4845-a014-d8d425c2a208,Electronics,Africa,2,76.89,0.1,CreditCard,3.0,4.5,138.4
54494,2023-08-30,8d7d0733-f080-4087-ab99-89e68999b115,Fashion,Oceania,1,452.02,0.0,BankTransfer,9.0,4.3,452.02
80940,2025-03-05,9f874728-3d83-4007-a28c-b767de125922,Toys,Europe,1,28.13,0.0,BankTransfer,4.0,2.4,28.13
10219,2024-08-01,fba86e1e-34a1-48ba-9c7f-bd64ac5d2bd1,Sports,Europe,2,142.41,0.05,CreditCard,4.0,2.2,270.58
39715,2024-04-28,ca8e8e6b-4316-4435-bdc5-5f44d9f0ade0,Electronics,Oceania,2,37.13,0.0,CreditCard,4.0,4.8,74.26
38425,2025-04-30,454afde3-0251-4db4-b810-453b7471a091,Fashion,South America,2,473.55,0.0,BankTransfer,1.0,4.3,947.1
49784,2023-06-05,e768aa36-1f6f-4c17-98b8-e6c5cef81de1,Toys,Asia,5,125.33,0.0,Cash,2.0,2.5,626.65
84186,2025-11-09,743d5b2d-500b-4959-981c-313393c7afc1,Beauty,Oceania,5,341.838,0.2,PayPal,6.0,4.1,1367.35
19136,2025-05-11,4d9fec20-1414-483d-a0af-0b16dd35585c,Home,South America,2,206.0,0.05,Cash,1.0,,391.4
52491,2023-10-12,ce13cd56-3e16-4d57-bf3b-e8c3299420aa,Beauty,Europe,4,149.55,0.05,CreditCard,1.0,3.1,568.29
10900,2023-08-05,23d146a9-c340-486f-b996-cbae99b80c76,Beauty,North America,4,326.58,0.0,Cash,9.0,4.8,1306.32
7896,2023-01-28,036ec6cb-8941-469b-b559-d3c6565a2822,Sports,,3,173.49,0.0,CreditCard,,3.7,520.47
46592,2024-06-12,69a3a98b-fd07-4885-9007-c897b6f6ff69,Toys,Asia,4,170.87,0.0,CreditCard,7.0,2.1,683.48
24805,2023-09-28,6b779bb9-739b-4e04-973b-0a1017686d40,Home,South America,2,300.35,0.0,PayPal,7.0,2.1,600.7
50715,2025-10-23,34204712-68bc-4bde-bc70-f5fde2adbd15,Electronics,Europe,3,17.85,0.05,PayPal,4.0,3.9,50.87
38644,2025-04-15,d5c77db0-e4b7-4816-b511-8a7646a65865,Automotive,South America,5,314.81,0.0,BankTransfer,1.0,4.4,1574.05
54017,2024-03-18,4cfa8966-fd33-4f49-aa86-961aa59e126f,Automotive,Oceania,3,103.19,0.0,Cash,7.0,4.0,309.57
22154,2025-08-22,9e944384-5516-49b6-9306-6a39441cccb8,Toys,Oceania,5,433.45,0.2,BankTransfer,6.0,2.9,1733.8
19213,2025-08-24,59c1a48a-25e4-4a03-9b41-8f9f46310d28,Fashion,Africa,1,397.67,0.0,CreditCard,6.0,4.6,397.67
86763,2025-02-06,8b67e858-5714-498c-b230-804c6680fee9,Toys,North America,1,38.86,0.0,CreditCard,7.0,3.8,38.86
35193,2025-11-20,dbc13cfa-1b3e-4c12-8ef5-c99486ee04cb,Sports,Asia,2,405.711,0.05,CreditCard,7.0,3.5,770.85
86394,2024-09-20,efb46829-a8e3-42ca-a7ee-92a99cb07e44,Electronics,Europe,2,337.68,0.0,Cash,4.0,3.5,675.36
52299,2025-03-02,99407d5f-569d-4ec1-8879-e7c0147a339f,Sports,North America,2,97.4,0.0,Cash,4.0,3.3,194.8
37883,2024-06-14,cc96d39e-2617-4619-82a5-c59e86b4b101,Automotive,Europe,4,61.37,0.0,Cash,4.0,2.9,245.48
96220,2025-03-05,b2a9dff8-be3a-43d1-ae0e-74497b3fe5cc,Home,Oceania,3,386.64,0.0,PayPal,7.0,2.4,1159.92
44610,2025-05-18,a4efda39-ee9d-4a71-9c63-1733d7311191,Sports,Europe,5,120.95,0.0,Cash,7.0,2.8,604.75
41456,2023-04-30,ac1905a0-a8b4-45c8-b74d-08feeb0f9c99,Home,Europe,3,210.91,0.1,BankTransfer,3.0,2.6,569.46
76370,2025-09-03,81202bad-8962-434e-b70a-f4c3d23b6ead,Beauty,North America,4,304.59,0.0,PayPal,5.0,2.9,1218.36
28487,2025-02-03,6dacfc29-5e5a-45ff-9c4d-76da765ec39b,Automotive,Europe,3,225.08,0.1,Cash,3.0,2.8,607.72
42980,2023-08-24,c495b59f-c521-470f-a3c0-209e77f95f1a,Beauty,Europe,2,256.14,0.0,CreditCard,8.0,3.2,512.28
11615,2024-10-16,c02d7852-205a-40de-8413-0c746bf49fd0,Toys,Europe,1,130.3,0.0,BankTransfer,1.0,2.9,130.3
5620,2023-08-14,9211d6cc-997d-4ca9-949c-0766ffb88ef4,Sports,Europe,5,237.94,0.0,BankTransfer,7.0,4.9,1189.7
42219,2023-03-08,d2d73be6-4b7a-4caf-bcb8-d48f2644dab3,Home,Europe,4,340.83,0.0,CreditCard,9.0,3.1,1363.32
59809,2023-02-23,956dd963-cb3c-4cfc-9126-d2687926622d,Toys,Oceania,5,342.78,0.0,BankTransfer,5.0,3.3,
79746,2024-03-16,9ec19ca2-fe63-4a17-872f-b66e5161b6bf,Toys,Europe,2,383.78,0.0,PayPal,1.0,2.0,767.56
56300,2023-02-28,125fb3c7-949e-44c5-af86-d40b3274ac64,Electronics,Europe,5,443.15,0.05,PayPal,1.0,2.7,2104.96
2938,2024-12-11,c4bd9b59-7fd9-496f-ae5a-88566791659c,Electronics,Asia,4,102.68,0.15,Cash,7.0,4.5,349.11
70099,2023-05-25,8d0dd87f-ae2c-4d9a-8b66-6ff70cbb6087,Sports,Oceania,1,267.07,0.05,Cash,9.0,2.0,253.72
97977,2023-03-29,784203eb-489d-4e98-9e1d-80f097dd09e4,Fashion,Asia,5,449.49,0.1,Cash,4.0,3.9,2022.7
61578,2023-11-27,6edd6534-9f88-4802-9ac3-e8c1c0eaf512,Beauty,Oceania,6,251.181,0.2,,9.0,4.6,1205.67
98071,2023-01-26,f2859cd2-cdf9-409a-9eb7-9d9ed3ad30e0,Electronics,Africa,2,264.77,0.0,Cash,2.0,3.1,529.54
40148,2023-09-23,0f89a187-98de-49d7-b6ef-8aea6a1f13bc,Sports,Africa,5,459.69,0.0,PayPal,4.0,3.6,2298.45
13656,2024-08-15,6a4fab5f-12e4-4780-ac93-f0c153a2cdf5,Beauty,South America,3,329.41,0.0,CreditCard,9.0,2.6,988.23
88907,2023-07-14,0480957c-dee9-4938-8e06-1675bc067c19,Automotive,Oceania,3,214.91,0.0,Cash,8.0,2.7,644.73
86234,2025-04-26,6ec2beb8-0aee-4d6d-b8c5-42bc20b09a72,Home,Europe,1,405.68,0.0,BankTransfer,4.0,4.9,405.68
10767,2025-06-15,7efdb8da-e5d6-4b9b-a1dc-de120dbbba59,Automotive,,2,338.36,0.05,CreditCard,7.0,2.4,642.88
31432,2025-12-03,9b33a68d-4646-4710-b1fa-ffe7ad1099fc,Beauty,Asia,1,50.01,0.0,Cash,3.0,3.4,50.01
59951,2024-09-10,6492516c-72af-4e47-8262-ded2edfded9c,Automotive,Oceania,2,306.08,0.0,BankTransfer,3.0,3.2,612.16
36533,2023-11-19,ca73e49a-8f5f-4aff-b0a6-3a61a148daa7,Toys,Europe,5,158.33700000000002,0.0,PayPal,6.0,4.7,791.68
31334,2024-02-13,dd79c4ab-d0bd-4160-8dec-728dc967c613,Sports,Europe,5,481.6,0.0,Cash,4.0,2.1,2408.0
53039,2024-08-11,c4b6605f-72c6-4219-aee2-a4775ac5edbd,Beauty,Asia,1,24.51,0.0,BankTransfer,9.0,3.6,24.51
74420,2023-10-21,658126c2-1270-43fc-8884-070570a21221,Beauty,Oceania,2,404.51,0.05,PayPal,2.0,3.4,768.57
40269,2025-10-29,932c33d4-7480-4629-bf0c-8f4ebc603126,Sports,Asia,3,482.5,0.05,BankTransfer,6.0,2.1,1375.12
89593,2023-07-19,8a9a5396-9631-48e0-97b1-3a5ad337e0a2,Toys,Europe,4,362.55,0.0,BankTransfer,4.0,3.4,1450.2
86698,2024-11-01,7f071113-f374-4f85-b31a-a2ed5f3bd756,Beauty,Africa,3,304.569,0.0,PayPal,1.0,4.9,913.71
88301,2023-06-27,264cd37f-3f76-4984-9342-1a09669b8e08,Sports,South America,3,305.61,0.05,PayPal,4.0,2.2,870.99
27877,2024-08-30,16d2bd10-3b30-44c9-87c9-d16789c5040f,Sports,Africa,4,14.09,0.0,PayPal,1.0,4.4,56.36
25129,2024-06-21,d3c41461-912e-4ca2-af7b-60893ee40698,Home,North America,2,65.62,0.0,Cash,2.0,3.2,131.24
48642,2023-03-28,0f65a0b5-80f2-4e10-8ab5-34ca8c8a9e48,Electronics,Oceania,3,495.38,0.15,BankTransfer,2.0,2.2,1263.22
42224,2025-08-14,6dea4a41-f846-4119-a83b-8a6bb07cd1c9,Fashion,Asia,1,342.24,0.15,PayPal,6.0,3.4,290.9
29138,2025-09-29,1f244b3a-a251-46b3-b3a2-2d6a14a607f1,Electronics,North America,5,20.79,0.1,PayPal,2.0,2.7,93.56
14318,2024-04-30,2da61acf-b630-4d90-affa-40f7350cf740,Sports,Oceania,4,346.08,0.15,Cash,4.0,3.1,1176.67
41000,2024-04-07,82877aa9-9119-495e-aff5-cd1ecec159da,Sports,Asia,5,138.1,0.05,BankTransfer,7.0,2.1,655.98
3338,2023-07-10,99afee64-9024-4225-84bb-10e079f7f38c,Home,South America,3,46.98,0.1,PayPal,8.0,4.2,126.85
94385,2024-07-24,52a9ee35-620a-4a85-b942-0be271357431,Automotive,South America,2,463.32,0.0,PayPal,5.0,2.1,926.64
46218,2024-06-06,ff353ea8-ec23-4e50-870c-666a10f6c3a9,Electronics,South America,1,411.03,0.0,PayPal,7.0,2.3,411.03
78228,2023-12-16,b2f125f6-4b4b-47f2-ab0f-f00882d13ea5,Automotive,Asia,3,292.2,0.1,Cash,1.0,4.3,788.94
86258,2025-02-08,a1ebe82c-10b1-4d85-84b2-9a401b114518,Sports,North America,4,90.9,0.2,CreditCard,8.0,2.2,290.88
4791,2024-08-25,1c6fec01-f57f-4bba-bfba-cf5fa576db48,Fashion,South America,5,11.62,0.05,CreditCard,,4.0,55.19
17255,2025-08-10,15aa772b-e4dd-42e4-9a43-13448f30dcbb,Beauty,Oceania,5,422.21,0.05,CreditCard,8.0,3.3,2005.5
70852,2024-05-05,19743ef5-e2d2-47ee-abe7-d778346f865a,Fashion,Africa,3,416.6,0.0,Cash,7.0,3.0,1249.8
52570,2025-01-08,2687c2ed-6fc0-4743-a1cb-0b88f8272b68,Automotive,Oceania,1,47.59,0.0,PayPal,6.0,3.5,47.59
66499,2024-08-15,b25f8e3c-a69e-4a99-83a8-960f5de0e8ae,Beauty,Asia,2,430.18,0.0,Cash,2.0,2.5,860.36
23755,2023-01-10,c88e2b51-2eaf-4258-8cd3-ade36d3dea46,Beauty,South America,1,69.46,0.1,CreditCard,9.0,4.1,62.51
74361,2025-08-19,34c07100-7179-4639-b08f-b8a15d654a47,Toys,Africa,1,180.34,0.0,PayPal,3.0,3.9,180.34
42777,2025-05-28,0202bcc6-9e47-4818-bebb-4e4b5a223d71,Home,Europe,2,13.26,0.0,BankTransfer,6.0,3.8,26.52
73042,2023-04-25,13ffcbb3-1d7d-4f67-b670-3f3b8ba4a65d,Fashion,North America,3,235.81,0.0,CreditCard,6.0,4.5,707.43
40046,2025-04-01,24630012-166b-49d1-9fc6-ea78b3c622f8,Beauty,North America,5,444.98,0.15,CreditCard,8.0,3.3,1891.16
89551,2024-02-27,82902f12-e1c6-43ef-b763-f7ca6c50eaac,Beauty,Oceania,3,100.61,0.0,CreditCard,8.0,3.7,301.83
13800,2024-05-28,ad125a76-ba15-459b-b8a3-8a818ee30925,Toys,Asia,4,98.38,0.05,CreditCard,5.0,3.3,373.84
90799,2023-10-15,defa0011-fc5a-493e-bb70-b7810ca6f40e,Automotive,South America,1,460.15,0.2,Cash,3.0,4.8,368.12
49302,2024-01-04,893bc90f-57d7-41b0-bc18-a5111cd94045,Sports,Europe,1,318.38,0.15,PayPal,5.0,2.2,270.62
92992,2023-06-02,467b094c-2258-449a-b2f3-d87d62f7c65e,Beauty,Asia,1,183.07,0.0,BankTransfer,6.0,4.5,183.07
94040,2024-05-13,8c1a46ed-f63d-4938-9e51-b5b9d4162b88,Sports,North America,1,486.78,0.1,PayPal,3.0,2.9,438.1
42473,2025-07-07,02b77c5d-37ab-4ae7-b9c9-3336916a3c1a,Toys,Africa,5,452.62,0.05,BankTransfer,5.0,4.7,2149.94
3417,2025-10-24,2804335a-3311-45e0-ac5c-ce54210c78d9,Electronics,North America,4,178.62,0.05,PayPal,9.0,2.1,678.76
92427,2023-03-22,87094e1c-56be-4148-86bf-ebd851701e5e,Toys,Africa,1,203.43,,Cash,1.0,3.0,193.26
92045,2023-01-31,242c5016-bf90-4efb-9ee0-2b4de2fc8077,Electronics,Oceania,5,277.14,0.05,BankTransfer,8.0,3.2,1316.41
4081,2023-03-01,bf3f51d5-2557-482c-888c-6ea499f9a338,Home,Europe,2,118.0,0.0,Cash,6.0,2.0,236.0
72445,2025-02-09,6d3b4080-a2fb-4928-a6bf-dbee06242ac0,Beauty,Asia,3,393.97,0.05,PayPal,9.0,3.5,1122.81
72157,2024-11-30,9fd90b11-d5d1-4bef-8449-c38ed04bc1f8,Electronics,Oceania,4,331.317,0.0,CreditCard,3.0,2.7,1325.27
63408,2025-09-02,2ecb0f5f-9fab-4892-98a6-9b0738e18a48,Automotive,Africa,4,235.92,0.1,CreditCard,4.0,3.0,849.31
47040,2025-05-31,58031054-c42d-48bd-b9cb-c1a9cb35e974,Toys,Asia,2,395.41,0.0,BankTransfer,8.0,3.1,790.82
75077,2023-01-28,6cccb5ac-8807-4e82-bf17-00eb5ee3a394,Sports,South America,3,16.15,0.0,CreditCard,7.0,3.3,48.45
7715,2025-09-04,64fff7a6-35ce-4da8-9d3d-c371d6ac0d84,Automotive,Africa,4,313.61,0.1,BankTransfer,1.0,4.9,1129.0
80488,2023-08-12,e675b4c7-eaab-47ed-9cb2-5a2ad260a510,Toys,Africa,1,51.92,0.0,BankTransfer,8.0,4.6,51.92
88637,2024-01-17,7fde482a-b471-46b8-9e15-3c5cc082ee29,Beauty,North America,4,86.19,0.0,Cash,3.0,4.7,344.76
48814,2024-09-30,19876143-f9db-4571-9bff-50b21d75811d,Automotive,South America,5,33.21,0.05,Cash,6.0,2.6,157.75
22542,2024-07-29,94eb98ec-f7b0-44ac-8be8-79252db5322b,Toys,Africa,2,229.05,0.0,Cash,6.0,2.0,458.1
57380,2023-06-09,26127d5b-97ed-4ca4-a339-6aa55e20d230,Sports,Europe,1,464.95,0.1,Cash,1.0,3.7,418.46
26335,2025-06-13,79d50b46-1430-49a9-8deb-011d26b6dd29,Home,Europe,4,319.5,,Cash,1.0,2.4,1278.0
88468,2025-07-25,fc90898a-7543-4648-a846-19aa9ba7723b,Home,South America,3,410.99,0.0,BankTransfer,6.0,4.7,1232.97
75855,2023-08-16,58a7ba89-19ba-4bb8-a5de-a4e7d9e1a107,Home,South America,5,88.34,0.0,PayPal,6.0,2.8,441.7
4450,2025-05-30,bbab3b0e-60a1-451d-a4a0-aaadb436e8fb,Sports,Europe,5,471.37,0.05,CreditCard,7.0,3.9,2239.01
58732,2025-05-29,1e41361d-957d-4de3-8b00-5de316db34c3,Electronics,South America,5,178.88,0.05,CreditCard,8.0,4.9,849.68
9495,2024-08-28,916efd7b-7cc2-49b7-95b4-59923d49e4f8,Home,Asia,4,35.64,0.0,PayPal,9.0,4.3,142.56
91913,2023-07-02,183a0c9e-cc4f-442e-8742-26cb168cab75,Automotive,Oceania,5,99.1,0.0,BankTransfer,4.0,4.7,495.5
71625,2025-12-08,16237234-f7ff-467e-ae94-19fd8dc95689,Toys,Europe,5,65.61,0.0,PayPal,9.0,4.8,328.05
88898,2025-05-28,ecae7ebd-0e5f-4db6-984a-ef791f83f24a,Sports,Europe,2,200.19,0.15,BankTransfer,4.0,3.0,340.32
32705,2025-08-04,ea5b3bcd-e068-4420-b8bd-727a68c4ecaf,Sports,Europe,1,345.84,0.0,Cash,7.0,3.8,345.84
38875,2025-03-06,44f68329-42a2-46ef-a430-afa39f9cff0d,Beauty,,4,36.28,0.0,CreditCard,5.0,3.7,145.12
85425,2025-12-29,970fc272-8b7f-43cc-8921-c6e03013d704,Toys,South America,1,59.14,0.0,PayPal,1.0,4.7,59.14
82562,2025-10-09,8feb0f6e-cf60-4903-b5f0-f9e892e7d962,Electronics,South America,1,175.39,0.1,CreditCard,5.0,4.2,157.85
2281,2024-09-12,bf00f56c-6a49-49a6-8ee2-5e54bfcb3388,Electronics,Africa,2,288.18,0.1,PayPal,4.0,3.1,518.72
95160,2024-05-09,c02ec514-85d6-45db-b829-2547ae5a7d60,Home,Africa,4,394.21,0.15,BankTransfer,5.0,4.3,1340.31
17841,2023-08-31,bab37acd-d952-45e1-a768-81328a9b7814,Automotive,Oceania,1,128.9,0.1,Cash,3.0,3.4,116.01
85848,2024-07-24,64ace3b6-9e91-44fd-a24a-f0189a455871,Electronics,Europe,2,16.46,0.0,BankTransfer,9.0,2.6,32.92
73797,2025-11-15,2a8ad6ae-6d1f-44a8-9500-19fc23c0a6b8,Home,Oceania,4,22.428,0.0,Cash,5.0,2.2,89.71
4233,2025-09-05,22212e52-d6e3-4103-9df7-0cc1133b385e,Automotive,Europe,1,37.58,,CreditCard,4.0,4.6,37.58
656,2023-05-01,577bc55a-36d5-4494-b37f-d50d2e25b5ee,Toys,Oceania,2,,0.0,CreditCard,8.0,2.9,990.2
13769,2023-12-12,05c2f0ab-d84e-448f-b2fe-0ed89dffaff5,Fashion,Oceania,3,472.39,0.0,Cash,4.0,3.5,1417.17
15347,2024-05-11,e9d2fa12-e8c3-4491-b504-990af74dde68,Electronics,Asia,3,391.95,0.1,CreditCard,4.0,3.6,1058.26
56406,2023-04-11,8d82442c-b83e-43b7-a30d-ebddcde55273,Fashion,Africa,3,352.52,0.05,PayPal,7.0,3.6,1004.68
83772,2023-01-01,c2466df2-a6aa-438a-bed9-2bb4f665b584,Home,Asia,2,439.98,0.0,CreditCard,6.0,4.0,879.96
53423,2024-07-09,804e5c38-89bc-46bf-aadf-d32fa2592d2a,Electronics,Europe,1,449.26,0.0,CreditCard,1.0,2.3,449.26
99280,2024-03-29,c7af562e-d625-434c-9473-dab5ab3942d4,Beauty,Europe,1,433.63,0.2,PayPal,4.0,3.2,346.9
84831,2024-08-17,2a98ef14-12e4-45b7-8de1-8281dce41ca7,Toys,Asia,1,248.69,0.15,BankTransfer,9.0,3.9,211.39
63894,2025-01-02,2ddbe035-6e01-4dc9-9035-7ce003388a9e,Toys,South America,3,164.27,0.1,CreditCard,1.0,3.6,443.53
36782,2024-10-05,ebe8cac0-9204-4f3e-a8a7-ed7da585744e,Toys,North America,4,160.55,0.0,Cash,1.0,2.1,642.2
2688,2023-08-09,a9217ddc-3cea-4f89-a217-3b7fc536d2ce,Fashion,Europe,1,171.3,0.05,CreditCard,1.0,2.9,162.74
60199,2024-09-28,ebe90057-be2a-4bef-b9a7-2adec571ff4e,Sports,Africa,4,437.07,0.05,CreditCard,6.0,2.2,1660.87
51248,2023-04-09,080e09dd-2ff8-40d0-b534-dc34e68bea34,Home,South America,5,489.93,0.15,Cash,7.0,2.3,2082.2
6271,2023-05-30,f1758208-2e29-4386-ae89-6265847aefa5,Sports,Asia,5,346.21,0.2,BankTransfer,3.0,4.2,1384.84
79403,2025-07-07,56599848-18e6-4320-93bb-0ed7a776e594,Electronics,Oceania,1,300.16,0.05,BankTransfer,3.0,3.6,285.15
57788,2023-12-23,dd35b405-2842-424d-8920-a3c87a65ec16,Automotive,Europe,3,17.39,0.2,BankTransfer,9.0,3.4,41.74
52294,2025-02-27,6ab7520d-2545-42e1-a8e4-1ff60f0e6459,Beauty,Europe,4,87.38,0.0,CreditCard,8.0,4.6,349.52
12903,2025-06-28,6c99b726-95db-4721-ac60-7079ca9d32b9,Toys,Africa,2,390.26,0.0,Cash,5.0,3.3,780.52
91943,2025-10-05,a7d7361e-837a-4dc2-b027-af950806336e,Beauty,,3,470.07,0.0,PayPal,8.0,4.0,1410.21
16047,2025-10-05,c19d8534-66e3-49ec-bab8-8b166dcb9bf1,Toys,Oceania,2,467.71,0.1,CreditCard,1.0,4.7,841.88
51203,2024-01-20,dab7ec06-7c00-454f-89a5-6ba74a9877e1,Sports,South America,2,404.53,0.0,Cash,2.0,4.1,809.06
80613,2024-01-03,43475e9b-6349-4202-9e51-5b72830988a7,Sports,Africa,1,79.37,0.15,BankTransfer,2.0,4.6,67.46
25671,2023-06-27,9901e22d-7aac-46d4-ab5c-2fbf2af693e0,Beauty,North America,1,161.89,0.0,Cash,5.0,3.0,161.89
74111,2023-03-08,9fbb74f9-654a-44f9-bdba-ab321fba722b,,Oceania,3,112.19,0.05,BankTransfer,1.0,2.1,319.74
59035,2024-11-17,8c6b04f6-2b33-4c27-be98-14d092545fb4,Automotive,South America,2,442.116,0.0,CreditCard,8.0,4.9,884.23
34328,2024-01-07,50e61ba3-2c04-4716-9e6d-08e957d3538c,Fashion,Asia,4,242.06,0.0,PayPal,4.0,3.3,968.24
34653,2024-03-30,4aed6683-6f76-421c-9501-a909bc5f4a77,Beauty,Asia,5,293.91,0.05,CreditCard,6.0,3.5,1396.07
40514,2024-02-10,b0d78504-85fd-40ff-a71a-3aeb9ea9ae96,Beauty,South America,3,52.02,0.0,Cash,6.0,4.0,156.06
53528,2025-08-08,da0434fd-bf3a-448b-9a1b-4d6d578b4cf1,Electronics,Asia,1,51.99,0.0,Cash,2.0,2.8,51.99
12326,2025-09-14,3ea16e1d-478e-418e-b170-c9b928478f5d,Home,Asia,2,313.1,0.15,PayPal,7.0,4.5,532.27
40247,2024-10-31,4b1a65b1-2640-47a1-8f73-2d70979b1ec8,Toys,Asia,4,59.14,0.0,BankTransfer,5.0,2.7,236.56
41474,2024-07-13,780ad9bf-465d-42a2-be4e-fe50684b2d4b,Fashion,Oceania,1,446.31,0.05,PayPal,7.0,2.1,423.99
86036,2024-03-12,492c145f-c281-482d-b550-2479b24e8605,Electronics,Oceania,4,496.91,0.1,PayPal,2.0,4.2,1788.88
62354,2025-05-09,32bfd79e-566e-4dd6-b4b6-9c804b4616d5,Automotive,Oceania,3,95.6,0.1,CreditCard,3.0,4.9,258.12
60289,2023-11-24,138a12a1-18c6-462c-a079-0fa55f2da8e0,Home,Oceania,5,427.068,0.05,BankTransfer,4.0,4.4,2028.57
39318,2025-08-18,3cc3018d-fa41-4aa8-9db1-fbcfef47c448,Sports,,3,253.04,0.0,PayPal,3.0,3.7,759.12
18695,2025-11-03,ea468cd2-0a8e-4a0a-8d6a-8c853e4a9853,Electronics,Africa,6,280.431,0.0,BankTransfer,2.0,3.4,1682.59
44702,2025-09-27,e3f01fdf-b35d-4230-bd4c-57b34bda64a8,Beauty,Europe,3,154.49,0.0,PayPal,8.0,3.0,463.47
72262,2024-05-07,7e136b2b-cfcf-4472-b3b3-141fc3a0f69c,Toys,Asia,4,296.12,0.05,Cash,4.0,4.8,1125.26
95714,2025-12-21,236f3916-0362-4fa7-bc23-9dad58b6e71c,Sports,South America,2,163.2,0.05,Cash,8.0,4.9,310.08
83045,2023-07-05,8be159cd-1117-4f3c-9885-911a138c2e0e,Sports,Asia,2,27.96,0.0,PayPal,7.0,4.3,55.92
1551,2025-09-01,ba236c22-e92a-4b97-91db-1a374204d733,Fashion,Africa,3,380.92,0.0,Cash,8.0,5.0,1142.76
573,2023-03-18,530ac1c7-b8ba-4368-8fc7-77685ebbcca5,Beauty,Asia,4,120.93,0.05,CreditCard,9.0,3.2,459.53
22930,2024-02-09,1d4adfa1-f814-494c-a276-9aa05b715f52,Fashion,Oceania,4,247.77,0.0,Cash,5.0,4.7,991.08
99471,2023-10-23,3d13f8db-ce57-452b-a971-ab7e723beefd,Fashion,South America,2,259.6,0.0,BankTransfer,4.0,4.2,519.2
74436,2024-04-01,0664a4a8-a539-45ec-a4f0-881df43b3e69,Sports,South America,4,215.34,0.0,PayPal,3.0,3.6,861.36
98584,2025-07-15,e70de55b-590d-4f58-b0c6-5aebc30cf778,Electronics,Oceania,3,378.19,0.0,Cash,7.0,3.3,1134.57
43066,2025-04-06,07fb54db-e5ca-45ab-b1d9-4a04f780af43,Fashion,South America,3,423.3,0.1,Cash,8.0,4.4,1142.91
62941,2025-06-28,aab6ad8e-cf56-4b52-b353-b0d9499c0dc9,Beauty,Europe,5,103.27,0.0,Cash,2.0,4.3,516.35
78317,2025-02-09,03063be3-d08e-45d4-853f-b4929361d3a0,Electronics,South America,2,258.4,0.1,Cash,9.0,3.1,465.12
1060,2023-07-26,0406ff44-7ce4-4679-a8c6-dbc07bb3447b,Sports,Oceania,1,78.94,0.05,BankTransfer,5.0,4.6,74.99
74337,2024-02-15,2cbff242-c36c-4830-8525-43351c7cb33b,Automotive,Europe,3,247.7,0.0,PayPal,9.0,3.5,743.1
54357,2024-10-06,360975ed-c902-42d5-955b-41ddbc7b31b9,Electronics,South America,1,382.13,0.0,CreditCard,2.0,4.5,382.13
33334,2024-09-20,5d9c820b-beec-4846-928b-08b79925e4cb,Fashion,South America,1,187.59,0.0,BankTransfer,1.0,4.0,187.59
11001,2025-07-30,37d02fb3-e13e-42b5-a617-9f06a87fce58,Electronics,North America,4,483.3,0.1,CreditCard,6.0,3.7,1739.88
54691,2023-05-27,0d6f79f8-5871-478c-ace9-aeeb25fb9e58,Home,North America,4,116.36,0.0,PayPal,6.0,4.9,465.44
6235,2023-04-06,8bab4c1b-904a-4134-8902-8dd7a0d763f0,Fashion,Asia,2,418.97,0.0,BankTransfer,8.0,2.3,837.94
87608,2025-06-01,94734218-3c65-4ef2-88ab-3f601a03886e,Home,Asia,4,233.78,0.05,Cash,2.0,4.4,888.36
73206,2025-12-14,9bf595da-0608-4722-8fb8-d9a8f9a8fdd9,Toys,North America,2,255.66,0.0,Cash,3.0,4.6,511.32
86321,2023-04-07,c7c30bc0-b8ac-4aa2-8de4-58486d47f399,Sports,Africa,2,396.35,0.05,Cash,6.0,2.2,753.06
10773,2025-05-01,d4958480-6e00-4063-ad0a-d4fad783f6b5,Fashion,Africa,3,239.9,0.15,PayPal,1.0,2.2,611.74
19403,2025-03-15,97f3a5de-b145-46b0-98b2-a4ac4519b98c,Beauty,North America,4,51.49,0.0,BankTransfer,8.0,3.4,205.96
47968,2025-09-11,bf5ab6b5-22d9-4a06-80cd-efb45c85080f,Electronics,South America,1,440.97,0.0,PayPal,9.0,3.2,440.97
88544,2023-02-20,9c7f5317-b10b-4962-b01f-ba0670e6f9d7,Beauty,Asia,3,276.92,0.1,BankTransfer,5.0,2.4,747.68
1802,2023-11-28,afc5c20e-4a63-4af5-b6e1-e7ac9fc97264,Beauty,Asia,6,117.171,0.1,Cash,2.0,4.8,632.72
4546,2025-01-29,1bbcb748-bb55-4fa3-ae26-651915f87768,Electronics,Asia,4,268.06,0.0,BankTransfer,2.0,4.7,1072.24
90033,2023-03-11,7a2a4090-23cd-4d80-8b87-d8e644915e4d,Sports,South America,5,443.69,0.0,PayPal,9.0,4.8,2218.45
84027,2025-02-13,ea5a52e4-9830-48e4-97d6-dbfe7572c337,Beauty,Africa,5,383.62,0.0,BankTransfer,5.0,2.8,1918.1
33076,2023-09-26,113c55b3-d10e-4106-b556-6a1cbea354be,Fashion,Oceania,2,217.66,0.0,CreditCard,7.0,4.9,435.32
187,2025-09-27,3270e4fa-abae-4f43-bcae-8081bdf070aa,Beauty,South America,5,5.12,0.05,PayPal,3.0,2.2,24.32
82282,2023-12-16,1d534cdf-c552-4e16-a7ff-111960a7d89f,Fashion,Asia,3,496.01,0.1,BankTransfer,6.0,2.8,1339.23
55789,2024-08-16,4ecb2163-6ca3-42ce-be08-f4f85dea9733,Electronics,North America,5,425.81,0.0,PayPal,4.0,2.8,2129.05
73694,2025-11-09,fb37f89d-a68d-429d-866b-ba305269bc84,Toys,Africa,2,279.513,0.2,PayPal,9.0,3.7,447.22
21178,2023-07-05,8a845c6c-c1c7-4811-8db0-762ef416cb92,Automotive,Asia,4,137.31,0.1,Cash,2.0,3.9,494.32
92944,2025-09-03,996ce209-12f7-47b0-be1a-cc1c6c253fd3,Home,North America,4,86.73,0.0,CreditCard,9.0,2.8,346.92
90890,2023-05-26,82b1d4de-8fca-430b-95ab-d1ec28450e08,Home,Africa,5,497.3,0.0,BankTransfer,2.0,3.5,2486.5
79844,2024-10-14,131ede18-8083-491c-ab1a-426fd18f4889,Automotive,Asia,5,153.67,0.0,CreditCard,5.0,3.7,768.35
87585,2025-06-19,3df88c63-7f61-4b5f-8831-3bfd8fffbc53,Electronics,Africa,5,274.2,0.0,PayPal,5.0,2.4,1371.0
94481,2025-12-01,16d242df-77b6-4644-bb77-410b9c7460e4,Automotive,Europe,4,126.09,0.0,PayPal,9.0,4.0,504.36
65542,2024-03-20,e9139562-34b8-4dc0-a00c-a70ed3739793,Sports,Europe,2,29.7,0.05,Cash,9.0,2.7,56.43
88385,2023-03-08,87b740c5-3ae6-4c8f-9cb9-d522a027c366,Home,Oceania,5,182.96,0.0,CreditCard,3.0,3.3,914.8
82214,2025-01-20,9b506ff7-9f29-4f81-9f35-3ab78e118493,Fashion,Africa,5,120.09,0.15,CreditCard,3.0,4.2,510.38
46080,2023-09-01,558b30fc-9047-4506-a732-b67c561dc2b6,Toys,Africa,2,103.73,0.0,CreditCard,5.0,2.1,207.46
77677,2023-10-04,631ef4d2-f13d-4812-8a12-43c1d5df8990,Automotive,Africa,2,377.9,0.05,Cash,2.0,4.8,718.01
70552,2023-05-20,984b8e95-59fb-407a-a967-8a7605d48307,Fashion,Europe,1,333.3,0.0,PayPal,7.0,2.1,333.3
64672,2025-01-09,4a090af7-30ae-4074-a506-213e347b6810,Beauty,Oceania,4,326.68,0.0,PayPal,4.0,2.5,1306.72
36719,2024-09-16,76f658e4-93cc-4d9e-b0cf-9f7ed5d7223c,Automotive,Europe,1,257.82,0.0,Cash,7.0,4.1,257.82
38110,2023-09-29,7d356436-de32-4e32-9cf9-9c462e8ca926,Automotive,Europe,3,400.25,0.0,PayPal,9.0,2.1,1200.75
8170,2023-08-13,296da4cd-431b-411f-af90-d9afca07906e,Home,Europe,3,68.41,0.1,CreditCard,2.0,3.7,184.71
95671,2023-03-12,17560b27-cd4a-4ef6-bf2a-44900ff82a68,Sports,North America,2,466.07,0.0,CreditCard,3.0,4.3,932.14
65720,2023-11-05,c02f5543-219e-4915-a5c6-543e2162c519,Electronics,Europe,2,129.285,0.0,PayPal,2.0,2.2,258.57
78675,2023-12-25,c3f6a393-bcc9-48a7-b894-80737e488ba7,Home,Africa,5,479.93,0.1,Cash,1.0,2.1,2159.68
31004,2024-11-19,981fe99e-f818-415e-bb5b-438417a5a428,Home,Europe,3,439.371,0.1,BankTransfer,2.0,3.7,1186.3
33685,2023-07-23,a2c153ff-274a-4922-87a7-9ead62b7ec1b,Toys,South America,4,133.59,0.1,CreditCard,4.0,3.5,480.92
11752,2024-12-24,1ef15fc1-1daf-431b-8173-7ba6f33b7c4e,Fashion,Asia,1,493.32,0.0,BankTransfer,9.0,2.6,493.32
81631,2025-08-24,72a124ce-75ee-4ca8-b65d-17c2d26a8b3c,Fashion,North America,2,303.64,0.2,Cash,3.0,2.2,485.82
96478,2023-06-23,79ff37f5-ddf5-4bac-9c55-748945fa49d5,Automotive,Europe,4,345.8,0.0,PayPal,9.0,4.8,1383.2
85485,2025-08-16,4ee9b1a0-999d-4209-87c3-0e920b3dde04,Automotive,Oceania,4,432.6,0.05,BankTransfer,1.0,2.7,1643.88
69576,2024-10-18,d03825ad-b84e-4b3d-adc7-8f160b217608,Sports,Europe,3,403.72,0.05,BankTransfer,7.0,3.7,1150.6
21935,2024-07-17,4efaa16b-ea35-4283-8d82-721d75361064,Fashion,Oceania,1,226.21,0.0,BankTransfer,5.0,2.6,226.21
44324,2024-03-07,2ef2cafe-5d2e-4783-aa66-8d081134334b,Electronics,Asia,5,313.65,0.0,CreditCard,1.0,4.4,1568.25
90602,2025-07-07,bd934eab-cf53-4f3f-bfc3-11bc3906f2a9,Sports,Africa,5,191.88,0.05,BankTransfer,3.0,2.5,911.43
30492,2024-01-15,758919a8-8d0e-42c8-917d-d36f78d340bd,Sports,Asia,2,252.94,0.05,CreditCard,3.0,3.0,480.59
82193,2025-12-11,ef746279-abfb-40e4-81e6-c7910c45af70,Electronics,North America,5,343.38,0.0,CreditCard,7.0,2.5,1716.9
30821,2025-05-12,21d73c7c-1f5d-4fee-9b05-100d00dafbb8,Sports,Africa,5,28.58,0.0,Cash,6.0,3.3,142.9
98518,2025-08-02,f3b22dae-5aba-4e9f-867a-e42f464f05df,Sports,Oceania,1,104.91,0.05,PayPal,9.0,4.4,99.66
95696,2025-06-17,034b6934-978c-4b44-bde3-2e62b95532ba,Home,Asia,5,8.45,0.0,Cash,6.0,4.5,42.25
74253,2023-03-23,59699bd7-0adb-47da-b0a7-f7716be8f85f,Home,Africa,3,393.94,0.0,PayPal,4.0,4.5,
70238,2023-02-09,9d093ec5-351c-4a8c-83c6-50bf48db4569,Electronics,Europe,3,481.75,0.0,BankTransfer,2.0,2.8,1445.25
22610,2025-03-26,dd769216-9e55-497e-a471-262f18a96290,Beauty,South America,2,263.59,0.05,CreditCard,4.0,4.9,500.82
10551,2025-03-02,5824e832-005f-4552-8246-30295aa0e815,Toys,Oceania,5,220.69,0.0,BankTransfer,7.0,3.0,1103.45
7336,2024-04-16,db2d0fff-f047-44e9-b3fe-b7dea2e0f358,Electronics,North America,5,24.21,0.0,PayPal,3.0,2.1,121.05
