order_id,order_date,customer_id,product_category,region,quantity,unit_price,discount,payment_method,delivery_days,customer_rating,revenue
38349,2024-08-29,5d8720de-2f63-46e7-a7a9-ba993a6664d1,Automotive,North America,1,251.96,0.05,CreditCard,1.0,3.3,239.36
17371,2025-09-30,816d6a1a-545b-4bc0-952b-4799b849acf1,Beauty,Oceania,2,109.26,0.1,Cash,2.0,3.4,196.67
66285,2023-10-30,8734beb2-4489-4845-b83b-f59c93105e39,Fashion,Europe,4,22.18,0.0,PayPal,2.0,4.9,88.72
86967,2023-09-07,ace86d3e-b3c4-4faf-8436-4a94f3d3030f,Electronics,South America,2,126.88,0.0,PayPal,9.0,3.5,253.76
52858,2025-08-16,37f0a0c2-1955-4818-9d24-c5df92f50f76,Fashion,Africa,3,262.59,0.15,BankTransfer,3.0,3.8,669.6
59923,2024-01-27,b77909d9-b4fe-42a3-98be-e7af3cadbcb2,Sports,Asia,1,250.87,0.05,PayPal,5.0,4.6,238.33
78044,2025-08-17,36088cd0-7815-423c-a34d-c342539c1573,Home,North America,2,370.82,0.1,PayPal,2.0,3.2,667.48
56580,2025-03-01,45a9ef25-3fe4-4fdf-9859-1cac1b5eb485,Fashion,Oceania,2,93.83,0.1,PayPal,4.0,4.2,168.89
72859,2025-12-12,42792f10-f378-4b96-91c6-a31365513219,Toys,South America,2,292.28,0.0,CreditCard,3.0,4.9,584.56
54569,2023-08-20,de55aafd-4a61-4c0b-b0a6-0c6bc565b841,Beauty,South America,4,322.67,0.1,PayPal,6.0,3.5,1161.61
12163,2024-12-22,6d8363da-7419-4b05-afa1-ea72999c35a0,Beauty,Africa,5,215.86,0.05,CreditCard,7.0,2.7,1025.34
70757,2023-03-09,dbf6145e-a86b-4a66-8d8f-309c8de73ae8,Fashion,South America,3,163.19,0.0,CreditCard,8.0,5.0,489.57
46129,2025-02-13,c2cb0dc5-3ec9-4e84-8dd6-cc77067b7dc9,Home,Asia,2,395.13,0.0,Cash,8.0,4.6,790.26
47721,2025-09-12,12898417-6a92-40fe-afab-246060cf791b,Fashion,Asia,4,349.81,0.1,PayPal,8.0,2.1,1259.32
9188,2024-08-24,8b41bcd9-3182-4fde-962f-62e88a0bb8e4,Toys,Asia,2,276.91,0.0,PayPal,6.0,4.2,553.82
80458,2024-08-17,c35654d8-e175-4717-8d8f-5d33626a3ca6,Beauty,Europe,1,60.08,0.0,BankTransfer,2.0,4.9,60.08
35742,2025-04-11,813f5d12-ae59-4144-962a-c83a376138ca,Home,Asia,4,6.95,0.1,Cash,4.0,2.2,25.02
98073,2023-06-05,44e2826b-6ee6-4184-927f-e33cc51a9744,Fashion,Africa,2,120.12,0.0,PayPal,1.0,4.6,240.24
60901,2024-05-03,5f2dc50c-ece4-46a6-8238-6c4495a2392d,Toys,Oceania,2,355.37,0.05,BankTransfer,3.0,2.9,675.2
90076,2024-05-26,accd128f-e6fb-4164-b2c1-d685a6437eee,Sports,Europe,3,490.17,0.0,Cash,7.0,4.8,1470.51
43892,2025-05-25,6db27777-5cf2-48a3-a0ee-4f3f7ea19fde,Electronics,Europe,4,83.28,0.0,PayPal,6.0,2.8,333.12
71683,2024-08-22,6a1a3778-d9fb-4d35-8a50-cf43cc58d6e7,Beauty,Europe,5,393.53,0.0,CreditCard,9.0,2.8,1967.65
97560,2025-06-01,d0703539-f85f-429e-9623-8684f6e16ffb,Sports,North America,3,242.53,0.1,CreditCard,8.0,2.8,654.83
39525,2023-06-11,452867e8-b6ca-4c64-8bb5-157230bc98b0,Fashion,Africa,2,209.07,0.0,BankTransfer,6.0,4.4,418.14
88944,2023-12-18,e08b02a5-35ac-4b95-a3eb-7abd39acc433,Automotive,Oceania,1,266.27,0.2,Cash,5.0,3.9,213.02
74053,2025-11-21,37c1e3b4-66e6-4521-93be-ae79820a816f,Fashion,Asia,3,32.80500000000001,0.05,PayPal,2.0,4.5,93.49
19243,2025-10-02,5e57d7f4-5c27-46b7-95e6-b91db27c7e0f,Automotive,Africa,4,469.49,0.1,BankTransfer,2.0,2.3,1690.16
42455,2024-10-22,9ee9aedc-741f-4e1d-8b5c-cc26488ae444,Fashion,North America,5,356.59,0.2,Cash,4.0,2.7,1426.36
30953,2025-10-24,0a9e10d3-626b-4a8a-bc81-8c96a916f073,Toys,Oceania,5,243.0,0.05,PayPal,5.0,3.2,1154.25
99912,2023-07-14,f2b973d1-1fad-4075-b768-7f27ff8b3b0a,Fashion,North America,2,195.59,0.0,PayPal,4.0,3.1,391.18
21593,2023-02-11,823e8c38-0f27-468f-9877-00c0920495bd,Electronics,Asia,5,131.87,0.0,BankTransfer,7.0,3.3,659.35
43660,2023-07-24,84b23ebc-a253-4d3d-9770-d58ebb32cbde,Automotive,Asia,3,112.33,0.05,BankTransfer,3.0,3.2,320.14
91066,2025-03-29,2800bf99-c0e9-4651-a060-f9156ed8d6a1,Sports,North America,3,172.81,0.15,Cash,4.0,2.9,440.67
17556,2025-02-24,5b868adc-0893-4949-8512-aa6e70172842,Sports,Asia,1,66.71,0.0,BankTransfer,6.0,3.1,66.71
5670,2025-02-20,b68c55b2-79ac-446d-8e03-87ada246ea52,Toys,Asia,3,10.08,0.15,CreditCard,8.0,4.1,25.7
41551,2024-05-06,00db24d5-323d-44e5-b7bc-3c29326e9448,Home,Africa,2,160.27,0.05,Cash,5.0,4.6,304.51
72170,2025-11-25,fca264f8-6977-464d-b58f-8c3207308432,Fashion,Europe,5,16.533,0.05,Cash,6.0,2.2,78.53
5439,2023-09-25,5d15c129-9425-4e90-9aeb-50557d692580,Automotive,North America,3,128.01,0.1,Cash,9.0,3.3,345.63
88703,2024-09-25,2c485eaa-bdf4-4a6e-967c-b4617721025f,Home,North America,3,317.64,0.15,CreditCard,6.0,3.2,809.98
7202,2024-11-12,7b2413e8-005f-4765-975f-310891653dbc,Home,Europe,3,78.885,0.0,PayPal,8.0,3.8,236.66
69509,2024-04-06,b4305a2e-86e9-45b3-b4e4-b04bfd68d348,Electronics,Asia,1,376.5,0.0,BankTransfer,6.0,4.4,376.5
32999,2023-08-02,e6b79290-9f0c-44dd-ad2c-b04de1956123,Electronics,Asia,4,438.49,0.0,PayPal,7.0,4.1,1753.96
64905,2025-03-05,f958f9a6-4736-4cc5-ad5a-b0063a1dda1b,Toys,Africa,3,436.11,0.05,Cash,7.0,3.7,1242.91
37248,2025-03-15,1f48ab24-98aa-4217-857e-7b014ea0705d,Toys,Asia,3,435.77,0.2,PayPal,9.0,4.2,1045.85
12111,2023-06-17,08c252d6-9ce8-4e82-8e11-4e0d7e8eda3e,Beauty,Africa,3,373.19,0.0,CreditCard,2.0,3.1,1119.57
50138,2025-08-29,113181a4-317c-4d23-adaf-d75193997a44,Home,Asia,2,457.02,0.0,CreditCard,3.0,3.9,914.04
7539,2024-09-14,dabd385c-d2c5-49ab-b830-aa05d2d4dd05,Home,Oceania,4,187.35,0.2,BankTransfer,5.0,3.6,599.52
1481,2023-08-16,0075d3d5-ba94-4a66-ad7e-4a452099e71f,Home,Oceania,3,454.4,0.1,BankTransfer,8.0,2.4,1226.88
90716,2023-09-16,90048aed-fb7a-4e18-b86c-2cb22bf5d71d,Home,Asia,4,275.06,0.0,PayPal,3.0,4.5,1100.24
64305,2023-05-16,539777af-af29-4773-b81c-1b34c4ec5be0,Electronics,Asia,4,208.37,0.05,BankTransfer,6.0,3.4,791.81
60298,2025-01-15,811198f4-1c67-4756-9063-b069d8db3fd3,Automotive,Africa,4,48.97,0.1,PayPal,2.0,4.7,176.29
89434,2024-12-25,34b9e468-9f7b-43b6-a14d-cf973c3b41fc,Home,South America,3,271.48,0.0,BankTransfer,6.0,4.8,814.44
50805,2023-09-30,8a82563b-5b7e-4101-8d7f-d65419ec5de7,Toys,South America,5,8.1,0.2,CreditCard,2.0,4.3,32.4
83040,2023-10-15,42e06d07-12ec-4ddb-a566-6bbd7695ca97,Toys,Oceania,2,213.47,0.2,Cash,4.0,2.4,341.55
50399,2023-06-02,786d5d33-a85d-4a4d-b5a4-38ce81ba72c7,Beauty,North America,1,196.17,0.05,BankTransfer,4.0,4.3,186.36
49499,2025-12-03,5e8347df-d5ac-492c-b1f6-99bae79d3568,Beauty,Asia,2,130.32,0.0,PayPal,3.0,2.2,260.64
18146,2024-08-17,15be2848-cad7-4d24-8491-670d64ef936d,Toys,Asia,5,373.16,0.15,CreditCard,5.0,3.7,1585.93
36615,2023-06-18,41eb16b2-77bc-47d9-b1e1-1de07df36140,Home,South America,3,159.32,0.0,Cash,2.0,3.7,477.96
20500,2023-10-16,3d8548cf-bfd5-440a-ad81-adbb3cdcbffb,Sports,Asia,5,350.92,0.0,Cash,3.0,3.8,1754.6
81436,2023-03-27,c276445b-6d18-4dc3-8adf-d1de5f27c920,Beauty,Africa,5,183.11,0.2,Cash,9.0,2.6,732.44
19125,2024-07-19,5c8f6375-a2c6-4f57-b52e-ffa6ed323242,Automotive,Asia,2,131.31,0.0,PayPal,2.0,4.4,262.62
37295,2025-10-21,988a6a49-5d10-4b3e-b85c-a2e85271bd38,Beauty,Africa,3,19.15,0.0,CreditCard,8.0,3.7,57.45
4288,2024-09-23,a1001bc8-9758-425f-9ad8-e2dafe17ddb3,Electronics,North America,4,77.54,0.0,Cash,8.0,4.5,310.16
47668,2025-11-27,70a8f0df-25b5-4d9a-b446-37fe20b5cbba,Home,Africa,5,405.144,0.2,CreditCard,6.0,3.7,1620.58
5429,2023-12-30,4ecad266-3f29-4615-b178-0077b96a33aa,Electronics,Europe,5,442.04,0.15,PayPal,5.0,2.1,1878.67
57356,2023-03-29,ada40ac0-a4b1-44e4-bb75-cf7fb09fb603,Fashion,Europe,4,213.91,0.05,PayPal,6.0,2.6,812.86
43510,2023-08-12,62a37e90-b97c-42da-bba2-7ffdce2b2822,Fashion,Oceania,3,388.79,0.15,CreditCard,9.0,3.2,991.41
27272,2024-12-17,ceaade53-2032-419e-825e-f87bea1403f5,Home,North America,2,429.71,0.0,BankTransfer,6.0,4.3,859.42
63121,2025-01-30,e5057071-932f-4d84-9318-85081ad7587c,Automotive,Africa,1,16.35,0.0,Cash,9.0,2.8,16.35
93065,2024-02-20,1bb81c66-f929-48fc-8285-f46773ea068f,Fashion,North America,4,350.81,0.0,CreditCard,4.0,5.0,1403.24
88119,2023-03-17,29999564-3f01-4f17-b98e-411128c9006b,Home,Africa,3,331.17,0.0,CreditCard,2.0,4.4,993.51
40554,2024-06-16,cb868e49-d04b-4f1b-98df-90df4833f982,Sports,North America,3,95.94,0.1,CreditCard,7.0,3.5,259.04
42746,2023-08-03,967a4c05-4f67-444d-859a-207286faa687,Automotive,Africa,3,291.14,0.0,Cash,1.0,,873.42
73422,2025-05-03,6c581685-ed92-48e2-a3a8-fe3ffb39f103,Home,Oceania,3,422.45,0.15,PayPal,3.0,3.5,1077.25
68271,2024-02-11,a55bb796-91bc-45f4-b2f7-ac20a4f305f0,Automotive,Europe,5,485.88,0.0,PayPal,3.0,2.0,2429.4
29660,2024-11-24,f3d5a5a8-85f4-4bbc-a714-710970f1c61b,Beauty,Oceania,2,430.857,0.15,BankTransfer,9.0,2.7,732.46
47988,2023-02-19,68dab362-6ca2-4fb9-a92c-6ba9939fa6ec,Home,North America,5,410.14,0.15,Cash,5.0,3.5,1743.09
98475,2023-02-02,f2fc1aa4-480b-4c56-9881-19cbba9e7071,Electronics,Asia,1,304.59,0.05,CreditCard,1.0,3.9,289.36
89984,2025-11-28,eaac53de-c51f-4535-b5b6-20c328cb9da1,Beauty,Asia,3,343.485,0.05,Cash,3.0,3.4,978.93
34861,2025-07-13,9813613f-f772-40bc-bb43-b082fab4f6a7,Toys,,2,406.45,0.0,CreditCard,4.0,3.7,812.9
45450,2024-05-27,56e5a4d9-4533-4452-9660-f31f5187938d,Electronics,South America,5,111.94,0.15,BankTransfer,3.0,4.7,475.74
45466,2025-07-03,4955cff9-eb4a-4fdc-a863-fb5c1ab90da4,Automotive,Africa,5,186.18,0.1,Cash,3.0,2.1,837.81
26566,2025-10-08,5b444ff0-f9bd-47ea-bbee-00d897e7253f,Toys,North America,3,255.72,0.0,Cash,8.0,3.1,767.16
63444,2023-08-27,62852c8e-3366-4642-ba6c-f7953192eed3,Electronics,Oceania,3,250.22,0.0,PayPal,4.0,3.4,750.66
67091,2023-04-01,a1f4a29a-a078-4cf5-9738-e5abf6100bdd,Electronics,Asia,1,315.07,0.0,PayPal,4.0,4.5,315.07
59727,2024-04-12,742ccfe1-88ba-403d-bff3-94a3b508b618,Toys,South America,4,229.97,0.0,CreditCard,3.0,4.9,919.88
98190,2024-12-07,6a7cdc07-cc48-4601-b829-f3681e432da9,Electronics,Oceania,1,363.58,0.05,BankTransfer,3.0,2.0,345.4
65091,2025-06-09,f32d5478-afd9-4ca8-86da-9c40a67015ac,Beauty,Africa,4,364.61,0.1,BankTransfer,8.0,2.9,1312.6
56756,2023-02-13,8d986b16-2395-475f-8d49-59ebf7b1b2f6,Automotive,South America,3,265.52,0.0,Cash,9.0,3.0,796.56
574,2023-08-08,98a21f1c-914d-4fae-b100-13a7c6deb2f0,Home,Africa,2,272.75,0.0,BankTransfer,1.0,2.6,545.5
30470,2023-11-11,9b9b4213-1fe3-46e7-a4ca-27449ea1c75f,Automotive,Asia,5,272.16900000000004,0.05,BankTransfer,3.0,4.8,1292.8
77007,2023-07-09,dcd0b43d-eb93-4edf-b3a4-914640770635,Sports,Asia,3,406.77,0.1,BankTransfer,7.0,2.3,1098.28
7116,2025-09-02,e9b89caf-8a93-4d39-813d-3c538cda74ec,Home,North America,1,393.02,0.0,Cash,2.0,4.3,393.02
85575,2025-11-08,b78fdb25-cf2a-4b23-afbc-dc1376a5ccd9,Sports,Oceania,4,424.368,0.1,CreditCard,3.0,3.1,1527.72
49036,2025-11-20,290fc9ca-7f92-4725-a211-ed9f9892f7fa,Electronics,Europe,2,418.77,0.0,BankTransfer,,2.2,837.54
54120,2023-01-22,862e9909-f221-4a7f-8532-3499d7c5216b,Beauty,Oceania,5,9.06,0.1,Cash,4.0,4.4,40.77
7727,2025-04-20,c50ef346-f34c-4c78-8892-111c1bee4909,Toys,Asia,3,269.5,0.2,PayPal,6.0,4.0,646.8
9843,2025-10-22,ffdf6588-0ffe-4184-a9c4-91dd33dfeff6,Fashion,North America,2,177.05,0.0,Cash,9.0,3.3,354.1
45068,2023-08-25,98449ce1-f5fb-40de-99c9-bdb5ed9ec41f,Home,Asia,5,246.46,0.05,PayPal,8.0,3.2,1170.68
54638,2024-01-11,ebd0d97e-0f08-4fbf-af19-18b51e8719a0,Automotive,Europe,5,200.67,0.05,Cash,5.0,5.0,953.18
72156,2024-02-07,fa6b2b3b-57ab-4b9c-8012-d01344c21fbf,Beauty,Europe,3,322.29,0.0,CreditCard,6.0,3.5,966.87
74647,2023-04-17,e3937842-2471-4b34-8b68-dc4454312373,Fashion,North America,5,46.15,0.0,BankTransfer,1.0,4.7,230.75
60867,2025-05-06,3fb9aead-9cc3-4afa-8794-244b130d87e1,Sports,Europe,4,247.34,0.05,PayPal,8.0,4.5,939.89
42062,2024-10-02,438a229e-3ec5-4f5d-95da-25e2c0793a18,Toys,North America,5,152.9,0.0,CreditCard,9.0,4.8,764.5
61774,2025-08-25,347fc9f0-b5d9-48cd-a5f0-0ebc7fab189e,,Africa,2,174.82,0.15,Cash,5.0,3.4,297.19
42505,2023-07-16,adfb18dd-a3e9-4f17-a5e2-b89ddb61f26d,Beauty,South America,4,189.95,0.0,,7.0,3.4,759.8
3254,2023-05-30,340155bd-b6ac-4c8e-b977-c7b41e56d346,Beauty,North America,4,357.75,0.1,PayPal,8.0,2.8,1287.9
2448,2023-12-10,74246baa-2dca-4c82-8660-a3e9736d417c,Electronics,Oceania,5,203.95,0.0,PayPal,8.0,2.8,1019.75
63952,2025-07-22,c7560755-74c8-4097-9d4c-069c7bd9412d,Toys,Asia,1,485.2,0.0,BankTransfer,8.0,4.8,485.2
1054,2025-12-31,01a25ed1-c3ab-45f1-8c6b-7074ab102c9b,Beauty,Asia,2,346.14,0.15,CreditCard,7.0,4.4,588.44
25988,2025-09-02,f875bcd0-ae30-42c5-b411-a25794fbb49c,Automotive,South America,2,429.43,0.0,Cash,4.0,3.3,858.86
93381,2024-08-17,fc3ae8c4-6efa-4e7d-b286-2eb111dd5af3,Automotive,South America,2,344.93,0.05,BankTransfer,2.0,2.1,655.37
29984,2025-12-29,fd32c920-b89a-45d4-bf5d-3e07036dda75,Fashion,Europe,4,202.06,0.05,CreditCard,4.0,4.1,767.83
35457,2025-10-29,002e1d10-db37-443a-bf11-910141236498,Sports,North America,4,8.86,0.0,Cash,8.0,4.0,35.44
59434,2025-08-30,359e2500-4d6c-4b33-82d5-4b3f9594e474,Automotive,Africa,3,200.8,0.15,PayPal,6.0,2.8,512.04
98296,2024-03-28,f0df1708-65cc-4686-a7d5-0d916ef8051f,Home,Oceania,5,416.41,0.05,PayPal,3.0,5.0,1977.95
17849,2024-01-06,e5d9040d-1aa4-4f19-8e1c-230c295b260d,Automotive,Africa,3,186.43,0.1,PayPal,9.0,2.1,503.36
8181,2024-06-30,217c82b1-c884-4ac6-a19a-4805e03a0ab6,Fashion,Asia,5,440.45,0.0,CreditCard,4.0,3.9,2202.25
56632,2024-06-09,7d75ef1a-c60e-4839-992c-2069e605278d,Electronics,Oceania,4,491.41,0.1,CreditCard,5.0,3.5,1769.08
60167,2023-07-30,5739a341-a47c-4b6d-9dde-e373cb5a97df,Toys,Asia,4,469.57,0.05,CreditCard,2.0,3.3,1784.37
71420,2025-05-10,8cee9b72-3e97-404c-afd7-071f2147d8e6,Toys,Oceania,4,316.71,0.0,Cash,9.0,4.8,1266.84
81341,2024-11-04,fa777757-915c-41d2-b5a8-3c62e3bb935b,Fashion,Asia,6,268.533,0.0,BankTransfer,7.0,,1611.2
78784,2024-07-21,7c7ab696-65c3-4971-bcb1-805d1bf834f0,Electronics,Asia,1,370.33,0.2,CreditCard,1.0,3.1,296.26
65084,2024-11-09,f11a09e5-1c37-4770-ab5e-6c3d5f8c8e9b,Automotive,South America,2,112.122,0.05,BankTransfer,1.0,4.0,213.03
42305,2023-09-08,50abdfdb-23dc-480d-bfc5-e0540df96346,Beauty,North America,2,96.75,0.1,BankTransfer,1.0,4.5,174.15
64313,2023-05-05,b986671b-786b-4ef9-96c4-ad8380e0608b,Home,Asia,1,362.48,0.1,CreditCard,8.0,4.1,326.23
97891,2025-12-18,57521ae0-9192-45bc-9e03-9a06ea953432,Automotive,Africa,3,313.47,0.05,BankTransfer,4.0,3.2,893.39
15467,2023-02-01,d50653a9-8c23-49b5-88c1-e321fbb7c395,Toys,Oceania,1,177.7,0.05,Cash,4.0,3.8,168.81
38224,2025-12-27,c38295b5-8aa8-426e-adcf-956ff26a81f1,Sports,Europe,2,415.64,0.0,PayPal,8.0,4.5,831.28
2765,2024-05-14,092385fe-23d3-4d22-b080-bed6bc3e34af,Sports,North America,3,310.9,0.2,CreditCard,9.0,4.5,746.16
94482,2025-03-04,6be26db9-deb0-428e-970a-018d12d1c5f8,Toys,Europe,4,341.6,0.0,Cash,2.0,4.6,1366.4
82606,2024-04-24,f95df44c-e111-4434-bcf4-ea176f1e587e,Sports,Asia,1,421.12,0.0,PayPal,4.0,4.3,421.12
78558,2023-04-03,ae8107f0-5c43-4149-a615-9111cc53efcd,Fashion,Asia,4,221.02,0.0,CreditCard,8.0,3.3,884.08
71293,2025-08-31,033d66ef-63cb-42ec-99e3-e3edc91ec4ed,Home,Africa,5,216.14,0.0,Cash,2.0,4.2,1080.7
30850,2023-10-18,ba90194d-8d62-46ae-9bb1-0c304ca547ec,Home,North America,5,463.84,0.2,BankTransfer,2.0,3.0,1855.36
95454,2024-06-16,be1992b4-69aa-4d06-849c-ff2c8776bcd2,Home,Africa,1,147.57,0.0,CreditCard,2.0,2.4,147.57
82444,2023-09-16,088d3d85-20a0-4362-959e-482b69b9ac48,Home,South America,5,52.82,0.05,Cash,3.0,3.3,250.9
74956,2024-02-28,dd15ba5a-b3ff-4f24-848c-4960af3b3b95,Automotive,South America,2,218.41,0.0,Cash,5.0,3.9,436.82
35942,2025-09-17,12eb2b26-9555-404f-a966-af113521fe14,Electronics,Africa,2,160.12,0.05,BankTransfer,6.0,2.4,304.23
92097,2024-12-22,ca25e736-5599-4673-ae3e-18742f41130f,Home,North America,5,51.62,0.15,Cash,2.0,2.8,
16541,2023-06-16,93a4982f-3b0d-46e7-967b-b24d96cf072d,Toys,Africa,3,119.41,0.0,BankTransfer,6.0,2.8,358.23
11667,2023-01-06,ea7dbecd-e06f-40d4-af53-5f89e401ce0f,Sports,North America,3,372.97,0.0,Cash,9.0,4.7,1118.91
5220,2023-09-10,7f297630-bbca-4210-afe6-1a89d059b594,Beauty,Africa,2,221.98,0.0,PayPal,6.0,2.3,443.96
92131,2024-08-26,a32a4a61-7731-4b59-92ab-8b5dbabfc1a9,Beauty,South America,2,379.71,0.15,CreditCard,3.0,2.8,645.51
80825,2023-07-14,b34ce304-26d3-4deb-9e02-4096684727e8,Fashion,Oceania,3,284.13,0.15,Cash,9.0,4.2,724.53
51478,2024-12-06,790b7752-edcd-4824-bcf5-600c1253607c,Fashion,Oceania,4,483.62,0.0,BankTransfer,1.0,4.9,1934.48
49964,2023-10-25,4a557f34-3ff5-4ce2-99a2-ed2dc156c299,Home,Africa,2,74.86,0.2,CreditCard,5.0,2.3,119.78
24238,2023-01-17,ee608e1f-7f64-40ae-b846-e85d6627cd56,Automotive,South America,3,457.77,0.0,PayPal,5.0,4.9,1373.31
91158,2024-02-26,9aa64754-c2ea-44b2-a716-b3d06536010d,Beauty,Asia,5,446.02,0.15,CreditCard,8.0,4.5,1895.58
8933,2025-07-18,59432772-64ba-42bf-9c99-f2bc55dcb8a8,Automotive,Oceania,3,275.56,0.05,PayPal,5.0,2.1,785.35
4901,2024-11-27,279f5df0-da2d-4df9-a3c1-4a53acf96a12,Electronics,Asia,5,51.93000000000001,0.0,Cash,9.0,4.4,259.65
49020,2024-09-05,06af9d77-608f-4c52-b787-3d6e80b1405e,Automotive,Oceania,2,222.97,0.0,Cash,6.0,4.9,445.94
32609,2025-06-27,d08fa2c6-9326-404e-8ad9-4050305770d0,Fashion,Africa,3,270.77,0.05,CreditCard,5.0,2.2,
93353,2024-05-14,56af5b69-b6bf-45ba-8b2b-5e429bb7f262,Beauty,Oceania,5,217.76,0.0,Cash,6.0,2.2,1088.8
11651,2025-10-22,06edd6bb-26cb-450a-9350-1f5bcb34dc5e,Toys,Oceania,3,82.75,0.0,BankTransfer,7.0,4.0,248.25
20173,2025-02-27,89da9d78-5a20-4e04-9e00-2e3b0f7c1a7b,Toys,North America,1,116.57,0.05,BankTransfer,7.0,3.9,110.74
68340,2023-11-04,9f897745-e744-4329-a26e-7681e3a8e2d9,Sports,Asia,2,371.232,0.1,BankTransfer,5.0,3.5,668.22
39252,2024-04-12,20a3c308-ae42-46c8-989f-55e667964fdf,Toys,Oceania,3,378.05,0.05,BankTransfer,1.0,2.0,1077.44
31099,2023-05-17,f783fd33-18ed-4c57-8a0a-056b18316028,Fashion,Africa,1,407.34,0.15,CreditCard,7.0,3.9,346.24
3183,2024-08-22,d7be7b4f-b967-4dc6-96fd-d1a5f17312f4,Automotive,Africa,3,442.03,0.0,PayPal,8.0,2.3,1326.09
63421,2025-09-01,05d0e0f0-2bf1-46a9-b239-bf724c8e7200,Beauty,Asia,5,,0.15,PayPal,2.0,,44.67
96495,2025-06-30,1f99e0a7-f905-4bd9-ac7b-33827b51b4bc,Toys,Oceania,1,106.67,0.0,Cash,9.0,3.7,106.67
44685,2025-04-21,f3b092b7-3364-4f27-bb9b-04e7d490e1fd,Beauty,South America,5,240.54,0.0,BankTransfer,4.0,3.3,1202.7
21378,2024-12-10,d1636e46-f0da-4089-8b65-249275f5ebd1,Toys,South America,4,442.0,0.0,PayPal,4.0,2.4,1768.0
14903,2025-09-01,184aa35b-9359-4813-9eed-acf05606e905,Beauty,Africa,1,134.53,0.0,BankTransfer,6.0,2.1,134.53
43296,2024-07-04,5f0a0c49-90a6-42d9-9999-d15dc6b8ec98,Fashion,South America,2,274.5,0.0,CreditCard,1.0,4.9,549.0
78213,2025-06-07,345fc257-5530-4b76-b7bb-8679479b6f82,Toys,Oceania,4,494.03,0.1,BankTransfer,4.0,4.6,1778.51
10981,2023-12-13,66dbb507-ea58-4411-81cd-8f3c7d0b57ce,Toys,Africa,1,491.32,0.0,CreditCard,1.0,4.0,491.32
1715,2025-06-02,e3ea2d7f-c219-4845-99eb-404c1851d1cf,Fashion,Africa,1,102.71,0.15,PayPal,7.0,4.2,87.3
40351,2023-12-16,9470bfaf-c328-49e3-8ee9-269348b7cd13,Fashion,South America,1,22.46,0.0,CreditCard,8.0,5.0,22.46
27977,2023-06-17,90dd9b6d-ccbe-459f-8b81-ba955c01243f,Beauty,Oceania,3,454.46,0.1,Cash,1.0,3.1,1227.04
26538,2024-06-29,548dea62-21ec-405a-8bbd-93915133e308,Fashion,North America,2,368.94,0.0,PayPal,9.0,2.2,737.88
61297,2025-10-24,706ac6aa-a73c-485d-a53b-4b8dc1a6ec68,Electronics,Oceania,1,70.88,0.2,CreditCard,1.0,2.0,56.7
9999,2024-10-07,0eca3630-7342-44e1-a957-a9dd5258e6d8,Automotive,Africa,2,278.9,0.15,BankTransfer,6.0,3.0,474.13
45546,2024-12-17,0ce46ae9-fa69-4b6a-be9b-d61a7eccae1a,Automotive,Oceania,4,312.11,0.1,Cash,7.0,4.2,1123.6
92534,2024-06-15,91fe9cd0-4bb8-44ef-86a0-781dfb288b23,Sports,North America,3,93.78,0.0,CreditCard,1.0,4.2,281.34
60193,2024-05-31,3549862b-e4f2-4edb-a3a2-75310496e8bc,Beauty,Africa,4,192.57,0.0,BankTransfer,2.0,3.7,770.28
91553,2023-11-28,3de8de21-11d8-4be1-aeb9-c7a5fb0eb61b,Home,,6,446.103,0.0,PayPal,1.0,4.1,2676.62
73826,2024-01-31,d16e25db-3c3b-4708-bc98-e67ec2092705,Beauty,Europe,1,83.85,0.0,Cash,5.0,4.6,83.85
16668,2023-05-24,ed3fa2a2-8eb2-452f-8f5b-2740520bacdc,Toys,Europe,2,412.18,0.15,PayPal,4.0,3.0,700.71
79229,2024-09-30,0284ff08-c40f-4be6-9ce9-260bd09ef9aa,Toys,Europe,2,205.3,0.05,BankTransfer,1.0,4.6,390.07
97650,2023-03-17,0a8b8d55-7dc0-4b4d-acbc-eb79a3ea218d,Fashion,Oceania,5,219.62,0.05,PayPal,8.0,3.4,1043.2
37144,2024-03-16,ddb2277b-fec4-4348-828f-daa80897bae9,Electronics,Asia,3,494.37,0.05,BankTransfer,4.0,4.5,1408.95
26091,2024-04-16,770ad902-38ff-485f-94dc-432c6df5fad8,Sports,North America,2,317.06,0.1,Cash,,4.8,570.71
13615,2023-10-13,eb125723-edd9-4249-a6f8-f882b907be84,Toys,North America,3,402.72,0.2,Cash,5.0,4.3,966.53
34041,2023-11-10,829cd850-ecb2-4cc9-9a18-fbfd7b7b57c9,Automotive,Africa,4,398.799,0.1,PayPal,9.0,4.2,1435.68
7842,2025-06-09,f2203acf-8eed-4d34-b384-3346945f4281,Automotive,Africa,4,433.19,0.05,CreditCard,9.0,2.3,1646.12
83675,2025-04-07,789ef602-e3fc-4361-843c-208231af057d,Home,South America,2,472.73,0.2,PayPal,6.0,3.4,756.37
55118,2024-08-04,a4deb78e-0ea6-4a8d-a2bc-b8da84feb9db,Fashion,South America,4,197.65,0.0,PayPal,4.0,4.0,790.6
35704,2023-07-01,40504668-c7e7-415c-85f8-79c1c44768e5,Home,North America,4,250.08,0.0,BankTransfer,5.0,3.2,1000.32
56039,2023-03-07,61caebb9-3d83-4b24-89d0-45bc49446d1e,Toys,Europe,3,272.3,0.0,CreditCard,8.0,4.4,816.9
7891,2024-08-17,8776b75f-ecef-43a2-be19-b37aa966544f,Fashion,Oceania,5,352.43,0.1,BankTransfer,6.0,4.6,1585.94
19109,2024-09-05,7a0816df-5878-4bdf-9f13-f5cc08c1b9dc,Automotive,Europe,1,274.51,0.0,BankTransfer,2.0,3.8,274.51
43670,2025-02-02,c5cc8316-83bf-4d11-b7ed-519f4a7cf739,Home,Africa,4,344.03,0.0,Cash,6.0,2.8,1376.12
10367,2025-07-10,94743809-8717-4af0-a52b-d100e20e22b8,Beauty,Africa,5,358.1,0.15,BankTransfer,4.0,2.9,1521.92
30835,2023-03-03,23aa1a48-f1d8-472a-8b84-4ffe1b312cfb,Home,Oceania,4,479.14,0.0,BankTransfer,5.0,4.3,1916.56
61393,2025-01-24,78f3e4e6-60e4-4d0f-a89c-436451f25911,Toys,North America,5,97.54,0.05,PayPal,9.0,2.0,463.32
54369,2023-09-25,5242f3c8-b510-4a9b-83a1-57be1537102c,Beauty,North America,3,301.66,0.05,PayPal,7.0,3.8,859.73
92467,2025-11-21,4ac51aaa-8cb8-4eff-ba06-c22d569e0e6d,Sports,Oceania,6,150.696,0.0,Cash,2.0,4.7,904.18
44300,2025-10-17,1a2ba7c1-4358-407d-9f36-31120b2b6b42,Home,Europe,1,328.7,0.0,Cash,6.0,2.5,328.7
59610,2024-11-20,76f73d0f-72d3-4ba8-922b-9ddc907c0285,Toys,Europe,4,136.84500000000003,0.1,BankTransfer,9.0,3.2,492.64
24379,2024-02-19,ec7dcbe8-51b6-4a00-98ce-caf0a5726ac5,Automotive,Europe,2,225.16,0.0,Cash,9.0,2.4,450.32
35404,2025-12-22,67577a98-d3fe-4480-a0ca-bbc6f0d65ed0,Home,North America,3,294.5,0.1,CreditCard,1.0,4.0,795.15
52979,2024-03-15,88b50c6a-d3bd-4789-b7dc-a808ce9d0044,Electronics,Asia,4,428.62,0.0,BankTransfer,7.0,3.1,1714.48
46121,2025-10-23,51b7a067-1337-4249-8769-9a946215b08b,Home,Europe,3,428.79,0.05,BankTransfer,2.0,3.6,1222.05
21930,2025-12-27,33056f33-356f-4d31-8209-284616432294,Toys,Oceania,4,396.44,0.05,BankTransfer,2.0,4.1,1506.47
75722,2025-12-16,5782ee53-35db-44d5-bfb4-4095312a9fbe,Toys,Oceania,4,316.29,0.0,PayPal,8.0,4.9,1265.16
90923,2023-12-01,8a37fba2-2a97-4cf3-975e-cdc00df22a0f,Electronics,Oceania,2,270.22,0.1,CreditCard,2.0,3.6,486.4
71875,2025-03-16,de13d2ae-7d5f-4e3a-a54b-13636176c1e1,Sports,Africa,4,102.78,0.0,CreditCard,5.0,4.7,411.12
62827,2023-01-08,0ccf46c4-87a5-482d-aa1f-57a2753dd996,Automotive,Europe,4,144.66,0.15,CreditCard,1.0,3.0,491.84
37803,2025-06-17,7f346bb4-8869-408d-a45e-a7e65cdd8430,Automotive,North America,2,169.08,0.0,BankTransfer,7.0,2.7,338.16
79927,2024-09-06,bcbfe54f-e076-4b2c-ba1c-220f3ade7026,Fashion,Africa,3,179.26,0.05,CreditCard,9.0,2.2,510.89
27262,2024-10-22,e46a92b1-26e8-415e-a331-0e4351ea7701,Home,South America,4,264.82,0.2,Cash,5.0,2.2,847.42
67776,2025-09-04,0769ea1a-5028-430b-9131-3b94dcfae50b,Sports,Europe,1,59.14,0.1,PayPal,6.0,4.5,53.23
82730,2024-02-25,740d760b-3471-48ab-a18d-d61c3da7bd62,Automotive,South America,5,345.57,0.15,BankTransfer,4.0,2.5,1468.67
30018,2025-06-21,823da9af-571e-40bd-9b89-6d966201f0ac,Beauty,Africa,2,177.63,0.15,CreditCard,3.0,4.9,301.97
58523,2023-05-07,fba3273c-d660-48a4-90ab-ba83551cca64,Home,North America,5,375.37,0.05,PayPal,2.0,4.7,1783.01
23810,2025-01-12,41842818-7442-412f-bcab-9298ae1b0ed0,Automotive,Asia,5,199.55,0.05,Cash,3.0,2.3,947.86
4163,2023-10-25,24444f64-3025-4856-8967-65693cb29bf1,Home,Africa,4,365.75,0.15,BankTransfer,7.0,3.7,1243.55
17495,2024-08-29,35aaa1ea-7364-411a-88f0-a87aecdafac9,Beauty,Oceania,3,65.48,0.05,Cash,7.0,,186.62
8559,2023-07-13,8e47fb7d-8a7f-426e-b585-f440c3a98532,Home,South America,4,107.55,0.0,PayPal,7.0,4.7,430.2
24403,2023-10-13,743dd327-c8be-476c-8128-62e454e03a5f,Electronics,South America,5,65.61,0.05,BankTransfer,2.0,2.9,311.65
80297,2025-10-21,0fd2f509-3bd2-41ec-916e-a6f1114f0eab,Sports,Africa,5,169.27,0.0,Cash,5.0,4.1,846.35
88879,2024-04-09,70228a7a-8ae5-44ef-9e3f-77066735af48,Sports,Africa,2,184.9,0.0,PayPal,2.0,3.9,369.8
5325,2023-04-03,fee91972-6f7b-43e7-9e19-f0104bf7e012,Home,Asia,2,316.36,0.0,PayPal,3.0,4.4,632.72
30903,2025-11-13,32b27bec-51e6-4866-b7b8-70c37b5c2074,Beauty,Asia,4,167.364,0.0,PayPal,3.0,2.0,669.46
41648,2023-11-07,f0113876-72c1-4c56-a3b7-367b3d55489e,Home,South America,2,323.29800000000006,0.0,BankTransfer,1.0,2.2,646.6
28111,2023-11-05,59e7ea04-1b85-450c-af92-d87c7ccad5d6,Sports,Asia,5,234.306,0.05,Cash,2.0,2.1,1112.95
13044,2024-08-15,edcf79dd-7e26-44ae-9997-6388742bf60d,Home,Europe,2,143.45,0.05,CreditCard,3.0,4.7,272.55
83004,2023-06-04,77f0fa5e-dba9-49c4-bb9d-a39dcbae79d3,Beauty,Africa,3,158.21,0.15,PayPal,2.0,3.2,403.44
23169,2023-02-01,cc57ae4a-1176-4a1d-844d-c1894f38f23d,Toys,Africa,5,233.1,0.0,PayPal,3.0,2.3,1165.5
47440,2025-12-26,03532b25-9c2a-4723-a628-f1f6ae7f863a,Sports,South America,4,415.07,0.0,CreditCard,8.0,2.3,1660.28
67927,2024-12-03,f9846201-90e7-4250-b86d-cb006f11a8eb,Electronics,South America,5,486.42,0.05,CreditCard,7.0,2.0,2310.5
77382,2023-05-25,c9fde1eb-c3aa-4fe0-bfa2-e68406c7b6cf,Home,North America,1,318.53,0.15,Cash,6.0,4.4,270.75
1550,2025-10-07,98550b1e-d588-4c1c-a5db-5946a091e5b4,Toys,Europe,3,334.97,0.0,PayPal,1.0,2.9,1004.91
54544,2024-03-17,78863733-68e8-4e1c-baf1-167b1d51bf05,Fashion,South America,1,234.37,0.0,Cash,7.0,3.9,234.37
66270,2024-07-24,9e860d59-94c6-4506-ab3a-5e70451bfc6e,Beauty,South America,5,323.75,0.0,PayPal,9.0,2.8,1618.75
64940,2024-08-21,a91a55e2-bc1f-4314-bfed-1ec892f7101c,Beauty,Oceania,4,132.23,0.15,BankTransfer,5.0,2.9,449.58
30960,2024-04-03,26344a66-7a96-48c2-aea5-98f9495bfb6f,Sports,Africa,4,325.95,0.0,BankTransfer,7.0,3.6,1303.8
86639,2024-06-26,d81440e8-2949-42da-8ae8-355be7727868,Toys,Asia,5,391.63,0.1,Cash,2.0,4.0,1762.34
61770,2025-07-14,31cdf8ba-df95-44a1-82ba-7d81d0ae77f7,Toys,Oceania,1,366.96,0.0,Cash,5.0,4.5,366.96
98914,2025-08-09,efd1482b-7015-45c6-874e-dfd607fa6936,Fashion,North America,4,198.9,0.0,,5.0,3.5,795.6
18882,2023-08-03,c7f93638-213f-4464-9b14-e9504a6fde70,Electronics,North America,1,,0.1,CreditCard,8.0,3.6,175.08
37096,2023-08-05,57c3a5cc-5b16-4b5a-bdef-211311c7fc06,Automotive,South America,4,144.1,0.0,Cash,6.0,4.8,576.4
60719,2025-08-16,28f4b935-f30d-45ef-8a67-03ccd9296018,Sports,Europe,2,393.07,0.15,Cash,5.0,4.1,668.22
40164,2023-12-02,e1d2f4ec-2304-45d2-abe9-599384354724,Beauty,Asia,5,130.98,0.0,Cash,4.0,2.2,654.9
39247,2024-07-17,c4eaf1f9-8a6c-4ef2-b43a-90ec4ca2d829,Fashion,Africa,2,120.97,0.05,CreditCard,4.0,2.1,229.84
19265,2025-12-23,53b54502-9260-49d3-a39a-51c6798cab14,Fashion,South America,3,50.57,0.15,CreditCard,3.0,3.5,128.95
68792,2023-12-30,761f4bed-e9e0-4492-97c8-0bee95e23c0f,Automotive,Oceania,1,344.39,0.05,Cash,3.0,3.6,327.17
91598,2024-02-01,58361f4f-dc3f-48cf-bb28-91001632683c,Sports,North America,1,398.46,0.0,BankTransfer,9.0,3.5,398.46
15845,2024-12-29,458c6bdd-9e70-49ff-8cd7-897f286d84e5,Fashion,Europe,1,75.22,0.1,BankTransfer,7.0,3.8,67.7
22916,2023-11-04,74cdae7e-73ba-4afd-a6d7-1157b8faa516,Home,Europe,2,349.56,0.0,CreditCard,4.0,4.2,699.12
98711,2024-12-25,d8289d23-bbc1-45b4-950d-46dbc20bbe47,Home,Asia,5,483.47,0.05,CreditCard,9.0,2.9,2296.48
77629,2025-01-26,00fd5206-2ef4-4eb1-a9eb-f7828d039e8f,Sports,Oceania,3,26.42,0.0,BankTransfer,,2.5,79.26
8642,2024-05-07,af0caa3c-122f-462e-8495-6e6a21cc0211,Sports,Africa,3,347.24,0.2,Cash,8.0,2.5,833.38
93159,2023-05-31,5dc64778-89fa-4d88-a3ad-d8db01655e18,Fashion,Africa,3,154.96,0.2,BankTransfer,5.0,4.1,371.9
64799,2023-08-05,d00217b2-c595-4ec6-9b1e-cf2b7f7fbada,Electronics,North America,4,420.12,0.0,CreditCard,9.0,4.4,1680.48
73235,2023-11-04,ae019f2d-6f34-4682-9a23-5f100beb3489,Automotive,Europe,4,227.772,0.1,PayPal,5.0,3.9,819.98
89236,2025-02-05,0b52b035-0882-43de-ae70-57639d65bc54,Automotive,Europe,2,65.16,0.15,Cash,7.0,2.2,110.77
59360,2023-01-16,7ec895b1-c180-4e75-b094-8b7e88f73e9c,Toys,Africa,5,328.13,0.0,CreditCard,5.0,2.7,1640.65
94932,2024-02-07,8eb68958-eafc-4247-aadc-1d1ab5201f17,Home,Asia,4,181.76,0.0,CreditCard,5.0,5.0,727.04
2531,2025-05-29,600fc79c-fbce-4087-96d2-b14d07faf6f7,Sports,Asia,4,279.52,0.0,BankTransfer,7.0,3.3,1118.08
271,2025-06-01,4fa03f26-f6f7-40cc-a9ec-8e49d1bdb8c0,Home,Asia,4,477.56,0.15,PayPal,4.0,4.8,1623.7
56670,2024-09-17,c7b59ff2-f38f-4125-9fbb-8bac91a5b683,Beauty,Europe,4,44.21,0.0,Cash,5.0,4.7,176.84
68989,2024-08-15,33b20e48-58ac-493e-a401-9bc7dbe2dacc,Fashion,Oceania,4,269.51,0.0,CreditCard,3.0,4.1,1078.04
30884,2023-07-01,629d7ad5-1714-4b68-bc6d-4e851c415135,Toys,North America,5,234.85,0.0,PayPal,2.0,3.6,1174.25
88129,2024-01-08,5c8fa643-2dc6-4d2c-9429-3c84738b0e4d,Beauty,Europe,3,303.06,0.0,Cash,2.0,2.4,909.18
36083,2023-02-01,1e565b5d-7658-4a75-a236-822e2da5a8fa,Home,Europe,2,334.58,0.1,PayPal,7.0,3.6,602.24
39628,2023-07-08,81df478a-d76e-41e2-afce-78c32642c1aa,Fashion,Asia,1,475.5,0.0,Cash,6.0,4.1,475.5
16822,2023-05-25,3eed5faf-c100-48ca-84dd-9975e3b5dd9f,Home,North America,3,9.21,0.1,CreditCard,3.0,2.0,24.87
23964,2023-05-12,b4863fc4-7bee-4ac4-93e2-cb6e497559cd,Automotive,Asia,1,32.52,,Cash,4.0,3.0,32.52
81996,2023-09-28,31aa7288-5a4e-4883-a0df-dbe775b12faf,Home,North America,3,65.31,0.0,PayPal,2.0,4.0,195.93
94380,2024-08-27,4f77f353-ce09-4cb2-b4b9-4e84cac2167e,Electronics,Oceania,4,472.96,0.1,Cash,1.0,3.4,1702.66
42190,2025-02-18,97a6e8f3-9392-47c4-84be-39d32787c092,Fashion,Asia,4,347.51,0.0,BankTransfer,4.0,3.2,1390.04
61978,2023-05-09,ccc38bf7-5ce4-4add-9296-7d65da9f81c9,Home,Europe,4,394.63,0.0,PayPal,2.0,2.8,1578.52
15324,2023-01-07,058ff66e-d5a3-4c5e-9cf0-53653c6e5ced,Home,Asia,4,117.29,0.0,PayPal,5.0,4.6,469.16
29980,2025-11-11,48f99917-b5cd-413a-a13c-fcebac89ba55,Automotive,Europe,2,167.751,0.0,PayPal,6.0,2.9,335.5
2548,2023-06-28,84222f58-f022-44af-bb76-4637d277ab64,Fashion,South America,3,236.86,0.2,BankTransfer,9.0,4.5,568.46
1571,2023-08-30,567e642e-052d-4b9a-9f58-4603e5a3d8e9,Sports,Oceania,2,106.99,0.05,PayPal,8.0,2.2,203.28
88072,2023-04-29,4bfeaf51-ae5f-48a7-8ca1-545b555c7459,Electronics,South America,5,462.63,0.05,Cash,7.0,2.7,2197.49
92767,2023-08-31,e182c3bb-088b-49e3-bcee-da34d72f89b3,Beauty,Oceania,4,192.61,0.05,,8.0,4.8,731.92
75271,2025-12-09,117fc586-ee5c-4219-a943-b33211bcfbb2,Automotive,Africa,1,498.73,0.05,Cash,7.0,4.9,473.79
87018,2024-04-28,91daf3f7-7589-466a-b32e-4b604521b024,Toys,Oceania,2,25.78,0.0,BankTransfer,5.0,2.9,51.56
10816,2024-08-17,242f1baf-86bf-4beb-804d-ca01c63be21f,Home,Oceania,3,151.5,0.1,Cash,3.0,2.0,409.05
34722,2025-06-05,711b2d4b-0d30-4131-82c8-1148a4b61461,Beauty,South America,5,26.29,0.1,Cash,6.0,3.7,118.3
66511,2023-06-16,59e9264a-0f51-4235-99ec-2fff01c52a97,Sports,Europe,3,238.79,0.05,PayPal,1.0,3.6,680.55
79023,2025-01-04,a6181a96-d793-4f1f-bd19-6f8e999a4242,Fashion,Asia,2,163.39,0.0,Cash,3.0,2.0,326.78
75710,2024-01-17,8a211b88-8866-4ea4-9520-f08844d01c4d,Sports,Asia,4,181.44,0.1,CreditCard,1.0,3.8,653.18
73882,2025-04-25,dd5969e8-1b24-40e7-99db-881f595342d0,Fashion,Asia,2,334.26,0.0,CreditCard,3.0,4.4,668.52
94297,2024-08-30,ec0a9fa5-713a-40db-ad56-f480a68f48f4,Home,Asia,4,417.43,0.0,CreditCard,3.0,4.3,1669.72
40652,2024-08-07,641c130f-0089-4bad-bb62-be81aceec77a,Beauty,Africa,4,342.67,0.1,PayPal,5.0,4.5,1233.61
27054,2023-06-06,1f1300c0-c9dc-43aa-a819-40bd51816c0f,Electronics,South America,2,472.06,0.15,BankTransfer,2.0,3.3,802.5
76094,2025-07-18,fc292993-6ab4-4c03-adbe-72e1be2540fe,Home,Africa,2,338.26,0.1,BankTransfer,2.0,5.0,608.87
48528,2025-04-18,12b4beca-fc1b-4468-bd62-9cd2b9d33fc7,Electronics,Oceania,1,488.79,0.05,BankTransfer,5.0,4.9,464.35
37077,2023-09-06,4b832bf3-0b90-4e3d-9c17-22e452f71704,Electronics,Africa,5,97.69,0.05,CreditCard,4.0,3.4,464.03
7749,2023-09-06,dde630e0-cbee-4346-9d1c-153ef6ebcacf,Sports,Europe,5,499.17,0.15,Cash,3.0,4.7,2121.47
78747,2023-04-30,82163ddc-f498-4bab-bef1-9e5eda309c7e,Sports,South America,5,272.8,0.15,Cash,7.0,4.2,1159.4
97727,2023-09-25,6deb86fb-1dfa-4457-b563-e9d98d52f91a,Automotive,Europe,5,100.31,0.0,CreditCard,2.0,2.5,501.55
11314,2023-12-10,d4aee54d-8fd3-4455-8796-47bc26889e4a,Sports,North America,4,243.08,0.15,Cash,3.0,3.5,826.47
94922,2025-01-12,7e8e3c03-e5c9-43f3-942f-777e92f30f24,Home,North America,4,467.4,0.0,CreditCard,7.0,4.7,1869.6
99222,2023-04-27,ee4856af-0c4d-40ce-8ab6-a3373f1d8405,,South America,1,452.13,0.1,PayPal,2.0,4.4,406.92
75499,2024-02-28,680d0f8e-bd3c-465c-9ff1-19fe366d2aba,Automotive,Asia,5,499.62,0.05,Cash,6.0,3.4,2373.19
97337,2023-06-01,34641417-e8fc-4b4b-993b-07335181e98d,Toys,South America,3,157.04,0.0,BankTransfer,2.0,3.9,471.12
74974,2025-05-30,bf1d234e-5561-492a-a060-8801f187a112,Beauty,Asia,3,157.84,0.0,BankTransfer,8.0,2.6,473.52
52827,2023-10-26,6fd90b5a-ac7b-4b60-8759-99ad276e7b9e,Sports,North America,3,43.98,0.0,PayPal,9.0,4.9,131.94
25731,2025-12-28,a19f2ab0-c0d8-4d09-96a1-f8e2f5298b83,Toys,Africa,5,319.85,0.0,BankTransfer,1.0,,1599.25
84927,2025-11-06,97da4c62-3df0-4bf7-86af-9d45d51cffa0,Sports,Europe,4,292.55400000000003,0.0,CreditCard,6.0,3.3,1170.22
58636,2025-01-14,cf8307d0-afd6-4fe1-9189-51f442b6a851,Toys,North America,3,74.16,0.05,BankTransfer,8.0,2.6,211.36
53830,2024-04-11,71cfb9a0-872b-4db9-8889-869a2c7d543d,Beauty,Europe,1,352.88,0.0,Cash,4.0,2.8,352.88
34626,2024-06-13,66c62f4b-d991-452a-9c10-cd4db4405a30,Fashion,Oceania,1,48.48,0.05,Cash,9.0,4.3,46.06
31367,2025-06-27,10c55a1b-f39b-4e07-9f23-133d37de78b5,Beauty,Africa,5,86.53,0.0,Cash,8.0,4.9,432.65
38051,2024-03-29,cc150005-ebd8-4d1b-885f-3aa606273ee6,Electronics,Europe,4,53.43,0.0,BankTransfer,8.0,4.4,213.72
19571,2023-01-07,7b71418f-4c7c-4e89-9412-3c717dae6320,Home,South America,4,313.88,0.1,PayPal,3.0,4.1,1129.97
47890,2025-07-25,bbb6f405-8d11-4a34-acd0-9dfbabbdfc6d,Electronics,North America,2,35.87,0.0,PayPal,3.0,3.0,71.74
72181,2024-11-18,18fa85bc-e595-44d1-8c8e-9cbb98a45d37,Toys,Oceania,6,48.690000000000005,0.05,PayPal,9.0,4.9,277.53
86324,2023-04-04,fd8dea94-6913-4df6-9e7f-99ce02cabb95,Automotive,North America,5,229.9,0.15,PayPal,9.0,2.8,977.08
99761,2024-09-08,2bafc1a9-a558-488b-a865-eba4aae277ff,Toys,Africa,4,349.24,0.1,CreditCard,9.0,2.8,1257.26
12828,2025-09-26,71e7ac0c-70a2-4023-85a9-37a979d28895,Fashion,Asia,1,161.19,0.0,Cash,8.0,3.6,161.19
39687,2024-05-13,e34200a4-8945-4b63-8df0-31914feeec66,Sports,Oceania,5,19.44,0.1,BankTransfer,9.0,4.6,87.48
88045,2024-02-18,c9b8eb8c-e0c7-4c21-b578-7f56c7d08075,Toys,South America,4,224.37,0.2,Cash,5.0,3.1,717.98
75663,2023-12-08,8dd906f8-cb3f-4a67-be17-c4a5d8563c2f,Sports,Asia,4,114.81,0.1,PayPal,4.0,3.5,413.32
2663,2023-04-15,88f7f097-57f2-445f-a751-5d4b0d829d52,Toys,Asia,3,191.94,0.05,Cash,6.0,3.0,547.03
95389,2023-02-11,5cf2f8d2-9968-44a9-8af2-7d2f8159fd47,Fashion,Oceania,2,44.43,0.0,BankTransfer,8.0,2.2,88.86
18949,2024-01-31,5ab3f581-f026-45a4-a83e-64c0c9b0088a,Electronics,Asia,3,74.95,0.05,PayPal,2.0,4.1,213.61
31149,2023-12-15,fd854fa2-eb8c-4c85-9b13-5ce8dec8551f,Fashion,Europe,5,483.28,0.0,Cash,1.0,2.7,2416.4
20331,2025-12-29,7b030b07-5ca5-45d3-b3e3-21fff4b85a03,Fashion,Europe,4,426.88,0.1,CreditCard,2.0,2.2,1536.77
424,2025-09-11,a075e927-5110-4492-b442-7e0b61484bb3,Electronics,Oceania,4,218.11,0.0,BankTransfer,1.0,3.0,872.44
9024,2024-12-04,70e39ecb-77ec-4430-a885-ca4740ee7a6e,Toys,South America,1,178.95,0.0,Cash,8.0,4.1,178.95
3717,2023-10-23,247474b3-1d7d-4bb3-8e00-44e207af3b8a,Sports,Europe,1,93.34,0.0,Cash,7.0,2.6,93.34
60419,2023-06-14,0f52f32b-c3b0-49e4-be9f-8c8f7c4de6d7,Beauty,Asia,5,213.99,0.0,Cash,6.0,2.8,1069.95
41623,2023-07-08,8388547d-c99b-48c2-bae9-34702c826c44,Toys,Asia,2,303.3,0.15,CreditCard,4.0,2.4,515.61
7864,2024-06-12,75d0a2af-1c06-4fa6-921b-a1e492e7fc57,Beauty,Africa,3,62.94,0.1,Cash,7.0,2.2,169.94
8258,2023-01-24,1a950f3e-bd84-46da-a266-04f3c9afd545,Beauty,South America,5,241.63,0.2,Cash,9.0,2.5,966.52
93703,2023-03-02,3a409511-3308-4a1c-85a2-5f0747f58b10,Sports,Europe,3,456.05,0.1,Cash,7.0,3.1,1231.34
72218,2023-10-24,9e069061-7e7a-451c-bab5-25e486289bae,Fashion,Africa,1,273.58,0.0,BankTransfer,4.0,4.0,273.58
11082,2023-10-13,0791e8ca-bfc5-4a33-aecd-8622f82066f8,Automotive,Asia,5,246.2,0.15,Cash,7.0,3.2,1046.35
51759,2023-01-27,6a7de66f-4bcc-4d1f-8af3-a22632d19bd7,Electronics,Oceania,4,23.57,0.05,PayPal,4.0,2.1,89.57
17191,2024-05-03,e4a24c83-9a6d-4ea0-bf21-2de6596d9500,Electronics,North America,5,43.88,0.0,PayPal,4.0,2.4,219.4
2772,2023-08-19,b8943df8-c9ab-4a91-9674-b9e20e5995aa,Beauty,Oceania,4,231.98,0.15,Cash,9.0,2.5,788.73
68164,2023-07-11,e6586718-9b80-443e-a779-78431881d990,Beauty,South America,5,262.35,0.2,BankTransfer,8.0,3.4,1049.4
83944,2024-05-05,ea610895-da65-47e3-9ad2-2e5b95a093a7,Electronics,North America,1,97.07,0.15,Cash,2.0,4.2,82.51
21809,2025-06-24,f8134e00-05f6-4fde-9f10-c67f55350761,Fashion,South America,1,101.33,0.0,PayPal,4.0,2.7,101.33
43988,2023-08-07,3201491b-907e-4623-8654-9f04314d877f,Fashion,South America,5,81.0,0.0,Cash,4.0,4.8,405.0
31528,2025-04-09,1b67fde9-0946-4055-bb9a-08e4501e2f04,Sports,Africa,3,135.81,0.2,CreditCard,8.0,2.8,325.94
56603,2025-06-11,53197dab-b026-4d90-a301-5c63d7acef68,Automotive,Europe,5,144.8,0.05,CreditCard,6.0,4.8,687.8
55043,2025-12-19,bdac8aee-481e-485c-af2e-fabdede0fd03,Electronics,Oceania,4,62.1,0.0,CreditCard,7.0,2.2,248.4
986,2025-06-26,e00da49d-effa-4002-b040-413c4690fb15,Fashion,Asia,2,110.27,0.1,BankTransfer,5.0,4.6,198.49
3167,2023-04-17,afd5b90b-41a6-4c90-a91c-0da1a5630d3a,Toys,South America,4,338.62,0.0,Cash,4.0,4.8,1354.48
74258,2023-10-01,f682349d-4c6a-4a82-ba65-e451a0efc206,Beauty,North America,4,462.8,0.0,PayPal,5.0,4.8,1851.2
91335,2025-09-28,6fe35fa5-7ed6-4106-9244-b343c90f0089,Electronics,Africa,5,228.9,0.1,Cash,6.0,2.2,1030.05
37145,2023-08-25,f112a09a-c601-4f8c-b5de-6c97c623db71,Automotive,South America,3,6.73,0.15,BankTransfer,6.0,4.5,17.16
84923,2024-05-08,49f36ca3-53bc-4a7f-8a53-1527c637285c,Toys,South America,4,256.46,0.1,Cash,7.0,2.7,923.26
89728,2024-08-16,e5877871-59a7-4c37-89e6-39d6f440c0d2,Beauty,Asia,5,478.55,0.1,BankTransfer,3.0,2.5,2153.48
88346,2024-09-10,faada9c3-46ca-4fb7-ab01-4b6be21fb94f,Toys,South America,1,439.27,0.1,BankTransfer,6.0,3.0,395.34
81017,2023-10-11,94235872-ce9d-4e59-ae9d-60dc6113b767,Sports,North America,3,141.75,0.0,Cash,2.0,2.5,425.25
55006,2023-04-05,249e4334-f556-4d71-bba4-786255fd880a,Home,Africa,2,167.19,0.0,PayPal,9.0,5.0,334.38
74020,2024-04-06,cf4e23cf-62a9-4a3e-98d1-ba9027e4f366,Home,Europe,3,88.97,0.1,PayPal,8.0,4.4,240.22
41156,2024-08-27,995bf292-0bde-47ba-9a6a-7b80c46b78e1,Toys,North America,4,413.71,0.0,PayPal,7.0,2.9,1654.84
98736,2023-09-06,7928250f-ade3-4ca6-bd4c-6cefbd1b65c1,Automotive,Oceania,2,186.21,0.0,PayPal,9.0,4.9,372.42
68241,2025-06-16,c28cdf3e-f2df-4452-83ff-5dd4f8742e05,Fashion,,3,199.45,0.0,PayPal,9.0,2.2,598.35
68251,2025-07-18,c1791401-4152-4270-b7a2-25e237405d95,Automotive,Africa,4,450.88,0.15,Cash,5.0,3.2,1532.99
94472,2025-01-06,341af90a-8f74-4646-96b0-26e10163323c,Home,Africa,3,364.34,0.05,Cash,1.0,2.5,1038.37
17774,2023-10-02,1ad261a6-2b9f-4948-bcfc-6b677774b331,Beauty,North America,1,212.72,0.2,CreditCard,7.0,3.6,170.18
43166,2024-08-26,b4da51c6-82ad-4bd9-ba3c-59b63401cef8,Automotive,Oceania,5,222.23,0.05,CreditCard,5.0,3.3,1055.59
38027,2024-12-01,b10dc2ac-5b78-48cc-86f3-3d79b77fc2bc,Fashion,South America,5,427.22,0.05,CreditCard,9.0,3.6,2029.3
14698,2025-05-24,5f0813df-ed28-430d-b3f9-cbf62bfd154f,Home,Africa,1,49.83,0.15,BankTransfer,9.0,3.7,42.36
57513,2025-10-28,dbe0b32f-3ff6-46c0-b524-ce35dd3f1285,Automotive,Africa,5,448.34,0.05,CreditCard,3.0,3.7,2129.61
56833,2023-06-03,59b5d37d-0cd4-4a59-b3f3-7e94c46eaad8,Toys,Oceania,1,218.51,0.0,BankTransfer,4.0,4.0,218.51
14487,2025-08-09,864c1d67-2463-4434-afbe-bc777e2de034,Sports,North America,1,103.14,0.0,BankTransfer,2.0,3.4,103.14
29196,2024-07-14,e9cb5776-51d5-4043-8f0c-9fbe8f700a96,Home,Oceania,5,107.69,0.0,CreditCard,7.0,4.8,538.45
50207,2025-02-17,35354a93-0a94-482b-b85a-ef5b36cf56e7,Automotive,Africa,2,254.7,0.05,Cash,7.0,3.1,483.93
60200,2023-10-10,d14dfe1b-9817-4ce0-9bb9-97226ed53543,Fashion,Europe,4,102.18,0.0,PayPal,2.0,2.4,408.72
72691,2023-11-05,0de8ef01-ce23-47d9-8676-192b0d891a90,Fashion,North America,4,39.213,0.0,CreditCard,8.0,2.5,156.85
11804,2024-05-16,489fc777-1b98-44c5-afd8-178299a1a943,Beauty,Europe,1,438.77,0.0,BankTransfer,8.0,4.0,438.77
81718,2023-10-12,627c88d3-389d-4c0e-8c11-83184df80c6e,Sports,Asia,3,363.33,0.0,BankTransfer,3.0,2.2,1089.99
50408,2023-08-07,88b29829-9f4b-408f-afc3-00dfac9f37bf,Electronics,Oceania,3,334.14,0.0,PayPal,6.0,3.6,1002.42
67813,2024-08-25,ecda9c6e-93a6-4be4-80bf-af5ce9f6bc46,Fashion,Europe,2,467.78,0.0,Cash,2.0,2.7,935.56
30573,2025-04-21,dc18314c-510f-4c61-a129-e7ff18189b01,Fashion,Europe,3,169.38,0.1,BankTransfer,7.0,3.0,457.33
5717,2025-09-19,4cca3dda-7cbb-4627-9929-c7c73709d7d3,,Europe,4,144.95,0.2,BankTransfer,4.0,3.9,463.84
99090,2023-02-23,4b801396-8d0a-4406-93ff-29a5d6af5938,Home,South America,5,282.99,0.05,CreditCard,8.0,4.9,1344.2
44613,2024-05-18,b2a7931b-13f0-4259-8497-f15da449d83b,Toys,North America,2,404.72,0.0,PayPal,5.0,2.2,809.44
32891,2025-04-09,b9897c01-3ccc-438d-9c04-d57e92af7e84,Automotive,South America,5,470.93,0.0,PayPal,4.0,3.9,2354.65
98214,2024-04-17,ea8c988a-cdee-4bbc-98d4-c81bf89dab0b,,South America,3,69.57,0.0,CreditCard,5.0,2.7,208.71
29338,2024-02-03,7583bd18-48ee-4460-8b40-11c11c5e230f,Sports,South America,5,323.19,0.05,CreditCard,9.0,2.5,1535.15
51681,2025-03-06,d15aaba3-b320-4d2a-b9a1-6ef67e49e02b,Electronics,North America,1,70.8,0.05,PayPal,9.0,4.6,67.26
54407,2024-12-29,35750c90-c023-4ca3-aafb-7ebd5dddf483,Electronics,Europe,2,431.62,0.0,PayPal,4.0,2.8,863.24
89556,2025-12-10,54da609d-1883-489f-a512-e539e57a1411,Electronics,South America,3,271.44,0.05,CreditCard,1.0,3.3,773.6
82238,2023-07-21,032cd6b6-7bc9-462b-9630-04260414911f,Home,Africa,4,183.16,0.0,PayPal,3.0,4.9,732.64
35016,2024-01-20,95b8b74b-a338-4893-b9f0-c7b5894fb7de,Fashion,Oceania,4,293.94,0.0,PayPal,1.0,3.1,1175.76
34911,2023-08-28,26df8145-22d0-4514-b5f2-e7813259448f,Beauty,North America,1,299.17,0.05,PayPal,6.0,4.6,284.21
63219,2023-12-20,d6408d37-e92c-4c0f-acda-4dceebe2712d,Fashion,Africa,4,185.09,0.0,CreditCard,1.0,4.2,740.36
27702,2023-11-01,4d014aad-a2bb-455b-8ffa-c6a9e306a0b1,Fashion,Africa,5,19.665000000000003,0.15,PayPal,9.0,2.6,83.58
87665,2023-03-15,e8c4b5a3-30fe-4fd2-8073-fbdccd06d0e6,Beauty,South America,1,486.48,0.05,PayPal,8.0,5.0,462.16
68317,2023-04-30,13029596-a295-4c95-91a3-a553751ceccd,Sports,Oceania,1,485.32,0.0,Cash,2.0,4.2,485.32
23296,2024-06-17,b902f4e6-8e97-450e-8b79-6616ac63bd84,Automotive,Africa,1,165.35,0.0,BankTransfer,6.0,4.0,165.35
1319,2024-04-30,965d744f-0445-41a8-92af-97e4c536c66e,Toys,Asia,1,254.29,0.0,BankTransfer,8.0,3.2,254.29
54156,2023-12-17,d3f5b956-3bdd-42b4-871f-796dbc3b1846,Electronics,Europe,1,237.86,0.1,CreditCard,2.0,3.8,214.07
62650,2023-12-17,3dd79953-6a41-46cc-a3e4-065c5bd24896,Electronics,Asia,2,306.44,0.05,BankTransfer,4.0,2.9,582.24
75124,2025-02-09,52978199-8d25-40f9-836d-65c78a0bfba5,Toys,North America,3,51.07,0.15,CreditCard,7.0,5.0,130.23
61706,2023-04-08,55596ce8-cd06-416f-95e0-bc9ee8909be7,Sports,North America,5,429.5,0.0,PayPal,3.0,2.0,2147.5
56499,2024-12-31,2ce70822-dc96-4387-a124-646113fe7335,Automotive,Asia,3,399.17,0.0,PayPal,6.0,3.6,1197.51
41524,2025-03-11,eba59ca9-827e-4b0b-be1b-a26531702990,Home,Europe,1,473.76,0.0,PayPal,7.0,2.4,473.76
88150,2024-04-16,d295fe47-6713-4257-b870-491eba91e273,Fashion,Asia,4,155.0,0.0,CreditCard,7.0,2.2,620.0
31079,2025-04-24,ef6ee4b4-dbdc-4460-8e59-09d7880753ad,Beauty,Africa,3,394.01,0.0,CreditCard,5.0,2.6,1182.03
22365,2024-12-08,e0ada076-e945-458c-8eb1-8194ad9f1325,Toys,Africa,5,186.52,0.0,PayPal,3.0,4.4,932.6
2440,2023-03-12,2a9edda7-761a-4914-8931-b2d4d3def87c,Fashion,Oceania,1,58.72,0.1,PayPal,4.0,3.0,52.85
85414,2023-11-02,5ee1fefc-2dc8-425e-a032-d5e234606b64,Fashion,Africa,4,321.039,0.0,BankTransfer,6.0,4.2,1284.16
60776,2024-04-23,4db1e182-14ae-4c8a-89a5-0218b13426ae,Beauty,Africa,3,15.05,0.0,Cash,8.0,4.3,45.15
94029,2024-06-26,1dbde489-67de-45bc-904a-7079fa80a15f,Home,Africa,5,237.2,0.0,PayPal,7.0,2.7,1186.0
86017,2024-09-27,70c03847-f05d-4408-ba88-4a7a833a69dc,Electronics,Oceania,5,269.49,0.0,BankTransfer,7.0,3.1,1347.45
57992,2024-11-07,c4378a22-38f5-4cf2-a559-fa56dd0a88d4,Toys,North America,3,330.696,0.05,Cash,6.0,2.2,942.48
57144,2025-12-27,cbeb15b4-c6d3-4f0a-8d80-63691c474b1a,Electronics,Africa,2,131.25,0.0,PayPal,1.0,3.7,262.5
62840,2023-11-05,25a2b98c-218c-4dd9-bb0b-ec4b7d3f2384,Home,Oceania,5,245.538,0.05,BankTransfer,4.0,3.3,1166.31
69220,2023-02-12,ac313207-813c-4044-ad11-fa5b268416b1,Toys,South America,1,442.96,0.0,PayPal,9.0,3.3,442.96
9601,2025-01-15,07fb3bdd-9559-4433-8b30-0329f55c12c6,Beauty,Oceania,2,465.78,0.05,BankTransfer,1.0,2.6,884.98
3822,2024-04-04,34dbda6b-dd9e-4b6d-a751-82a4f48138b5,Electronics,South America,2,16.0,0.0,PayPal,3.0,2.9,32.0
98466,2024-11-04,,Beauty,North America,3,369.432,0.05,CreditCard,9.0,2.7,1052.88
23000,2025-12-08,9929c722-8f70-4f01-8e33-7defc0f886bd,Beauty,Africa,1,240.94,0.1,BankTransfer,5.0,3.9,216.85
87530,2023-09-15,bc7fb075-dbe5-4dc7-b956-43d201fcbb10,Electronics,South America,3,478.37,0.05,Cash,5.0,5.0,1363.35
46369,2024-12-13,15e51f7f-c86f-48d7-8610-52eff4b87b0c,Electronics,Oceania,5,160.0,0.1,BankTransfer,4.0,4.7,720.0
44182,2023-12-04,c10c0af4-2f08-4f6b-b357-acbc09775fa8,Fashion,Oceania,1,278.36,0.15,PayPal,9.0,3.6,236.61
23608,2023-12-20,9eb4c2b9-b416-46bc-b0af-fee458ad4c90,Home,Europe,1,480.23,0.0,PayPal,7.0,3.4,480.23
86412,2023-07-20,bd0af4fa-b6d9-466a-954a-677d34af7216,Beauty,Asia,2,393.51,0.0,PayPal,4.0,2.1,787.02
81347,2025-01-06,f06e6597-5bf1-457c-8af9-31dcc1cf39ea,Sports,Europe,4,273.32,0.1,BankTransfer,1.0,4.9,983.95
7068,2025-11-12,cdeb8ab9-9ece-4b21-a9f4-07eee9320c6a,Automotive,North America,3,251.97300000000004,0.1,CreditCard,7.0,4.8,680.33
93040,2024-09-27,b4626256-3375-4947-aeee-5b2297c8d04d,Toys,North America,4,411.99,0.0,Cash,3.0,5.0,1647.96
66489,2025-06-11,b21dce97-f032-47f1-a101-deba05cb26f6,Electronics,Europe,2,119.68,0.05,CreditCard,6.0,3.6,227.39
38998,2023-01-18,839d3f73-c16b-4577-b8d5-14722ce9c6f9,Electronics,Asia,4,134.58,0.15,Cash,3.0,3.0,457.57
16291,2024-04-13,e2cdd04c-05aa-4be7-9f0c-6e1323c44489,Fashion,North America,4,426.01,0.0,BankTransfer,5.0,4.9,1704.04
64572,2024-01-15,5be4a282-fc4d-4683-ac4d-54105b9e1d72,Fashion,Europe,4,136.76,,PayPal,4.0,2.2,519.69
94350,2024-01-29,666b0650-923a-4139-b4d0-28b48ef4d724,Automotive,Europe,5,203.04,0.0,BankTransfer,6.0,2.5,1015.2
68923,2023-01-31,522748a7-d3f8-483a-b23d-2c5a054563bc,Automotive,North America,5,27.59,0.0,PayPal,6.0,3.1,137.95
12251,2024-07-08,0351dfd7-d2c3-4b9b-a49b-c6793509d895,Electronics,Asia,2,350.0,0.1,BankTransfer,1.0,4.5,630.0
49909,2023-08-28,a109f179-5579-455c-af21-76ab1c21eb1a,Toys,Asia,5,277.81,0.1,BankTransfer,7.0,3.0,1250.14
88234,2023-03-27,ce3dce25-2b2e-47d7-99a8-a8efe23c1a49,Electronics,Oceania,1,473.46,0.05,CreditCard,9.0,4.2,449.79
79659,2024-12-27,d9e30a2a-5730-45bd-9ba9-dbd7e8df92cb,Sports,South America,1,304.02,0.15,Cash,7.0,2.9,258.42
46949,2023-01-09,ac78e289-ac05-400f-b22b-50ee89f51b7d,Home,Asia,3,89.27,0.2,CreditCard,5.0,4.1,214.25
10724,2025-04-21,dc05fa81-9e08-4083-a045-9a6a75cef7db,Automotive,Europe,3,371.06,0.0,Cash,4.0,3.1,1113.18
44708,2024-10-27,cb04ce57-0060-46d6-a37b-7f716dd5b912,Fashion,North America,1,215.23,0.15,CreditCard,7.0,4.0,182.95
54345,2023-08-16,47f3549b-213c-4d7e-8572-39d66ffeb5a9,Electronics,Europe,3,227.1,0.0,PayPal,4.0,2.0,681.3
2340,2024-02-03,af4afcdd-52cb-4ae0-ae18-c9b3c6da85f1,Home,South America,3,492.17,0.05,BankTransfer,2.0,2.6,1402.68
83626,2025-07-11,473b4bf1-ebc6-418a-98fd-441197029f39,Toys,North America,5,423.52,0.0,PayPal,4.0,2.6,2117.6
57993,2025-07-30,eb0407b7-7dcb-4d3f-8959-cea1b792c9cb,Electronics,Europe,3,192.28,0.05,CreditCard,9.0,3.0,548.0
57336,2025-04-27,ab5efb61-d027-497e-b5bc-9aa155ceca09,Toys,Oceania,4,379.23,0.1,CreditCard,6.0,2.8,1365.23
90074,2024-08-11,0865bc33-ebda-47b0-89f0-f54a83f5a437,Sports,Asia,2,412.4,0.0,BankTransfer,7.0,3.0,824.8
20536,2025-07-16,b731aa06-ce72-429a-a6f3-1683f2b062af,Beauty,Oceania,1,450.77,0.0,CreditCard,5.0,4.6,450.77
2105,2024-09-07,61223189-35f3-4e4a-ac92-04b40306a258,Automotive,South America,2,411.47,0.1,PayPal,9.0,2.8,740.65
35719,2023-03-29,f721eaa3-0d5e-4a0b-bfba-30b1ded711b7,Fashion,North America,2,365.1,0.0,PayPal,4.0,3.1,730.2
25522,2024-05-10,324726fc-b0b4-421b-8604-844f3181b56b,Home,South America,4,223.02,0.05,BankTransfer,3.0,3.6,847.48
35396,2024-06-28,f96af2fa-b5d0-42dd-934a-532cf13043f0,Automotive,South America,5,190.07,0.05,Cash,8.0,4.3,902.83
30453,2025-05-25,ff83457c-fde6-44af-980a-ec23fc43664e,Electronics,Europe,5,91.74,0.15,BankTransfer,2.0,3.0,389.9
85873,2024-05-04,08dddb4e-a40a-4762-bc9f-211fee71bdec,Toys,Europe,2,134.38,0.15,Cash,8.0,2.6,228.45
73338,2024-01-24,ad0a1f13-bcee-4b10-9539-55611a9a90ec,Electronics,Europe,5,380.78,0.1,BankTransfer,4.0,4.6,1713.51
32072,2025-01-02,7a9e3e4e-254e-4d58-a15d-7b3b292e324f,Automotive,Asia,5,240.91,0.0,PayPal,8.0,4.2,1204.55
73008,2025-08-16,c3e4f741-a316-438a-9bf2-fad14fecad08,Electronics,North America,5,58.48,0.0,CreditCard,5.0,2.8,292.4
56597,2024-05-01,d48fcfea-1dd8-4835-ba0d-e9883830b360,Home,Europe,2,351.07,0.05,CreditCard,5.0,2.9,667.03
43204,2024-06-18,0057dfcc-ab7b-4c43-a4cd-b2ad56e8dfed,Fashion,Africa,5,382.2,0.05,PayPal,3.0,2.1,1815.45
93622,2025-06-19,e9727d2e-1192-4ffa-b2ec-2bc5e38d104e,Beauty,Asia,5,202.38,0.0,BankTransfer,9.0,4.9,1011.9
51719,2024-11-16,,Beauty,North America,3,419.94000000000005,0.05,CreditCard,2.0,3.0,1196.83
22257,2025-04-03,18a30a0c-1c55-449e-9c0e-11f26e6af823,Automotive,North America,4,88.22,0.0,PayPal,8.0,4.3,352.88
55326,2024-01-21,ea818a10-bfa9-4ecd-b6f1-310e92347bd6,Sports,Oceania,2,113.59,0.0,CreditCard,6.0,2.1,227.18
16931,2024-07-27,e71bef25-7f5f-4a16-958e-d5c101fdc5af,Beauty,Europe,4,335.7,0.1,Cash,1.0,2.2,1208.52
25370,2023-07-09,e877ba23-cf63-4f5b-b0d2-9556d87d6475,Beauty,Oceania,5,29.13,0.0,PayPal,2.0,3.7,145.65
41205,2023-06-16,58e28d0c-8355-4561-b904-e5b9dd1ddb21,Fashion,Asia,3,71.87,0.0,PayPal,6.0,4.7,215.61
87478,2023-03-25,b8453190-3b01-4ebf-85b3-77b8abc712c7,Fashion,South America,4,374.79,0.0,Cash,9.0,2.4,1499.16
87860,2024-08-31,77a07acc-ecdd-4d80-8433-e8a68e91fb68,Home,Africa,4,480.42,0.0,CreditCard,3.0,3.8,1921.68
26439,2023-06-23,8a597a67-788c-4fdb-b3f1-f770d9824c38,Electronics,Asia,5,120.95,0.05,CreditCard,7.0,4.4,574.51
8326,2023-11-11,00e5ebaf-2eb0-4b1e-aa7e-ee0b677ebe4d,Sports,Africa,5,5.076,0.0,PayPal,4.0,3.0,25.38
67669,2025-05-20,aa6b11f1-6fac-4e57-86cd-f4651dd163d4,Electronics,South America,1,410.48,0.0,PayPal,4.0,4.6,410.48
80003,2025-04-16,228e7e29-4568-4482-9317-97293221093c,Home,Africa,5,21.95,0.0,Cash,3.0,2.2,109.75
45146,2023-09-24,589d98cf-5978-440c-baac-81b398570e9e,Automotive,North America,2,19.01,0.1,CreditCard,9.0,2.9,34.22
98542,2025-02-01,36e99f51-55be-4422-a797-3daa8d764411,Electronics,Oceania,2,305.45,0.1,BankTransfer,1.0,2.8,549.81
94485,2025-06-11,5f104442-d976-4e53-b08c-0012ca746710,Sports,Europe,1,264.0,0.05,PayPal,9.0,4.6,250.8
90710,2024-10-06,e7e20d8d-3e2b-4737-ac46-2d8b581c3608,Toys,Europe,3,327.7,0.05,BankTransfer,4.0,2.4,933.94
15866,2023-01-30,8bb2d4e3-8143-46e8-922d-4ad9ccb8e56f,Automotive,Europe,3,5.27,0.0,PayPal,9.0,4.0,15.81
86992,2025-04-30,066d7a74-a4ee-4dc1-b32e-3c1661af716b,Beauty,Africa,1,178.0,0.0,BankTransfer,3.0,3.0,178.0
11795,2023-06-27,8100dc08-07dd-4bf3-8248-256f6b47738a,Fashion,Asia,2,108.59,0.05,BankTransfer,3.0,4.3,206.32
57344,2024-07-18,a4393a31-727b-48e1-9e66-41880b5ae2c6,Home,Oceania,2,435.32,0.05,BankTransfer,7.0,3.8,827.11
16784,2025-10-09,70348a25-fa1c-4356-b36d-22ad0ce04aeb,Sports,North America,1,59.31,0.05,Cash,7.0,3.4,56.34
94036,2024-09-09,0126fd53-05fe-4bf8-b996-b1aa8e27e50e,Automotive,North America,3,172.15,0.05,PayPal,8.0,2.5,490.63
74952,2023-04-26,49b12a03-10c0-484c-8237-739a6995d1fe,Home,Africa,1,408.1,0.1,BankTransfer,2.0,3.8,367.29
4879,2023-03-14,5aac72b1-77e7-4d81-9b88-fc72b66cdb02,Automotive,Europe,3,342.59,0.1,BankTransfer,7.0,3.3,924.99
40647,2025-02-25,a31dfea7-db3d-4d05-99b1-3a2bdd5c423c,Beauty,Oceania,4,296.73,0.05,Cash,9.0,2.6,1127.57
48833,2024-07-05,282b0c7b-917a-42fa-af27-f61234386cdd,Sports,Africa,5,231.31,0.0,BankTransfer,2.0,,1156.55
31788,2023-08-27,1e77dfe3-b713-4d43-93bf-8eced57bf281,Automotive,Africa,3,459.57,0.1,Cash,4.0,4.2,1240.84
81582,2025-01-24,8cb76f16-1e92-4530-b65a-7a1e676502fe,Home,Asia,2,107.91,0.15,BankTransfer,4.0,5.0,183.45
88551,2025-12-08,9482c1a7-191a-4155-9da6-1d5a9b906ef3,Automotive,North America,4,221.43,0.1,PayPal,6.0,5.0,797.15
74580,2024-01-22,25ec7f35-8a57-4dae-8260-b3e9341c5b7d,Beauty,North America,1,404.94,0.0,Cash,1.0,3.3,404.94
89799,2025-05-18,e5e09b0c-04cc-4b10-839f-82795a1ceb3c,Sports,Africa,4,167.11,0.05,PayPal,1.0,2.8,635.02
53309,2023-03-02,50268e08-a65e-451f-9e88-514a341c628f,Home,Asia,3,460.79,0.05,CreditCard,1.0,4.6,1313.25
53930,2023-09-29,689e4534-2e0e-4d6c-9f06-b25efc80ecb1,Automotive,Asia,3,462.4,0.05,Cash,3.0,4.1,1317.84
619,2023-03-10,a1a27485-7134-4c2a-b80b-3657117b355b,Electronics,Europe,1,146.83,0.2,Cash,4.0,2.6,117.46
31250,2024-08-21,d4d2db94-52ef-4d50-a330-27bb31b419a3,Toys,North America,5,375.84,0.0,CreditCard,4.0,3.6,1879.2
56513,2025-02-25,1c2896dd-23b3-417e-b81d-419c7ca1c13d,Toys,Europe,3,128.2,0.0,CreditCard,4.0,2.1,384.6
28584,2024-01-07,8f1c9563-f4ee-48f1-8851-fd317fdd0dfe,Home,Asia,4,226.12,0.15,BankTransfer,2.0,4.3,768.81
72376,2023-01-16,40502e24-7d5b-4a19-a6f3-4f55936b7e54,Sports,Africa,1,353.55,0.1,BankTransfer,6.0,4.3,318.2
6167,2024-08-23,d96688c9-8623-481e-8224-da50bd10f69f,Automotive,Africa,4,242.27,0.0,Cash,7.0,3.6,969.08
51744,2025-08-18,b031512e-f792-4747-b969-4ba48cdad6e4,Automotive,South America,1,429.31,0.05,BankTransfer,2.0,3.6,407.84
52046,2025-07-15,935e2b4e-4a93-4430-8f73-ce9ad971958e,Home,Oceania,3,450.35,0.0,CreditCard,6.0,3.6,1351.05
93052,2025-12-27,,Toys,South America,3,248.88,0.0,BankTransfer,9.0,3.7,746.64
128,2023-10-29,19985f15-ff00-4d4d-9020-59e4ff9ab5c2,Automotive,North America,5,57.82,0.1,CreditCard,2.0,2.4,260.19
43822,2025-12-20,d70af45c-5050-439e-a8ea-db3ac0f77231,Sports,Europe,3,279.49,0.1,BankTransfer,3.0,3.3,754.62
58175,2024-10-29,d82efc41-8f90-4f81-9c57-9337a51cf515,Home,North America,1,285.46,0.0,BankTransfer,4.0,2.4,285.46
15250,2024-07-14,c195842c-ed8a-4d7e-88f1-651410160de4,Sports,Africa,5,472.85,0.15,CreditCard,6.0,2.5,2009.61
89578,2023-10-01,38a08d59-8929-484e-9c34-0d675d0126fc,Home,Africa,1,40.88,0.0,PayPal,4.0,3.6,40.88
82484,2025-08-28,c8866ee5-9a72-415f-99eb-dc47e054ed3a,Toys,Oceania,3,105.04,0.05,Cash,9.0,2.3,299.36
58914,2025-09-15,325229ef-b3b1-4073-b1ac-300497c99412,Automotive,Asia,4,44.63,0.05,Cash,8.0,3.4,169.59
25585,2024-06-26,3cb58848-263a-4c25-9dfd-0060ea672ea7,Fashion,Oceania,1,149.35,0.0,BankTransfer,3.0,3.3,149.35
29537,2025-07-31,762cd511-f827-4761-be1c-2f0577d15700,Automotive,Europe,5,104.95,0.1,Cash,7.0,2.4,472.28
29516,2023-09-03,8f202014-7ac5-40dc-8fba-0368125c5c26,,Oceania,2,,0.0,Cash,4.0,,678.54
14532,2024-10-03,f16e09b5-d96b-4d4e-acc6-34234167a8cc,Sports,Africa,4,303.45,0.1,BankTransfer,7.0,2.9,1092.42
25555,2025-11-12,fab014c1-47bf-424e-870d-cc6ce777dac2,Sports,Europe,4,356.04,0.0,Cash,7.0,4.6,1424.16
64440,2025-02-13,1196d7b3-b3c1-4432-83c2-92c11013c69d,Automotive,Europe,5,423.96,0.05,BankTransfer,4.0,3.9,2013.81
41223,2024-04-27,18649df3-35fc-4eeb-b1e7-9cbe45698172,Automotive,Asia,4,493.4,0.1,PayPal,6.0,3.5,1776.24
41999,2024-07-12,6cf78d41-942d-4ebe-87b5-b85a4b38f3be,Toys,North America,3,327.3,0.15,Cash,6.0,2.8,834.62
40615,2025-12-20,bbf1eeac-c109-46ba-a772-bff7ec6696a0,Beauty,North America,2,168.36,0.0,BankTransfer,2.0,2.2,336.72
89520,2023-12-19,2c1b5208-98be-4419-9d13-c37dba144430,Electronics,Europe,2,341.21,0.05,BankTransfer,5.0,4.7,648.3
75166,2025-11-02,c7386f17-b579-4381-95f4-26b2ffbb2888,Fashion,Europe,5,369.603,0.2,Cash,3.0,3.4,1478.41
79955,2025-12-10,711942ce-cb34-475d-ba7d-0975c94c4e15,Beauty,Asia,1,433.63,0.05,BankTransfer,7.0,3.6,411.95
11726,2023-08-10,7b62e628-b34d-4ab6-86da-d79be7c9b4b3,Fashion,South America,2,317.89,0.0,PayPal,9.0,3.1,635.78
19758,2023-12-08,3a0616db-0f76-4580-963d-8b82fba30867,Fashion,Oceania,2,380.01,0.0,BankTransfer,2.0,3.3,760.02
88811,2025-03-21,f83cad25-6468-4486-8083-ff044cf4b3de,Beauty,Europe,3,273.63,0.0,PayPal,7.0,4.6,820.89
43432,2023-04-24,6e23ad9c-e117-4c6d-a745-e1471b2d79c8,Sports,Africa,2,222.78,0.0,Cash,2.0,2.4,445.56
53170,2024-06-14,a749e7d7-2411-4077-bdcc-f2e173d2b8bf,,Europe,3,359.41,0.0,Cash,6.0,4.2,1078.23
46123,2023-02-03,a794799c-ba72-43c8-820b-be484e5d92fa,Fashion,Africa,4,66.18,0.2,PayPal,7.0,4.8,211.78
44197,2025-08-31,f350b1aa-756b-4367-bbde-74d5d62e2276,Fashion,South America,2,343.27,0.15,CreditCard,1.0,3.2,583.56
65575,2024-10-10,c83a5465-e899-49dc-ad48-3acfd3de9724,Toys,North America,3,183.61,0.1,PayPal,1.0,3.8,495.75
27544,2023-03-11,8e392317-ba35-45cc-92e4-446dc5784a40,Automotive,Oceania,4,217.54,0.1,PayPal,4.0,2.3,783.14
24041,2023-12-20,46141175-895b-43de-8734-f09e1bd23a12,Toys,North America,2,47.4,0.1,PayPal,6.0,4.5,85.32
93812,2023-09-04,10bfdba1-50cf-4f30-9b29-dfd2d24ca24d,Sports,North America,3,11.11,0.0,CreditCard,1.0,2.7,33.33
76179,2025-02-07,c2ee81bc-812e-432c-ad6b-9c9023e28314,Fashion,Europe,5,408.95,0.2,CreditCard,8.0,3.9,1635.8
42222,2025-07-08,8dfcbd29-b905-4544-bad6-6eba8c8bf013,Beauty,North America,4,479.33,0.0,CreditCard,5.0,4.5,1917.32
23343,2025-03-17,87fe47c4-06d9-4a16-8c4d-9c5cd67638a7,Home,South America,3,319.54,0.2,CreditCard,2.0,3.1,766.9
87340,2024-02-07,221f4823-fb1b-4719-a88e-0e64abed0706,Home,Europe,3,267.02,0.0,PayPal,8.0,3.0,801.06
20335,2023-11-03,4c66da55-8d78-4bd0-8b9f-d9ae07150540,Electronics,Africa,2,323.136,0.1,Cash,7.0,4.7,581.64
48595,2024-03-08,bc55dba0-58c8-47e4-b81e-494dab1230cb,Toys,Europe,2,37.36,0.0,BankTransfer,7.0,2.2,74.72
97619,2024-08-24,7f5b1d1e-dd06-4803-9a60-1fc639898d07,Beauty,South America,2,135.52,0.15,BankTransfer,6.0,2.7,230.38
71950,2023-06-03,0d58848d-7ff1-4f79-801f-5785007e82d6,Beauty,South America,2,179.88,0.0,CreditCard,9.0,4.2,359.76
85182,2025-11-30,57fe485f-4e59-4445-8bcf-5ff055f0fb43,Electronics,Oceania,5,211.04100000000005,0.15,PayPal,1.0,2.6,896.92
22123,2025-01-21,caa7c04f-c2de-434a-a46d-87b83664fe70,Electronics,Africa,3,184.02,0.0,CreditCard,5.0,3.0,552.06
23538,2024-06-18,5d8c8633-e673-458e-93f7-0eea9c8a9bef,Fashion,Asia,2,420.79,0.15,CreditCard,5.0,2.2,715.34
55005,2023-08-06,8b399f8c-1250-483b-a779-84ecefb00e4b,Automotive,South America,5,480.96,0.05,BankTransfer,1.0,2.8,2284.56
64722,2025-03-13,7e8280af-ec51-46f8-8cf1-604e902d35e4,Home,South America,3,365.92,0.05,PayPal,9.0,2.1,1042.87
39234,2025-09-05,ef1ed1a0-591d-4edf-b206-791dd578128c,Beauty,Africa,2,304.59,0.2,BankTransfer,9.0,4.3,487.34
24014,2023-03-21,98c9c1c4-ea2d-4edd-ac6f-e3974172615b,Electronics,South America,3,72.85,0.0,CreditCard,2.0,2.7,218.55
49780,2023-06-09,0a966abc-4b53-4cbc-9430-4757b1def117,Beauty,South America,1,434.62,0.0,BankTransfer,9.0,4.4,434.62
25254,2025-02-19,c7262bd3-41d5-423d-904a-eed19bc13571,Fashion,Asia,2,81.31,0.0,CreditCard,2.0,4.1,162.62
89962,2024-05-03,65e76376-d4b8-48e5-8126-855e9d3c23f2,Fashion,South America,3,238.56,0.0,PayPal,6.0,4.5,715.68
89484,2023-02-13,461e5bd0-7762-4057-a06d-779296ae2fcf,Sports,South America,1,14.29,0.05,CreditCard,9.0,3.7,13.58
43459,2025-08-27,4cfc9ca9-f6b1-40e2-af28-5c3220c6f80e,Fashion,Asia,4,262.93,0.05,CreditCard,5.0,3.6,999.13
51464,2025-08-04,3e65bc87-af24-4a42-a7ce-5d2a9e2ca3b6,Home,Europe,5,439.51,0.0,BankTransfer,3.0,3.7,2197.55
23356,2024-08-19,87bafe02-6274-42c0-b686-ebd04da118b7,Toys,Europe,1,195.3,0.0,BankTransfer,1.0,2.5,195.3
42273,2024-02-08,9bffa96b-b931-4d57-984f-aee4ea8da8fd,Beauty,Asia,1,31.8,0.0,CreditCard,6.0,3.8,31.8
57579,2025-02-28,9938f43e-b4c9-42af-8e56-cb69f9aca6ad,Beauty,Oceania,1,314.81,0.0,PayPal,3.0,2.3,314.81
6932,2024-04-09,910aeb6f-6b56-4091-a65c-9da5be160640,Automotive,North America,2,248.74,0.1,BankTransfer,4.0,4.2,447.73
70629,2025-02-24,25f4ce48-9d48-4de1-aa6c-c08455bab777,Home,Africa,1,462.92,0.0,BankTransfer,7.0,2.8,462.92
97107,2024-08-26,88f08c34-9c27-4830-b079-76ac085ec97f,Fashion,North America,4,99.01,0.1,BankTransfer,3.0,2.7,356.44
69770,2024-12-01,6e7415b8-5c96-456e-b61e-7da267b8f283,Sports,Europe,2,160.0,0.15,BankTransfer,5.0,3.3,272.0
86978,2023-07-30,3ee91cc5-1734-4c96-ac4a-c8b36d3df0d4,Fashion,Asia,1,391.48,0.0,BankTransfer,3.0,3.7,391.48
64640,2024-09-01,8555eac2-e269-4e42-9904-adc4bf7abfc3,Electronics,Europe,4,419.55,0.0,BankTransfer,3.0,3.2,1678.2
86703,2023-12-28,97a364cb-9902-478f-9925-98cfbca8df9a,Beauty,Africa,4,265.76,0.05,BankTransfer,2.0,4.0,1009.89
37222,2024-01-24,abe55017-2f0f-450b-8141-245e1bab875b,Automotive,North America,1,348.0,0.0,BankTransfer,5.0,4.8,348.0
77616,2023-05-30,4273830a-f0be-4661-9ebe-42924048feb7,Automotive,Asia,3,290.52,0.15,Cash,8.0,3.4,740.83
97411,2025-12-09,908275f5-c1e7-4677-8c6e-a1d443afc863,Sports,South America,1,62.03,0.0,BankTransfer,8.0,2.3,62.03
5155,2025-06-09,2abc4b2f-b0a6-4457-8620-5f4a6e718848,Beauty,Asia,2,253.12,0.05,Cash,5.0,2.7,480.93
12897,2024-01-26,f1b46b8c-2d97-443a-98ee-0e5cb362fb84,Automotive,Europe,5,316.16,0.0,CreditCard,3.0,2.3,1580.8
25453,2023-08-17,14d3d56b-27c8-44ea-9c01-b91bc1597635,Toys,South America,3,50.21,0.05,PayPal,4.0,2.4,143.1
68845,2023-06-07,eb66cedb-b691-4877-97dd-145e074b2e75,Toys,North America,2,,0.0,PayPal,3.0,4.7,919.38
71403,2023-04-21,c9b54beb-c078-49a9-8f56-3aac92793743,Sports,South America,2,363.92,0.05,BankTransfer,5.0,3.7,691.45
80872,2025-07-28,55f96a6e-99d7-4baf-bae8-a90b28b9d3fb,Toys,Europe,4,190.78,0.0,BankTransfer,2.0,3.2,763.12
60626,2024-01-10,e01f2d89-fdb8-4e48-87df-cc39293aa0cc,Electronics,North America,5,105.63,0.0,Cash,7.0,3.8,528.15
14425,2023-06-04,9710160b-de6d-4591-9362-0975ad14ea20,Beauty,Asia,4,468.66,0.2,BankTransfer,9.0,3.6,1499.71
75534,2024-07-03,ab07d8fa-4aca-4e49-bf07-33cedda72f8d,Toys,Oceania,1,124.71,,CreditCard,9.0,2.4,106.0
96308,2023-05-31,079389d7-fbd2-46f1-883d-5bf6a856525c,Home,Oceania,3,76.99,0.15,PayPal,7.0,2.5,196.32
64720,2025-10-12,85023342-6429-42d2-b329-c6597df15612,Automotive,South America,3,180.59,0.0,PayPal,8.0,3.3,541.77
71489,2024-10-20,6816439b-7aef-4ca4-ba28-95fae33daafa,Automotive,Europe,5,290.89,0.1,PayPal,1.0,3.7,1309.0
10844,2024-08-20,53e946d9-528d-42fe-a60a-7799f2700781,Toys,Asia,1,424.83,0.0,BankTransfer,9.0,4.9,424.83
61242,2023-07-17,082910c9-7984-444d-9ea4-788e1acd5c2a,Electronics,North America,1,257.67,0.1,PayPal,1.0,3.4,231.9
95028,2024-08-02,ef9f7c79-9b37-40ab-9b58-2e9ec8ab2ea8,Electronics,Africa,2,197.86,0.0,Cash,7.0,4.6,395.72
78450,2025-03-17,ec4ba0d5-259a-4210-8d61-79c411f6cad3,Beauty,Africa,5,132.69,0.0,BankTransfer,3.0,2.4,663.45
15366,2023-01-07,21198e7e-9ec4-4786-8327-6984e0ad133d,Electronics,Oceania,3,170.44,0.05,CreditCard,7.0,4.6,485.75
86180,2023-01-25,b091f2db-bfad-4216-87a5-98c1548b325d,Beauty,Africa,4,399.83,0.1,PayPal,2.0,4.5,1439.39
77652,2024-01-25,35957030-b1ac-4988-8443-c78b48e96368,Toys,Africa,5,421.22,0.0,CreditCard,9.0,3.1,2106.1
46029,2023-07-12,f1f5a477-1474-44cd-bc47-3155dc2fa969,Sports,Africa,4,119.47,0.2,BankTransfer,7.0,5.0,382.3
76636,2023-06-02,645094dc-4819-49e2-a19f-3e62dbb4163b,Toys,Africa,4,413.7,0.05,CreditCard,7.0,2.4,1572.06
52828,2023-04-08,410ec9d0-a074-472c-b7fe-ffe2407cd449,Automotive,North America,4,440.38,0.1,CreditCard,4.0,3.4,1585.37
55371,2025-12-01,a73b189f-9bc6-4ed1-8818-0a2ef9483602,Home,Africa,5,325.34,0.0,BankTransfer,1.0,4.5,1626.7
80918,2024-04-25,2e277539-b71d-4c90-8736-e0d79c47e99b,Beauty,Oceania,5,82.21,0.0,PayPal,9.0,2.0,411.05
59650,2023-06-08,074a1822-880d-49f0-be21-d20dc5a6e6fa,Sports,Asia,4,149.44,0.0,BankTransfer,4.0,2.7,597.76
67359,2025-01-24,d0908ff4-6288-401a-9d0e-10f33f7999f5,Home,Oceania,1,47.91,0.1,BankTransfer,6.0,3.8,43.12
6749,2025-03-19,8cf996a3-d028-4602-a066-5e51f76d7126,Fashion,North America,2,178.66,0.05,Cash,2.0,3.9,339.45
84008,2024-12-26,e734227a-cdd0-4b25-abbe-4eba4ceb6fe7,Automotive,South America,5,336.17,0.0,Cash,4.0,3.1,1680.85
80032,2024-04-21,25ed5611-11c6-44de-8aa5-1055d8752c82,Electronics,South America,4,303.65,0.05,Cash,2.0,2.6,1153.87
73835,2023-01-11,53d8b26c-8b56-4e45-93d5-be8876eb1556,Electronics,North America,3,220.13,0.1,PayPal,4.0,3.7,594.35
19525,2024-03-24,315f6ced-bf07-42aa-9f9b-debbec77139b,Beauty,Oceania,1,282.78,0.15,Cash,8.0,2.1,240.36
47543,2024-02-16,7ce20ae4-162e-4cca-8b47-89e83a9871c9,Home,South America,3,249.38,0.1,BankTransfer,6.0,2.9,673.33
42124,2023-02-18,bfb5e595-fd1f-4a89-bea4-3216aebb261d,Electronics,Oceania,5,167.92,0.0,Cash,1.0,4.8,839.6
60256,2025-10-11,889dd48e-685b-4c32-a054-01215bc3627b,Toys,Asia,1,429.17,0.0,Cash,3.0,2.9,429.17
55517,2025-12-02,c08724f3-58e3-459e-98fb-bbcb6332b5f8,Electronics,North America,3,317.53,0.2,Cash,4.0,2.2,762.07
92856,2025-04-01,74d499e3-d09e-4e58-a0b1-5762f3564292,Toys,Oceania,2,306.2,0.0,BankTransfer,8.0,2.3,612.4
14169,2025-09-22,9dbf4277-589e-4b66-a7a5-1ec243c3329b,Electronics,Europe,5,42.02,0.1,Cash,8.0,4.0,189.09
81638,2025-06-08,f2a2a958-d99e-49eb-869d-c5a7f7983520,Toys,North America,3,426.68,0.15,Cash,5.0,3.4,1088.03
92705,2024-08-22,ac243a24-a275-4bd9-bf94-abc9d724f943,Beauty,Asia,1,326.34,0.15,Cash,1.0,4.1,277.39
60768,2023-07-24,b61578b3-1b95-452e-a97d-b63144c769c0,Toys,Asia,5,443.62,0.0,BankTransfer,6.0,3.9,2218.1
31940,2025-12-17,60fa9827-5b10-4c4e-9e34-e78d78ec5420,Home,South America,1,26.26,0.15,BankTransfer,7.0,3.3,22.32
28741,2025-10-16,b0e00fc4-cb87-4110-bc21-3ab1f6797d4d,Home,Africa,5,121.33,0.05,PayPal,7.0,2.6,576.32
86781,2025-12-07,c830a598-e82a-4214-9be1-89ffa9993646,Beauty,Asia,2,449.09,0.0,Cash,8.0,5.0,898.18
94566,2023-05-22,544ef47c-e1d2-4e67-96fd-7c654d012e49,Fashion,Europe,1,218.38,0.0,,4.0,3.0,218.38
98255,2024-08-23,9ee96654-b7ca-4d05-916c-8b8abcb42e14,Beauty,Europe,1,178.48,0.05,PayPal,9.0,4.6,169.56
55700,2023-06-24,74c3a1f7-2235-44b2-8edf-0fe9752b1213,Home,Europe,1,463.27,0.0,PayPal,2.0,4.3,463.27
23652,2023-11-23,27362677-4b13-4b6a-8ef0-5e0879c3de2a,Toys,Oceania,5,221.139,0.0,CreditCard,2.0,2.3,1105.7
47140,2024-12-12,40b913f2-ac79-443f-8b8d-b35f47f101be,Home,South America,1,52.27,0.0,PayPal,6.0,3.9,52.27
91372,2024-02-20,deaaddae-370b-4ace-884e-844481291a28,Home,Africa,4,447.31,0.1,CreditCard,8.0,2.3,1610.32
21106,2025-09-17,b4848204-fa06-4d04-9bcf-ecffa4771141,Automotive,Oceania,1,46.98,0.15,BankTransfer,2.0,4.9,39.93
34824,2024-12-20,333778c0-5ed0-4957-92e4-f341d3b27e9e,Beauty,South America,4,283.89,0.15,BankTransfer,6.0,3.5,965.23
6371,2025-02-01,6508f5c4-2994-4775-ba4b-90e3fdf26daf,Electronics,South America,5,407.79,0.1,PayPal,7.0,2.9,1835.06
31693,2024-05-14,853473a3-cbb9-47ea-82af-aedea83f657c,Home,Africa,4,143.1,0.0,BankTransfer,5.0,2.6,572.4
76815,2025-08-03,cfc8457d-0710-4233-97c6-c47557ee2ce9,Fashion,South America,3,481.31,0.0,PayPal,7.0,2.2,1443.93
89460,2024-07-05,e8b9c59c-bc3b-439d-b40c-e9a318bb1b9b,Electronics,North America,4,19.56,0.05,Cash,1.0,3.0,74.33
85966,2024-03-10,4a8459ce-7d47-4283-81f7-9abe387507ac,Home,Asia,5,84.39,0.05,BankTransfer,7.0,2.1,400.85
3320,2025-01-11,fff446b9-bb46-4c13-b28a-030b532da8fe,Toys,North America,3,11.92,0.15,PayPal,4.0,4.4,30.4
18653,2025-03-03,935d1c24-0246-4d11-97ab-d79712886be9,Home,South America,4,286.77,0.0,PayPal,6.0,4.7,1147.08
15664,2024-01-16,b9599622-7466-4dc9-a4db-70c40eb496ce,Beauty,Africa,5,197.04,0.0,Cash,5.0,2.2,985.2
33862,2024-04-17,c837f0cc-7629-48b6-8727-152c5a14bab2,Home,North America,3,345.86,0.1,CreditCard,5.0,2.3,933.82
3232,2023-08-06,3fe604f4-2867-4d3b-9c5f-3cba150d28eb,Toys,Europe,3,298.26,0.15,PayPal,4.0,3.3,760.56
24007,2023-07-30,d3f3eaaf-ceea-459f-bdbc-5a27098256a4,Toys,North America,3,486.83,0.0,PayPal,1.0,3.3,1460.49
53624,2023-06-27,ea4fb08e-6fbe-4ae1-ae4d-c918521a880e,Home,Europe,2,232.74,0.05,BankTransfer,1.0,3.4,442.21
90340,2025-09-05,9d1d0c19-4ff2-450f-b8fb-91ecb11457a7,Electronics,Oceania,2,278.89,0.0,BankTransfer,1.0,4.2,557.78
60274,2025-02-19,69ab744a-5c6c-4287-aa8c-f464263c382e,Fashion,North America,2,54.09,0.2,CreditCard,8.0,4.6,86.54
1385,2024-11-07,69be173a-850e-40ad-9872-f72ee5b4a1ae,Beauty,Europe,4,8.262,,CreditCard,8.0,4.7,29.74
25075,2023-07-10,e68aa52f-f4f1-4bd7-a2c6-9d34feb12af1,Fashion,North America,5,254.15,0.05,Cash,7.0,4.8,1207.21
57259,2023-09-14,082e68db-b53c-41e1-8b2c-9e7295f6130c,Toys,South America,3,400.53,0.0,PayPal,8.0,3.0,1201.59
64131,2023-07-23,1f602dec-3f2f-4e63-8120-85a5da0401c9,Sports,Europe,5,378.43,0.2,BankTransfer,5.0,4.1,1513.72
56462,2025-05-17,788253e9-0e40-4f4b-bf69-30ed931ad3ab,Sports,Europe,4,210.59,0.1,CreditCard,5.0,4.6,758.12
16132,2024-08-02,15a16bb6-d43b-4ff3-8ef9-0eae8282a46c,Home,South America,5,120.19,0.0,CreditCard,4.0,5.0,600.95
64563,2024-11-16,5d893035-d07c-45d6-ad51-b71dd208d844,Home,Europe,5,143.95499999999998,0.0,PayPal,1.0,4.4,719.77
74018,2024-08-04,f98fd283-e9ec-49b8-a6e5-dfe0ec11f240,Automotive,Asia,1,10.52,0.05,CreditCard,8.0,3.5,9.99
22878,2025-01-22,b38f6de4-90c8-400b-bad0-8f4597826620,Fashion,South America,1,202.12,0.0,BankTransfer,2.0,3.2,202.12
96588,2025-06-14,4976a13c-d87d-48d7-bc54-49f7a3293ad9,Fashion,Europe,5,233.49,0.0,CreditCard,8.0,3.1,1167.45
37428,2023-12-17,6066eb28-1f72-4864-b77c-82a7cd38b317,Toys,Asia,2,396.51,0.0,CreditCard,2.0,4.5,793.02
45373,2024-01-10,86131e3f-e131-48e9-a50a-e9838788b9c0,Fashion,Africa,2,41.48,0.1,BankTransfer,3.0,3.9,74.66
55956,2023-09-03,56fae2de-8a69-413c-bf49-76fbc9f4394f,Beauty,Oceania,4,304.8,0.2,BankTransfer,9.0,4.6,975.36
46634,2023-02-26,b41d5a3d-f3fb-4964-9a15-45466c52fc9a,Home,South America,3,240.26,0.0,BankTransfer,4.0,3.5,720.78
30865,2025-12-11,c526199b-1591-4a0d-b407-18eacf553bea,Toys,Asia,5,493.28,0.0,Cash,6.0,,2466.4
39302,2023-03-09,6f97d15b-d51e-4e2f-8754-15a8fc6c9331,Automotive,Oceania,2,291.39,0.05,BankTransfer,1.0,2.9,553.64
12257,2025-04-30,3df8c0c9-d66b-4c9e-8d65-86ee1edb568b,Beauty,Africa,2,111.04,0.15,PayPal,8.0,2.2,188.77
21796,2024-08-20,a2bcdf45-98a2-4020-ae18-5055b2fc8f24,Automotive,South America,2,488.34,0.05,CreditCard,2.0,2.0,927.85
21518,2023-07-18,27fcb080-9839-4b39-bcfd-866942e12288,Fashion,North America,1,154.97,0.0,PayPal,4.0,4.6,154.97
18117,2023-02-01,bf971338-d239-427f-8f9f-3f8bd5c45f4e,Automotive,Europe,3,473.68,0.1,BankTransfer,3.0,4.7,1278.94
48215,2023-11-25,cc5fcfb8-9fc6-4092-b91c-187a3179ab12,Sports,North America,6,417.915,0.0,PayPal,3.0,3.5,2507.49
76915,2025-02-08,bd2c6c1e-c97f-446d-8036-511d4f6d42ac,Automotive,Oceania,2,334.93,0.0,CreditCard,5.0,4.7,669.86
93531,2023-09-18,4e47dc79-facd-4bb8-95ae-1bb2d2771005,Sports,Africa,5,280.77,0.0,PayPal,9.0,3.3,1403.85
45918,2024-11-23,e5a82573-a363-4d05-9918-796593181c9b,Fashion,Asia,4,248.67,0.05,BankTransfer,1.0,3.6,944.95
67015,2025-01-20,3e9c3c62-4682-4f0b-9143-612d37deed1e,Fashion,Asia,3,463.37,0.0,CreditCard,1.0,3.7,1390.11
49661,2023-04-30,d037c5e3-3183-4b8a-98b9-562608ab8a4b,Automotive,Africa,4,300.55,0.15,Cash,5.0,2.7,1021.87
88639,2025-09-19,a8ba8e3c-5f76-4c60-9fa6-e0e0394bd07f,Sports,Africa,3,399.13,0.1,BankTransfer,7.0,3.1,1077.65
60512,2023-12-29,f01670fd-7e67-40e2-a811-b7ebfe8c3938,Fashion,Asia,4,378.06,0.0,PayPal,7.0,2.8,1512.24
70814,2025-10-10,86fd72e5-cb08-4413-87a5-9174973ab9a7,Electronics,North America,2,184.04,0.0,Cash,2.0,3.7,368.08
59039,2024-05-25,81570c12-6a33-4754-8d55-ccf138928c17,Fashion,Africa,4,192.13,0.05,BankTransfer,5.0,3.4,730.09
64000,2025-01-31,60b4fc7e-2dc4-4848-b318-7e8f6afe39bf,Fashion,North America,3,442.67,0.15,Cash,5.0,2.1,1128.81
15055,2024-05-23,9f69d845-7df9-4cb3-b78e-045a17bd1f60,Fashion,South America,1,178.38,0.0,PayPal,8.0,5.0,178.38
78331,2024-03-11,2ec62764-43e8-4ebf-8b9f-0817255961ba,Beauty,Oceania,4,395.36,0.0,BankTransfer,8.0,4.8,1581.44
59965,2024-11-13,0d075dfb-acfa-4825-b3ff-886f49fe4a5d,Home,Africa,3,423.189,0.05,PayPal,5.0,2.4,1206.09
75518,2023-10-13,5aea5bc1-3ad8-41dc-856a-6310ee1e6f5d,Automotive,South America,4,,0.05,CreditCard,7.0,2.2,588.2
89079,2025-01-20,e03f589d-aeca-404c-a840-4cd4a18b6413,Sports,Africa,1,347.71,0.0,PayPal,5.0,2.2,347.71
29269,2023-03-06,d4e0097e-0e05-4305-8527-dbd9cac965b7,Fashion,Africa,5,108.65,0.0,CreditCard,9.0,2.6,543.25
9163,2025-10-20,becfa316-c66b-4a01-8f90-1410bfba290b,Automotive,North America,3,307.16,0.0,Cash,6.0,3.8,921.48
86921,2023-03-10,ddf7c3e8-32c7-4e9f-bbe2-588bf748934a,Automotive,Africa,4,472.36,0.15,CreditCard,2.0,3.8,1606.02
84038,2023-01-06,0dd18a6d-63a8-47b1-8532-50d5c30447e5,Fashion,Oceania,5,433.7,0.0,PayPal,4.0,4.7,2168.5
35480,2023-11-03,677ffb7b-2b98-4895-afa3-fb1d79a376bd,Automotive,Africa,5,160.092,0.15,BankTransfer,7.0,4.4,680.39
65578,2024-06-28,628a59da-50a4-416f-9bee-2d2fe9ac9732,Toys,Africa,2,395.14,0.15,CreditCard,4.0,4.5,671.74
23862,2023-03-19,2d831604-5659-417f-b74b-e180391397cc,Fashion,North America,3,163.14,0.0,CreditCard,7.0,4.4,489.42
78050,2025-12-09,a5c4b535-634a-424b-a88b-f49f01b3c186,Beauty,North America,5,377.52,0.0,BankTransfer,1.0,3.7,1887.6
96506,2024-06-09,49ae5912-6f4e-4872-af5f-de834320362a,Home,Europe,5,51.68,0.1,PayPal,2.0,3.6,232.56
49161,2025-04-28,77d9b7a6-7e71-4946-acf7-0172a3fe0a8c,Electronics,Europe,2,55.22,0.1,CreditCard,3.0,2.1,99.4
71732,2023-03-01,acbb49f5-db13-4528-bc2a-c7ec90670e73,Beauty,North America,5,187.61,0.0,CreditCard,6.0,4.2,938.05
52011,2023-06-02,01030bad-3e60-4aeb-8816-2ff7e1f07aeb,Beauty,Europe,5,70.1,0.0,BankTransfer,1.0,3.9,350.5
67925,2025-04-22,7b1290e3-4876-4dfd-8083-b16ec123a9d8,Sports,South America,2,103.53,0.15,PayPal,9.0,4.5,176.0
53869,2024-09-18,de6a4c5b-616e-426f-8982-33d21a164704,Sports,South America,4,492.18,0.0,BankTransfer,1.0,2.3,1968.72
35333,2023-01-26,09dfd4cb-c345-4871-8e3c-f9737d1b51a9,Fashion,Asia,4,143.21,0.05,PayPal,1.0,2.4,544.2
20267,2023-10-30,2a879ac0-7670-4b08-877e-781c78f756d1,Automotive,Asia,1,461.31,0.15,BankTransfer,3.0,3.1,392.11
80797,2025-05-08,4bf64684-6e58-4c2e-953f-22aef9e3e218,Electronics,Oceania,5,52.07,0.0,Cash,1.0,4.7,260.35
55139,2025-01-17,888393b6-a094-4596-a34a-93ae05b88aa9,Sports,Africa,1,288.46,0.0,CreditCard,9.0,2.5,288.46
27238,2023-11-20,afd66de4-9b5f-4127-9270-481c0bcafa10,Toys,Oceania,2,218.592,0.0,BankTransfer,4.0,4.0,437.18
30966,2024-09-12,720c5e44-a894-4ccd-a663-196522da0119,Home,South America,2,143.32,0.0,BankTransfer,1.0,4.6,286.64
70626,2023-02-23,26f29800-1be3-43fd-9289-85e656ece23a,Home,North America,1,150.98,0.0,BankTransfer,9.0,3.8,150.98
5048,2025-08-15,092e9fab-2457-4251-89b6-7093d0fe42af,Toys,South America,5,153.73,0.05,CreditCard,3.0,2.3,730.22
67252,2023-05-29,59f60c3d-82fa-4ff1-a5da-f5fa1c3967d4,Home,North America,1,417.5,0.0,CreditCard,3.0,2.1,417.5
72497,2023-08-12,9f50a293-4a8d-442b-8009-f032a4422a48,Electronics,North America,4,235.83,0.0,Cash,1.0,3.6,943.32
37238,2023-07-07,995f33d0-ce28-4b84-bb13-8c6bd31e57cb,Beauty,South America,3,499.7,0.15,CreditCard,3.0,3.7,1274.23
3790,2025-02-08,d8867545-5025-4c18-95fb-f5dccabaef3c,Toys,Africa,3,338.22,0.0,Cash,7.0,2.6,1014.66
66954,2025-10-02,532038f0-bd3d-41f4-8a83-fefd4df70b67,Sports,South America,2,394.09,0.1,PayPal,3.0,3.5,709.36
16870,2025-06-19,1d1d931c-7b20-49bd-8732-b28ee8e02c58,Automotive,South America,1,214.26,0.05,Cash,9.0,2.8,203.55
2784,2024-07-24,d5d9a385-2bb2-4cbc-9c79-4cdb74c88361,Toys,South America,1,62.05,0.0,PayPal,,4.8,62.05
21218,2024-01-07,628474b8-e0e9-42dc-8cd5-bcca3cedbfa5,Automotive,Africa,3,223.69,0.0,CreditCard,5.0,3.8,671.07
81709,2023-09-17,0dbcdf75-5802-440d-9a42-6243c4541fce,Beauty,Africa,5,222.35,0.05,PayPal,6.0,2.3,1056.16
51133,2025-08-06,b85ae192-38aa-4c4e-b704-66350fe53ece,Home,North America,3,301.95,0.0,PayPal,9.0,4.0,905.85
86906,2024-05-28,0a609a44-d558-4631-82b8-78440102c253,Fashion,Africa,5,241.26,0.0,Cash,3.0,2.4,1206.3
11834,2023-12-22,c33b88b0-b677-4cbe-9928-662561a2bcaa,Sports,Oceania,3,431.66,0.1,BankTransfer,5.0,4.5,1165.48
47588,2025-09-17,6791ea9b-d83b-449d-a230-e9b9197ee3bf,Beauty,Africa,2,261.19,0.05,Cash,8.0,2.3,496.26
97908,2023-04-23,e1b9bd2e-779f-4702-9a6c-df5c4aea5fef,Beauty,Oceania,5,63.91,0.0,PayPal,1.0,3.1,319.55
6844,2024-07-23,b6a35409-1c20-486b-b5d0-44fb2cd64d84,Electronics,Africa,2,473.79,0.0,CreditCard,8.0,4.6,947.58
29336,2025-01-05,38129127-c176-4999-a5e1-9f2eb1f04f81,Automotive,North America,3,363.25,0.15,PayPal,3.0,2.5,926.29
16673,2023-12-17,93bcdfee-c59b-4ad4-8c73-7be3379785a0,Fashion,South America,4,215.06,0.0,PayPal,8.0,2.9,860.24
92612,2023-03-01,dc2a9875-37e8-4a6d-8902-78b31c417ab4,Fashion,North America,1,297.28,0.1,PayPal,9.0,3.3,267.55
76824,2023-12-12,7777eeac-606a-491e-a49d-b1ededad3695,Sports,Africa,3,265.89,0.2,CreditCard,1.0,3.0,638.14
50910,2024-12-22,cf05d83e-68a3-4262-9aee-626437c07aaa,Sports,Africa,2,77.25,0.0,CreditCard,7.0,2.7,154.5
40212,2025-11-09,5128f5f5-e102-4708-a1fd-341df472b40b,Toys,Oceania,4,134.496,0.0,CreditCard,5.0,4.5,537.98
99506,2025-12-04,bae9ceb0-9df3-41a6-8f88-3544c912b547,Toys,Oceania,2,59.75,0.05,PayPal,3.0,4.5,113.52
84722,2023-11-07,c5d208d4-e0ba-4fa7-8ecb-1542e1770969,Toys,Asia,3,411.417,0.0,BankTransfer,5.0,4.0,1234.25
85376,2025-09-20,5d400b20-5abd-46da-a31a-85af2417833e,Beauty,Oceania,3,464.08,0.0,PayPal,5.0,3.4,1392.24
17589,2023-11-14,8b6aa701-9bc7-4652-b876-4c84025de8b8,Home,South America,6,59.175,0.05,Cash,4.0,2.6,337.3
14486,2024-08-28,93e8b90d-d73a-4e2d-8155-0f52bb7202dd,Electronics,Oceania,4,276.1,0.0,CreditCard,2.0,2.7,1104.4
2041,2025-01-23,6690a951-fc04-4a7a-ae41-5f166263307c,Fashion,Europe,3,65.74,0.15,PayPal,7.0,3.1,167.64
7970,2023-07-11,331212d1-4cdc-4dcd-bdf5-e219468a4cd3,Beauty,Africa,4,220.73,0.0,CreditCard,4.0,3.0,882.92
46939,2024-04-22,4d92d3a5-3520-4b1b-933d-8a8394518b3f,Sports,South America,3,71.8,0.0,CreditCard,1.0,3.8,215.4
16124,2024-05-31,897bc49d-9b41-46d4-b68c-9deaca328ebf,Fashion,North America,4,485.25,0.1,PayPal,8.0,4.3,1746.9
93781,2025-09-01,f6a0ee8d-7870-4e4c-896f-ff65685a712d,Electronics,Africa,3,94.07,0.0,BankTransfer,,3.7,282.21
40962,2024-09-27,d22c0fcb-a709-4845-be77-12d84b89d5d8,Automotive,Europe,5,284.08,0.15,Cash,7.0,4.3,1207.34
7340,2024-07-06,8750be7b-d5bb-43a4-80b8-7dc36444ea5b,Toys,Oceania,5,237.84,0.1,BankTransfer,7.0,4.3,1070.28
6268,2023-05-06,330c8461-0d06-4891-a980-8e3c9fa3fe4b,Beauty,Oceania,1,181.42,0.1,PayPal,3.0,3.7,163.28
26330,2023-11-15,28848e97-5a69-4dab-9d1b-779dcc2d9252,Sports,North America,2,216.342,0.05,BankTransfer,5.0,4.0,411.05
40475,2023-10-25,f2e9984e-99bd-4dcb-8f78-4fb7db004526,Electronics,Oceania,4,156.25,0.0,Cash,1.0,2.4,625.0
42004,2024-04-14,fa1c7b4a-ab21-4471-9b19-af8d842b4424,Automotive,Africa,2,454.11,0.1,Cash,5.0,2.2,817.4
29651,2023-01-07,05dc0f1b-5cba-4958-baa9-6717cd7a9d15,Home,Asia,5,249.95,0.1,PayPal,5.0,3.0,1124.78
10444,2023-03-18,d10c7983-9123-4a9d-8f77-283d94dbaa54,Fashion,Africa,3,209.54,0.1,PayPal,8.0,4.1,565.76
83439,2023-09-24,bc9834d6-0ca1-4971-9ed6-d9996b6d1ba0,Automotive,South America,1,153.14,0.0,PayPal,6.0,3.5,153.14
96010,2024-11-22,9c176525-30f3-40da-b36d-3daadeb65bae,Toys,Oceania,6,350.397,0.0,BankTransfer,8.0,3.2,2102.38
9094,2023-08-09,a5637759-e10a-4c64-9752-800f42bb7890,Electronics,Africa,2,25.06,0.1,CreditCard,2.0,4.9,45.11
42159,2024-01-30,46e8b91f-8633-4088-b296-f9f05bb57547,Automotive,Europe,4,417.88,0.0,Cash,9.0,4.0,1671.52
19730,2025-12-12,40c8f92a-66a6-43f8-aa5d-f9a9b7091b12,Fashion,North America,5,141.44,0.0,BankTransfer,9.0,3.2,707.2
43712,2025-05-31,f4b881b1-a40f-4883-be23-ec28b1ea56f0,Fashion,Oceania,1,426.83,0.1,Cash,7.0,3.3,384.15
13706,2023-01-24,6a1afce6-9d6a-4282-a830-fc292f5cc178,Toys,Europe,4,394.66,0.15,Cash,3.0,3.2,1341.84
70060,2023-12-02,20c723d3-ff16-40c6-ada2-4653e1bfe8c4,Fashion,South America,4,318.62,0.05,Cash,5.0,2.2,1210.76
51538,2025-07-21,ec6efc34-e8a6-42aa-8779-b08a9997fc63,Home,Oceania,5,95.34,0.05,CreditCard,4.0,2.9,452.86
27184,2024-09-19,04ef166d-b00d-40bc-838e-13f48c7f34d9,Beauty,Asia,5,130.89,0.1,Cash,9.0,2.9,589.0
11288,2024-07-01,37ec649a-3964-4f48-8cfa-eea8e395f2fc,Fashion,Oceania,1,87.33,0.05,BankTransfer,4.0,4.5,82.96
58846,2023-01-08,26c3aaf7-d8ba-4d48-94e6-cd669be8a7e0,Automotive,Oceania,3,489.6,0.0,PayPal,3.0,4.1,1468.8
39522,2025-05-26,5650e485-9142-494e-b0fe-4912baed6139,Automotive,Oceania,3,301.05,0.0,BankTransfer,3.0,2.2,903.15
91573,2024-09-07,d169a88b-19e8-4744-a23b-7fdadf469b4d,Automotive,Africa,5,82.31,0.0,BankTransfer,1.0,5.0,411.55
27820,2024-04-27,b3e771d3-23d0-41a1-bfa3-30ffebd66712,Sports,Oceania,5,165.42,0.2,BankTransfer,5.0,3.7,661.68
51389,2024-09-16,1eac007f-5df6-4dc5-859e-a5dc8b21b509,Sports,Oceania,3,91.9,0.0,Cash,5.0,3.2,275.7
93466,2024-04-19,109cda2f-ab9b-48ea-82e7-1e889a50893d,Electronics,Africa,1,440.68,0.2,Cash,3.0,4.7,352.54
73218,2024-10-05,2cd99d2e-2e29-412c-904b-a1e8c58000fc,Beauty,North America,1,311.12,0.05,BankTransfer,2.0,3.7,295.56
79959,2023-08-10,8435c3fe-079a-4e06-94ad-5ff16898c90d,Sports,Oceania,5,123.61,0.1,Cash,6.0,4.1,556.24
72885,2024-03-18,5245ada7-ce69-4b27-87e7-bb3b121c964d,Fashion,Africa,3,14.85,0.1,Cash,6.0,2.0,40.1
83013,2024-12-17,079b1b13-08a4-4364-8f46-b0e0aa8b967c,Automotive,Asia,4,314.41,0.0,Cash,4.0,3.6,1257.64
691,2023-11-12,b6f6dbf1-d6d4-41cc-995d-82f8ee4a9b5d,Fashion,South America,3,115.65,0.05,Cash,5.0,4.7,329.6
17571,2025-07-06,7182d248-5afe-421d-ad7d-9f25c3f8f3cc,Beauty,Oceania,1,170.24,0.05,Cash,4.0,3.5,161.73
40942,2024-06-11,07d0ea6f-d446-49b0-9c35-d662c70ad6a8,Sports,Asia,5,365.18,0.1,PayPal,9.0,,1643.31
86762,2025-10-09,14ff6ad9-bf5f-4ac7-bb40-d45704a03f37,Sports,Africa,5,124.71,0.2,BankTransfer,4.0,3.1,498.84
88754,2024-05-17,e7daacc9-48b0-4d61-a8c2-579ffe7e8f5d,Sports,Europe,5,457.43,0.05,CreditCard,6.0,3.3,2172.79
31777,2025-09-15,a0fb6a0d-36e4-42e0-95c4-cad7f31d81a7,Fashion,Europe,1,304.78,0.0,BankTransfer,9.0,5.0,304.78
28127,2023-01-04,f0c3c3dc-a885-4f61-81f2-11d7153db7db,Toys,South America,1,289.04,0.0,Cash,8.0,4.2,289.04
52885,2025-12-11,7b6b91f4-e12a-4115-b4c8-65aa0b0f0e35,Electronics,Africa,3,31.93,0.0,PayPal,3.0,2.4,95.79
58659,2025-04-06,c1ec436f-ee55-43a0-8416-b187eaa0b7dc,Toys,Europe,4,33.84,0.0,BankTransfer,3.0,3.4,135.36
934,2024-12-18,01bf9e73-3f80-4385-af92-40b652d78f10,Beauty,Europe,5,245.19,0.0,BankTransfer,6.0,3.1,1225.95
42069,2025-02-05,4744a01a-d6ba-4b74-acf4-0fbe1d71a00e,Electronics,South America,4,18.9,0.0,Cash,5.0,2.5,75.6
11754,2023-11-09,b17bb800-20d6-497c-91ac-914923e4b52d,Automotive,South America,3,223.668,0.05,CreditCard,5.0,3.6,637.45
33370,2024-09-02,3cf1b0c4-f980-4efc-983b-9525961bac08,Fashion,Africa,2,490.85,0.05,BankTransfer,9.0,2.9,932.62
82945,2023-09-17,a2868475-51eb-4be9-b94f-4af8418d2469,Beauty,Africa,1,336.28,0.1,BankTransfer,4.0,3.5,302.65
97317,2024-06-30,9c918edb-4195-4cd0-96f6-07142a8f974b,Fashion,Africa,1,332.56,0.1,CreditCard,7.0,3.8,299.3
68076,2023-11-29,df2ed047-144e-4b00-96ad-d0998a4ce170,Toys,North America,6,112.77,0.05,BankTransfer,5.0,4.3,642.79
99864,2024-12-15,de4a4162-38a3-4774-9bd7-50e7ce55a3c7,Fashion,Europe,1,41.02,0.05,BankTransfer,8.0,4.2,38.97
98681,2025-05-11,e4d24182-0ffa-40ee-83b5-5d5786ae9201,Sports,South America,4,441.68,0.0,PayPal,3.0,4.0,1766.72
89174,2024-05-04,efb1af4a-38f5-4bdc-a1c5-6346003eb0b1,Toys,Europe,1,126.94,0.05,CreditCard,2.0,2.5,120.59
27734,2024-05-26,4341024d-5468-4e86-8f5c-daa37d8a551e,Toys,Europe,1,367.33,0.05,Cash,7.0,3.9,348.96
28534,2025-04-30,5b00b3cf-f4d3-4ca5-938e-f58e19d56bd5,Automotive,,4,225.44,0.0,Cash,8.0,2.5,901.76
11048,2024-05-20,3a0505ee-3a0d-42a1-9257-5c4bfef540ca,Automotive,North America,4,416.01,0.0,Cash,7.0,4.4,1664.04
65238,2024-03-17,cc6a7faa-1fa8-4957-a530-07b0ecbe0b73,Sports,Asia,3,305.99,0.0,PayPal,6.0,3.8,917.97
34081,2025-03-03,1da7bdd9-e0b9-4320-b6c4-f6b29b0db81d,Beauty,Africa,5,188.39,0.0,Cash,1.0,3.5,941.95
16654,2024-06-26,77339180-ca8d-473d-9bac-88c790a4354f,Automotive,Asia,4,41.11,0.1,BankTransfer,1.0,2.3,148.0
2437,2025-12-30,f66c7331-a172-4ee3-83e1-847c8420e0d8,Home,Europe,3,349.79,0.0,Cash,2.0,2.4,1049.37
18735,2025-01-23,86010a70-e25f-4611-9d79-0f80b5875e15,Fashion,North America,4,98.59,0.2,CreditCard,7.0,4.8,315.49
22262,2024-08-12,ad407ee3-ee71-427d-a2b1-bbd3c1d37c44,Electronics,Asia,4,178.04,0.1,CreditCard,2.0,3.5,640.94
20139,2024-10-18,ac1552b4-1982-4948-8757-5d2046c65b1e,Toys,Africa,5,366.65,0.15,PayPal,7.0,3.7,1558.26
76704,2025-05-04,d2727908-d735-492a-8ce4-02d1a5b2782b,Electronics,Asia,2,388.5,0.15,PayPal,4.0,3.4,660.45
43538,2025-08-29,f71e8e41-8075-40cb-9a83-362f9e9f9a73,Beauty,South America,5,167.59,0.0,CreditCard,3.0,4.4,837.95
33802,2024-11-19,568c55a7-aa1a-4e4a-a2b2-b31862c8696b,Beauty,Europe,2,338.211,0.0,Cash,7.0,2.4,676.42
87915,2024-08-01,c3e521f8-1dcc-4878-9846-4739d0823913,Fashion,Oceania,5,56.4,0.1,PayPal,3.0,3.5,253.8
17234,2024-02-18,62b099a5-03a2-4cda-ac2e-9bfacbaf30dc,Automotive,Asia,3,463.65,0.0,CreditCard,3.0,3.8,1390.95
21854,2024-02-13,caa6e212-a5ef-4592-87d0-536e44c0d4c5,Fashion,Oceania,2,406.84,0.0,CreditCard,3.0,2.5,813.68
61700,2023-10-02,9a4f741a-9c62-4ff8-8942-acc05fdbf6bc,Electronics,Europe,1,6.06,0.2,PayPal,2.0,4.6,4.85
54795,2023-12-09,83bbdc68-d333-4f4d-b51a-d0859d4948b1,Electronics,Oceania,4,412.39,0.0,CreditCard,7.0,3.2,1649.56
61639,2024-09-03,4debf416-463a-4373-b6bd-bef69dc758ac,Automotive,Europe,1,139.3,0.05,PayPal,1.0,3.0,132.34
41047,2025-04-03,89f0b674-ca32-45fe-a37a-1ce15d7ac053,Toys,Oceania,1,315.49,0.15,Cash,3.0,4.4,268.17
58781,2024-09-06,03712fdc-37e9-4e45-a356-daad08d55da2,Sports,Europe,4,237.49,0.0,CreditCard,7.0,3.6,949.96
31221,2024-08-28,5ed8e959-56bd-4a85-9ca6-865991ed007e,Automotive,Europe,2,13.79,0.2,Cash,6.0,2.0,22.06
98435,2024-09-04,d9c8515b-a8da-4212-abb2-ca1f921c4a7e,Fashion,Africa,4,341.48,0.0,PayPal,3.0,3.4,1365.92
31121,2024-02-01,32303ee2-2707-46ba-8faa-3b1f60c5e090,Sports,Asia,2,8.62,,,7.0,2.0,15.52
789,2025-01-03,96792482-a3c9-48e4-8d22-38e6c7bf4fbc,Beauty,Oceania,4,189.2,0.1,CreditCard,1.0,4.9,681.12
50283,2024-02-23,b06fc65b-5667-4c35-88ae-5ca084310554,Automotive,South America,3,290.51,0.0,Cash,4.0,4.9,871.53
38721,2025-02-13,2fefad08-dc0d-4f4c-976e-46ee68ded8b8,Automotive,Europe,1,293.22,0.05,BankTransfer,5.0,3.2,278.56
13695,2024-09-02,b68848ea-1156-45d0-aa9a-d6c593d0d346,Beauty,North America,2,49.99,0.15,BankTransfer,9.0,4.3,84.98
15572,2023-02-13,c5a9106e-aa3c-48dd-be34-cde12559506f,Fashion,North America,5,38.49,0.0,BankTransfer,1.0,3.8,192.45
32181,2024-01-07,7d0b1599-0d6a-4835-b212-ee3b16198e74,Toys,North America,4,249.01,0.0,Cash,8.0,2.5,996.04
4832,2024-01-18,6e43b319-f929-4271-b220-58f9bdb2fd9e,Toys,Oceania,1,29.14,0.0,CreditCard,2.0,2.3,29.14
275,2024-04-20,9793b9b4-1374-4146-b2c5-bd89b70b3420,Toys,North America,1,264.96,0.05,Cash,8.0,4.9,251.71
44404,2024-01-02,f6e920ac-3733-4608-bc3c-bbb94c63c61b,Electronics,Africa,4,303.42,0.15,PayPal,9.0,4.4,1031.63
80995,2023-02-03,74472f9e-6cf6-4c4b-b8d1-13874b3eedd6,Electronics,Asia,5,190.82,0.15,Cash,2.0,3.9,810.98
36981,2023-08-22,325d94b1-20dd-45ed-be1a-5b41cb54762d,Home,Africa,2,9.51,0.05,BankTransfer,8.0,4.7,18.07
42475,2024-03-14,0b9a988e-e8e3-4b61-9871-d0cb18162e98,Automotive,South America,1,487.85,0.05,BankTransfer,5.0,3.8,463.46
35652,2023-05-31,0b434138-e0ec-48f1-8641-262e605a0d9b,Toys,Oceania,5,423.73,0.05,Cash,5.0,3.7,2012.72
60680,2025-12-17,5c50ec23-8410-4b6d-a98d-ad1bae773867,Automotive,North America,3,251.65,0.0,PayPal,2.0,4.8,754.95
49720,2023-07-22,ab3f4c7b-7a15-41fb-b6bc-5bd48911b3a9,Electronics,South America,5,283.49,0.15,CreditCard,1.0,3.7,1204.83
62123,2024-08-05,9d290449-fe25-46eb-a3b9-f2f0579b3141,Toys,Oceania,3,210.46,0.05,CreditCard,4.0,4.1,599.81
25328,2025-10-12,b1f7c6f6-6f2c-430a-8011-513fbfe06963,Beauty,Asia,5,213.85,0.05,Cash,4.0,4.4,1015.79
55349,2025-12-27,af95ac1f-a9f0-4d2c-b883-c726698d7a63,Toys,North America,3,8.19,0.0,Cash,9.0,2.8,24.57
63346,2024-01-15,f7130d71-ec33-4dd6-bf42-b289af709f80,Electronics,Europe,3,265.74,0.0,PayPal,3.0,3.6,797.22
18242,2024-08-31,d53df7a7-cc96-462d-a354-24eb214cfb58,Sports,Oceania,3,169.26,0.1,PayPal,7.0,5.0,457.0
70670,2023-11-14,76af894b-aa3a-471c-967a-0427a6466bb5,Beauty,Asia,2,169.065,0.1,CreditCard,6.0,4.2,304.32
757,2025-09-23,5ef787b8-f2e6-495f-b32e-2016add702c9,Sports,North America,2,265.0,0.0,PayPal,4.0,2.9,530.0
10217,2025-10-21,6cf4d2fd-d37f-4059-b1d7-64ba1712df48,Toys,Africa,1,31.49,0.05,PayPal,4.0,2.9,29.92
23146,2023-12-12,da8ad382-a20b-4170-8b38-43fb552b85f0,Sports,South America,5,472.65,0.15,PayPal,4.0,4.2,2008.76
46801,2023-11-02,129d6e71-c27f-4b2b-b1f7-82f9618215b6,Fashion,South America,3,50.337,0.0,Cash,1.0,4.6,151.01
24831,2025-06-08,675bb586-f70e-4b43-a66e-a696322f04e6,Beauty,Asia,4,489.01,0.0,Cash,3.0,3.7,1956.04
39345,2023-11-28,9773b290-7b85-41fe-961f-bd918d479e15,Sports,Africa,5,226.674,0.15,BankTransfer,6.0,2.3,963.36
87739,2025-11-01,661df416-d825-4e98-9a3b-143f40768c67,Automotive,Asia,3,368.568,0.0,Cash,7.0,4.3,1105.7
87046,2024-10-22,10c663b7-ca37-44e2-a350-e8609cf4061d,Fashion,Asia,5,309.2,0.0,PayPal,3.0,2.3,1546.0
61005,2025-07-03,444d698c-09c2-4620-be0c-6de05c8f8ec4,Fashion,Oceania,5,338.76,0.0,Cash,2.0,3.8,1693.8
97990,2024-07-15,a2323265-b3de-4005-bb0b-dec5b20f1c07,Fashion,Asia,1,413.65,0.1,CreditCard,4.0,2.4,372.28
75574,2025-11-24,264bd866-4ed3-4a05-a61d-779aca85e15d,Beauty,Europe,2,73.215,0.1,CreditCard,8.0,3.0,131.79
49873,2024-06-09,afa3dcc0-2e09-4e54-be86-c0bf4e7900d8,Sports,North America,3,235.85,0.0,BankTransfer,3.0,2.1,707.55
96712,2024-10-30,921bb998-2c6a-40da-b119-96effa1e8469,Beauty,Oceania,4,36.89,0.0,BankTransfer,2.0,3.0,147.56
64119,2024-10-17,a5f74227-6f81-48e9-9e7a-6643229d9c2b,Sports,Asia,3,402.76,0.0,BankTransfer,5.0,4.3,1208.28
23194,2024-08-26,db008757-dd6d-43eb-b983-1b333ac5e17d,Fashion,Asia,3,300.37,0.0,PayPal,8.0,4.4,901.11
29392,2025-09-20,70718530-0c06-47c9-802e-57a8bf9ad280,Sports,Oceania,2,126.19,0.0,Cash,4.0,4.1,252.38
3223,2023-04-02,290c42f8-d30b-4f65-99b3-8619d1fb55b1,Beauty,Asia,1,254.43,0.0,PayPal,8.0,3.9,254.43
61676,2025-09-22,5db7c2a1-d7c8-4473-897e-d248fd4b41b3,Fashion,Europe,5,474.94,0.15,CreditCard,1.0,4.1,2018.5
82018,2023-01-24,7b411510-dac3-48ce-961f-585a56206ef3,Fashion,South America,1,133.29,0.2,CreditCard,8.0,3.6,106.63
47437,2024-10-04,25ee2c1e-968f-4933-a6d2-9577cc5b7b9c,Electronics,Africa,2,229.78,0.0,CreditCard,1.0,3.2,459.56
36533,2023-11-19,ca73e49a-8f5f-4aff-b0a6-3a61a148daa7,Toys,Europe,5,158.33700000000002,0.0,PayPal,6.0,4.7,791.68
94907,2024-09-09,0958bcd3-231f-4920-ac7e-f40de1ae4953,Automotive,Europe,5,81.67,0.0,BankTransfer,1.0,4.8,408.35
75435,2024-09-30,3a762377-6f61-4575-8d7f-bb4293c6bf75,Automotive,South America,5,40.02,0.0,CreditCard,2.0,3.6,200.1
42918,2024-08-02,01fab3cc-8f3b-4740-b341-4c2456f44cd3,Fashion,Africa,4,193.02,0.0,PayPal,4.0,,772.08
897,2024-05-18,8fe069b6-eeda-4802-8568-f42689e03e22,Electronics,Africa,3,313.64,0.0,BankTransfer,8.0,3.0,940.92
54522,2024-05-20,8d3a8cb9-565e-4091-b4cd-aebaaaf6b335,Toys,Europe,5,417.84,,Cash,4.0,3.8,2089.2
37857,2023-12-11,b5ea457e-e736-4a4d-9efb-14f3e01622ef,Electronics,Asia,5,355.17,0.0,Cash,1.0,3.1,1775.85
64726,2024-07-24,faf9440b-f4ec-4cad-abc6-ec7a242f4c73,Fashion,Asia,3,352.72,0.0,Cash,3.0,3.0,1058.16
22384,2025-11-29,84e7a5d9-069b-469e-9d43-bb6358ad6e95,Electronics,South America,3,271.593,0.1,BankTransfer,4.0,4.6,733.3
60847,2025-06-02,d9c2bbe6-cd94-4d81-9dfe-d9c811269065,,Asia,3,61.33,0.1,Cash,8.0,3.6,165.59
81795,2024-11-10,11a25d2d-a208-4540-933d-bbabc2432b15,Home,Asia,6,308.232,0.0,BankTransfer,3.0,3.2,1849.39
46250,2023-05-24,7d521537-e092-48d0-872d-f911a9b4e4b1,Fashion,North America,1,82.39,0.1,CreditCard,8.0,4.7,74.15
38854,2025-03-10,4d926ca6-a4db-4fed-a664-3dc801eb82f1,Fashion,Oceania,5,296.92,0.1,PayPal,4.0,5.0,1336.14
15288,2025-05-09,1ef10ccd-9b6f-41a3-b8bb-cc542fc068d2,Fashion,Africa,2,466.31,0.0,CreditCard,1.0,3.1,932.62
80751,2025-01-09,0c4869e6-2a3f-4c5d-ab99-5277081a2b0b,Beauty,Africa,3,135.66,0.15,Cash,4.0,2.5,345.93
39432,2024-11-29,964c5411-e8b7-4cf5-a975-6162a41f4c10,Sports,Oceania,5,252.279,0.0,BankTransfer,1.0,4.7,1261.4
42308,2025-08-22,a4862510-83f5-4a4a-a294-7417b5251bb2,Beauty,Africa,4,9.0,0.0,BankTransfer,5.0,4.1,36.0
29858,2025-08-06,56e6f05c-94aa-4293-98dd-62f3d2a8c74c,Beauty,Asia,4,195.48,0.05,PayPal,9.0,2.3,742.82
99625,2025-12-30,8c749ed4-3571-43cc-a7e4-8e779bbb6d8e,Beauty,South America,5,173.88,0.0,PayPal,9.0,3.1,869.4
90343,2025-05-24,67859608-dd58-44e4-837d-cba3c5b050be,Toys,Asia,4,392.16,0.0,PayPal,4.0,4.4,1568.64
83007,2023-03-17,b7704b5b-f166-4e82-9f78-57fa26fbee49,Fashion,Europe,1,327.71,0.0,BankTransfer,3.0,4.8,327.71
29518,2025-12-20,4d02152d-76c1-4764-9082-e0c03a29f767,Fashion,North America,3,92.21,0.15,PayPal,6.0,2.7,235.14
55380,2024-12-08,3a9123c9-712c-4b84-afc7-788ec919b3c7,Automotive,South America,3,461.34,0.0,PayPal,9.0,2.2,1384.02
46184,2025-09-07,2e327d51-99a6-481d-87a1-aff81baf795d,Automotive,Asia,3,14.46,0.0,Cash,9.0,4.0,43.38
97266,2023-08-28,48daa810-7e5c-4198-a2e2-8887125fb799,Electronics,South America,1,165.15,0.0,PayPal,3.0,,165.15
95367,2025-04-22,2807ac79-f989-446c-a288-abb725c33b5a,Home,Europe,3,154.23,0.05,BankTransfer,1.0,4.4,439.56
7925,2025-07-21,1f8452fb-6c26-4326-8dc6-d899ee209e85,Fashion,Asia,3,173.84,0.0,BankTransfer,1.0,4.8,521.52
50270,2025-05-12,b7c6b586-713a-4907-ad24-5c4f25aeb769,Toys,Oceania,1,336.37,0.0,CreditCard,3.0,4.8,336.37
74956,2024-02-28,dd15ba5a-b3ff-4f24-848c-4960af3b3b95,Automotive,South America,2,218.41,0.0,Cash,5.0,3.9,436.82
76237,2024-08-28,1751ad7c-f1f1-4847-9da5-427172e9fb2b,Sports,Oceania,3,122.32,0.05,CreditCard,8.0,4.7,348.61
77447,2024-05-14,3e2823bc-d3c9-48ba-879e-768e7c7c4828,Beauty,Africa,1,251.69,0.1,CreditCard,2.0,2.1,226.52
84960,2023-09-11,b55a0fbd-6210-4dc7-b5cf-03eba482471e,Toys,South America,3,453.13,0.0,Cash,2.0,3.3,1359.39
43144,2024-07-10,7267205e-8f66-4ee7-8557-cad0cf06d5bb,Home,Asia,1,411.46,0.2,Cash,5.0,3.3,329.17
18553,2025-03-19,4fd7fa9e-d44a-4f1d-9f26-808c0a9b3d13,Automotive,Oceania,5,488.27,0.0,CreditCard,8.0,3.1,2441.35
27718,2024-12-09,401469d3-a0c9-4586-b551-d3d215a781d8,Automotive,Africa,5,50.08,0.15,Cash,1.0,3.8,212.84
60306,2025-12-23,7f78a63a-f311-48cf-934b-c1e858bd3fd9,Toys,North America,1,24.79,0.05,PayPal,5.0,4.6,23.55
1431,2025-11-29,e1fdc6d1-6978-4221-bfb7-5c574b8c031f,Electronics,North America,3,351.261,0.05,CreditCard,5.0,4.4,1001.09
23516,2024-04-11,0725605b-b857-4bbe-87b2-8ec5bac316a5,Fashion,North America,5,38.5,0.05,BankTransfer,6.0,4.0,182.88
36199,2023-09-20,2c66e038-f343-4589-913e-1b820cf0c982,Home,North America,5,373.48,0.05,BankTransfer,5.0,4.4,1774.03
1414,2023-02-08,38e7e019-fb89-46c8-87ec-fe71d49347fc,Beauty,North America,5,437.84,0.0,BankTransfer,2.0,2.8,2189.2
33516,2024-07-18,ee2f4e50-5328-44e5-a707-d0f00e953e25,Electronics,Europe,2,311.62,0.1,PayPal,5.0,2.2,560.92
65242,2025-02-10,7591c39a-6c22-491f-844e-b25cbc43a566,Electronics,Oceania,5,162.52,0.0,Cash,8.0,4.8,812.6
78804,2023-05-18,8f7f9e0b-5609-4cfe-80d1-f5e654505a11,Home,Europe,1,284.77,0.0,CreditCard,5.0,2.9,284.77
24461,2025-02-16,01b05586-6186-4d77-a147-da0629615636,Home,Europe,5,342.23,0.15,CreditCard,6.0,4.2,1454.48
89246,2025-09-05,498e3b9f-f442-4b76-b18a-821a5c7128b8,Sports,Africa,4,450.46,0.05,BankTransfer,7.0,2.2,1711.75
11931,2025-09-27,2bc11bf7-4675-4f60-be4f-f60d093fbebc,Beauty,Asia,5,174.03,0.0,BankTransfer,2.0,3.2,870.15
91958,2025-09-04,b91cad08-aadf-4030-ad5a-3ff63ae4e0be,Fashion,Asia,2,420.79,,BankTransfer,9.0,3.8,841.58
6819,2023-05-02,244220c6-4b0c-400c-a626-c97d73fe6a93,Automotive,Africa,4,111.96,0.0,PayPal,3.0,2.5,447.84
57961,2024-03-16,89dbf929-29f4-492e-9758-0483264df7a5,Beauty,Africa,2,388.97,0.0,CreditCard,5.0,2.8,777.94
51011,2025-05-04,db3b9b18-6f37-4c25-bf85-f33e1b7796c9,Sports,South America,4,131.72,0.15,PayPal,2.0,5.0,447.85
9556,2024-05-31,03305744-9ae4-46ba-8228-62c4b7ab7799,Fashion,North America,5,425.81,0.05,BankTransfer,7.0,4.5,2022.6
56539,2024-05-01,53725961-1ef5-4bf5-8ffa-a3e15bb762bb,Sports,North America,2,435.99,0.1,PayPal,1.0,2.4,784.78
8752,2025-12-04,bd37414a-4784-459f-a86e-dac1f82e98dc,Sports,Oceania,1,271.87,0.0,Cash,7.0,4.2,271.87
43248,2023-02-14,07a0b6a5-0e43-4a9c-9f77-de197643f3af,Fashion,South America,4,316.99,0.05,BankTransfer,5.0,2.5,1204.56
75548,2024-07-23,3637fdcb-4cfa-4de7-8da4-690a5679a226,Toys,North America,2,249.91,0.0,Cash,4.0,4.2,499.82
47594,2024-12-28,f1164f45-97e2-4dce-8710-9bd2e373712e,Electronics,North America,1,281.09,0.0,Cash,5.0,2.3,281.09
77000,2023-06-05,24df0b35-7abf-4767-b76c-ee2ce86784de,Home,South America,5,371.87,0.1,Cash,9.0,2.3,1673.42
54580,2024-05-04,553727d8-88e4-40ab-9296-40ed8a349655,Beauty,Asia,2,66.55,0.2,BankTransfer,6.0,3.8,106.48
64884,2024-11-03,bd778a5f-9402-4cf2-a1cc-e66d92b9876c,Toys,Asia,6,238.599,0.0,PayPal,2.0,3.7,1431.59
23869,2023-12-25,9136224b-ae01-4721-a1f2-f52df11f86c6,Home,Europe,3,153.43,0.1,PayPal,2.0,3.1,414.26
58747,2025-06-06,d6e00eb9-5ea8-4892-a8c9-cf595ef3943e,Electronics,Oceania,3,230.14,0.0,CreditCard,7.0,4.7,690.42
63629,2023-05-26,bfbf6e07-b62d-47d2-9cfe-4e77577118f8,Toys,Oceania,5,339.16,0.0,BankTransfer,2.0,3.7,1695.8
61824,2023-01-31,cc9b5903-966c-4708-9686-2101ba380355,Automotive,Oceania,2,,0.0,PayPal,6.0,2.6,996.98
15404,2025-07-20,33528551-20c6-4af6-8ace-06d905a13ea1,Electronics,Africa,2,256.66,0.1,PayPal,9.0,2.9,461.99
51836,2024-02-26,83e23e85-b6ea-4139-a2ed-368014a34cec,Fashion,North America,4,111.97,0.0,CreditCard,2.0,4.8,447.88
91590,2024-11-27,f6b9d4ca-5bc6-4796-93b9-846bd41f1324,Sports,Oceania,4,188.694,0.0,CreditCard,8.0,3.8,754.78
7384,2023-11-24,31bf8a3c-5ae5-4068-92ed-9291c3da1521,Beauty,North America,2,88.767,0.0,Cash,3.0,4.5,177.53
93304,2025-08-22,a3730262-3cbb-4910-aba5-a104e5c7205b,Toys,Asia,5,72.86,0.1,Cash,2.0,4.2,327.87
90092,2024-07-13,ae26aca3-8516-46d5-aade-b5d1094d2acd,Home,North America,4,87.82,0.05,PayPal,1.0,2.3,333.72
11969,2023-11-06,fa87fb09-6f26-424b-b740-eaf17e991651,Beauty,Asia,6,432.801,0.0,CreditCard,3.0,2.2,2596.81
32088,2023-09-09,f019d98d-b590-4d58-9f5d-27e9e18253b1,Toys,Asia,5,475.27,0.0,Cash,4.0,2.7,2376.35
36095,2025-01-05,f9533583-a07d-4fbc-8351-429480230815,Electronics,Africa,4,174.32,0.1,BankTransfer,8.0,2.7,627.55
45758,2023-12-13,9555da6e-0eb8-406e-8f74-850fc34adc6e,Automotive,Asia,5,318.75,0.0,BankTransfer,3.0,3.3,1593.75
13328,2023-10-22,2e4827e2-0ceb-46f4-b54c-087fade0fa8c,Beauty,Oceania,1,201.99,0.05,BankTransfer,4.0,2.0,191.89
55807,2023-08-31,6240d7eb-8e15-480f-87a6-d638c63e48d3,Toys,North America,3,308.84,0.0,BankTransfer,3.0,3.0,926.52
3916,2025-10-16,b9add00a-ec64-4a9b-bcf1-c29e09b4413c,Electronics,Africa,4,259.93,,PayPal,9.0,3.2,1039.72
60744,2023-02-26,1a5b3994-7107-45bc-8451-fd8fd14b1261,Beauty,South America,4,206.1,0.0,Cash,3.0,4.7,824.4
95285,2024-07-14,6ce0befa-8986-4ffe-ba65-9bb3e2ea33ce,Toys,,2,228.32,0.0,Cash,6.0,2.2,456.64
91790,2023-12-17,68e02b01-610f-4eb8-9261-8d5586826c63,Beauty,Europe,5,10.03,0.0,Cash,4.0,2.1,50.15
49257,2025-10-18,c931d0e3-5f0d-4d27-aa9c-544459e26dc8,Electronics,Europe,4,54.38,0.15,Cash,5.0,4.8,184.89
60900,2023-02-27,de0f406e-d14c-4bc3-bf12-744ed70e5f6d,Beauty,Europe,1,224.76,0.0,BankTransfer,9.0,4.1,224.76
88366,2024-03-18,8cb94dd4-8f6e-4ada-a00b-c60a4cf3ef34,Electronics,Asia,1,406.15,0.0,PayPal,3.0,2.2,406.15
58509,2024-07-17,204678c9-bbc7-4e86-9adb-89f9f92e44c9,Beauty,North America,3,174.89,0.05,PayPal,1.0,3.8,498.44
13368,2023-01-17,6917a9fb-beb7-4b53-9ecd-97f56e3ab4ad,Electronics,Africa,5,26.46,0.05,BankTransfer,3.0,3.9,125.68
22515,2024-03-07,614b4c69-ab5d-4ef7-b93c-99d14fd6b653,Home,Europe,5,495.07,0.05,BankTransfer,7.0,3.6,2351.58
79878,2024-08-16,75f93393-46a1-436c-8581-e4562ca0c951,Beauty,Oceania,2,60.91,0.0,BankTransfer,6.0,4.1,121.82
34273,2024-01-22,4447f9e8-a71a-41c6-b4b1-a3c7708f805d,Electronics,North America,2,393.21,0.0,Cash,8.0,3.1,786.42
41781,2024-09-28,1c215aa9-e75d-450c-85da-d60e73d651d0,Beauty,North America,4,106.03,0.1,Cash,1.0,3.5,381.71
47723,2023-07-01,2e75929a-8700-45e1-8b48-9b5b6f53ced6,Toys,Asia,3,433.07,0.1,CreditCard,5.0,4.1,1169.29
85199,2023-01-15,70882740-b9b6-41ff-b69b-a6ad05cb8ff0,Electronics,South America,5,450.78,0.0,Cash,6.0,2.3,2253.9
47312,2025-07-25,b620c496-c8a9-4944-ae14-bf86035c13fd,Sports,Africa,4,486.59,0.1,CreditCard,1.0,4.7,1751.72
33472,2025-09-25,068ad005-6adf-4ab4-a127-7c0f02216a27,Sports,Africa,1,279.68,0.0,BankTransfer,4.0,4.7,279.68
81144,2023-02-10,b0ea67ec-056f-45ca-a6c8-d9e2b72d24c9,Beauty,Asia,1,,0.15,Cash,7.0,3.8,53.41
5999,2025-07-19,3d15d3ee-c397-43ae-b77b-97421e12bbed,Toys,Africa,3,222.48,0.1,BankTransfer,9.0,2.6,600.7
13952,2024-03-08,cf119520-54bd-4eab-b5ff-d964abc4ce1c,Electronics,Asia,5,53.87,0.1,PayPal,2.0,3.5,242.41
93365,2024-07-30,b5739858-f585-4094-afb2-3fd95c2c1dc4,Automotive,Europe,2,28.18,0.0,CreditCard,4.0,3.4,56.36
84464,2023-11-17,ba1f1431-4081-40e8-8b5e-60592a0e2f4e,Fashion,South America,4,445.896,0.0,PayPal,8.0,3.3,1783.58
92902,2023-05-06,bbe21402-2a5a-4275-a1f6-2c893afbdc4b,Fashion,South America,4,384.61,0.0,BankTransfer,2.0,4.0,1538.44
22263,2025-05-07,21b80e00-138e-47cb-9038-edd2694cad07,Toys,Asia,4,136.5,0.0,CreditCard,4.0,4.5,546.0
9923,2025-08-14,6086ce8d-123e-42fb-a95e-17415e48f8b3,Automotive,Asia,4,94.43,0.1,CreditCard,3.0,4.7,339.95
24234,2024-11-21,8da411b6-894c-4c78-ad9e-3fc464114680,Home,Europe,2,117.45,0.05,BankTransfer,2.0,3.1,223.16
73913,2023-11-04,6894b02e-4993-42d4-8c5c-72e07f9aa86d,Fashion,Europe,6,43.398,0.0,CreditCard,7.0,3.3,260.39
80035,2024-02-27,59cddf49-d50f-43a1-aacd-36c0a2658397,Automotive,Africa,2,8.78,0.05,PayPal,5.0,2.7,16.68
36872,2023-09-14,16f290af-a06f-47bc-8a40-f765e36e8607,Beauty,Africa,4,478.42,0.0,CreditCard,2.0,4.8,1913.68
13423,2025-05-20,b924cc7b-83dd-4c2c-86df-fb726100c7f1,Beauty,Asia,5,69.32,0.0,CreditCard,5.0,4.2,346.6
5604,2023-10-24,4764a956-9968-4a3c-a684-79846b0dd81d,Fashion,Europe,2,439.14,0.05,CreditCard,7.0,2.1,834.37
50615,2024-06-22,a03e2e89-a71b-4159-a9b0-46e22490cfe5,Electronics,Asia,1,178.69,0.05,PayPal,2.0,4.1,169.76
41587,2025-05-11,38437ce9-c160-4ca8-ae61-9b11e02c0f28,Toys,North America,2,266.01,0.0,PayPal,3.0,4.5,532.02
14002,2023-01-05,66815708-05fb-4b20-ad31-5ef756500854,Sports,Europe,5,,0.0,CreditCard,9.0,2.8,637.95
65357,2023-06-18,c2d2a9dd-e511-4bfc-b193-00ceff72f4b8,Beauty,Oceania,1,287.31,0.05,PayPal,5.0,3.3,272.94
69233,2024-03-28,15d84e9b-003e-405d-85a4-ab81f85cc63f,Toys,Oceania,2,175.64,0.05,PayPal,8.0,4.6,333.72
31463,2023-02-21,9feb7f70-2cb6-4fa5-9bb6-43569a8c3437,Home,North America,3,302.65,0.05,CreditCard,3.0,3.0,862.55
39121,2025-04-04,a5d2f1c3-3de8-49b4-827d-d561397dbecd,Home,,5,399.19,0.15,BankTransfer,7.0,3.5,1696.56
37301,2024-06-25,1b6764a2-aa17-400d-a6b9-a963f1e55cd6,Sports,Europe,5,476.51,0.15,CreditCard,7.0,4.2,2025.17
23477,2023-03-03,4ea623e3-47b2-4835-b655-4281d10ef70c,Sports,Asia,4,401.31,0.1,CreditCard,9.0,3.6,1444.72
95064,2023-11-14,1f7a72ea-cf62-4123-93af-a6746c9ad542,Automotive,,2,290.24100000000004,0.0,Cash,5.0,4.4,580.48
32142,2024-08-04,6ef0702e-01a4-49ac-910e-a0bbe9507945,Home,South America,2,16.84,0.0,PayPal,4.0,3.8,33.68
86707,2025-10-20,a469370a-0bbe-4d96-85d2-3bc0b175159e,Fashion,South America,1,266.52,0.0,BankTransfer,9.0,4.3,266.52
15063,2023-10-01,ce37626d-c13b-4b6a-9dd6-5ae9c5b92e88,Sports,Asia,2,352.73,0.0,CreditCard,3.0,4.4,705.46
1023,2023-09-20,378e6510-8f10-433e-abe4-2e7db96c1163,Electronics,South America,4,109.66,0.0,BankTransfer,1.0,4.9,438.64
34305,2025-12-18,10bd7a38-f1ff-4b6a-83b3-1ed850c6443f,Sports,Europe,5,413.27,0.0,Cash,6.0,2.6,2066.35
51452,2024-12-16,0c87ed1b-318b-4799-8a65-f3c664cba971,Home,Europe,4,366.96,0.15,PayPal,2.0,4.0,1247.66
74834,2025-09-30,9d906fc8-49b9-40a5-a26b-af5ef7fa2bb7,Sports,Asia,2,304.17,0.2,BankTransfer,3.0,3.1,486.67
28810,2024-10-08,e6f6c747-1d83-4b2c-8989-44ed33f80a58,Electronics,South America,5,211.56,0.05,PayPal,3.0,2.9,1004.91
31698,2024-03-23,663637b9-a43e-4daf-b439-99edf60ea405,Beauty,Asia,4,364.2,0.0,PayPal,3.0,2.3,1456.8
55034,2024-08-02,5a67082d-db90-4308-9446-19777cfce364,Electronics,North America,2,97.08,0.0,PayPal,6.0,3.5,194.16
42855,2023-07-23,86a89f38-a124-41d4-b5ce-2807034fb25b,Fashion,Africa,2,150.29,0.15,PayPal,9.0,3.7,255.49
70417,2023-02-09,35b71853-8aa5-42ae-abfa-e21ebc2aac0c,Toys,Asia,1,67.22,0.05,Cash,1.0,2.0,63.86
42991,2025-05-21,1d48c973-0748-461d-81a8-25bea2694549,Beauty,North America,3,115.27,0.0,Cash,7.0,2.4,345.81
14665,2023-08-28,726fc529-056b-4931-bbdd-eba0d7c07ab8,Sports,Europe,4,435.81,0.15,PayPal,5.0,3.6,1481.75
8765,2025-08-15,31ea2821-3034-4270-a81f-f52852ec03ca,Automotive,North America,1,353.9,0.0,Cash,8.0,2.7,353.9
28818,2023-08-15,5b612cb1-b605-4cb5-bf2a-e006c8ab7726,Electronics,South America,4,462.03,0.0,BankTransfer,5.0,3.1,1848.12
49233,2024-05-27,79019cb8-03b2-424b-8e15-7ede1ca5809b,Beauty,South America,1,482.56,0.0,Cash,7.0,4.3,482.56
13155,2024-10-11,3a8b17bd-0ac3-4863-ae30-6a4aadc19d07,Toys,Oceania,5,196.51,0.05,CreditCard,5.0,4.6,933.42
86172,2024-11-16,6860b33f-44a2-4aad-b2ff-86e15f559c7c,Beauty,North America,5,161.34300000000002,0.1,Cash,4.0,,726.04
29945,2025-10-31,423f023e-666c-4ee8-9cfc-664da485a68b,Electronics,South America,1,349.7,0.1,BankTransfer,9.0,2.9,314.73
69601,2025-04-10,3c3a7da4-507d-4d3d-bac8-32d5c8e9f6ee,Beauty,Asia,3,76.61,0.05,PayPal,9.0,2.2,218.34
69398,2024-12-26,4a70585e-d89d-43f1-95c5-9f575c87f51d,Fashion,Europe,4,56.65,0.0,Cash,5.0,3.2,226.6
90330,2023-04-22,23f54caf-3460-4c32-b6a4-1281c0256394,Sports,Oceania,5,324.16,0.0,PayPal,8.0,3.8,1620.8
52129,2024-03-02,,Fashion,Africa,1,69.74,0.0,CreditCard,2.0,2.7,69.74
45719,2025-05-29,a0192ac7-8067-4190-9714-5595c3c263f1,Fashion,Europe,5,143.14,0.1,PayPal,2.0,4.0,644.13
26665,2023-04-14,beccaf09-6527-42aa-9d43-1d3f76c880ae,Toys,,2,324.97,0.05,PayPal,3.0,3.0,617.44
87127,2023-02-26,13be6959-b2a2-499f-980a-1a74a8d5e224,Toys,Europe,2,243.2,0.15,PayPal,4.0,3.0,413.44
69096,2024-11-14,c5e3e804-b22d-4bd2-b79a-d9f4ed8e6a72,Automotive,North America,2,325.755,0.0,BankTransfer,9.0,2.8,651.51
91331,2025-04-01,90dfd252-6e69-4e23-8a76-c9a2f7e71c53,Fashion,North America,4,429.68,0.1,PayPal,3.0,5.0,1546.85
71192,2025-12-04,9ccc7889-f0dd-4db0-bff9-392481507e33,Sports,Asia,5,296.43,0.0,CreditCard,6.0,4.2,1482.15
30785,2023-05-13,3a657200-fef7-4496-940d-754a32ad8a8e,Beauty,South America,2,158.34,0.0,PayPal,3.0,3.6,316.68
67432,2024-11-12,9f7eac2b-0424-400d-857e-8c8ba9c3c87c,Toys,Africa,3,419.652,0.0,,4.0,2.6,1258.96
37819,2023-02-19,a97d3c12-b00b-4505-9453-6b6c6d4ca628,Fashion,Europe,2,487.8,0.0,PayPal,2.0,3.3,975.6
87798,2023-09-11,7f39a9a5-ed0d-440c-a562-3c4aff6ce3b8,Automotive,North America,4,16.83,0.15,PayPal,4.0,2.3,57.22
10580,2024-09-24,ddf08ae0-34e6-4a9d-99ae-1f6eb5944a43,Sports,Africa,4,144.92,0.0,PayPal,8.0,2.2,579.68
50872,2025-10-21,15981eaf-962f-47ec-8fc1-52b2cd650b68,Beauty,South America,1,274.0,0.05,CreditCard,5.0,4.3,260.3
36400,2023-01-08,7398d6de-1f76-4e06-98bd-d6412b2dd741,Electronics,Asia,1,276.21,0.15,Cash,2.0,3.0,234.78
13798,2025-01-26,c8d8e631-e65c-4372-9719-90246c09f3f0,Fashion,Oceania,4,258.44,0.05,Cash,8.0,2.6,982.07
69418,2023-01-04,8ccb03bf-38a5-429b-b9d9-3ad9d2898c5c,Toys,Africa,1,167.66,0.1,Cash,6.0,2.9,150.89
20961,2024-11-23,7eb3cbe9-fee0-40ee-bae1-f7af405b7809,Electronics,South America,5,441.657,0.1,BankTransfer,2.0,3.7,1987.46
63072,2023-03-19,a9b987d8-4190-4e8e-985f-c584c81e3b3e,Toys,Asia,3,226.4,0.0,PayPal,2.0,4.1,679.2
14530,2023-07-25,f8434845-8032-4ee2-a5f2-d47ebdd427f3,Fashion,Asia,1,304.27,0.1,PayPal,8.0,2.5,273.84
7032,2024-01-14,00937ba0-65a0-4e43-bd2d-ca8673020b26,Fashion,Europe,4,28.69,0.1,Cash,9.0,2.4,103.28
6651,2025-03-28,6d3e4848-54d7-4728-99e3-05e54a5039e6,Toys,Asia,2,204.45,0.1,BankTransfer,1.0,2.9,368.01
69918,2025-07-23,51d6cf1e-8327-4be9-9b69-a75b52695787,Electronics,Europe,3,370.22,0.1,Cash,2.0,3.2,999.59
25871,2025-05-05,ff54c509-760b-45a2-95b9-cf2f00502527,Automotive,South America,4,31.86,0.1,CreditCard,1.0,3.6,114.7
34725,2023-08-29,dfce4fb6-b95e-4103-86d1-dbc27a884b4d,Beauty,Europe,1,376.11,0.0,Cash,2.0,2.6,376.11
86301,2024-10-01,d5f1c4fd-c149-46bd-b302-5a537f1d0d4a,Home,South America,2,5.26,0.05,Cash,3.0,4.5,9.99
59269,2024-05-29,93d63c97-9df5-453f-afd7-ace0ef5513b1,Toys,Oceania,5,235.56,0.1,BankTransfer,7.0,2.5,1060.02
70283,2024-02-17,19e67139-45fe-4a41-85fa-5323458876fb,Electronics,Oceania,3,259.19,0.15,PayPal,8.0,5.0,660.93
32853,2024-07-19,5ccb4317-9cef-4290-9643-7d2aba77f532,Automotive,North America,3,439.59,0.0,BankTransfer,4.0,4.1,1318.77
3947,2023-10-22,154ebf91-daa2-42b4-ad69-e88c61a4b230,Sports,Asia,2,212.88,0.15,CreditCard,7.0,3.8,361.9
3738,2025-09-11,c3595dc2-0bd3-42a9-abc7-8c063e9ace12,Home,Europe,2,453.69,0.0,Cash,2.0,2.0,907.38
39952,2024-03-01,ec63cef8-d657-484f-883f-b301f3401e5c,Automotive,Asia,1,493.99,0.05,CreditCard,5.0,3.4,469.29
61258,2024-01-01,d04bab10-320a-4342-bfda-02b7382d0fd1,Automotive,South America,5,18.16,0.0,PayPal,7.0,4.5,90.8
93576,2025-11-15,56badfed-abc0-47a8-a53e-b3e63fcc1260,Fashion,South America,4,412.9740000000001,0.1,PayPal,3.0,4.9,1486.71
15885,2023-10-14,3b0305cd-d49d-4b27-9f99-ce04f625b970,Electronics,Africa,1,496.3,0.15,PayPal,5.0,5.0,421.86
5020,2023-07-25,5a0ed9b7-5e22-47d4-a74f-232bfb876271,Toys,North America,3,60.2,0.05,Cash,6.0,4.5,171.57
57284,2023-10-04,88d3b911-b6e8-43e7-9693-179a9879fc6a,Home,North America,4,329.69,0.0,CreditCard,6.0,3.1,1318.76
34808,2025-12-06,95726342-5073-40ae-803a-ecab2a50a607,Automotive,Europe,4,273.84,0.15,Cash,8.0,3.4,931.06
13520,2023-03-14,4dc41ea9-e36d-4559-a49c-9a6e9968484e,Fashion,Asia,1,169.95,0.0,BankTransfer,3.0,4.4,169.95
55057,2024-05-04,e678b181-c195-4666-a663-704d5f082eb7,Sports,South America,3,399.3,0.05,PayPal,7.0,2.2,1138.01
62116,2023-12-30,8a4c5790-9535-4235-a713-fa9643e4e85d,Toys,Asia,4,302.86,0.05,CreditCard,3.0,4.1,1150.87
66643,2024-06-25,e8417f7d-7c7e-4e90-a7d4-71e9005a89ef,Home,Europe,5,333.02,0.05,PayPal,1.0,5.0,1581.84
72398,2024-11-30,0af9293b-07d2-41ac-ac23-07b672b0d47f,Beauty,Europe,3,55.89,0.0,BankTransfer,1.0,3.0,167.67
56037,2024-07-08,f7119360-be88-4244-b0ab-ce82b58a3648,Toys,Africa,5,433.35,0.1,Cash,5.0,4.8,1950.08
60991,2025-05-19,7d04c49b-5fa6-40c6-b77c-08ca36623cf5,Electronics,South America,2,463.0,0.05,BankTransfer,2.0,3.1,879.7
12529,2023-09-24,82befc49-17cf-46e2-ac5e-7dae6cd01753,Beauty,South America,2,320.52,0.0,Cash,7.0,2.9,641.04
94765,2024-09-28,08b70425-8df0-4539-83be-7e55d55f9f3f,Electronics,North America,1,259.88,0.05,BankTransfer,6.0,3.2,246.89
72444,2023-05-06,58a4f0d2-5ef2-4a23-8fe1-69c99c8c5aff,Electronics,Oceania,1,157.86,0.0,PayPal,1.0,3.8,157.86
71110,2024-11-11,5875b25b-9143-47bc-9373-3517c2696f5a,Fashion,South America,2,320.625,0.05,PayPal,2.0,4.8,609.19
61140,2025-03-19,516a6427-92a2-4ac0-8f1f-b4d662e13fb1,Fashion,Oceania,3,466.21,0.0,BankTransfer,5.0,2.6,1398.63
74064,2024-11-17,2ffeb9b1-01ff-4c42-81fc-072de8177702,Fashion,Asia,2,322.74,0.05,BankTransfer,3.0,2.1,613.21
65676,2023-04-28,dc5eaeb1-9c82-4ad7-a440-a52a00ad9f4e,Sports,North America,5,367.32,0.0,Cash,3.0,3.2,1836.6
99926,2025-09-17,7860d001-3c24-4d11-aeab-1a90c8c15d85,Beauty,Africa,4,332.38,0.0,CreditCard,3.0,4.0,1329.52
72121,2023-04-06,402575a9-a72f-4da9-bbef-ecb724a74514,Electronics,Europe,2,131.87,0.0,CreditCard,7.0,2.6,263.74
36859,2024-12-23,5113f539-e93a-4007-884d-c4be6696c3fd,Home,Asia,5,184.88,0.05,Cash,7.0,2.5,878.18
65537,2024-10-07,977d30f1-3559-44a1-a087-ffb778ca6c7f,Electronics,Oceania,3,439.31,0.0,BankTransfer,5.0,4.6,1317.93
88064,2025-08-06,f972db54-73f6-4dd0-bf26-427b806ed6b4,Fashion,Asia,3,56.8,0.1,Cash,1.0,4.6,153.36
68357,2024-06-18,b8cbab80-5024-4521-b8c9-fbee8a3f29dd,Automotive,Africa,3,365.45,0.0,CreditCard,4.0,4.1,1096.35
44601,2025-08-24,20a80fe9-b42d-4174-8145-14be5da83f2c,Toys,Oceania,1,334.6,0.1,PayPal,2.0,2.6,301.14
91940,2024-05-18,9bf1883f-0345-4fb1-b72a-98008114fa4c,Beauty,Asia,2,291.64,0.1,PayPal,3.0,2.0,524.95
93224,2025-09-29,c92f9027-b3f4-4dcc-97bb-7dfcc8b8d8e7,Automotive,Europe,3,453.86,0.15,Cash,8.0,3.3,1157.34
77106,2023-06-13,7f8e138a-7dc8-4759-957a-4a633171c6fc,Fashion,Oceania,2,213.97,,PayPal,8.0,3.9,427.94
82150,2025-04-24,05998b63-ccde-41d1-9947-5efc5e096fb6,Beauty,Africa,1,261.18,,CreditCard,4.0,,248.12
5223,2025-11-19,36d5187b-bfdb-410b-b929-1d34db6ea0ba,Toys,Africa,4,114.597,0.0,PayPal,8.0,3.8,458.39
47315,2023-06-29,ad5009ec-3e77-46d2-857c-a4b37128ca16,Automotive,North America,5,445.96,0.15,CreditCard,4.0,3.0,1895.33
41653,2025-05-23,981ff8b4-9116-48c5-a675-f233ef1a402c,Beauty,Oceania,5,222.64,0.0,PayPal,2.0,2.9,1113.2
19793,2023-04-12,1b22009a-e2fa-46be-91ce-0cac665d76d7,Sports,Europe,5,151.63,0.05,CreditCard,2.0,2.2,720.24
6314,2023-05-05,4ad76a0d-5219-4d62-a25c-6c5cf629c955,Sports,Europe,4,82.54,0.0,Cash,3.0,2.8,330.16
94615,2025-03-19,44489086-860b-4183-9bbe-8e888e14dbf2,Automotive,Africa,4,334.56,0.0,BankTransfer,5.0,4.3,1338.24
27117,2025-08-23,b8f3108b-67a9-4d9b-9a3b-081da1501014,Electronics,Asia,4,13.34,0.1,BankTransfer,3.0,2.0,48.02
35497,2024-05-09,356e6421-8b3c-44dd-8351-8e575e59e75d,Automotive,Oceania,4,388.76,0.05,PayPal,7.0,4.8,1477.29
56102,2023-06-03,4e6792a6-e39e-4dcf-8de1-4304742efb99,Electronics,Oceania,3,316.0,0.0,BankTransfer,7.0,2.4,948.0
49025,2023-08-22,bf680949-ea3d-49d5-b81b-910569eb80f4,Home,South America,3,476.67,0.0,Cash,5.0,2.1,1430.01
16410,2023-11-08,83637de0-7196-41a5-8c0d-640b0626176b,Electronics,Africa,2,441.648,0.15,PayPal,3.0,4.0,750.8
77516,2024-06-16,bb9b5e21-cb6b-484c-914c-fca1f60094d8,Toys,Oceania,2,496.93,0.0,BankTransfer,1.0,4.3,993.86
31745,2024-07-05,18e4dce4-bf0d-440a-ba93-2914b7b015a7,Fashion,Oceania,3,42.9,0.0,CreditCard,4.0,4.1,128.7
78315,2025-09-11,61e01764-3305-4d7a-baf0-0555fb8bfa9d,Fashion,Oceania,2,320.83,0.0,BankTransfer,6.0,4.9,641.66
61765,2024-02-03,0f45171e-3442-4c5f-85d0-6c9744bcaba5,Fashion,North America,1,264.92,0.0,Cash,6.0,3.9,264.92
31009,2025-03-17,61983f51-f022-4bce-98aa-240e4094d309,Fashion,South America,1,354.18,0.0,CreditCard,9.0,3.4,354.18
56282,2025-04-12,a2ef745a-8f80-42e2-9e5f-abce24654aa9,Toys,North America,5,437.13,0.0,BankTransfer,3.0,2.4,2185.65
47677,2024-11-19,68c8a81e-3470-4b92-a1fc-72376877c029,Electronics,South America,6,223.128,0.0,CreditCard,5.0,2.2,1338.77
78615,2025-07-09,c8a758c3-bd5c-4a43-9989-f01b2f16e803,Home,Asia,2,465.31,0.0,PayPal,1.0,5.0,930.62
20136,2024-09-23,1e001af7-0112-4d83-a232-df5c85c84ccb,Home,Oceania,1,492.12,0.15,BankTransfer,8.0,3.9,418.3
62259,2024-01-26,a4fa9bfa-e6b2-4d4a-adb0-1817a3cb2c1a,Fashion,South America,1,6.95,0.0,CreditCard,3.0,4.4,6.95
29777,2025-06-05,49314ad2-7b57-44e3-a52f-954bc67eb983,Fashion,Europe,2,,0.2,CreditCard,9.0,4.0,94.58
42666,2025-11-23,3f00eac0-d9c0-48ae-9f8f-6761a5a432f6,Toys,South America,4,216.207,0.0,BankTransfer,9.0,4.9,864.83
29455,2023-12-27,b9736cde-21bb-4549-80ad-720a01a5bbef,Toys,Asia,3,290.43,0.0,PayPal,8.0,2.5,871.29
50491,2024-10-22,a959f6ca-4f60-4262-b41f-3b6d1aa1783d,Automotive,North America,1,139.76,0.0,BankTransfer,4.0,3.0,139.76
73646,2024-09-04,2acc194f-b298-4259-9aec-4a6525cff380,Beauty,Asia,4,180.49,0.0,CreditCard,8.0,2.5,721.96
884,2023-03-05,fb756923-f910-4bb3-b105-32523990e2c9,Automotive,North America,4,38.88,0.0,Cash,4.0,4.4,155.52
80439,2023-10-02,bb0320e7-ee04-4878-a0d7-c7588304d2dc,Sports,North America,2,167.47,0.0,CreditCard,8.0,4.9,334.94
877,2025-04-12,f4e95734-5052-4700-a077-96a38685abaa,Sports,Asia,2,203.93,0.05,CreditCard,7.0,3.1,387.47
82700,2023-09-09,9bd9ece6-f828-4c81-9ab1-dffdb402565a,Fashion,Oceania,5,393.4,0.0,PayPal,1.0,3.2,1967.0
5344,2025-10-07,584f218a-39dd-41e1-a222-c7758f24da7e,Electronics,Europe,3,499.4,0.0,BankTransfer,9.0,3.4,1498.2
91561,2025-11-10,358792a1-4340-4908-b124-59e935c995c0,Fashion,Oceania,5,172.26000000000002,0.0,BankTransfer,6.0,2.2,861.3
30465,2023-09-27,7f74740a-3fe7-488c-ada3-1410ac6ffdca,Electronics,Asia,4,466.38,0.0,CreditCard,5.0,4.9,1865.52
79947,2024-04-02,9b40ee83-83aa-438b-a138-231b34dd1dcf,Beauty,North America,5,143.22,0.0,PayPal,1.0,5.0,716.1
86547,2024-10-31,285f9ee2-39c5-4f24-a103-4a205a8f4ab1,Home,North America,1,361.74,0.0,CreditCard,1.0,3.0,361.74
32771,2024-06-26,040bb5f4-2d37-452e-9227-66ecd16d299c,Fashion,South America,2,451.49,0.0,PayPal,9.0,3.2,902.98
50012,2023-09-16,873c1a81-e6d8-45f1-8d34-6af714353da2,Home,South America,5,5.46,0.0,Cash,3.0,3.0,27.3
66460,2025-12-03,9de7b893-4f49-4ce8-a4f5-c7b2ca5079ec,Toys,Africa,2,349.0,0.1,CreditCard,8.0,4.9,628.2
50440,2024-04-28,9482f925-f9e1-4a1a-b472-924dc970fe69,Electronics,Oceania,2,73.92,0.05,PayPal,6.0,2.3,140.45
63548,2025-04-20,95b70f37-59be-47bd-b734-7b4b97da3d52,Automotive,Oceania,2,83.83,0.05,Cash,6.0,5.0,159.28
36489,2024-02-05,5a07600b-0e6d-4d8e-9fd9-33a05d15fa8e,Home,Oceania,4,327.56,0.1,BankTransfer,3.0,3.6,1179.22
36839,2025-07-11,a387e3d9-91bd-4c83-8d9f-a8f020b4f5a2,Beauty,Asia,3,19.77,0.0,Cash,9.0,2.6,59.31
37024,2024-12-23,a7708291-5049-405c-9770-f984588ac85e,Home,Europe,5,44.4,0.0,Cash,5.0,3.6,222.0
56710,2024-03-26,9754f318-9ca4-44c6-807b-95f17f2029e8,Beauty,South America,5,401.18,0.0,CreditCard,3.0,2.8,2005.9
95763,2023-11-28,9562dd7b-d033-45d1-ba80-23a07cb9e680,Beauty,South America,3,407.691,0.0,PayPal,3.0,3.6,1223.07
17248,2024-09-09,aaac9b8e-2af0-461c-9849-d5662b3b61b0,Electronics,Oceania,4,206.22,0.0,PayPal,9.0,2.6,824.88
41323,2025-05-21,781f1339-565d-4da3-9d7a-189d24159664,Automotive,Asia,1,296.28,0.0,BankTransfer,2.0,2.8,296.28
56288,2025-10-01,edfe5c58-5605-42fc-a60c-c6cd3a127b93,Fashion,North America,3,251.84,0.0,CreditCard,6.0,3.3,755.52
17709,2024-08-22,d3e4dde1-d92e-4689-b889-8d3eee0e2646,Beauty,Asia,4,413.66,0.2,CreditCard,4.0,4.6,1323.71
28304,2024-07-12,ddfb4b7b-c940-4073-8937-f6c3a189140d,Home,North America,4,370.38,0.05,CreditCard,7.0,4.6,1407.44
16131,2023-01-16,edecae6a-68ee-4fdb-8054-a1debd40659e,Home,Africa,4,164.84,0.0,BankTransfer,5.0,2.0,659.36
45393,2024-08-11,e626d551-519a-43ae-93dc-c8c8f4d0f2d5,Automotive,Europe,4,382.37,0.05,Cash,3.0,3.5,1453.01
36926,2024-02-17,5305f1e5-2f64-420c-81a0-d806fb0b4b9c,Home,Europe,2,411.15,0.0,Cash,4.0,4.5,822.3
99533,2024-09-11,ea42fcdd-5791-4844-9d96-ba21b2e7a7e6,Fashion,Oceania,1,110.56,0.0,Cash,6.0,4.5,110.56
87009,2023-04-18,d86d40b3-1bbe-4de1-813b-28768731d008,Toys,South America,3,231.08,0.0,CreditCard,9.0,2.3,693.24
52059,2024-09-20,2740dcf4-8a20-41ce-aa6a-92bdc4e964f6,Sports,Europe,2,135.18,0.0,PayPal,5.0,3.5,270.36
60702,2025-08-07,c34a3e3a-8377-4534-8649-c6f8655f7af1,Toys,South America,2,81.71,0.0,PayPal,9.0,2.5,163.42
67982,2024-08-11,e3af47e2-2d8b-45d2-9a88-b6512a939a04,Beauty,Asia,3,471.07,0.0,BankTransfer,3.0,2.4,1413.21
79021,2023-12-01,2fa1d465-c2f5-4391-a0be-d705b74db993,Electronics,Asia,4,455.42,0.0,BankTransfer,4.0,3.0,1821.68
41798,2024-07-12,78b541ed-c824-4c15-8d95-96ddc4e26c8b,Home,Africa,3,226.94,0.0,PayPal,8.0,2.4,680.82
22477,2023-11-04,7ec98b88-0865-4caa-adf3-66012d9a648f,Beauty,South America,4,232.80300000000005,0.15,BankTransfer,3.0,2.4,791.53
79433,2023-05-29,79410518-660d-4b8b-a82b-43a54a912802,Automotive,North America,5,484.71,0.15,Cash,2.0,3.4,2060.02
7317,2023-11-24,780826ff-6123-4319-9069-c0570adea5db,Toys,South America,6,23.544,0.05,PayPal,5.0,2.5,134.2
74119,2025-08-09,6b02b8de-1305-40b1-8e9d-5d6f924ef676,Automotive,Oceania,2,84.93,0.05,BankTransfer,1.0,2.6,161.37
20087,2023-12-28,fa1e9f29-a03f-4e71-b40c-f9cbdd8919d5,Automotive,Africa,5,364.58,0.15,Cash,1.0,3.7,1549.46
35797,2023-08-16,6504de10-7448-4227-9af9-93de8cf64d3c,Fashion,Oceania,3,7.09,0.0,PayPal,1.0,2.2,21.27
68992,2024-08-29,3b9ad32e-3c17-43a4-8e00-ccbee400f9a7,Sports,North America,4,261.57,0.05,PayPal,8.0,4.3,993.97
5271,2025-02-11,4878917a-282d-44a3-8ad3-33617c226735,Toys,South America,2,338.58,0.0,CreditCard,9.0,3.3,677.16
21052,2025-08-15,bfa99ddb-f22c-4a47-8863-96750d8ce576,Toys,Europe,1,350.18,0.05,CreditCard,4.0,4.3,332.67
73619,2025-03-22,f668178c-9f6b-4893-bec5-e67ca14b1c0d,Automotive,Oceania,2,393.59,0.0,Cash,2.0,4.7,787.18
73648,2023-03-01,4aa77a4a-aca1-4999-9078-00b2ecae0e74,Beauty,North America,3,204.24,0.0,Cash,4.0,4.3,612.72
1197,2025-07-11,503b4078-a39c-4ec6-b746-4c02871854c1,Home,South America,2,390.28,0.1,BankTransfer,1.0,3.7,702.5
20014,2024-07-13,c6a9dcde-342e-4b30-926d-20bb033fd3c3,Beauty,Europe,2,266.84,0.05,CreditCard,7.0,4.1,507.0
48783,2024-08-19,90cf2b3f-2210-4407-b7eb-980571b22f24,Sports,Asia,4,60.41,0.05,CreditCard,8.0,4.4,229.56
51410,2023-05-31,2f02ec68-f8c4-419b-a64e-8fb89bff3017,Sports,Europe,4,98.49,0.0,CreditCard,5.0,3.6,393.96
94421,2025-12-15,2194293a-5383-49bf-98ac-09836fc38ef9,Sports,Asia,4,404.85,0.0,BankTransfer,5.0,4.0,1619.4
87791,2023-11-14,af806827-e7ac-4d2e-a787-cce3687e2ea3,Toys,Asia,2,174.051,0.1,Cash,2.0,4.7,313.29
11135,2025-12-08,b21d1924-bd2a-4b9f-bb30-e92a60c2ad65,Sports,Europe,5,73.36,0.0,PayPal,3.0,4.0,366.8
7706,2023-03-31,01f239e4-3965-4c7a-82ff-3b13d32a27d1,Home,Europe,5,72.84,0.05,BankTransfer,6.0,4.1,345.99
68414,2023-01-26,d1eba380-12a7-43d9-bfe6-e68694a2314b,Sports,Europe,5,238.91,0.0,PayPal,3.0,4.8,1194.55
12359,2025-05-25,cb430603-c88f-41b8-bb01-bd8ecb054b74,Home,North America,4,14.59,0.05,BankTransfer,8.0,3.2,55.44
71889,2023-01-26,0a2f6639-cd5d-4a83-b6aa-e31f7dc980c0,Automotive,Africa,5,86.45,0.1,CreditCard,7.0,3.4,389.02
36786,2023-05-03,7795376a-bba2-4994-aba8-1fcca92b2cc9,Toys,Africa,5,367.07,0.05,Cash,5.0,2.9,1743.58
652,2024-11-22,ff4625af-bd20-463b-b275-b5f3d436a7a8,Toys,Oceania,4,108.936,0.0,BankTransfer,5.0,4.9,435.74
83305,2023-01-07,003965be-5d27-458b-9cc1-680356d8c52c,Beauty,South America,4,276.92,0.0,PayPal,2.0,2.7,1107.68
12952,2024-05-03,ea2aaae9-60a6-4e36-85d9-6457a10db698,Electronics,Oceania,3,38.85,0.0,PayPal,4.0,3.3,116.55
80551,2023-11-23,358e6ba2-9403-410a-a358-adbddea868da,Home,South America,5,91.098,0.0,Cash,8.0,4.4,455.49
26971,2024-09-02,81fc1d3f-56bd-493e-9f15-541168379668,Toys,Europe,1,442.04,0.15,PayPal,4.0,4.3,375.73
5905,2023-05-21,cb505aa3-0c4a-4f81-a1c2-e70c629153bf,Sports,Europe,2,181.01,0.15,PayPal,7.0,2.4,307.72
15751,2025-10-31,1f0c4661-109a-4450-b59e-f621d1af623f,Automotive,Asia,4,102.9,0.0,,5.0,3.8,411.6
79113,2023-06-03,95092352-f9d7-4d3a-969f-042d1d3216dc,Sports,Oceania,5,152.68,0.1,PayPal,6.0,2.4,687.06
25331,2023-12-19,5c02ecd8-f83a-4522-9c58-79da02bc44a8,Sports,Asia,3,102.25,0.05,Cash,1.0,4.8,291.41
69019,2024-11-06,e503b22b-fbd7-406c-81ab-d289482a5282,Fashion,South America,3,266.733,0.0,Cash,5.0,2.4,800.2
83782,2023-09-24,f15e6976-6343-4154-a3fe-37bd904b9616,Fashion,North America,5,45.62,0.15,BankTransfer,1.0,2.3,193.88
96821,2024-02-20,49951b23-ed0e-4252-b04c-049d31475db5,Beauty,South America,2,373.48,0.0,PayPal,2.0,2.5,746.96
43641,2025-02-23,bd332331-1e5a-49ba-b1e7-e085b28bc259,Electronics,Africa,3,473.87,0.15,BankTransfer,4.0,4.3,1208.37
83963,2025-12-29,c0b2c69a-4195-434d-98fd-0cde39203212,Fashion,North America,4,323.28,0.0,Cash,2.0,3.9,1293.12
44597,2023-01-01,d0404aae-f58e-449e-9226-74f614756dfe,Fashion,Africa,5,177.43,0.1,Cash,7.0,4.4,798.44
40062,2025-07-10,ac33116a-2644-42d9-a8b4-e105ee80598a,Sports,Asia,3,269.48,0.1,BankTransfer,1.0,4.9,727.6
33479,2024-07-16,ad70d469-8b38-4a81-99ba-02bfcd307409,Electronics,Africa,2,452.34,0.05,Cash,7.0,4.6,859.45
78469,2025-06-06,e28cf7a8-b3ab-41cc-8ed3-15201091e48a,Home,Asia,2,134.02,0.1,PayPal,3.0,3.5,241.24
77878,2025-06-30,b6302044-6513-4cf3-acd2-9a4ba444b4b7,Sports,South America,3,478.1,0.0,PayPal,8.0,2.9,1434.3
17643,2025-03-10,e7927c36-33f9-476b-872a-5b8c39832fbf,Sports,Africa,5,456.11,0.0,Cash,1.0,3.6,2280.55
83075,2023-12-21,494f4da0-c080-462a-9411-8aa43adb2b16,Fashion,South America,4,490.35,0.0,Cash,5.0,3.3,1961.4
99356,2023-11-21,e2775db5-ec2f-44a9-a1bb-bc3c9bc16986,Home,Asia,5,101.034,0.0,Cash,6.0,4.5,505.17
34994,2025-11-25,7fb350e7-96d6-4fcf-9b67-8a3b40d852f5,Electronics,South America,5,24.912,0.0,PayPal,7.0,3.3,124.56
84694,2024-11-07,59d68aea-76c4-4caa-b2fa-6763886162d9,Beauty,Europe,5,344.646,0.0,BankTransfer,8.0,2.6,1723.23
22820,2024-04-09,aca83361-e722-4c58-81b8-100070f2d3a2,Beauty,Africa,4,112.47,0.0,Cash,1.0,4.9,449.88
25489,2023-08-07,7484f957-f6c5-4e9f-a44c-c88bc5ba85a4,Toys,Oceania,1,421.85,0.0,PayPal,2.0,4.4,421.85
46421,2024-11-11,19cc1aa9-69c6-46ab-9a9f-4fc0b286da27,Electronics,Asia,6,62.991,0.0,Cash,2.0,2.9,377.95
68263,2023-03-08,9715a1a3-18b2-4db5-bccf-9b9db304821d,Sports,Asia,2,241.34,0.05,PayPal,7.0,4.0,458.55
14248,2024-06-14,137678df-23b6-4a80-96ad-bd1c2d0faf7a,Home,Africa,5,37.7,0.0,PayPal,6.0,,188.5
54011,2023-06-16,bf8ea596-98a7-4d12-bd8b-0acb508f8aa3,Fashion,Africa,2,263.27,0.0,BankTransfer,3.0,2.6,526.54
79809,2024-03-18,09ca559b-a69e-4374-be78-da8c45cf9e32,Home,Europe,3,363.29,0.05,BankTransfer,6.0,4.7,1035.38
54553,2023-10-25,bfe9aa03-b057-48c9-b0e1-661653fddaa7,Automotive,North America,2,44.45,0.05,PayPal,6.0,2.1,84.46
92253,2024-07-30,48c8f7c6-e301-49f6-9b25-dfea44e5fc7d,Automotive,South America,2,77.67,0.05,PayPal,6.0,2.6,147.57
82125,2023-08-14,c0ce86bd-1efe-4c0a-b466-7c79422757e2,Home,Europe,5,233.66,0.0,CreditCard,9.0,2.4,1168.3
62110,2023-02-27,5e490376-0e06-4ec6-b3d1-e50d1494bade,Toys,North America,4,259.45,0.1,PayPal,9.0,4.4,934.02
14525,2025-07-26,6650aee8-2a98-4495-9b89-d3838432986a,Toys,North America,3,295.0,0.0,BankTransfer,4.0,3.0,885.0
2181,2024-07-26,98d53cf5-4afc-49e8-8c47-6b726e310234,Home,Europe,4,69.04,0.15,PayPal,1.0,3.8,234.74
40126,2024-06-08,98c5a516-c478-4479-a91f-1ee082d37a54,Electronics,Asia,4,491.74,0.1,BankTransfer,6.0,2.6,1770.26
61662,2024-04-21,70febf4b-fd4c-4f63-bb88-549df44823e0,Toys,Africa,5,471.0,0.1,Cash,1.0,4.7,2119.5
36298,2024-01-27,3f551b92-df8b-4e63-8782-da858e9291bd,Home,South America,4,487.45,0.05,PayPal,8.0,3.5,1852.31
65973,2023-07-24,82297183-2eb6-4251-9d36-e24ea0ea2084,Electronics,South America,4,50.77,0.2,BankTransfer,3.0,4.8,162.46
10549,2023-05-20,9ae27ece-097b-4a0a-817b-aa39f8bad003,Fashion,Asia,2,176.33,0.0,BankTransfer,5.0,2.3,352.66
4294,2025-06-13,b33d9c7c-4e73-4dcc-8664-82ee6844a0e3,Beauty,South America,3,83.53,0.1,BankTransfer,3.0,2.3,225.53
20195,2025-09-08,cc4fe8a4-1343-4a9f-bf0b-a26bbd1517d2,Toys,South America,5,206.47,0.05,Cash,4.0,2.4,980.73
75188,2025-04-18,5847302f-6c77-45e4-9035-8f5144062067,Sports,Oceania,4,31.5,0.0,PayPal,5.0,,126.0
5448,2023-02-16,be3de265-d471-4d86-8d36-645980f6c26c,Fashion,Europe,5,454.59,0.0,PayPal,3.0,3.7,2272.95
33250,2025-04-22,18275c31-8662-4597-9d28-5350a231203e,Home,Asia,4,423.65,0.0,CreditCard,9.0,3.5,1694.6
51202,2023-03-15,9a05d4c4-6721-4c78-9d30-e92cfceda3fe,Electronics,Oceania,3,244.7,0.05,Cash,7.0,3.6,697.39
27457,2025-02-26,09c6e178-c277-4d4b-8bd3-0a9024ed5794,Electronics,South America,4,248.88,0.0,CreditCard,2.0,2.4,995.52
54208,2025-03-24,6b40431b-cd24-407e-b8df-bd843c1a55f3,Electronics,Oceania,2,470.71,0.0,CreditCard,9.0,3.7,941.42
86628,2023-02-26,475f0f52-f19f-4a2c-ab89-b0567b32588d,Automotive,Africa,3,122.01,0.0,PayPal,1.0,3.9,366.03
90730,2023-07-21,d1199b2a-d1f3-41ee-9770-5961331b98e9,Home,South America,3,261.09,0.1,CreditCard,9.0,3.1,704.94
91412,2023-05-09,995a0113-c00f-4792-b352-201a30c9be41,Toys,Africa,3,436.86,0.0,PayPal,7.0,4.3,1310.58
69969,2024-05-09,bf658944-d2c6-43e1-b651-10d4a51c200e,Home,Asia,1,445.19,0.0,Cash,2.0,4.7,445.19
61220,2023-11-28,76c02bd4-da6c-4298-b421-63beca4bba0c,Beauty,Oceania,2,194.337,0.0,BankTransfer,9.0,4.1,388.67
59997,2024-08-20,22d89140-a8a4-4b76-87e2-9e5fe3f3bf4b,Electronics,Europe,3,228.63,0.1,CreditCard,7.0,3.0,617.3
64123,2023-11-19,dabc789b-cfb6-4ba8-8021-812f90361b02,Automotive,South America,4,252.963,0.0,Cash,9.0,4.2,1011.85
71081,2024-02-01,800edc00-eda4-45b5-94e9-89dc6bb495b5,Electronics,South America,1,296.43,0.2,BankTransfer,4.0,4.6,237.14
84698,2023-07-18,368570d1-b68c-4aac-ae3c-3e18d631a566,Toys,Oceania,1,46.07,0.05,BankTransfer,1.0,3.2,43.77
88280,2023-01-11,5d34b0f7-103c-4310-918b-4d7cf8613cc4,Home,North America,3,418.46,0.2,BankTransfer,6.0,4.3,1004.3
51763,2024-02-16,61b12269-4334-4c0f-ad01-4fe6d0e9bea2,Automotive,North America,5,349.94,0.1,PayPal,3.0,3.3,1574.73
92931,2024-05-19,74713664-d0cc-40de-ab8e-7d7c384ed4d3,Electronics,South America,2,176.73,0.05,,8.0,4.2,335.79
8620,2023-04-15,10e7ee6f-1c15-455f-bf6e-074d865fe33c,Beauty,South America,5,229.97,0.0,Cash,7.0,2.2,1149.85
76300,2023-04-24,795ce19e-2be3-4285-ad2b-cc74602557fd,Toys,Africa,2,89.47,0.05,PayPal,5.0,4.5,169.99
88477,2025-06-11,51e575e0-40f5-4837-b163-23e8dccb2216,Beauty,Europe,1,59.54,0.0,Cash,5.0,4.1,59.54
78631,2024-09-06,6d46ebb5-c4bd-4247-b20a-67d6c9442628,Automotive,Oceania,2,308.74,0.05,PayPal,9.0,4.5,586.61
86503,2025-12-12,35923990-fc86-472a-9a19-a85c1ef982c9,Beauty,Oceania,4,412.2,0.0,CreditCard,9.0,4.0,1648.8
19535,2025-01-31,ccfe6343-8f24-4dc4-b06e-f9ac9ccee410,Sports,North America,2,406.74,0.2,BankTransfer,1.0,3.0,650.78
40624,2025-07-03,48889d86-cf17-4ca4-bdc6-042016a979fa,Electronics,North America,3,219.06,0.0,Cash,5.0,3.8,657.18
65644,2023-01-16,809865ee-b5aa-4831-a4f1-508a884cbe3d,Fashion,Asia,2,45.38,0.0,PayPal,4.0,4.9,90.76
25842,2025-12-26,6c3b3880-924b-4628-9b23-4e264faed0f1,Electronics,Asia,5,449.01,0.0,CreditCard,2.0,3.8,2245.05
22978,2023-04-26,a0c94a61-f3b5-4c60-b14f-b75001b8ed45,Fashion,South America,5,464.19,0.0,BankTransfer,3.0,3.1,2320.95
26830,2024-03-07,1a573620-ee51-4679-870b-b930ffdcf511,Beauty,Africa,3,457.15,0.0,PayPal,5.0,4.9,1371.45
80574,2025-12-24,47e73b86-e9b3-4417-89df-883089e929ab,Beauty,Africa,5,114.76,0.1,PayPal,5.0,2.1,516.42
76175,2023-04-16,8610c316-d0c5-475e-bc27-098851b1ce09,Toys,Europe,1,35.17,0.05,BankTransfer,4.0,3.9,33.41
97425,2023-11-16,36494b96-3253-44d9-9c6e-938f0d513e78,Automotive,North America,5,67.986,0.0,BankTransfer,3.0,4.0,339.93
38487,2025-01-14,e621edb2-ee5f-49d5-a885-7fbabe47939a,Automotive,South America,1,162.57,0.1,BankTransfer,5.0,3.2,146.31
38723,2024-12-22,4eeb3af7-f768-461a-b318-61a5f1c4e99b,Fashion,Asia,2,17.99,0.0,BankTransfer,1.0,4.8,35.98
1739,2024-03-09,f4acc7e2-fa57-4cea-b957-134490a4a421,Sports,Europe,5,366.16,0.1,Cash,9.0,2.7,1647.72
63284,2025-10-17,e7ea85d8-95fc-4e19-8b43-b01975498dae,Fashion,South America,2,425.48,0.0,PayPal,5.0,4.3,850.96
26502,2023-02-22,e02437a2-374f-4c2c-9c01-ae7b9d72bd2c,Sports,Oceania,3,42.39,0.0,Cash,5.0,4.7,127.17
22740,2025-04-25,3a08a5ac-0c82-48b1-8598-2e47ee367dcd,Home,North America,4,471.15,0.1,BankTransfer,1.0,2.1,1696.14
56146,2025-03-15,a59dc0d2-d371-47b0-ae02-b4b3eb5bbc12,Home,South America,4,291.24,0.15,Cash,3.0,4.8,990.22
51421,2024-11-29,52cb4029-9bfa-4397-853e-1ddac6ba6896,Beauty,Asia,4,167.049,0.05,CreditCard,1.0,4.6,634.79
66949,2025-12-22,b55c73cc-cb70-40db-8920-f0ba5d7637ea,Sports,Africa,2,395.61,0.1,CreditCard,4.0,2.0,712.1
11057,2023-11-26,ba26dbc3-2d3b-4adc-a386-d673412dff6c,Sports,North America,2,431.379,0.0,PayPal,9.0,2.7,862.76
88929,2025-11-18,d27a4fa6-d853-41c0-9c7a-8f900977d8a2,Fashion,Europe,4,270.82800000000003,0.1,PayPal,9.0,4.2,974.98
47345,2025-03-20,281d2c44-fd66-4f49-8663-6be841389c6f,Home,South America,5,246.68,0.1,BankTransfer,4.0,3.9,1110.06
98052,2025-12-27,3c8adf06-9d93-468e-92ca-6ae8148ea4fd,Toys,Asia,1,473.38,0.15,PayPal,6.0,3.8,402.37
67703,2023-10-01,731b7004-801b-438d-86fc-92267fe1b779,Home,North America,5,254.82,0.05,BankTransfer,9.0,4.2,1210.39
20275,2023-12-15,c95b6b5e-72a1-4fd9-9d02-fa19871f804a,Home,Europe,3,280.69,0.05,CreditCard,5.0,3.6,799.97
28079,2025-02-26,581e52e5-d692-4f8a-a177-cb4ec5affac2,Electronics,Europe,2,30.91,0.2,Cash,1.0,3.5,49.46
52095,2023-06-08,723f4b14-4a9a-43af-94f1-edf3da3dd3d2,Automotive,Africa,5,236.4,0.15,CreditCard,1.0,4.8,1004.7
98282,2023-10-27,70b6da16-70b9-48f9-9dd0-38288943400b,Electronics,South America,3,389.91,0.0,PayPal,7.0,2.6,1169.73
81012,2023-02-04,520ce5ea-2829-44f3-8964-d8b86a2ef23d,Fashion,Europe,3,140.3,0.0,BankTransfer,5.0,4.1,420.9
13565,2024-11-18,a4dda659-67f2-47fb-9a41-6b1688a82092,Beauty,North America,5,353.475,0.15,PayPal,6.0,2.3,1502.27
91658,2023-02-10,48d3bb37-358a-45aa-beba-3822504a0c71,Sports,Africa,4,264.31,0.0,Cash,7.0,,1057.24
15986,2023-01-12,ca97b99b-e1e9-495e-8929-e5b0b2eee937,Beauty,Africa,4,120.25,0.0,CreditCard,2.0,4.4,481.0
72762,2023-09-09,c741509a-b84b-41db-86a5-f4ac586f7a14,Automotive,Asia,1,191.87,0.05,PayPal,8.0,4.7,182.28
82418,2024-05-15,b7a4c255-41bb-4a39-9dd6-e8ee08ffab9d,Sports,Africa,5,248.22,0.2,BankTransfer,4.0,4.2,992.88
79628,2025-12-19,d868f143-b264-44f0-a73b-0091eec78850,Home,North America,3,275.06,0.0,CreditCard,6.0,4.2,825.18
30337,2024-06-18,84ba53ed-17ea-4cb9-9c7d-8d12c7e77d0f,Beauty,North America,5,68.82,0.1,CreditCard,1.0,2.7,309.69
822,2025-10-20,f204be89-4a4b-4563-8cf4-77ef18c8a616,Electronics,North America,3,473.15,0.1,CreditCard,1.0,3.8,1277.5
14806,2025-04-13,2f96530b-d3ab-4c3f-b458-98b0b845e393,Beauty,Asia,5,414.35,0.0,BankTransfer,8.0,2.3,2071.75
44033,2024-11-09,24e071eb-a94d-4fda-b685-88e104eeb368,Sports,Africa,3,4.662,0.15,Cash,5.0,3.2,11.89
4892,2025-05-14,fc75de3d-d473-43b5-852a-2da70e00583d,Beauty,Africa,4,398.29,0.05,BankTransfer,8.0,2.5,1513.5
65696,2023-09-21,b51c8012-2927-46ea-9451-35236971dd2b,Automotive,Asia,3,215.15,0.0,CreditCard,8.0,2.3,645.45
46508,2025-05-28,7aa55e91-e3b6-4018-a28b-1f3952977033,Beauty,South America,5,441.44,0.0,CreditCard,6.0,4.9,2207.2
35013,2024-12-16,c36ec876-f8e5-4ab6-ba23-2517d231cae3,Electronics,Oceania,2,145.06,0.05,BankTransfer,2.0,4.0,275.61
19665,2023-10-15,75dc654f-675d-44cb-b028-c1ded6e92ba8,Beauty,South America,3,204.51,0.05,CreditCard,1.0,4.6,582.85
74002,2023-02-21,0158ad3c-0b71-40c1-b177-ea39396f10cf,Beauty,South America,1,252.7,0.0,BankTransfer,3.0,3.3,252.7
41184,2024-05-16,15174c4a-1da5-4733-a81b-3bc3a6cf7794,Automotive,South America,3,417.48,0.0,BankTransfer,2.0,2.4,1252.44
31121,2024-02-01,32303ee2-2707-46ba-8faa-3b1f60c5e090,Sports,Asia,2,8.62,,,7.0,2.0,15.52
13859,2025-01-09,8c5a3de8-cc27-469f-97a8-754dfd4bdfec,Toys,South America,5,404.05,0.05,BankTransfer,6.0,2.0,1919.24
30161,2025-03-05,67b5c84f-525c-477e-ba18-717c337f2ee2,Toys,North America,3,56.07,,CreditCard,3.0,2.2,142.98
46641,2025-08-24,d87db1a9-7504-411e-b8d1-540c6d20806f,Beauty,Oceania,1,203.17,0.0,CreditCard,3.0,2.6,203.17
12277,2023-09-26,a11d19a4-1117-43a0-a0cf-954ce16dfe37,Sports,South America,4,110.98,0.05,CreditCard,4.0,3.4,421.72
60397,2024-02-13,df1ecd34-0cec-4de7-805f-833b6bf738f5,Sports,Europe,4,263.7,0.05,CreditCard,4.0,2.5,1002.06
73990,2025-05-28,42da0078-1a03-4998-acf7-ac90afc52305,Beauty,Asia,4,313.92,0.2,PayPal,4.0,3.7,1004.54
2789,2024-05-18,bce8e033-fb70-4bf3-95fd-46d7cfbfd796,Automotive,Oceania,1,70.84,0.15,Cash,7.0,3.7,60.21
70997,2024-07-08,ac3574df-d969-4fdf-b5b4-1ea2c71ef136,,Europe,5,240.08,0.15,Cash,7.0,2.4,1020.34
4273,2023-09-09,caef3c9e-1b9d-4f1b-b52a-6cbf1c17729f,Fashion,North America,2,324.86,0.2,BankTransfer,6.0,4.0,519.78
12299,2025-06-11,bfcf648c-fc3a-4087-8ff9-aa6c083863e9,Sports,Europe,5,26.12,0.05,Cash,8.0,2.9,124.07
51678,2025-02-26,e19bbc4e-ba2f-4ca6-aa0a-b7ba689ddd56,Fashion,North America,1,109.9,0.05,Cash,3.0,3.4,104.4
50652,2025-02-09,78ff9a6b-8e02-433f-824d-3fc4f012fe07,Electronics,Africa,1,366.62,0.05,Cash,5.0,3.2,348.29
20056,2024-05-23,db9f0820-73cb-4f6b-a278-0d7437511316,Electronics,Asia,3,468.31,0.0,CreditCard,2.0,2.1,1404.93
57189,2023-06-12,b42eea4b-5783-4ea9-a9d2-a25d4641b888,Toys,Europe,2,496.13,0.0,Cash,1.0,2.4,992.26
39925,2023-01-20,8976ec8a-fbe1-448c-b431-4c09db0e4342,Automotive,Africa,1,303.96,0.05,PayPal,4.0,4.0,288.76
72284,2023-12-03,f57d43d4-d294-4cfe-955a-7a63ea315920,Electronics,North America,2,278.8,0.1,Cash,3.0,2.3,501.84
18843,2023-07-25,f1a1fe41-76ef-4c6a-86e4-743950df607e,Beauty,Europe,2,24.73,0.05,BankTransfer,7.0,3.3,46.99
77413,2025-12-27,7d50c0e0-8cdb-4eb8-a4aa-73203cc5992d,Home,Oceania,2,392.97,0.1,PayPal,1.0,2.2,707.35
49219,2025-10-11,b4a43314-69b3-4362-afed-4447dfe2da25,Beauty,Oceania,1,259.17,0.0,BankTransfer,8.0,4.7,259.17
41472,2023-01-12,8f7fbbbb-0af6-4c1b-adbe-a9638d951cbb,Sports,Asia,2,461.57,0.05,PayPal,5.0,4.5,876.98
39457,2025-02-10,8b296d44-39ac-4ccd-bbbb-8aec2964dfd0,Home,South America,4,46.08,0.0,BankTransfer,2.0,3.8,184.32
33055,2023-07-01,96280f6d-001f-46ab-a829-0fd47ec13d6a,Automotive,Oceania,1,325.97,0.15,BankTransfer,5.0,3.3,277.07
31376,2024-06-08,fe0129cb-a835-41b5-b0e8-025f82985eac,Home,South America,1,122.68,0.05,BankTransfer,5.0,3.0,116.55
33457,2025-04-15,cfb7fd57-a20e-4bb3-a2b1-9e4c2988ae6f,Beauty,Europe,1,244.64,0.15,PayPal,2.0,4.4,207.94
12561,2025-02-23,39d68ef9-b8d5-43fc-aa94-34342a9ea8d8,Fashion,South America,3,463.69,0.0,PayPal,2.0,4.4,1391.07
54189,2025-07-23,21a88346-cf3c-4f88-9ea4-6f40a83b3d55,Toys,North America,5,81.11,0.1,CreditCard,5.0,2.3,365.0
58576,2025-10-11,c6aa7bea-7138-4e2c-9e3d-b5b2ade778df,Sports,Oceania,5,252.11,0.05,Cash,1.0,4.8,1197.52
65744,2024-04-15,4c14c94e-38f0-4570-9c3f-6f31a3844e7c,Automotive,Oceania,2,466.13,0.1,PayPal,5.0,3.3,839.03
66101,2025-10-14,acf393f9-d519-444d-8793-9c8d5de65232,Automotive,North America,3,353.74,0.0,Cash,5.0,3.4,1061.22
59420,2023-12-27,a8aa1e64-bf68-40e5-bd1d-7f4418225cb0,Beauty,North America,1,9.4,0.0,PayPal,4.0,3.6,9.4
19982,2024-09-11,216db33d-73f3-4aa9-af3f-7de4880035d0,Sports,North America,2,6.15,0.2,PayPal,3.0,2.5,9.84
57096,2023-08-01,9897d90d-c81f-4eb9-9f3c-77b681a4ee43,Beauty,Africa,5,195.19,0.05,PayPal,2.0,4.5,927.15
11249,2025-02-27,9719d16c-786b-4874-90c5-0d154bc8f4c9,Sports,North America,5,404.04,0.05,CreditCard,6.0,4.4,1919.19
43188,2023-09-01,dc6756f8-52b9-4c08-a3ad-2aef0452d9af,Sports,Europe,2,313.95,0.0,BankTransfer,3.0,2.0,627.9
5179,2023-12-21,62524390-52a3-469d-8906-9da96d3b867c,Fashion,Europe,3,240.34,0.0,,7.0,2.5,721.02
99908,2025-10-17,0424d38b-f0c0-4a8a-8143-78c24a30ccc0,Automotive,North America,4,301.61,0.1,CreditCard,5.0,2.8,1085.8
54752,2023-09-12,ccf5237b-13fd-43ff-8e0b-0ca7283c5bd5,Home,Africa,3,166.42,0.0,BankTransfer,2.0,4.6,499.26
4646,2023-11-14,067965ab-61e5-48ca-9261-14b7142a6f47,Home,North America,6,19.926,0.0,CreditCard,9.0,4.1,119.56
47565,2024-06-06,9b9b618b-3467-41de-b091-6f27d18181cf,Automotive,Oceania,1,458.58,0.15,CreditCard,1.0,4.2,389.79
36589,2023-09-27,c118ea20-e9b1-442d-8bf8-eddc0e38fca9,Automotive,South America,1,456.44,0.0,PayPal,1.0,3.1,456.44
90538,2025-12-25,841a33b6-d867-45c5-95f9-39fed6ac7bcc,Toys,Africa,2,117.05,0.1,Cash,9.0,2.4,210.69
80596,2024-08-21,ccdf28d5-ef9e-4839-aa7f-849b204c2f75,Home,Asia,1,302.77,0.0,Cash,7.0,4.7,302.77
41508,2023-06-22,f477caab-c2e3-494a-9fb6-4946ae9aeae7,Electronics,Africa,1,214.71,0.0,Cash,5.0,4.5,214.71
64291,2024-09-15,283ba30f-90b4-4e15-889f-f69f7c1f2057,Electronics,South America,2,422.75,0.0,PayPal,6.0,2.2,845.5
68253,2024-07-24,ac698a91-6311-4b3c-aa6f-15732e792def,Sports,Africa,5,274.94,0.1,BankTransfer,7.0,3.2,1237.23
62286,2023-07-02,def1c799-9cdf-48fd-95cc-89b0067e6df1,Toys,North America,3,341.86,0.1,CreditCard,4.0,3.8,923.02
6782,2025-11-02,abd13f1a-3d20-4440-80cf-a44d1b7db566,Automotive,Asia,3,398.745,0.1,PayPal,7.0,2.9,1076.61
69805,2025-05-17,1a39d795-fa2c-4d96-a914-f1acd2a291f6,Electronics,Africa,2,212.18,0.0,PayPal,1.0,4.7,424.36
4473,2024-12-20,6680c5e3-363c-4c32-be3e-14022008bd4c,Sports,Oceania,4,156.64,0.0,CreditCard,5.0,3.7,626.56
53237,2024-10-07,35e0581c-d169-4699-9d32-cf191456956d,Beauty,Europe,2,75.0,0.05,BankTransfer,9.0,4.4,142.5
62429,2024-01-04,3d66e5f1-c03c-447e-875f-2028d1495beb,Beauty,Africa,3,17.16,0.0,Cash,6.0,4.4,51.48
343,2023-07-10,b07aa066-7354-45ea-a894-9b8d00af5b3a,Electronics,Europe,2,245.87,0.05,Cash,3.0,3.5,467.15
12054,2023-01-20,b89a3e7c-5476-4d30-b657-c7e808510276,Sports,Asia,5,496.99,0.05,PayPal,8.0,3.6,2360.7
30388,2025-06-21,5a4dda5a-26c0-43c1-9f1c-f3432044df0a,Toys,North America,5,372.4,0.0,PayPal,2.0,2.8,1862.0
44203,2023-02-10,bcfd7663-27e1-4751-8756-78cb49a947a5,Toys,Europe,1,88.09,0.0,Cash,1.0,3.6,88.09
35148,2025-03-16,c1b270f9-8f9b-4b39-85ab-f186f317481a,Home,North America,3,291.31,0.0,CreditCard,4.0,3.3,873.93
13944,2023-03-25,9aa0b64c-967e-4e7b-94e6-8bda68a721b5,Toys,,3,370.43,0.1,CreditCard,9.0,2.3,1000.16
94058,2023-02-27,8fc1c83d-1ba1-41ff-9f35-f19ea6413865,Beauty,Africa,1,70.96,0.2,Cash,4.0,3.0,56.77
5672,2023-05-12,20e8dae1-b1f0-4d9b-8e21-7fb3be654bf9,Sports,Asia,2,427.87,0.05,Cash,4.0,2.9,812.95
96126,2023-10-21,cee1f36e-9d08-44f9-8572-c9989303f62c,Fashion,Africa,1,98.23,0.15,BankTransfer,3.0,3.8,83.5
63617,2025-10-23,5efee8f8-a309-4391-b805-2f01310bdddf,Sports,Asia,3,416.84,0.05,CreditCard,9.0,4.4,1187.99
63130,2023-04-17,20d5abb5-e6d9-4cd4-9717-fe7041a1fb1c,Automotive,South America,2,286.6,0.0,PayPal,3.0,3.9,573.2
24495,2023-05-02,5ac290a5-67b4-490b-b1ad-694fabd6ac7f,Home,Oceania,2,371.4,0.0,CreditCard,7.0,2.8,742.8
73900,2023-12-06,7ef91d87-49ff-4428-aaa2-9720652d4a8b,Toys,Europe,1,71.42,0.0,PayPal,9.0,2.2,71.42
38078,2024-02-27,cb6361c9-064d-4315-85d7-cb96bede1bcb,Home,Europe,5,250.0,0.15,CreditCard,8.0,4.5,1062.5
55224,2024-03-21,777ae580-a3bf-48ae-a602-18e18fb00c5f,Sports,Europe,1,350.53,0.0,BankTransfer,8.0,3.8,350.53
47766,2024-08-01,221948d6-5b4b-45b9-9902-e8043c33015a,Beauty,Oceania,2,280.21,0.0,BankTransfer,2.0,3.8,560.42
54623,2024-10-29,cbe75a08-1c14-4790-82f7-cddffdef51b4,Sports,Asia,1,433.81,0.0,PayPal,6.0,3.0,433.81
52887,2025-12-28,a0bf916e-368b-4c39-9885-3e91507c74d2,Home,Asia,3,13.61,0.0,Cash,3.0,4.2,40.83
63642,2025-06-10,f8a2b913-51d9-402c-bc4b-89ba04e4fd49,Home,Oceania,2,192.29,0.15,CreditCard,2.0,2.7,326.89
13397,2025-08-16,eebea50d-5a6c-433e-af5f-8913d13a962d,Electronics,South America,5,111.55,0.0,BankTransfer,6.0,2.7,557.75
52451,2025-11-27,56b9a3e9-a2f1-4922-86b5-eb7ec7f9f47f,Electronics,South America,6,407.376,0.05,PayPal,4.0,4.0,2322.04
11266,2023-11-24,353fe8c3-92e7-4ba5-866c-daddbb5ed054,Automotive,South America,5,195.129,0.0,CreditCard,1.0,2.5,975.65
20941,2024-04-18,677a740e-4adb-4881-85cb-135aae2f9cbf,Automotive,South America,1,380.32,0.1,Cash,9.0,3.5,342.29
48588,2025-08-22,cf2af950-056c-46c4-9820-239f173b9380,Home,Africa,4,240.13,0.0,CreditCard,7.0,2.5,960.52
76208,2023-12-07,8e3d7d53-e5cf-45c5-8696-45a58f11d23d,Toys,Asia,3,115.68,0.0,CreditCard,7.0,4.7,347.04
56294,2025-11-18,447282b2-73d6-4a2b-8f34-2cf339a5d82e,Beauty,Oceania,2,66.366,0.15,PayPal,4.0,2.9,112.82
99887,2024-03-12,7fd9c402-5fee-41d4-940c-0fcf6424d89d,Sports,Asia,3,325.3,0.1,BankTransfer,6.0,3.4,878.31
31419,2025-10-22,75151435-cd01-4b44-a282-80207460aba0,Electronics,South America,4,342.58,0.0,PayPal,5.0,4.1,1370.32
53391,2024-09-26,b69f2d3f-599b-4f92-86d0-a9e5217fbc77,Beauty,Oceania,5,38.65,0.0,BankTransfer,8.0,2.1,193.25
3017,2024-07-12,f3d6b9f2-d4d7-40ca-b08d-16769d09a404,Electronics,South America,5,102.62,0.0,BankTransfer,4.0,3.4,513.1
72689,2024-10-28,9af9b97e-804e-4737-a128-65849b4e02e3,Home,Oceania,5,226.43,,BankTransfer,7.0,4.1,905.72
7216,2025-01-05,0b3b81a9-ddd6-42a8-a925-f2d53b36c46e,Beauty,Asia,1,161.83,0.0,PayPal,7.0,3.1,161.83
26113,2023-01-21,33057c2b-939c-4a82-9406-b31cc81e34bd,Beauty,Asia,4,30.18,0.1,BankTransfer,9.0,4.4,108.65
68272,2023-08-11,f0383a42-003d-47b1-bfd5-c458e92ba5e9,Fashion,North America,4,27.08,0.1,BankTransfer,2.0,2.9,97.49
57937,2023-10-20,c8482c26-20fa-4fd2-8652-74d1e8d29b72,Sports,Africa,1,427.98,0.0,,8.0,4.8,427.98
84015,2023-02-12,ad674c96-346b-49b7-b77c-e78ae474337b,Electronics,Africa,3,292.22,0.0,Cash,5.0,3.2,876.66
92699,2023-07-14,c308821f-5da7-4b1b-8ff2-b1001c7c3615,Home,South America,1,107.38,0.0,BankTransfer,1.0,3.6,107.38
2955,2024-12-23,15661feb-05c5-4f8d-b21a-6c3f47263c24,Fashion,Africa,4,51.33,0.0,BankTransfer,3.0,4.7,205.32
84734,2024-02-18,a4716345-c9bc-49f8-b780-64c8443421d3,Beauty,South America,5,67.34,0.05,CreditCard,8.0,4.0,319.86
25981,2023-02-09,92600ddc-369d-47be-8fd6-9e6a50803f14,Sports,Asia,4,121.2,0.0,BankTransfer,2.0,2.3,484.8
19448,2023-08-15,fbc9a5c6-e7f8-46fe-8c8b-2b58e6fdb144,Sports,South America,2,261.7,0.15,Cash,7.0,3.5,444.89
79577,2023-08-22,41b4fcdf-eafd-45e3-9a05-573a2336bf70,Sports,Europe,2,67.06,0.2,Cash,6.0,2.8,107.3
53064,2025-04-29,fa2c0f6e-a670-4a43-9824-a2e156557c28,Fashion,Asia,5,275.23,0.0,CreditCard,1.0,4.1,1376.15
88838,2025-12-09,971419c1-669f-4e36-883f-64c0c23865ea,Sports,South America,5,307.88,0.0,CreditCard,2.0,4.3,1539.4
36018,2025-07-10,8a3e6454-a98b-4a03-8890-b77bd746ed6e,Toys,Asia,2,148.91,0.1,Cash,1.0,4.3,268.04
85861,2023-03-28,5e21744c-7e62-4d6d-877c-a8192d9164a3,Fashion,Europe,2,172.13,0.15,PayPal,8.0,2.7,292.62
65071,2023-02-20,7d9dd963-d91e-4551-a57b-ef16c08faa11,Toys,Europe,5,429.0,0.0,BankTransfer,7.0,2.2,2145.0
1349,2023-06-13,2ab8bd33-911f-430b-9bff-00b07fe670f3,Beauty,Oceania,1,153.01,0.05,PayPal,3.0,3.9,145.36
58365,2023-10-28,39a8ab5a-bf9c-41e7-aa47-8c843f67ed89,Home,Oceania,4,440.76,0.1,BankTransfer,2.0,2.6,1586.74
40369,2023-11-14,1af2a8b0-61d7-4178-88e1-cf817f725f79,Electronics,North America,4,419.481,0.0,CreditCard,4.0,3.1,1677.92
20597,2025-03-08,0d4ef107-fe4f-4280-bb2f-da7528c74b47,Sports,North America,4,226.56,0.0,Cash,8.0,2.5,906.24
77580,2023-03-26,eac1e888-de65-4815-8a50-74f307960260,Electronics,Africa,4,174.04,0.0,BankTransfer,8.0,2.7,696.16
68425,2025-07-01,ee9ba9f6-6949-4c3d-a3f5-fe538b611bbc,Electronics,Europe,1,131.11,0.1,BankTransfer,2.0,4.5,118.0
77434,2023-01-22,71945c2d-129f-48b1-b6b3-b7b0b4fb02fa,Automotive,South America,5,430.21,0.1,BankTransfer,5.0,3.5,1935.94
19445,2025-09-01,f51cf3c0-d9ab-4ec0-a1a4-818d8c641217,Toys,Asia,3,299.2,0.0,PayPal,1.0,3.4,897.6
8937,2025-10-11,4acafd79-ec60-4353-b12d-2edce6b03b0d,Home,Africa,3,12.18,0.0,PayPal,7.0,3.3,36.54
76263,2024-09-04,15dd1b37-ea6d-4cab-8ea8-aa2eb792ce05,Electronics,Africa,4,372.51,0.0,BankTransfer,2.0,3.9,1490.04
38885,2023-03-21,807e2a30-f8ed-475e-a258-33d446742ba4,Automotive,Asia,2,241.44,0.0,PayPal,8.0,5.0,482.88
26304,2023-04-21,a8a36936-6670-4b4f-8d5d-d304fd7178f6,Toys,Asia,3,352.37,0.05,CreditCard,8.0,3.2,1004.25
36294,2024-08-06,4e8d0c03-0ef7-4054-8303-4cf68e5c4995,Toys,Europe,5,218.81,0.2,BankTransfer,1.0,4.9,875.24
53993,2024-09-08,e071beab-3802-4cb7-8326-ca99417463dd,Beauty,Oceania,3,398.35,0.0,Cash,1.0,3.0,1195.05
42700,2025-03-13,747c6372-a413-4979-9b78-6ce8109425cc,Fashion,Oceania,2,167.94,0.0,Cash,8.0,2.4,335.88
71918,2024-09-30,f8dfb1b8-88c5-4d12-9704-37cd7d708f8e,Home,Asia,3,81.02,0.1,Cash,8.0,3.2,218.75
83143,2025-12-19,3393239e-e466-47b1-b2f8-2cc4516864ba,Automotive,Africa,3,84.8,0.15,CreditCard,6.0,2.7,216.24
279,2024-09-04,90e0f4a0-fbdd-4933-8bd5-8bf61efd76e9,Sports,Asia,2,426.33,0.1,Cash,3.0,3.9,767.39
29469,2023-06-08,0fe21064-f94a-4290-afb2-5b78c9627d7c,Beauty,North America,4,226.03,0.05,PayPal,7.0,3.9,858.91
23603,2024-09-14,c2d55546-1c09-49c6-9e52-f0766642ab4a,Beauty,Asia,5,411.76,0.0,CreditCard,8.0,4.6,2058.8
2695,2023-08-24,3bd13a43-8853-490b-ac26-4a0cc09f1c91,Fashion,Asia,2,336.48,0.15,BankTransfer,6.0,3.6,572.02
82020,2023-09-17,e99fa103-474c-4b5f-a4dc-9a0b203de3b0,Sports,Europe,2,460.79,0.0,PayPal,6.0,4.1,921.58
89574,2023-06-30,dd126974-7545-44d3-879c-9d9dcde1e1d2,Fashion,South America,3,386.75,0.0,CreditCard,1.0,4.7,1160.25
66841,2023-03-15,060bde62-ab75-4d39-8515-f07a1ad7a950,Home,,4,119.14,0.0,Cash,1.0,2.1,476.56
7396,2025-05-21,681a035f-e1e3-466c-8a09-bdc139c8a117,Toys,Asia,5,185.93,0.0,Cash,2.0,4.6,929.65
41612,2023-01-25,6b9fe0a6-7a2b-4b35-b855-ec871b60a8a5,Sports,Europe,5,404.78,0.05,CreditCard,2.0,2.9,1922.7
43298,2025-09-24,09bc437e-bbd4-4cf8-9a12-1e70d0d19fc5,Toys,South America,1,247.24,0.0,PayPal,6.0,3.7,247.24
72688,2025-04-26,5c0234de-f9e9-4c13-ae2f-ce74400766dd,Beauty,Europe,3,438.76,0.0,CreditCard,8.0,3.3,1316.28
42561,2025-06-13,2db5b1f4-0321-4c70-b28b-d13c494c8758,Fashion,North America,3,468.19,0.1,CreditCard,4.0,4.7,1264.11
7337,2025-07-16,20323ec5-2f4c-4a5e-869c-4218ecb55c92,Electronics,Asia,2,277.69,0.15,PayPal,1.0,2.2,472.07
36722,2023-04-01,05c3c7db-393e-48c0-bfc2-be8ad79efc66,Beauty,North America,4,322.76,0.0,CreditCard,3.0,3.3,1291.04
18703,2025-11-19,0eee21c3-89a9-421c-a29a-a1476c62487f,Sports,South America,2,69.273,0.0,BankTransfer,9.0,4.3,138.55
50115,2024-07-23,0f99da3d-81d4-4384-a606-a2a326baa9cf,Home,Asia,5,205.53,0.2,Cash,7.0,3.4,822.12
15292,2024-06-21,7987280d-0778-4c9e-87e2-b7b8cfb96160,Beauty,Asia,2,258.19,0.15,PayPal,6.0,4.0,438.92
10818,2024-10-26,8bc90792-a499-4739-869e-bbf47343aa18,Beauty,South America,1,485.55,0.0,PayPal,4.0,3.2,485.55
79716,2024-10-26,838fc165-0fad-4c0b-a2aa-b2527e220195,Automotive,Oceania,5,150.14,0.0,Cash,7.0,4.2,750.7
21730,2024-11-24,dd126923-9756-4070-b5c1-225355decd9a,Toys,North America,2,66.303,0.0,CreditCard,9.0,3.1,132.61
32885,2024-04-01,674440a3-df1f-4814-aaf1-ee3c9dbfa0d4,Automotive,Oceania,5,204.27,0.0,Cash,9.0,4.0,1021.35
57676,2023-03-14,9b6472b1-5d6e-46c7-9d81-709b1e541412,Home,Africa,1,209.45,0.0,PayPal,2.0,4.3,209.45
2503,2023-03-12,e237c877-2e0e-4673-8ed7-cd177e14c595,Fashion,South America,1,416.77,0.0,BankTransfer,7.0,4.7,416.77
62787,2024-01-08,c9e896e3-0c4e-45e5-9433-1bc0bc5af34e,Automotive,Africa,3,200.46,0.0,PayPal,8.0,3.8,601.38
63588,2024-07-03,5dafa421-33a5-43eb-9451-6995a1629935,Home,Europe,3,131.89,0.0,CreditCard,5.0,3.4,395.67
5938,2025-07-14,2ab05af8-87e7-49e2-bf46-d9d3f2794e8b,Beauty,Africa,3,28.02,0.0,CreditCard,2.0,4.0,84.06
69592,2024-03-22,86cdc2c0-bd07-4ac5-bbee-727d9c9aaa37,Automotive,North America,4,107.17,0.05,Cash,5.0,2.2,407.25
92732,2024-11-09,bcc7d412-e2b0-4e9c-aebd-34002463c11b,Electronics,Oceania,4,71.18100000000001,0.05,PayPal,4.0,4.8,270.49
49483,2023-12-20,2e04ab33-458c-499f-8485-40e375df2244,Toys,North America,1,204.9,0.0,Cash,6.0,3.5,204.9
34901,2023-04-10,f3367455-d6e0-40b3-8542-3494e26a3364,Electronics,Asia,5,266.63,0.05,Cash,1.0,4.4,1266.49
15603,2025-03-24,1678c235-26a3-4e64-8ab5-fb870fbb4d44,Home,Oceania,3,420.49,0.0,PayPal,5.0,2.8,1261.47
20183,2025-04-09,dfd97075-e78d-4ff7-9455-9b72186fa278,Electronics,Africa,2,116.18,0.0,Cash,2.0,3.8,232.36
84606,2024-07-27,21b81883-3918-464c-ace9-94de045b9ff7,Beauty,North America,2,9.57,0.0,PayPal,1.0,3.3,19.14
4422,2023-09-09,725aa10d-63fe-457c-a5d4-ec1951fc4c23,Sports,South America,3,494.9,0.0,BankTransfer,4.0,4.5,1484.7
13548,2025-08-19,7321bdcb-eff6-441c-be3d-9753db9c26cb,Automotive,South America,3,263.76,0.0,CreditCard,8.0,3.1,791.28
23201,2023-11-20,8e9a911d-9aa8-461d-acb7-6586eac2bf6c,Automotive,Africa,4,141.255,0.05,Cash,5.0,4.3,536.77
53570,2025-10-13,fba39e28-053a-4f7f-94f6-703ed6afee3f,Fashion,North America,4,305.45,,CreditCard,1.0,4.9,1099.62
71660,2025-06-20,df1c9cd7-5100-4d30-ac95-c1ad49c0bff4,Beauty,Africa,5,193.46,0.0,PayPal,7.0,4.3,967.3
15843,2024-12-25,966da436-db67-4c19-881a-b64e5a0a3790,Fashion,Africa,4,148.58,0.05,BankTransfer,8.0,4.7,564.6
92556,2024-08-14,0820fb59-b5a4-4895-ae93-eac81952d845,Home,Asia,4,48.1,0.0,CreditCard,3.0,2.2,192.4
79343,2025-12-30,0872ac23-e5c8-49e1-bdfb-fe907025f888,Beauty,Africa,3,445.13,0.15,CreditCard,4.0,3.7,1135.08
12909,2023-04-03,0ecb845e-7d32-4d96-8ba4-475b68532e2e,Fashion,Africa,3,431.31,0.0,CreditCard,1.0,4.9,1293.93
41332,2023-12-15,62b51691-eebf-438f-b8ce-6a2e74ba0303,Fashion,Asia,3,430.19,0.1,PayPal,9.0,2.9,1161.51
81480,2025-08-02,ada924ec-2c18-41a1-a376-14df81a7f08d,Home,Asia,4,135.08,0.0,PayPal,6.0,4.2,540.32
1719,2023-11-01,bbaa574f-e0e3-45ce-84af-ecb79f2ebefc,Electronics,South America,6,51.975,0.0,CreditCard,4.0,4.8,311.85
34629,2023-10-22,2a940b39-6dde-4126-95db-0d11c5cb9ad3,,Europe,1,308.4,0.0,BankTransfer,4.0,4.3,308.4
67034,2025-02-23,e62ba94b-9988-4a12-bb31-03c3fa60f04a,Fashion,North America,3,113.31,0.05,CreditCard,6.0,2.7,322.93
54916,2025-06-09,b0304411-cfdd-4299-92ea-cac34846f5e8,Sports,Europe,3,316.32,0.0,CreditCard,6.0,4.7,948.96
75545,2025-09-18,bc0e4f1a-01e9-4d71-8f9f-639d331f8e45,Electronics,Oceania,2,448.98,0.05,CreditCard,8.0,3.5,853.06
21287,2025-06-13,8d78f8fe-2f10-4a36-abbf-548f2c9f9936,Beauty,Europe,2,279.67,0.15,BankTransfer,3.0,4.2,475.44
57420,2024-03-23,98a051b5-dbd8-470c-bb7a-9b775555bafb,Sports,Africa,4,69.82,0.0,CreditCard,1.0,2.1,279.28
38658,2025-03-19,6427f18a-bd2a-4a29-9f08-d79b5923a4b0,Home,Oceania,2,146.03,0.1,CreditCard,8.0,4.7,262.85
86291,2023-04-26,a561445c-8e86-43fc-bdcf-671d0e1da8b3,Automotive,South America,4,14.0,0.0,CreditCard,3.0,2.4,56.0
95800,2023-08-08,c593dc7f-9c05-4dd8-9d0c-eb48e5b3d26f,Beauty,North America,5,118.54,0.05,CreditCard,1.0,2.3,563.07
55370,2024-08-12,9c3e4065-ee58-44f6-8d86-43df4cb6b7ce,Fashion,Oceania,4,298.26,0.0,CreditCard,8.0,2.6,1193.04
89328,2024-02-15,14041413-8862-4b43-a5ce-a6c53cabd75b,Automotive,North America,2,41.76,0.0,Cash,5.0,4.7,83.52
3432,2024-01-21,0ce87570-b4d6-43e6-9aa9-0d26ab636d66,Sports,North America,4,113.44,0.0,BankTransfer,3.0,2.0,453.76
66150,2025-08-17,67efd730-d319-4e79-b48b-76aa07f5f4b2,Sports,Asia,5,312.77,0.05,BankTransfer,1.0,2.4,1485.66
74498,2025-07-14,7a70f1e0-8c72-4b58-bb09-b58a5a7c7825,Automotive,Europe,2,49.78,0.15,PayPal,5.0,4.9,84.63
85510,2023-08-29,8cb04c57-5ec6-4a19-aabf-d36422c7a41b,Toys,Asia,3,155.9,0.0,BankTransfer,7.0,3.7,467.7
28327,2023-03-07,9daa671b-4997-4aad-a369-732e12c22f83,Sports,North America,3,128.57,0.0,Cash,7.0,4.8,385.71
99783,2024-04-24,a00725aa-962a-42a1-a069-40345b492980,Fashion,Europe,1,101.85,0.05,Cash,7.0,2.2,96.76
9559,2024-09-25,6b4c2dac-df93-4659-a30c-e666d36e7cca,Toys,Oceania,2,214.5,0.0,Cash,3.0,4.4,429.0
6905,2024-01-05,35eaede0-ea83-456b-bd8c-93df41515f1e,Beauty,Europe,4,152.39,0.0,CreditCard,7.0,3.2,609.56
54375,2025-08-30,152b9043-1822-4260-a1e5-1ade41f98ba5,Fashion,Europe,4,305.28,0.05,PayPal,1.0,3.9,1160.06
42378,2023-02-17,1c39b72b-a3fb-4602-aee0-01b44c6b9262,Automotive,Asia,2,308.64,0.05,BankTransfer,6.0,3.0,586.42
74274,2025-04-26,dfae9066-a502-4d0c-b24d-9126c2b69d38,Electronics,Oceania,4,403.78,0.1,Cash,5.0,3.0,1453.61
23036,2024-03-22,a08f0dae-8b9b-4fbf-afdd-13628380186b,Toys,South America,3,38.68,0.1,PayPal,3.0,3.6,104.44
12683,2023-07-30,7dfcb03a-8f11-460e-83cb-763e38767632,Beauty,Asia,5,318.68,0.1,PayPal,5.0,2.1,1434.06
54916,2025-06-09,b0304411-cfdd-4299-92ea-cac34846f5e8,Sports,Europe,3,316.32,0.0,CreditCard,6.0,4.7,948.96
10430,2024-12-23,042a2952-adfe-44e5-8744-0006f10eb0ea,Electronics,Africa,2,271.15,0.0,PayPal,2.0,2.5,542.3
18784,2023-03-22,7e2a9ced-8a27-427c-be77-5b7f8b4db6dc,Home,Asia,4,188.82,0.0,,7.0,2.1,755.28
87672,2023-04-26,cf42dd2b-316f-4d81-97a2-f01b44c485ff,Electronics,Oceania,3,355.03,0.05,Cash,9.0,4.5,1011.84
2260,2025-08-09,2dbb45bd-2138-42e6-b013-a170d5cf3b4c,Electronics,Europe,2,246.84,0.0,BankTransfer,9.0,2.9,493.68
26587,2024-01-15,5c338a83-7c80-4067-9afc-00ac9bd2ce6b,Beauty,Asia,5,344.96,0.15,PayPal,8.0,5.0,1466.08
54964,2025-06-16,a7445137-001c-411d-bd3b-38b45b875cf6,Home,Europe,1,153.78,0.0,Cash,5.0,3.8,153.78
15348,2024-08-18,ef6791b6-6946-4a1f-bf8b-f62b3f9b1b1d,Automotive,South America,1,103.0,0.0,CreditCard,6.0,3.6,103.0
27404,2025-07-10,11faac50-173f-4ed4-9b73-041438da55d2,Fashion,Asia,5,220.83,0.0,CreditCard,6.0,3.0,1104.15
32319,2024-11-18,3de699fd-7500-44ae-8989-4f0240190808,Toys,Oceania,2,190.467,0.0,CreditCard,2.0,2.8,380.93
9378,2025-04-17,1192e4dc-c99a-4a60-9fb4-6e9e15490c7e,Home,Africa,5,397.78,0.05,CreditCard,8.0,2.4,1889.45
68687,2024-07-11,088debf8-e37b-459f-a59c-1c56d4109e50,Home,Asia,5,375.87,0.1,BankTransfer,8.0,4.1,1691.42
72825,2023-07-06,ffa37bc3-4193-493e-a199-2d4f99071db4,Fashion,North America,5,29.23,0.0,PayPal,3.0,4.9,146.15
51726,2024-07-26,e93f7e4e-3cd9-4777-babd-9bd21b3cdf2b,Electronics,Oceania,2,422.24,0.0,PayPal,3.0,3.2,844.48
91128,2023-07-28,84b559ee-b7af-4ecf-a5ad-ffa5fc71fdd0,Beauty,South America,2,46.35,0.0,CreditCard,8.0,4.4,92.7
84510,2023-09-18,d4f07021-45af-4041-849c-d82684ed89d5,Sports,Asia,2,100.29,0.15,PayPal,2.0,3.3,170.49
20381,2024-05-31,4ba193df-f00a-4fba-b016-3c56ef83eaa6,Electronics,Oceania,3,84.47,0.1,CreditCard,3.0,3.7,228.07
98789,2025-05-20,f64a3ec6-c058-4572-a8d2-011695f666fa,,South America,5,72.9,0.05,Cash,6.0,3.3,346.28
72140,2023-05-02,ed6dfdb6-0f38-4edc-9dcd-5f34e8b79f9f,Automotive,Africa,3,115.55,0.0,BankTransfer,5.0,4.7,346.65
68521,2024-02-11,abb17f97-fac3-4483-b2dd-8e86e40e845e,Sports,Asia,4,395.35,0.0,Cash,1.0,2.3,1581.4
28287,2023-01-18,39cd0278-116f-4be4-b2d2-b2ee4ef0137d,Fashion,Africa,5,481.79,0.1,CreditCard,2.0,2.8,2168.06
16886,2024-05-17,0666de8b-033a-4d4a-ae67-4484aa8346f4,Home,Africa,4,401.02,0.15,Cash,7.0,3.3,1363.47
19816,2024-09-11,5bf14572-57e6-4ee7-bf9f-dac8b89f1b65,Fashion,Africa,2,239.88,0.0,BankTransfer,5.0,2.5,479.76
79825,2025-08-19,f441d92e-321e-4450-b630-40dc76c1db25,Electronics,Oceania,2,185.59,0.1,BankTransfer,5.0,3.2,334.06
48262,2024-03-07,39a5442f-3818-4c5f-89e8-8194f55b5f1c,Automotive,Oceania,2,305.14,0.05,CreditCard,7.0,2.0,579.77
99060,2024-06-14,00efd96c-6b67-4e6a-a44f-70ccc3ce7385,Sports,Asia,3,19.76,0.1,Cash,1.0,3.4,53.35
83990,2023-04-12,9aee663d-3837-4945-b7c1-5eb0215867e9,Beauty,Europe,3,92.8,0.0,Cash,5.0,2.9,278.4
506,2024-08-16,a3b5cece-a446-4e72-b64c-911aa9ab364a,Sports,Oceania,4,459.53,0.0,BankTransfer,9.0,2.1,1838.12
9544,2023-10-13,623d45f4-c1ef-4252-9b0c-6cadc9f12b09,Sports,Oceania,2,333.0,0.0,PayPal,9.0,2.8,666.0
84023,2023-12-15,165245fe-c436-4fb4-a6d9-8e26e69c2529,Automotive,Oceania,1,235.69,0.0,Cash,5.0,4.2,235.69
15845,2024-12-29,458c6bdd-9e70-49ff-8cd7-897f286d84e5,Fashion,Europe,1,75.22,0.1,BankTransfer,7.0,3.8,67.7
69318,2023-07-14,459bb4e0-0568-4120-b8b2-7455ccd7131d,Fashion,South America,1,276.13,0.05,Cash,6.0,3.1,262.32
5224,2023-05-05,7d9def75-1138-48db-af2f-841100d190bd,Automotive,Oceania,5,202.25,0.0,BankTransfer,5.0,4.4,1011.25
13122,2025-07-23,f10f5e2d-af35-4d31-b14d-bbab3b591927,Electronics,Asia,1,431.33,0.0,BankTransfer,2.0,3.3,431.33
24904,2024-11-17,e90f9565-934a-43c8-8340-5061984a00c3,Automotive,Asia,2,92.961,0.05,BankTransfer,4.0,3.1,176.63
98974,2024-06-26,9dd10b06-42af-4bbc-9ba4-b93146a4e156,Home,Oceania,2,170.55,0.0,PayPal,9.0,4.2,341.1
30999,2025-11-15,33eb26fb-3694-4bbb-8871-eb5240f4aab5,Electronics,Africa,5,97.101,0.0,BankTransfer,4.0,2.3,485.5
45795,2023-04-04,e1f9c456-de70-44b1-8193-bdee2fbd641d,Fashion,Asia,5,148.94,0.1,PayPal,8.0,3.2,670.23
60043,2025-01-20,03ed7585-6cd1-41f6-aa2f-de12f1901f5c,Electronics,Europe,2,129.29,0.0,Cash,3.0,2.1,258.58
2410,2025-08-30,9df034d3-9caa-437c-bc67-95e2c32fc21b,Home,South America,2,328.63,0.0,PayPal,8.0,2.4,657.26
87072,2024-12-13,c068eaaf-7780-4193-8b4f-95aeec4a91df,Fashion,Africa,5,351.24,0.1,BankTransfer,2.0,3.8,1580.58
46853,2023-04-25,b2501e77-9158-4477-86f5-3760e6a58161,Home,Asia,4,108.65,0.0,PayPal,6.0,4.0,434.6
80971,2024-03-13,90f347b3-451f-4cde-a956-67cdcfeaaa24,Toys,South America,3,104.69,0.05,PayPal,3.0,2.2,298.37
76452,2025-07-26,8353d33c-fe02-43cb-96d3-3f6c5ea80623,Electronics,Asia,3,305.48,0.0,PayPal,1.0,2.9,916.44
29057,2023-05-29,4808b240-8ed1-4e4c-9891-4bb446750fec,Sports,Oceania,3,161.37,0.1,BankTransfer,2.0,3.3,435.7
73839,2024-02-10,69eb918e-2f8c-45fb-b08f-6c1b3b8a7bd7,Fashion,North America,2,157.41,0.05,Cash,8.0,2.8,299.08
97902,2025-04-27,d06d6a99-f54b-4f4d-adb0-73e273c1f322,Toys,South America,4,344.97,0.0,CreditCard,9.0,2.4,1379.88
93323,2025-05-08,9d460a50-2c6d-4d52-b970-5abced6f63a5,Toys,Oceania,3,279.87,0.0,CreditCard,8.0,3.9,839.61
73977,2023-12-30,748616c8-5bc5-40d1-a05e-23deb56d1bae,Toys,Africa,3,309.66,0.1,BankTransfer,2.0,3.8,836.08
63661,2023-02-22,a4b0ef52-00db-421d-9af2-01cab36e38c1,Home,Asia,5,146.83,0.0,BankTransfer,9.0,3.3,734.15
91488,2025-09-17,95b47e4c-8253-43de-a5fa-65b0e51411fb,Fashion,North America,2,188.71,0.1,PayPal,1.0,4.5,339.68
21843,2023-01-21,04badcf4-9000-42e3-9599-1dbf6609b9a1,Electronics,Europe,3,393.27,0.0,CreditCard,5.0,3.9,1179.81
41302,2023-08-10,d7f06ac8-5097-4bc8-84fb-f3d54738bad5,Electronics,Asia,2,16.09,0.0,CreditCard,2.0,3.8,32.18
88160,2024-03-15,3a0acc69-7369-4e32-85e0-2bf71af0967a,Automotive,South America,1,480.31,0.0,CreditCard,8.0,2.2,480.31
19819,2023-04-07,0f3089e8-2ff2-4e9d-bd20-647eee97201d,Fashion,North America,2,317.81,0.1,CreditCard,1.0,5.0,572.06
150,2025-05-08,b0e6a969-e213-42b0-b1ee-dba313432e61,Automotive,South America,2,113.95,0.05,PayPal,7.0,4.9,216.5
86623,2025-07-28,9aa1f218-c112-42dc-80a0-f320879ac141,Home,North America,5,74.78,0.0,PayPal,5.0,3.5,373.9
65586,2025-05-13,9b4f6591-7232-491f-8235-40c7da9683c4,Automotive,Africa,3,233.35,0.05,PayPal,5.0,2.8,665.05
5767,2025-12-10,f105c2d8-7acc-4c3b-b90c-a4475352db34,Sports,Oceania,5,453.18,0.05,Cash,3.0,4.1,2152.6
58992,2025-04-04,9aa13bfe-0cb2-4c0b-bd7b-5070b99a4eb4,Home,North America,3,250.65,0.0,PayPal,1.0,2.6,751.95
7859,2025-02-09,d048c8af-ff5f-474a-8a53-76abc027c505,Home,Africa,1,456.76,0.0,Cash,9.0,2.3,456.76
71941,2023-04-28,ae0ffb93-769d-439b-8518-1416ea188d1a,Beauty,Europe,5,38.03,0.1,PayPal,5.0,4.9,171.14
20591,2023-11-17,0af0d8c5-2ca1-408f-86ba-74aff76c3054,Sports,Africa,3,223.803,0.0,Cash,3.0,4.3,671.41
79379,2025-02-10,544fa85c-1b55-40f0-8c6c-c73b4e849066,Sports,North America,3,107.74,0.0,CreditCard,5.0,2.2,323.22
95276,2025-03-05,507c2d67-b297-4805-8789-7a52402cab0c,Toys,Europe,2,16.63,0.15,CreditCard,2.0,3.4,28.27
35641,2025-01-04,2b99d124-dcaf-4a81-8bec-22ae888a037b,Automotive,South America,1,273.4,0.05,Cash,7.0,2.6,259.73
19865,2024-06-02,a6916820-1df2-4a39-b615-097059abd2db,Beauty,Africa,5,385.55,0.15,Cash,7.0,3.8,1638.59
69067,2023-02-12,cf852d30-3f65-4186-9cef-8fe23f5100cd,Beauty,Oceania,5,243.63,0.1,Cash,1.0,4.7,1096.34
98357,2023-10-15,6d4b5d6f-3c97-4377-a218-a051a8b7f08c,Electronics,Asia,1,413.74,0.15,BankTransfer,6.0,3.2,351.68
40988,2025-02-21,8386ef49-86a6-4115-8568-ab65ff263c84,Home,Asia,4,173.29,0.1,CreditCard,3.0,,623.84
16265,2025-04-22,07bf1bb8-8493-4b3d-820b-337c2be0881f,Toys,South America,3,179.63,0.05,BankTransfer,7.0,3.2,511.95
64117,2023-09-28,54895d64-f8b5-44f6-a20d-53f23b12e490,Automotive,South America,4,200.1,0.0,CreditCard,6.0,2.6,800.4
98469,2025-02-21,14bef14e-5f90-4574-8454-6e0cffb74bb8,Automotive,Europe,2,284.16,0.05,Cash,6.0,2.5,539.9
22079,2023-05-10,ded907ca-d3a3-4deb-b28a-09bf9b1091ac,Toys,South America,2,465.2,0.0,PayPal,5.0,2.2,930.4
16371,2023-07-10,31cdba78-8f36-43d7-915a-ff858f70ce5f,Fashion,Africa,3,139.13,0.0,BankTransfer,3.0,3.0,417.39
27094,2023-07-24,eea3316e-b1a7-4a11-84b5-7bb8f37b8d86,Sports,Oceania,3,369.66,0.0,PayPal,4.0,3.4,1108.98
38936,2023-07-27,693f0dbe-4a87-48fb-8e87-b98ec8c0d284,Beauty,Asia,3,346.98,0.0,PayPal,7.0,4.4,1040.94
40284,2023-06-25,6b9246ca-b6b8-4ef3-af50-c7deef33d1ae,Electronics,Oceania,1,387.2,0.05,BankTransfer,7.0,4.6,367.84
37647,2024-08-31,46ca3f98-5e19-41cf-b06d-487dbaa8967b,Automotive,Oceania,2,95.31,0.0,Cash,8.0,3.2,190.62
21157,2023-01-15,c335e611-f0a9-4ba0-94c1-2a89cc5bdf58,Automotive,North America,1,486.45,0.0,BankTransfer,4.0,2.3,486.45
50507,2025-05-30,07ca6efe-97ed-4478-bc57-3877d1b062a2,Home,Africa,3,473.83,0.1,PayPal,5.0,4.4,1279.34
35991,2025-04-26,358048c8-cb2e-4e7b-8b8d-cd0928ad858b,Toys,Oceania,4,291.24,0.0,Cash,8.0,3.1,1164.96
2299,2024-11-05,01ae7eb1-4d45-4ea5-a3ec-4f6afe503fdc,Fashion,North America,2,256.455,0.0,BankTransfer,3.0,4.4,512.91
11176,2023-07-13,7afb7830-68aa-455f-a759-eb9306fdb09b,Sports,South America,3,262.53,0.0,BankTransfer,7.0,3.1,787.59
59010,2025-07-18,84a01954-d9c9-4ec3-a1b5-c8a3da4d7550,Automotive,Africa,3,446.14,0.05,Cash,5.0,4.1,1271.5
51785,2023-03-22,02bfcee5-789f-430e-9a20-b3a3ebdf6f72,Home,Oceania,1,111.6,0.2,PayPal,7.0,2.3,89.28
12086,2025-01-11,f2df8f17-1d5c-495c-95a4-d81baeee0e2c,Electronics,North America,3,80.55,0.1,BankTransfer,8.0,3.3,217.48
31759,2025-08-23,b6d09d3f-2c76-4da4-a829-96b32ba095a8,Automotive,Oceania,5,31.14,0.0,CreditCard,2.0,2.1,155.7
29650,2023-04-24,c8197cac-9656-4a76-82ad-4f7be36585bf,Home,Asia,3,13.11,0.05,PayPal,9.0,3.8,37.36
63264,2024-11-25,dd802334-ff5d-4f22-ac01-a5610dfb1823,Home,Oceania,5,98.901,0.0,BankTransfer,1.0,4.1,494.5
35779,2025-07-02,d4838f7c-b0ee-4a41-b349-9a2f43ea3062,Toys,South America,5,356.19,0.0,CreditCard,9.0,2.0,1780.95
38433,2025-09-22,8cd19bcd-70fc-4ce6-b04f-b8a9d5b31c7c,Toys,Oceania,4,480.64,0.1,CreditCard,2.0,2.4,1730.3
74605,2024-01-20,3a43b0dd-5b31-4046-8488-c51439e22f3a,Beauty,South America,2,98.19,0.1,PayPal,5.0,3.3,176.74
53242,2023-05-05,becebd19-183e-426b-8bfb-f113c7c3fa76,Home,Africa,5,57.1,0.0,BankTransfer,4.0,3.8,285.5
72189,2025-05-15,4207a454-d633-44fb-93ab-2373bf0330fd,Beauty,Africa,2,365.31,0.0,PayPal,2.0,3.4,730.62
80185,2025-11-17,efa5cf36-e7d4-4742-b916-8e444347abf9,Sports,Asia,4,393.399,0.05,PayPal,6.0,4.7,1494.92
77069,2025-05-11,b8f0ca00-8937-481c-8c4f-817c6d22dfd3,Toys,Oceania,3,453.44,0.0,CreditCard,4.0,3.1,1360.32
91469,2023-09-10,87b052e4-c12f-46e9-bd32-6ed04bc62d76,Fashion,Africa,5,19.08,,CreditCard,2.0,4.8,90.63
37502,2025-12-14,f63cd029-1457-42a4-af94-3bb6a9889449,Toys,Africa,1,343.85,0.0,CreditCard,5.0,3.5,343.85
5474,2025-10-06,98cb3cb4-e2f7-47ea-8cf2-fdf8ec1f5d97,Toys,Oceania,5,51.44,0.0,CreditCard,4.0,3.5,257.2
95457,2025-07-30,71c50b25-1af6-4c3c-a5dc-3b0c8ec67c3a,Electronics,Asia,3,339.2,0.15,PayPal,8.0,4.7,864.96
54128,2023-01-16,be06f567-ced1-42d0-95b2-95167df00c9a,Automotive,South America,1,309.37,0.1,PayPal,3.0,2.6,278.43
68628,2025-09-09,02390c07-bc8e-4b1e-832e-952189502779,Fashion,North America,2,338.67,0.05,Cash,8.0,4.3,643.47
31945,2023-10-23,821dadce-3559-4fdf-a9e0-5ebd5dfdc4cd,Home,South America,3,127.41,0.0,PayPal,7.0,4.8,382.23
4362,2025-11-02,f0636972-c737-427a-9e34-106afa902bfb,Beauty,Africa,4,161.496,0.05,CreditCard,1.0,3.0,613.68
71223,2024-04-22,cd18ea34-0a2d-4943-a03c-61f387f7cb0e,Home,Oceania,3,246.72,0.0,CreditCard,8.0,2.2,740.16
59391,2024-12-13,515e1245-1391-476b-aa57-19b42bc1d06a,Toys,Africa,2,283.49,0.15,BankTransfer,5.0,2.7,481.93
10824,2025-06-15,a4768af1-9356-4b72-8163-1003b92c972e,Home,Europe,2,27.61,0.0,CreditCard,6.0,4.5,55.22
41579,2024-12-04,fc125e15-60ea-4a7e-99a8-f5808fb78e04,Toys,Europe,1,222.73,0.0,BankTransfer,3.0,3.9,222.73
57517,2025-12-11,e5344937-5992-4dba-b03d-0b2fe3ff4fcb,Sports,Europe,1,418.83,0.05,PayPal,9.0,3.8,397.89
11099,2025-01-06,7cfc206b-6bc5-45b3-a41f-58453880446d,Home,Africa,2,289.23,0.0,PayPal,2.0,2.4,578.46
96150,2024-09-22,d9f9b5fe-a9e3-4351-8b1a-951c241f6135,Home,Oceania,5,361.85,0.0,CreditCard,4.0,4.3,1809.25
803,2024-04-08,ec86a890-d7b0-4bdc-966e-3cbe9aea622f,Fashion,Africa,2,396.39,0.0,Cash,6.0,3.8,792.78
96811,2024-04-01,a8980d21-5a77-4c20-915a-123314eadc49,Automotive,Europe,3,352.11,0.0,PayPal,2.0,3.3,1056.33
94803,2024-11-15,74d44958-9719-40f9-8a6e-c7747a5042f7,Home,North America,4,356.085,0.2,Cash,7.0,2.6,1139.47
35754,2025-09-14,7e651cdb-099f-4e11-b430-131be9bb7286,Toys,Asia,3,91.83,0.05,CreditCard,3.0,2.4,261.72
76559,2023-12-04,1efaabec-55f8-4c39-a4c8-09af30ffc6cc,Sports,Asia,2,424.03,0.0,CreditCard,1.0,2.2,
79185,2024-12-05,59e647c3-44d0-434a-b05d-2c97e5b72d22,Automotive,Oceania,1,55.65,0.1,PayPal,5.0,3.7,50.08
44316,2025-06-22,5b8cd4b8-c804-4adf-9ace-d4586475478d,Toys,Africa,3,480.99,0.0,PayPal,1.0,3.8,1442.97
5331,2025-06-10,5f0a74fb-b6e7-4214-b3b5-f7d79d2f1794,Sports,Asia,2,262.56,0.15,CreditCard,9.0,3.3,446.35
25378,2024-01-14,1e844654-1802-4fae-aa5c-384073b0e41e,Automotive,Oceania,2,108.42,0.15,BankTransfer,4.0,4.6,184.31
45692,2024-10-29,e2d1fc94-27e8-4dd9-bf54-ade204be96b6,Sports,North America,5,,0.0,PayPal,9.0,4.5,2279.3
61627,2024-04-22,f2553659-5232-466f-a891-a19885035630,Fashion,Europe,1,415.17,0.0,Cash,8.0,2.9,415.17
84468,2023-08-03,2b705c0d-3b4c-46db-b5d8-bd9fd2fe9c3e,Sports,Africa,5,123.19,0.1,PayPal,1.0,2.3,554.36
10572,2024-09-17,8dffb34c-8b42-4ee7-921d-d567ea53a09d,Electronics,Europe,4,289.61,0.0,Cash,2.0,4.7,1158.44
843,2024-07-11,20f0156a-1e6a-4628-9c6d-52d5ae2e9af9,Automotive,South America,2,244.2,0.05,CreditCard,6.0,2.7,463.98
69985,2024-12-22,5eb7bc86-ae9c-43a4-9c90-99298c0e7e66,Beauty,Asia,2,41.56,0.2,CreditCard,1.0,3.3,66.5
21974,2024-10-24,f6d7607d-cea2-4164-a039-18313fd915e3,Home,North America,4,448.94,0.0,BankTransfer,5.0,4.0,1795.76
72267,2025-10-18,5620cb85-abd8-47ee-8191-0a17f93b0047,Beauty,Asia,4,275.37,0.0,CreditCard,4.0,4.7,1101.48
54935,2025-06-21,a883c5f5-c94b-4890-82b9-bc79b10f0863,Fashion,South America,1,215.71,0.15,BankTransfer,9.0,3.9,183.35
75371,2025-09-07,4dbdad09-4a88-4e16-9d6f-f2653ec677ac,Toys,South America,3,469.38,0.0,CreditCard,3.0,3.5,1408.14
35122,2025-03-26,c81e660e-8de9-4f45-bc60-ddd6b9a05e77,Beauty,Africa,2,86.4,0.0,PayPal,2.0,4.8,172.8
76435,2023-03-07,3e773705-cb10-4e5b-bb0c-85e2a9bb8ea1,Home,Oceania,1,447.53,0.1,Cash,5.0,3.0,402.78
58396,2023-07-18,601f41d4-5798-47dd-97d0-87ccf3842faf,Automotive,South America,1,223.44,0.2,Cash,4.0,3.0,178.75
15040,2025-09-05,ea9a5102-4557-41ab-9422-8d75e0d0734f,Automotive,Oceania,3,59.92,0.0,CreditCard,3.0,3.2,179.76
4152,2023-04-07,4c6f9a45-8192-4f8f-9fed-7603fadc9704,Automotive,North America,3,324.83,0.0,BankTransfer,7.0,4.2,974.49
82107,2025-12-20,80909476-28e4-4949-9b33-d59b2054ff23,Electronics,Asia,5,262.17,0.0,PayPal,5.0,4.8,1310.85
4368,2024-02-01,a13a9da2-94e7-4b2a-b434-02ef44cfa6ba,Fashion,South America,2,150.2,0.2,Cash,6.0,4.6,240.32
39521,2025-11-15,deaf7224-742c-40e5-9aec-65499bdbca5e,Automotive,North America,6,32.904,0.0,Cash,4.0,4.8,197.42
42028,2025-06-02,e2da43f2-7538-4359-980c-b619001cd8a3,Fashion,Oceania,2,450.9,0.05,BankTransfer,9.0,2.4,856.71
78877,2023-09-06,0102ce31-9c82-44bc-a1cb-778946dc0eec,Automotive,North America,5,134.93,0.0,PayPal,6.0,3.0,674.65
91765,2023-12-31,53b8afe9-d812-446c-b384-23d3a3e7f597,Electronics,Africa,4,165.05,0.05,Cash,5.0,3.7,627.19
75267,2025-12-02,e1fd8e85-fff0-46a2-bb79-05b846099f3e,Toys,Africa,5,198.62,0.2,PayPal,8.0,3.1,794.48
81103,2024-04-21,1630eab3-9ba6-4919-a32c-9f4a223d3a37,Home,Africa,1,378.14,0.05,Cash,9.0,4.8,359.23
14431,2025-11-30,dcd1e2d9-e189-40ef-ae58-83cbc2a7f547,Fashion,North America,5,75.087,0.05,PayPal,3.0,2.2,356.66
83847,2024-08-02,5e5c68ab-439f-436f-ae62-d4048e42c497,Toys,Oceania,5,452.87,0.0,CreditCard,7.0,2.4,2264.35
88702,2023-10-19,ee260218-577c-4ea1-855f-468f9c401f8e,Beauty,Africa,4,36.06,0.0,BankTransfer,8.0,4.3,144.24
8787,2023-07-12,640933ec-c68b-451f-84a2-092d2777fe38,Sports,South America,2,85.66,0.0,PayPal,9.0,3.9,171.32
63148,2025-06-17,273cdb44-bc8e-45c4-879f-50678278f424,Toys,North America,3,341.11,0.0,CreditCard,9.0,4.9,1023.33
40924,2024-11-17,fec0438d-12e1-4061-998e-42bbd8d2bb04,Home,North America,2,323.226,0.0,PayPal,1.0,4.7,646.45
23156,2023-12-19,472b60f6-957d-49fe-b8b2-8b73e9549d88,Fashion,South America,3,16.6,0.0,PayPal,9.0,3.9,49.8
97140,2024-08-17,7a7fa649-2a47-4c13-882a-31791b3b1e61,Electronics,Oceania,1,219.54,0.05,PayPal,6.0,4.4,208.56
21946,2024-01-30,a6fdcef2-0f45-49d7-b685-d55f623ff9db,Toys,Oceania,2,44.98,0.0,CreditCard,9.0,3.5,89.96
88808,2025-12-22,64a7412f-150b-4fa1-b687-15805fbf469f,Electronics,Oceania,3,243.85,0.1,Cash,7.0,3.0,658.4
22090,2025-06-04,4cc6e7f6-f2ac-48bf-9659-38b42916489b,Beauty,Oceania,2,61.06,0.0,CreditCard,2.0,2.8,122.12
45583,2025-09-16,db7cd71e-5516-4bc8-a322-0c46b7ee828e,Automotive,Africa,5,147.5,0.05,BankTransfer,6.0,3.5,700.62
5534,2023-03-13,0cd19e0c-5dfa-4933-b5d2-fda97d57d424,Sports,North America,3,264.33,0.0,PayPal,3.0,4.9,792.99
7546,2025-10-09,df30f2f5-3226-486f-8595-30c1a1295a39,Automotive,South America,2,489.73,0.05,PayPal,7.0,4.9,
65906,2024-06-02,d085b2f8-b9e7-4748-b631-2921e6bd6e87,Electronics,Europe,2,179.0,0.0,CreditCard,9.0,4.2,358.0
69841,2023-02-19,17545010-78bd-4e92-8a07-32adb089b21f,Fashion,Africa,4,74.8,0.0,CreditCard,7.0,4.3,299.2
11372,2025-12-03,91f97c16-81b6-43bd-8846-8d499ac11a87,Beauty,Europe,3,349.69,0.0,CreditCard,7.0,2.4,1049.07
26578,2023-05-10,ede4b7f6-6c0e-46e1-a916-85747002450a,Fashion,Europe,4,449.79,0.0,Cash,2.0,3.1,1799.16
49674,2024-06-30,17b15d41-33c2-4606-931c-1354fb95efe9,Sports,Europe,3,232.7,0.15,Cash,5.0,4.0,593.38
40890,2023-12-30,0fdd5a78-2a51-4622-b08e-4c269e4c21c2,Beauty,Africa,4,6.92,0.0,CreditCard,3.0,2.7,27.68
61375,2025-04-08,39ac9064-f4d3-40a4-a07a-4354bc5d543f,Home,Asia,3,88.15,0.05,Cash,8.0,2.9,251.23
88401,2024-02-02,d6842f14-03cd-401a-8e6e-4dcc5276aaa3,Automotive,Asia,2,429.15,0.1,CreditCard,6.0,4.9,772.47
24339,2024-11-02,fea3be55-b6e9-47c5-bd39-863160ab633b,Home,Oceania,3,291.96900000000005,0.1,Cash,6.0,2.9,788.32
96595,2024-01-30,af232ade-f039-415e-9539-348fc8e83907,Home,Europe,3,250.32,0.0,CreditCard,3.0,4.7,750.96
23884,2023-10-12,d2b71eea-8ef8-4afb-8dde-1089e1203fda,Automotive,Africa,3,362.15,0.05,BankTransfer,9.0,3.8,1032.13
49683,2024-01-08,a2c3cd1f-ebdb-4d5f-b9df-25a0207a9ea8,Beauty,Oceania,4,259.84,0.1,BankTransfer,1.0,2.5,935.42
69898,2025-01-25,6833b42d-e644-40a7-a722-5280fcf7e86c,Beauty,South America,2,174.51,0.0,BankTransfer,8.0,4.4,349.02
91215,2025-11-24,9a3fb957-9c10-4fd4-b447-fbb0a06a2b0c,Sports,Oceania,4,293.94000000000005,0.0,PayPal,1.0,4.3,1175.76
69642,2025-04-04,40a55e2b-abdc-425e-938d-36ad2cb2e5e2,Electronics,Asia,4,456.62,0.0,BankTransfer,6.0,2.5,1826.48
1138,2025-03-07,51b30182-f7fe-404f-a5f3-0779f6ee5cdb,Beauty,Oceania,1,313.08,0.0,PayPal,6.0,3.8,313.08
60340,2025-10-16,90fca244-fcd6-4e46-9118-63b29c4cd555,Beauty,Oceania,3,266.49,0.0,BankTransfer,5.0,4.9,799.47
69041,2025-05-24,93f4be74-1e8f-4aa3-8ab8-31f6fbf23f67,Toys,North America,2,47.61,0.0,CreditCard,7.0,3.0,95.22
73093,2025-09-25,6b3ea254-830d-4996-951a-bcb736a50a97,Home,Africa,1,182.15,0.2,CreditCard,1.0,4.0,145.72
98933,2025-02-15,2af92bf0-12a1-45c8-a6b3-0b6d4be22e6b,Fashion,South America,4,191.94,0.05,BankTransfer,2.0,3.5,729.37
26473,2024-12-17,99a0afd8-0771-4287-9050-20dc7e6653b5,Automotive,Asia,4,378.51,0.0,Cash,5.0,4.5,1514.04
6560,2023-09-30,0b45cb04-e5bc-49c0-93a6-9684036599fc,Sports,Asia,4,329.41,0.05,BankTransfer,6.0,4.3,1251.76
33460,2024-11-29,cab725a8-33e9-4123-827e-03735886692a,Toys,Asia,4,363.942,0.0,PayPal,4.0,3.6,1455.77
805,2023-09-28,f2d3f761-0ba3-4279-94cb-056407437c3b,Automotive,South America,1,203.15,0.05,Cash,4.0,3.9,192.99
62998,2024-08-27,516c4921-5e51-45c0-9b5b-4fba8b224339,Electronics,Asia,4,227.87,0.0,BankTransfer,6.0,2.3,911.48
56840,2024-02-24,eea6c6c7-a54d-4e8e-bd5a-7ee32c6765df,Automotive,South America,3,396.8,0.05,PayPal,5.0,2.2,1130.88
34008,2025-06-06,2aff1065-f67f-418e-999f-68540fa02b79,Sports,North America,1,361.17,0.15,Cash,8.0,2.3,306.99
58795,2024-02-24,f0f23d18-07d8-4b22-8040-0151944b4d33,Toys,Asia,4,94.77,0.15,PayPal,2.0,2.7,322.22
9264,2023-01-21,f41facd1-1344-42f6-869a-cda367d73e57,Fashion,North America,4,292.43,0.0,CreditCard,5.0,3.2,1169.72
53485,2025-12-02,cc014e9c-13a3-48dd-b826-be2310aa2d7a,Automotive,North America,1,344.09,0.0,BankTransfer,9.0,4.8,344.09
72815,2024-06-20,0d0151d0-17a0-4e72-8597-9c34c1148050,Home,North America,5,405.03,0.05,PayPal,2.0,2.7,1923.89
86373,2024-08-03,1f5393b8-b774-4054-97fc-7c58ee0bc521,Automotive,Africa,3,,0.0,Cash,1.0,4.7,594.84
39982,2023-10-20,ac1f23f9-28b0-466c-86a9-1984125528f2,Electronics,Africa,2,491.83,0.0,PayPal,5.0,2.9,983.66
50506,2025-10-20,98f89a64-5c62-4d1a-b529-db40aa23c3b8,Fashion,North America,4,292.81,0.0,BankTransfer,9.0,3.1,1171.24
11733,2025-10-12,345aac28-5749-477e-83f3-c616c9e7cab3,Electronics,Asia,3,482.06,0.0,CreditCard,6.0,4.3,1446.18
29720,2023-02-26,78f6b995-47b3-4eb8-bda4-c3c6513d5e91,Electronics,Europe,1,235.95,0.0,BankTransfer,6.0,4.2,235.95
52275,2025-08-23,f295afdb-dbe5-4057-8832-0ec29408d639,Electronics,Europe,5,319.27,0.0,Cash,1.0,3.1,1596.35
96669,2025-05-29,28c52d31-6d71-4d42-9b74-ef01a4a8e2d6,Fashion,Oceania,4,398.89,0.2,CreditCard,8.0,2.3,1276.45
71576,2024-09-06,0526c0b5-c34b-4818-a407-7814057689ef,Beauty,Asia,5,229.59,0.0,Cash,1.0,3.6,1147.95
82594,2025-04-30,ab6c4feb-55d2-436d-8d78-02ecbbb47e6e,Automotive,Oceania,4,203.76,0.0,CreditCard,3.0,3.4,815.04
25120,2023-03-21,ec084346-882b-4051-a54d-1d36808576f2,Automotive,North America,3,353.25,0.15,CreditCard,5.0,2.6,900.79
73387,2025-12-06,31e31523-df03-4e15-b1e7-38c5b991db80,Fashion,Africa,3,189.04,0.0,Cash,7.0,2.4,567.12
4882,2023-09-27,c44b04e8-f51e-4df3-86c3-998e8f14aac7,Toys,Europe,3,425.99,0.1,Cash,2.0,2.3,1150.17
67454,2024-06-02,1557a928-9fae-4c7f-b361-ea13f3adc176,Beauty,North America,1,10.3,0.05,PayPal,8.0,3.9,9.78
99003,2023-05-30,811ca035-b98d-44b3-9a67-a0b92836b014,Toys,Asia,2,22.94,0.0,CreditCard,9.0,2.7,45.88
19437,2024-04-10,4cd3f6ad-1da5-4774-8b17-f7741bffaf79,Home,Europe,4,78.83,0.0,PayPal,8.0,3.3,315.32
92671,2024-11-26,6f43241b-8258-4124-bad5-a23833584bed,Electronics,North America,2,220.176,0.0,CreditCard,1.0,2.1,440.35
72364,2023-04-14,c3f7b54c-9bdd-4337-a24f-1eb53d4e80f8,Electronics,Oceania,3,119.7,0.0,PayPal,5.0,2.9,359.1
50179,2025-05-18,680d127a-811c-47e2-86fa-b09f6882b578,Toys,South America,2,277.33,0.05,CreditCard,2.0,3.5,526.93
53727,2025-04-09,e1c4cc44-f8cb-4a5c-93b8-fba45f1d437f,Automotive,Africa,3,14.38,0.05,PayPal,7.0,3.4,40.98
15191,2023-05-11,6655f4f8-7d26-4119-ad61-4f9c7f1d8e4b,Electronics,Oceania,2,184.5,0.0,PayPal,5.0,2.2,369.0
13578,2024-02-10,e45c500e-ebdd-4d37-8db5-ed45fcfc7f44,Electronics,South America,1,177.52,0.0,Cash,9.0,3.5,177.52
3242,2025-06-30,92051da0-e264-4336-95ad-86bcf1db9ad8,Beauty,North America,3,190.13,0.15,Cash,9.0,2.3,484.83
91287,2023-10-26,f34b6900-146d-492f-bc4d-efb0cae47c05,Sports,Europe,3,221.58,0.2,CreditCard,4.0,3.2,531.79
18476,2024-09-24,5523114e-0404-44c3-bcd3-788c62c483ed,Electronics,South America,3,356.37,0.0,BankTransfer,6.0,2.6,1069.11
49078,2023-07-04,38ce9369-5940-4314-9eda-a4c6dadce584,Fashion,Oceania,1,455.08,0.05,CreditCard,6.0,2.6,432.33
59909,2024-05-06,488795d8-8205-4db2-8d13-c17f71d80755,Beauty,Asia,3,80.83,0.15,PayPal,7.0,2.3,206.12
56435,2025-05-20,a3c6e768-b465-4081-ac97-fb2625d98a02,Fashion,Oceania,4,77.63,0.1,BankTransfer,6.0,4.1,279.47
40651,2023-09-08,91e1a4da-2da0-46cb-b143-3edba46bb866,Beauty,South America,5,460.82,0.0,BankTransfer,2.0,2.9,2304.1
71846,2023-04-08,639b3f82-f10a-422d-8b34-c046eb8f1b09,Sports,Africa,4,152.67,0.05,BankTransfer,3.0,3.7,580.15
2175,2023-01-21,02b3c948-4db6-4475-a7dd-1ac44282b6e4,Sports,North America,3,65.78,0.15,CreditCard,4.0,3.2,167.74
73431,2024-09-19,0a8c53c6-dc66-42dd-bbfd-7fc9e07985cd,Fashion,South America,4,100.66,0.0,BankTransfer,1.0,4.9,402.64
71162,2025-01-15,8cfdd1f4-5eeb-497a-95e9-da42391d352f,Electronics,Europe,3,183.75,0.05,CreditCard,7.0,3.2,523.69
39241,2023-12-13,efc69a91-fe60-47d0-b7a6-ff08c538486b,Fashion,Europe,5,415.7,0.0,PayPal,1.0,4.3,2078.5
4080,2024-02-23,25bdab14-74ae-4b96-ae13-3adc7ff5088e,Home,Asia,2,100.75,0.1,PayPal,8.0,4.2,181.35
99716,2025-04-16,86082164-1219-4c26-9550-7ed42a573e8c,Electronics,Europe,2,271.86,0.0,PayPal,9.0,4.3,543.72
71713,2025-11-05,b5b20c08-98e6-4005-ab74-4ecb835b7cc5,Toys,Oceania,2,265.842,0.0,BankTransfer,1.0,4.6,531.68
17285,2024-10-01,084ec551-b609-4146-a67a-a6887bca7185,Sports,Europe,4,6.39,0.0,BankTransfer,9.0,4.9,25.56
7210,2025-06-29,0bb9c606-5320-46af-beb0-b8d1e3e7e32d,Electronics,North America,4,135.54,0.05,BankTransfer,2.0,4.5,515.05
4051,2025-09-25,edd32be9-2905-4dd7-877b-1426b73c62ab,Sports,North America,5,272.22,0.0,CreditCard,5.0,4.6,1361.1
2212,2025-04-16,3f46057b-7165-436b-b997-c779c56f05e6,Electronics,Africa,2,142.96,0.2,CreditCard,8.0,2.2,228.74
15923,2023-06-26,2da3dab1-97b7-43a8-8dd4-1b5ecd9101e6,Electronics,Asia,2,73.5,0.0,CreditCard,1.0,4.4,147.0
9802,2024-07-12,ce68210c-1bdd-4bea-aec2-1c06f99773b2,Automotive,Asia,4,320.22,0.0,PayPal,8.0,4.4,1280.88
1420,2023-05-17,cf2e3296-7184-4713-a55f-65b7e709fba6,Toys,Oceania,2,227.32,0.0,CreditCard,2.0,4.1,454.64
2806,2024-09-05,24a167fd-34c6-4a9b-a07c-0594b13e655f,Beauty,Africa,1,309.45,0.05,Cash,5.0,2.7,293.98
99817,2025-08-11,f8355228-2cbc-4b86-88cf-82437b65ff3f,Fashion,Asia,2,287.9,0.05,PayPal,5.0,4.8,547.01
16345,2024-11-10,2b71fe06-5b44-4dac-9671-0d4f56a89706,Electronics,Europe,2,401.688,0.0,PayPal,7.0,3.3,803.38
73773,2024-07-25,c257db6d-186f-49eb-8232-660c635ab65c,Sports,Oceania,5,356.13,0.0,BankTransfer,7.0,3.1,1780.65
34403,2024-09-03,12d444ec-f7ea-4d76-bebf-356175004175,Automotive,Europe,2,272.67,0.2,CreditCard,4.0,2.3,436.27
78380,2025-03-20,5b025984-ffe3-42af-ac7a-79648e0129c2,Beauty,Africa,5,417.03,0.15,PayPal,5.0,2.6,1772.38
69128,2025-01-10,5b4d9268-ad5f-4ca4-924e-4e2a52381a07,Automotive,North America,5,301.54,0.15,Cash,5.0,4.9,1281.54
83916,2024-08-04,8725d182-5c6d-446e-aef2-beed443c4dee,Home,South America,3,247.29,0.0,PayPal,1.0,2.3,741.87
67531,2023-10-09,b05d5545-a7e0-4d76-afc5-e37caa4aa287,Toys,Oceania,2,372.62,0.1,Cash,9.0,3.6,670.72
14985,2024-10-07,4630a296-fb98-49a5-9bbf-5afa2443cd79,Sports,Oceania,5,165.18,0.0,BankTransfer,3.0,3.4,825.9
90215,2023-06-14,af3c9f45-0467-4fa2-b321-112374f80476,Automotive,South America,3,356.18,0.0,Cash,4.0,4.2,1068.54
61815,2024-03-14,e0272cc8-cc24-445a-ad84-c7a051d901a6,Toys,North America,3,386.46,0.0,Cash,8.0,2.2,1159.38
93082,2025-05-25,bad8c843-6cb9-42c7-9795-6ddce160fff9,Fashion,Asia,4,426.42,0.0,Cash,9.0,3.0,1705.68
91855,2024-09-09,0bb6d8c8-cd51-4ef4-965b-66a0acfd3dc1,Beauty,South America,5,331.6,0.0,BankTransfer,5.0,3.2,1658.0
55939,2025-11-09,,Toys,Asia,6,21.645,0.0,PayPal,9.0,4.1,129.87
52739,2025-01-24,43e71949-86f6-445f-a2e5-a9b94ec59497,Electronics,North America,3,480.64,0.0,Cash,1.0,3.4,1441.92
72290,2023-05-31,d1db846f-d714-4d26-8fa9-4b982cd819a3,Sports,Asia,2,121.26,0.0,BankTransfer,8.0,4.3,242.52
76410,2024-08-04,1deac3ab-2b12-4303-a0a0-7175155244fe,Electronics,South America,5,228.94,0.0,Cash,1.0,4.3,1144.7
82507,2023-12-17,e8623a5e-8c72-43ba-9205-aa60fdc135ed,Toys,North America,2,238.75,0.2,BankTransfer,6.0,4.5,382.0
54051,2024-04-08,,Toys,Africa,4,73.95,0.05,CreditCard,3.0,3.3,281.01
93869,2024-06-20,546b3c5f-54df-4eba-a51b-4fd7f19e00cc,Automotive,Europe,2,124.48,0.0,BankTransfer,5.0,2.7,248.96
82200,2024-09-15,c5281b69-f89a-41cb-bf5a-b521fe61ad5a,Electronics,North America,4,169.71,0.05,CreditCard,8.0,2.1,644.9
12967,2023-11-01,e5d6ce9f-c751-4523-897c-9f4e19870d8c,Toys,Africa,5,282.879,0.05,PayPal,2.0,3.7,1343.68
47252,2023-01-07,ea1c7fd1-bb14-4353-96c2-fa5864763622,Beauty,Oceania,5,237.52,0.0,BankTransfer,4.0,2.1,1187.6
97033,2023-02-11,9a9a209e-875d-4dcb-9046-0c3bfec5548a,Automotive,Asia,2,60.13,0.2,BankTransfer,8.0,2.4,96.21
7933,2023-06-06,f1f58294-a66c-43f2-87f2-b5814809c026,Fashion,Asia,5,72.85,0.0,PayPal,4.0,2.1,364.25
35276,2023-04-27,6ef1f6e5-17cf-4588-a4f9-7edf2135f0bb,Home,Asia,3,257.54,,BankTransfer,8.0,3.5,772.62
11363,2024-06-19,2ced976e-52bb-4866-bf93-3b6d2acef9bd,Automotive,Oceania,1,31.67,0.05,Cash,7.0,3.6,30.09
98352,2025-03-24,55253efe-ced5-4436-a011-0065721d3b41,Home,Asia,4,164.89,0.0,PayPal,9.0,4.4,659.56
98556,2025-09-01,fbca2021-282c-4cb2-9608-62d18e9caef2,Fashion,Europe,2,103.37,0.0,CreditCard,1.0,3.0,206.74
25874,2025-03-10,e5b7752e-d67e-4505-913c-e97381436ae0,Fashion,Africa,5,115.58,0.0,BankTransfer,9.0,2.4,577.9
22725,2023-08-29,,Electronics,South America,4,103.73,0.0,PayPal,2.0,3.3,414.92
79081,2023-07-16,e4718201-cfd5-4e63-99c5-510912706177,Beauty,South America,2,465.96,0.0,CreditCard,8.0,2.2,931.92
24463,2023-08-26,059b51a2-48c0-4edf-adf3-e9c2546953f0,Automotive,South America,4,377.37,0.0,CreditCard,8.0,3.3,1509.48
96252,2024-12-04,9d619a46-4dc0-4006-8ce8-ec7d48c2c3e5,Home,North America,5,384.17,0.0,CreditCard,4.0,4.5,1920.85
57888,2023-04-26,8cc04ee7-d667-4e69-bc30-bdf2c6aac453,Automotive,Europe,4,484.01,0.05,BankTransfer,7.0,4.8,1839.24
12548,2023-05-25,40dd4e0f-112c-4124-a7d3-2d45ea24ea3a,Fashion,North America,1,407.47,0.0,Cash,8.0,2.3,407.47
2874,2024-06-15,b432ece9-76dc-46b5-a076-aed65ed3e00e,Toys,North America,3,168.44,0.0,PayPal,5.0,2.6,505.32
70558,2024-05-11,4d010484-6874-4761-a293-bede22d31d02,Home,Europe,4,106.24,0.0,CreditCard,8.0,4.3,424.96
61025,2024-02-23,954380e5-42e5-48b7-824f-cb25fd3c18af,Toys,Oceania,2,325.07,0.0,BankTransfer,8.0,4.8,650.14
83594,2024-03-03,245520fb-b141-4d57-b86c-2f9e1fbf068b,Automotive,South America,2,478.73,0.15,Cash,6.0,2.9,813.84
69162,2025-03-18,b7eb565d-a286-4e8a-bef6-592d7634e1a7,Electronics,Asia,1,165.19,0.0,Cash,1.0,4.0,165.19
6176,2025-06-05,e7867bbf-0136-4f98-8a5a-62d3ec9fba0a,Electronics,Asia,4,12.84,0.0,BankTransfer,7.0,4.6,51.36
50044,2024-02-21,39a85ca9-32d1-4e25-a213-12b3637e7876,Automotive,Asia,2,199.4,0.0,BankTransfer,3.0,3.5,398.8
31571,2024-08-21,1eb00c17-3971-40cd-bfed-8f164ff29102,Home,North America,2,52.23,0.0,Cash,7.0,2.3,104.46
88196,2023-04-21,4934ae98-e9fe-4615-ace0-ca02257380c0,Home,South America,1,43.46,0.05,BankTransfer,1.0,2.2,41.29
48503,2025-03-19,a0eb4c0a-2a67-40e5-9ae7-14be8e65ce16,Toys,Oceania,5,146.55,0.1,PayPal,9.0,3.0,659.48
54397,2025-09-07,ff743f6f-d798-4b0c-ab63-81076975cae6,Toys,South America,1,188.76,0.0,BankTransfer,1.0,3.2,188.76
33880,2025-02-22,6412b727-e773-44af-81cf-0c0cf8c7dd64,Beauty,North America,5,96.72,0.0,CreditCard,4.0,3.5,483.6
20071,2024-12-02,a380e9ba-6887-4634-91ef-6c69e8047e04,Fashion,Oceania,2,331.42,0.15,Cash,1.0,3.7,563.41
88215,2023-07-13,4cdf781d-762f-4404-a94b-4729be578609,Automotive,Asia,1,452.62,0.1,Cash,6.0,4.8,407.36
77127,2023-09-16,018a8ea1-cd65-4991-86e3-47074ede74f8,Beauty,Europe,2,434.06,0.0,BankTransfer,9.0,4.5,868.12
57968,2025-06-30,d1b43f6f-00ed-4120-9222-078af8bffbfe,Home,Oceania,3,387.74,0.05,Cash,7.0,2.8,1105.06
63486,2023-10-10,92fe947a-32fc-4bfc-b478-5e0b41c43aa8,Fashion,Asia,5,218.03,0.2,PayPal,1.0,3.8,872.12
52526,2023-09-09,5de64d36-6e64-4059-8b49-0bd549669ad8,Toys,Oceania,5,209.91,0.0,BankTransfer,2.0,2.8,1049.55
84349,2023-02-06,29a7577d-c177-4c26-95bb-ad630826b159,Home,Europe,3,305.07,0.0,Cash,6.0,3.4,915.21
69704,2025-03-02,88556c45-f721-4fe7-ac70-ca56f4de5863,Home,Oceania,1,115.53,0.0,PayPal,1.0,4.7,115.53
54725,2023-01-23,71a48a5f-ec97-4450-aeee-55c47710512c,Sports,Asia,3,426.38,0.05,BankTransfer,5.0,4.4,1215.18
69645,2025-01-19,36833a2b-d040-4417-98d6-51edf8d3e093,Beauty,North America,3,222.77,0.05,CreditCard,8.0,4.4,634.89
72560,2024-03-10,f253c5ea-e496-4033-9c69-96783fe2c214,Fashion,North America,2,141.87,0.0,BankTransfer,6.0,2.6,283.74
78173,2024-09-03,890fe536-ef51-49db-9987-1285bd1c782d,Fashion,Oceania,2,418.94,0.15,CreditCard,7.0,4.6,712.2
15461,2025-10-27,49d8632a-d9fd-49b4-a5fc-8b3f728752ed,Sports,South America,2,472.17,0.05,PayPal,3.0,4.3,897.12
9966,2024-01-23,abf5c5d8-7582-40a7-b4a7-4d4353067ada,Toys,South America,5,54.63,0.15,PayPal,8.0,4.8,232.18
77135,2023-12-09,eda676a8-a9d5-4a31-87d4-99fd78dc28b7,Home,Oceania,4,67.78,0.15,Cash,7.0,4.7,230.45
79014,2025-09-26,b0849df2-18d6-4178-85f9-8f7d7f22d4d5,Electronics,North America,2,212.76,0.0,Cash,5.0,2.9,425.52
96854,2025-11-01,02fe5411-1234-4739-945b-4e6d06392344,Sports,Asia,4,76.581,0.2,BankTransfer,7.0,4.5,245.06
28383,2023-08-28,8da62b23-f2e9-4bc6-a036-31adde4c0dac,Toys,South America,2,153.8,0.15,PayPal,7.0,2.2,261.46
28145,2025-10-19,aca2317a-be38-4527-bf6c-7208009411a5,Fashion,Asia,4,462.3,0.15,BankTransfer,2.0,3.0,1571.82
73909,2023-12-25,80e83103-2b5d-4e35-b082-45ca9f6280e1,Electronics,Oceania,1,390.43,0.0,PayPal,5.0,2.6,390.43
84936,2024-05-25,66c901bb-b2f4-4df9-8dec-43879347ce3a,Fashion,Oceania,5,246.64,0.0,Cash,3.0,3.8,1233.2
5347,2025-03-05,bab4eb77-959f-4841-ad19-312dde3b5a64,Automotive,Africa,3,391.43,0.1,CreditCard,6.0,3.0,1056.86
55538,2024-08-26,0c4f8074-99ee-4c17-95ed-a3643a8cefa3,Home,South America,4,149.3,0.05,BankTransfer,2.0,3.3,567.34
1967,2025-03-10,e31db345-7b6b-411e-8aeb-99597ca2f582,Home,South America,5,17.28,0.0,BankTransfer,2.0,4.0,86.4
68993,2023-02-27,853e8748-efff-4274-9edc-ed90884195e4,Sports,Oceania,5,367.78,0.0,Cash,5.0,3.0,1838.9
84715,2023-02-23,81ad3265-7b3b-4203-8c76-d9ae1e4819b0,Automotive,Oceania,2,74.32,0.0,BankTransfer,8.0,3.3,148.64
19114,2024-03-11,9abfe38f-9180-45e0-9945-7484898002a4,Home,Asia,5,110.3,0.0,PayPal,5.0,3.1,551.5
51699,2023-06-29,6a4df5dd-6ff9-4246-b8fc-5f403c088b2d,Electronics,Asia,2,200.25,0.05,BankTransfer,9.0,2.3,380.48
73558,2025-01-27,990a8d0e-bfa5-4cf5-abe3-4b3726167d12,Electronics,Asia,2,413.85,0.0,CreditCard,3.0,3.7,827.7
72846,2024-08-29,29c358b4-4a63-4253-9dae-1d99427b8a3f,Home,Africa,5,376.99,0.1,Cash,9.0,4.1,1696.46
2321,2023-10-09,edbc36d8-9a30-4096-9977-66bea71c8948,Fashion,North America,2,107.69,0.15,CreditCard,1.0,2.8,183.07
49471,2023-03-08,53817689-11a3-4e27-bf7f-d74b41f84ff4,Beauty,South America,2,277.42,,Cash,1.0,3.4,554.84
67725,2023-04-25,84757257-b378-4d7a-a59f-939202800850,Sports,South America,3,209.67,0.0,PayPal,5.0,4.8,629.01
27647,2025-12-09,4200d170-5c6d-4c7b-ab5a-d51f05efa8b1,Fashion,Europe,5,476.77,0.0,PayPal,7.0,3.8,2383.85
20442,2023-06-01,2415a4d5-5564-4396-aef8-6c0252847edd,Toys,Africa,2,99.52,0.05,CreditCard,6.0,4.1,189.09
71944,2025-03-10,2e34c408-c7c5-48ed-834f-793bf505a92c,Home,Europe,5,318.39,0.15,BankTransfer,3.0,2.9,1353.16
72120,2023-07-02,8bd9c270-ab77-4b51-af5f-351e2c9f7c77,Electronics,South America,1,60.18,0.0,BankTransfer,1.0,4.9,60.18
18894,2025-02-23,87361a9f-c0bd-4c2d-a8d9-d2b446560d3a,Beauty,Oceania,1,385.55,0.05,PayPal,8.0,3.3,366.27
96814,2024-08-18,0df810bb-d6bf-49cf-87f7-1ea56c5d8317,Electronics,Oceania,3,415.2,0.15,Cash,6.0,2.4,1058.76
70146,2024-11-15,bcb08f0f-9a4a-4ffd-91db-ded0cbf4f192,Beauty,North America,2,209.187,0.15,Cash,7.0,3.2,355.62
35096,2025-09-24,2686e75a-620f-4fe3-8788-204dc1a94a28,Electronics,Oceania,4,455.89,0.05,BankTransfer,2.0,4.6,1732.38
81512,2023-03-28,0a8ba317-1c4c-4e10-8c3a-7a07c2cffeb7,Electronics,Africa,1,317.57,0.15,PayPal,1.0,3.8,269.93
91974,2024-12-17,25123595-5c37-41c8-86e2-b437347dc077,Home,Asia,2,474.55,0.0,Cash,2.0,3.0,949.1
98134,2024-10-30,5a834671-a8ae-44a4-b333-69fd04e1b153,Automotive,Asia,1,140.45,0.05,CreditCard,5.0,2.4,133.43
74441,2023-02-10,16d6cbf5-070b-4d17-84a4-31288a5ec26f,Fashion,North America,5,175.58,0.0,PayPal,1.0,4.1,877.9
38250,2023-11-29,e9f66b89-cbe0-421b-8145-0c9b56717057,Home,South America,4,312.66,0.0,BankTransfer,7.0,4.5,1250.64
87502,2023-08-06,3b134d93-463e-42fa-9096-21aa90eac77b,Automotive,Oceania,2,117.25,0.05,BankTransfer,8.0,2.4,222.77
42567,2023-10-29,ab8be989-b577-4d52-8750-86a210325c76,Fashion,North America,5,100.82,0.2,BankTransfer,7.0,4.8,403.28
66030,2023-12-26,eb99ec9f-ec3c-4e2d-9060-f6dee1ffa16e,Automotive,Africa,2,326.86,0.0,CreditCard,5.0,3.2,653.72
67332,2024-07-22,30b78ee1-7cae-46f5-82f7-ea05d05658b2,Electronics,South America,3,28.08,0.2,Cash,6.0,2.3,67.39
5216,2024-03-06,3ef433df-020a-4c40-a095-c0d0a26e67da,Automotive,Africa,1,73.74,0.1,BankTransfer,8.0,,66.37
68734,2024-10-01,adc8ea51-1998-47d6-9552-13e59e193fdb,Fashion,Asia,2,428.47,0.0,CreditCard,1.0,5.0,856.94
82039,2025-09-25,49bfed6a-939d-4e73-87a6-ba34ecd5ea31,Home,Europe,2,475.11,0.1,Cash,2.0,2.2,855.2
16394,2025-10-25,b31dfc5e-a4a7-49db-bef7-a25498a126a2,Fashion,South America,3,81.82,0.0,BankTransfer,8.0,4.6,245.46
73659,2024-03-10,ea164b91-f3a0-4aaf-a852-8d4875225396,Sports,South America,4,76.08,0.1,CreditCard,2.0,2.2,273.89
37782,2025-12-02,3d394e8e-740e-4626-acd0-b2e607a33bd0,Electronics,North America,3,301.05,0.0,PayPal,6.0,3.4,903.15
59277,2023-01-14,37daa076-88b8-4f7f-8b95-306c8192ae93,Home,Oceania,5,415.59,0.05,BankTransfer,4.0,2.3,1974.05
52003,2023-06-01,54ccaa01-5394-4d80-b12d-9d9e9cd9cfb8,Electronics,North America,4,308.91,0.05,PayPal,9.0,3.8,1173.86
14556,2025-10-27,4236158b-3194-4d43-95e1-d191ca3d02cf,Fashion,South America,4,430.54,0.0,Cash,4.0,3.0,1722.16
70091,2025-02-16,4080609b-7da5-4e11-8bd7-e2af5bb4065b,Electronics,Asia,1,71.68,0.05,PayPal,1.0,4.7,68.1
64798,2024-06-09,aac7bdba-4e77-471b-bfd4-57a89e79c031,Electronics,Oceania,3,368.41,0.0,BankTransfer,5.0,2.5,1105.23
14052,2025-11-22,6aa49b3d-45c8-4af1-9b22-8a51b2f6900c,Automotive,South America,5,268.335,0.0,CreditCard,9.0,2.1,1341.68
81591,2024-12-15,cbc249c7-689d-418c-bf7b-340a782df8d1,Automotive,South America,2,178.47,0.0,CreditCard,3.0,3.6,356.94
62438,2023-10-15,8112bf5e-c340-410c-8d08-2dc8fab70227,Sports,South America,2,451.36,0.0,PayPal,7.0,2.4,902.72
36097,2025-09-26,27d1f2df-dd80-4dfa-8f3f-b1bc0357085e,Sports,Asia,3,407.9,0.0,CreditCard,9.0,3.6,1223.7
41842,2025-10-21,fe946650-7bd5-4249-9127-d967f69fe193,Fashion,Asia,5,19.45,0.1,BankTransfer,7.0,3.1,87.52
14953,2023-10-25,a8799868-8e12-4cd6-ae33-98cf999bc180,Toys,North America,1,443.77,0.0,Cash,4.0,3.8,443.77
40236,2024-08-20,f922add6-7186-4f6b-b8b1-d6d7e1e7b715,Home,North America,3,37.27,0.1,CreditCard,3.0,3.8,100.63
79822,2025-01-12,,Beauty,Europe,1,87.98,0.0,BankTransfer,4.0,4.2,87.98
15939,2024-09-24,a587b762-818f-4883-a6f4-b2fd9e891f45,Automotive,Europe,3,390.48,0.05,PayPal,1.0,2.5,1112.87
5800,2024-09-16,89ef698a-ca46-439f-93ba-dc3ecc5bf684,Fashion,South America,1,170.87,0.05,CreditCard,9.0,3.5,162.33
84334,2024-11-13,5a1d5866-03d5-4e79-bea7-49dd37c5fae8,Home,Africa,2,377.019,0.1,PayPal,2.0,3.9,678.63
81696,2023-01-14,82d20096-9e47-48ab-bc1d-5882404d3e98,Home,North America,2,318.4,0.15,CreditCard,2.0,2.5,541.28
66316,2025-03-15,da695b09-69f8-46e9-b5ab-963c2c5ec803,Sports,Africa,4,26.42,0.15,Cash,6.0,4.2,89.83
54374,2023-05-21,cd5dc32e-5b56-4c78-879f-624ca308ae53,Beauty,North America,2,101.06,0.15,Cash,7.0,4.9,171.8
66028,2025-12-03,3c56d33c-0975-48b9-9da5-ec70dd0e9847,Sports,Asia,3,458.06,0.0,CreditCard,9.0,4.6,1374.18
11469,2024-11-02,8f654132-a9f4-4e23-ab12-bd633900f29b,Automotive,Oceania,4,368.604,0.05,PayPal,1.0,4.7,1400.7
56545,2023-11-08,ade15f2e-4cf8-4640-87b3-d596d12b2143,Electronics,Asia,3,172.764,0.1,CreditCard,9.0,2.5,466.46
84829,2024-10-02,fceaa43c-4965-4b0d-a772-03bd0f0d25cf,Automotive,North America,1,302.64,0.1,CreditCard,9.0,2.2,272.38
33889,2023-01-17,addba0d0-536b-4f65-911a-c1ab7555a28c,Fashion,Europe,4,491.12,0.0,CreditCard,7.0,3.4,1964.48
51267,2023-10-05,3acd0360-3cb6-4d1f-9681-7225eb5bcf16,Electronics,North America,5,315.51,0.2,Cash,5.0,4.7,1262.04
18064,2024-06-08,95b4a962-4372-4a34-96d5-8607c88e4c47,Electronics,Oceania,3,344.66,0.0,CreditCard,2.0,3.0,1033.98
3892,2023-04-18,a8702d97-10e6-4176-b858-3966757256f6,Home,Africa,2,358.68,0.0,Cash,7.0,4.9,717.36
576,2025-08-16,0cbd3c03-9e2a-44ac-8122-b5b3284c03d2,Fashion,Africa,2,222.35,0.05,BankTransfer,5.0,4.3,422.46
58472,2025-06-08,8e78fe16-1921-49f0-9d44-4ecc586280f2,Beauty,Asia,1,230.3,0.0,BankTransfer,3.0,2.3,230.3
76793,2024-01-24,61fd4793-ba60-416d-842c-ec411b657b19,Electronics,South America,4,410.1,0.1,Cash,5.0,3.2,1476.36
23945,2025-05-12,9b3f4791-382b-41e7-82b8-8a90f8278a72,Electronics,Europe,5,101.67,0.1,Cash,6.0,3.3,457.52
63728,2023-01-03,660d77ff-3654-4cf3-a08e-a67ac884ad42,Fashion,Europe,5,42.43,0.15,BankTransfer,4.0,4.9,180.33
94491,2023-06-19,bd8bfb67-d82d-4c61-9486-27032b66b8ec,Home,Africa,3,448.77,0.1,PayPal,8.0,2.2,1211.68
44069,2025-07-18,1ebe1730-60a1-4722-9893-75a48398ecd4,Sports,North America,2,50.66,0.15,BankTransfer,4.0,2.1,86.12
79761,2024-12-04,cef8617b-cc43-42e6-94ee-8c7101d51305,Fashion,Europe,1,121.17,0.0,BankTransfer,9.0,3.0,121.17
36239,2023-11-21,372360b1-9db2-48e2-ab86-244ae7d26ef4,Electronics,North America,5,138.438,0.0,BankTransfer,5.0,3.2,692.19
60990,2024-05-22,732c533b-2404-4313-941b-f8a5720c615a,Electronics,Asia,1,70.84,0.0,PayPal,2.0,3.1,70.84
66241,2023-08-29,02465a1c-377e-473c-b0b3-79fb8a9dc373,Electronics,Africa,3,295.81,0.0,Cash,5.0,2.3,887.43
67710,2023-10-20,ff71a568-8794-4fab-a463-760ea3578285,Electronics,North America,3,31.27,0.1,Cash,7.0,2.5,84.43
2514,2023-01-14,1d2467e2-0191-419d-845c-3fbb52ecac27,Beauty,Asia,5,44.52,0.1,PayPal,5.0,3.9,200.34
13774,2024-09-11,359758ba-e355-4ffe-8314-8ef96e0cbe86,Toys,Oceania,5,182.74,0.0,Cash,5.0,2.9,913.7
10050,2024-01-24,8ccf8851-fc94-4bc1-914f-c8aa9cdd1043,Toys,Africa,2,406.47,0.0,CreditCard,1.0,4.7,812.94
15207,2025-07-29,9c1b2b3f-3954-4207-94fd-ca961332ee00,Home,Asia,5,431.12,0.1,CreditCard,7.0,3.7,1940.04
64871,2025-11-08,8099d94b-e433-4515-9339-2ec04140cc02,Electronics,Europe,3,255.34800000000004,0.1,PayPal,7.0,3.7,689.44
615,2024-05-21,e1cde87f-ec95-4f87-ae5e-c36572eb7474,Automotive,North America,2,270.29,0.0,Cash,2.0,3.7,540.58
98805,2023-12-03,62250cca-4606-4fb6-9b98-525643273c32,Fashion,Europe,1,46.96,0.1,BankTransfer,6.0,2.7,42.26
1861,2025-06-28,cbd431cc-ea7a-4c21-a1a1-a29c5228ed8d,Fashion,Oceania,2,298.88,0.0,Cash,6.0,2.1,597.76
34849,2023-07-20,2f4c0489-1a73-4394-82c6-ccdf824a7619,Home,Europe,1,64.0,0.05,Cash,8.0,4.3,60.8
8664,2025-07-21,5caf5c6a-64ca-48e8-8dde-dccc831bef03,Sports,North America,4,107.36,0.05,PayPal,3.0,4.2,407.97
85906,2023-01-25,73c41e88-5102-489e-be22-202f1af3785c,Electronics,South America,2,162.26,0.0,Cash,3.0,2.1,324.52
56490,2023-08-13,6bf07a35-3198-4190-b291-661efc32d96d,Home,Europe,4,303.21,0.15,Cash,2.0,3.6,1030.91
53281,2025-01-03,f048fc39-dbca-4cfd-8161-e369ebd44c37,Automotive,North America,2,435.74,0.1,BankTransfer,6.0,4.1,784.33
29535,2024-10-09,b1ae9176-f6dc-49f6-884b-5f169a21aea8,Automotive,North America,2,358.0,0.0,CreditCard,3.0,2.4,716.0
89577,2023-09-02,7f39a07a-94c4-4499-90a2-7c2c251faf10,Automotive,Europe,5,16.19,0.0,CreditCard,8.0,4.6,80.95
79818,2024-07-11,0d4ae279-93e6-452f-b59a-183a3662dd98,Automotive,Asia,2,214.58,0.1,CreditCard,4.0,4.0,386.24
79334,2025-02-24,6cba931b-fcdb-4082-87e1-34d8b15ca81c,Automotive,Asia,1,309.1,0.1,BankTransfer,1.0,2.9,278.19
72065,2025-02-22,68a381d7-fe2a-4078-b143-676d11be1b8f,Toys,North America,4,403.03,0.05,CreditCard,2.0,3.4,1531.51
8711,2025-08-08,3309cd89-f26d-4669-95e3-8f96a2bf0f3d,Sports,Asia,5,294.53,0.1,CreditCard,5.0,3.3,1325.38
48550,2023-12-25,b2d03e94-1f48-4cdc-ae55-a18f81698cd4,Fashion,South America,3,,0.2,Cash,1.0,4.5,870.5
57235,2024-01-31,1045b84d-e9d9-440f-bc86-918620926390,Electronics,Asia,4,491.58,0.0,Cash,4.0,2.0,1966.32
36267,2025-10-22,c3deb5e3-b3d1-4679-b2f8-cb32a0082d91,Toys,Europe,5,32.87,0.15,BankTransfer,7.0,2.9,139.7
52758,2023-02-07,d5b250f9-2a4e-480e-acb2-136bf41caec7,Toys,Asia,3,313.58,0.1,CreditCard,8.0,3.8,846.67
86345,2023-05-26,2e9d8b06-7a27-42ec-b039-20baf13d60a9,Beauty,Asia,1,50.44,0.05,BankTransfer,9.0,3.2,47.92
44099,2025-12-29,2a6c871b-cf75-41db-be38-46513ff85953,Toys,Africa,2,67.88,0.05,BankTransfer,7.0,3.5,128.97
64775,2024-12-22,3fabe1c7-f4fa-4da4-994c-3216064aac70,Beauty,Africa,1,119.34,0.05,Cash,9.0,2.3,113.37
18053,2024-09-21,f5f71def-2318-45c6-a3c3-ecf705a4702b,Home,North America,1,483.67,0.0,CreditCard,3.0,2.1,483.67
57016,2023-02-19,b0a318ec-628f-471a-bce0-e2e3f5c0a0ab,Sports,Africa,5,280.86,0.0,BankTransfer,8.0,2.0,1404.3
43411,2024-04-09,2bacfc18-e5e2-4907-929a-f17623efe09e,Home,South America,4,454.06,0.0,PayPal,8.0,4.1,1816.24
84700,2025-07-29,790d3bdd-3021-439c-be4a-e587f716bb5c,Beauty,Europe,1,373.87,0.0,PayPal,7.0,3.6,373.87
60009,2023-05-06,4ad8fce9-72ea-45bf-8f6a-d99184318ec8,Automotive,Oceania,2,86.02,0.0,CreditCard,9.0,2.4,172.04
32833,2025-03-05,434a57c4-42f5-4188-994d-6335cf5bc906,Fashion,North America,1,338.23,0.0,CreditCard,5.0,3.3,338.23
27412,2023-12-26,4d180e38-3699-4fc4-9565-cf0e0f319c37,Automotive,South America,5,52.98,0.0,Cash,6.0,4.5,264.9
86638,2025-11-05,5caea310-7a44-4339-835a-8dc67380ea6c,Fashion,Asia,6,424.71,0.0,PayPal,7.0,3.0,2548.26
81026,2024-11-29,40dbfc66-1ea9-4ab6-9d06-5b495523cc71,Automotive,South America,4,165.708,0.0,CreditCard,7.0,3.4,662.83
92791,2025-12-06,19543a56-5b76-42ab-9577-57181978d16a,Beauty,South America,4,355.48,0.0,Cash,9.0,2.4,1421.92
85907,2024-10-27,b6003313-ab11-475c-9d15-af8dc6068e85,Electronics,South America,4,31.53,0.0,Cash,6.0,4.5,126.12
40816,2023-01-08,e3cff9a7-cca4-43bf-9962-163def78b47b,Toys,Europe,5,458.53,0.15,Cash,5.0,4.8,1948.75
6665,2023-06-11,b55a478e-0541-43ca-ae12-bda9b2ec7ff4,Automotive,North America,3,302.1,0.0,CreditCard,3.0,2.1,906.3
67247,2023-03-25,5e203e03-e02e-474e-b88c-57b8c79f5ff5,Sports,South America,1,42.29,0.1,Cash,4.0,2.7,38.06
24187,2023-11-22,14a61d46-2b18-40ed-ba56-352da6fe223a,Fashion,North America,5,181.404,0.0,CreditCard,8.0,3.2,907.02
57102,2023-08-24,ee27e2de-e850-4880-9077-5ad553e7b9a7,Electronics,South America,3,489.1,0.0,BankTransfer,1.0,2.9,1467.3
79082,2023-06-20,d02bbb81-93d0-47d7-899f-c300c00b2c91,,Europe,4,285.24,0.05,Cash,6.0,4.7,1083.91
92485,2023-05-19,9d1b7107-2be2-43f9-b0be-2bcf007ba077,Fashion,North America,5,159.3,0.0,PayPal,7.0,4.4,796.5
13414,2024-07-03,9a897dbd-667c-4512-84c6-04cb0cba3ea3,Toys,Europe,3,453.34,0.05,Cash,3.0,3.9,1292.02
42289,2023-01-19,3c90566e-ff49-4786-829d-081469a7216b,Electronics,Asia,2,368.25,0.0,BankTransfer,5.0,4.7,736.5
52326,2024-04-15,96abb71d-bf61-430c-b122-2fb068771111,Sports,North America,4,233.91,0.0,BankTransfer,7.0,3.7,935.64
27022,2025-10-16,94d9de10-626b-4be2-97e3-fd17947b7b7e,Automotive,Asia,3,224.06,0.05,BankTransfer,6.0,3.2,638.57
35796,2024-12-29,850a464d-198c-43a5-892f-d83b29bd0d23,Fashion,Oceania,2,176.8,0.15,BankTransfer,5.0,4.2,300.56
38744,2023-10-11,aef109f5-a6cb-4f33-b830-9c52e97de702,Sports,Europe,3,266.83,0.0,CreditCard,3.0,4.6,800.49
72773,2025-07-07,57c79ee5-696c-4170-aa01-6a0425384951,Toys,North America,1,42.77,0.05,CreditCard,1.0,2.5,40.63
12957,2024-05-28,aa6d7584-8846-49fb-b002-2232c5c04ac0,Fashion,South America,4,116.5,0.05,CreditCard,6.0,4.3,442.7
77373,2025-05-15,22c1f991-e38e-4f32-8e2a-553902aea08a,Fashion,South America,2,442.14,0.05,Cash,6.0,3.7,840.07
65946,2024-08-02,cd8badd2-8fcb-4cf8-a3de-261fa5cb2573,Home,Oceania,5,335.51,0.0,CreditCard,6.0,2.1,1677.55
71926,2025-05-02,377b37a6-c8ee-4375-9bcb-1276267ea3d7,Electronics,Asia,5,313.15,0.0,Cash,2.0,4.0,1565.75
16681,2023-05-23,9e6518a9-78f9-453d-a858-4f506fc9370f,Fashion,Europe,1,477.12,0.05,PayPal,1.0,3.7,453.26
44018,2024-07-16,cd20063c-21e0-40e7-bc2c-17ff0a943503,Fashion,Oceania,5,64.0,0.2,PayPal,8.0,4.3,256.0
20283,2024-02-25,215a91fa-5814-43d9-a18c-d01a1dc904f9,Automotive,Oceania,1,420.13,0.0,CreditCard,5.0,2.0,420.13
40039,2024-05-03,9f5f4677-076b-4dcc-a00f-9e0c18f2b50f,Home,Africa,2,237.74,0.0,CreditCard,7.0,2.6,475.48
58112,2025-08-05,abd06c5b-cc94-4b8c-bd2f-297dd6965ed1,Automotive,North America,3,440.54,0.1,Cash,3.0,2.3,1189.46
36297,2025-09-09,e1b30110-525f-4b10-b951-35a7ffb547f6,Toys,Asia,2,80.84,0.0,BankTransfer,4.0,4.7,161.68
94641,2023-01-12,f3dc9c56-5d53-42c8-9e23-89109983d568,Fashion,Africa,2,237.71,0.05,PayPal,,4.2,451.65
30579,2024-02-09,a6a50ff4-6b88-4397-8582-2f752d8b6108,Beauty,Asia,4,111.83,0.2,PayPal,1.0,4.0,357.86
85187,2025-05-20,d4d42607-08ec-4946-8292-baa248df6080,Electronics,South America,5,315.42,0.1,Cash,4.0,4.6,1419.39
69792,2024-12-17,c4c90473-562c-417a-a8bf-b4b7d0cbe9f1,Sports,South America,5,112.04,0.0,CreditCard,5.0,3.8,560.2
61653,2024-08-29,514ee8ed-aa78-4f71-a9a2-5417778bd697,Beauty,Europe,3,330.74,0.0,PayPal,1.0,3.5,992.22
45248,2024-04-21,a7ee0270-aa3a-4d76-bea3-80e19f4cd42f,Automotive,North America,4,350.07,0.15,BankTransfer,8.0,4.8,1190.24
1867,2024-07-13,5200044b-3148-4df8-a6ca-8d50e5f5c891,Electronics,South America,4,419.89,0.05,Cash,5.0,2.9,1595.58
47090,2024-06-11,f60d02bd-c37f-4d73-855f-e0c6dde677c1,Sports,Oceania,2,371.17,0.05,PayPal,7.0,3.6,705.22
81947,2025-04-02,1daa6780-715a-40ca-a260-04844e7fe05d,Toys,Africa,2,96.1,0.0,BankTransfer,1.0,2.4,192.2
27919,2024-04-06,f8c7ca32-6310-4399-a4a6-990b64b5ece2,Fashion,Europe,3,391.69,0.0,CreditCard,2.0,4.2,1175.07
51850,2024-05-26,dd068b8c-2680-4974-bcec-f63d43603bb9,Sports,Europe,2,137.76,0.0,PayPal,2.0,2.7,275.52
50557,2024-08-21,24b9191a-5ab5-4061-a371-7250e4c90234,Fashion,Africa,5,437.12,0.0,PayPal,3.0,4.4,2185.6
23918,2023-04-12,9637522c-4641-4e5f-af0c-95d8ba0050da,Automotive,Europe,2,278.3,0.0,BankTransfer,1.0,3.4,556.6
34352,2025-03-24,1e0ede55-672a-4164-9f34-53e2f1d0ab6c,Fashion,North America,2,15.39,0.05,CreditCard,8.0,3.8,29.24
75310,2023-03-23,b6295b75-66d4-4fc8-ba95-ce9be9dadcfc,Beauty,Africa,1,449.35,0.2,Cash,5.0,3.3,359.48
14321,2025-02-06,88df6a45-5a2d-422f-948e-2df49a2f8623,Sports,Africa,1,148.33,0.0,PayPal,8.0,3.3,148.33
11896,2023-08-21,76bb914e-002c-4953-9bf4-47c3f7ab3171,Beauty,Europe,5,223.82,0.15,CreditCard,1.0,2.4,951.23
28840,2023-12-10,b85a295a-7229-4502-a2b8-608c4c6eaa33,Beauty,Oceania,4,269.85,0.0,PayPal,8.0,3.3,1079.4
69615,2025-10-21,010f339e-3246-42f3-986c-c279e03f7d5e,Beauty,South America,1,79.29,0.15,CreditCard,1.0,2.9,67.4
92681,2024-11-16,a98644b2-9a93-49ee-ab8a-f3eef697d176,Toys,South America,3,161.37,0.0,PayPal,3.0,2.0,484.11
62334,2025-03-26,ad74135b-60c8-4f8d-9a04-17d9fe78109c,Toys,South America,1,290.24,0.0,BankTransfer,9.0,4.6,290.24
49183,2025-10-13,58a107fb-57bb-45f8-8364-196d6d701cb4,Fashion,Africa,5,463.13,0.0,CreditCard,7.0,4.1,2315.65
13507,2025-02-07,6158a7f8-270a-4676-b209-04fb0814b870,Fashion,Oceania,5,255.07,0.05,PayPal,8.0,2.2,1211.58
16695,2025-11-16,1593191b-2e46-44fd-8d52-925549aecb6e,Home,North America,6,386.01,0.1,BankTransfer,3.0,4.2,2084.45
38607,2024-11-29,823d473d-44e8-4604-b67f-2dccf80a5c7a,Automotive,South America,4,137.34900000000002,0.0,PayPal,2.0,4.4,549.4
7316,2025-06-22,c9ceacdb-9f24-4788-805c-c2d749fa68d6,Home,Africa,1,479.4,0.0,BankTransfer,6.0,3.7,479.4
83820,2024-12-31,588b8a3b-385f-46dd-9336-1cca6c7d7b0e,Automotive,Asia,5,140.23,0.0,CreditCard,1.0,4.2,701.15
17800,2023-10-24,66f38d43-1df1-47a9-9d71-aa22c6122daa,Electronics,North America,2,396.67,0.1,BankTransfer,7.0,2.4,714.01
59339,2024-05-03,74f4181a-3664-4d95-b85e-3eedcc18c831,Electronics,Asia,2,368.56,0.0,Cash,2.0,4.1,737.12
25470,2025-12-31,c8a0b0e5-99e9-4189-ac1c-5523b1e94190,Toys,Africa,4,124.05,0.15,BankTransfer,6.0,3.9,421.77
15007,2024-05-30,02044acf-6f75-493a-a626-02a28a46d480,Automotive,Oceania,1,42.0,0.05,PayPal,4.0,4.9,39.9
49772,2023-06-26,152e0e50-a163-4dd0-b401-f83dafb9b139,Fashion,Oceania,5,55.17,0.05,BankTransfer,3.0,3.4,262.06
72460,2023-01-01,285bb809-162e-4894-9f58-bf7d35327c67,Home,Europe,2,310.47,0.1,BankTransfer,5.0,3.5,558.85
84176,2024-12-16,9b553471-0712-4eba-b5ae-f6e876c491f8,Home,Europe,3,247.62,0.05,PayPal,6.0,3.5,705.72
58381,2023-10-07,e9fc67c0-ea02-4c8c-b179-e9829bec5c86,Sports,Europe,1,451.89,0.0,PayPal,1.0,2.7,451.89
84808,2024-01-15,94dd4f00-4574-4fc3-b9fe-c5ce7d742554,Automotive,Europe,2,218.68,0.0,BankTransfer,8.0,4.3,437.36
38902,2023-06-03,7e6a04ec-2f17-41d1-81c4-ebcd7bb6e27c,Toys,Africa,5,481.28,0.0,BankTransfer,2.0,2.8,2406.4
4976,2023-03-07,8037b969-7946-4eae-93dc-00ee9203c5d2,Toys,Oceania,4,275.32,0.1,Cash,4.0,3.2,991.15
93629,2025-02-09,568ebc49-9b9a-4149-bc7e-e24cf3dcc423,Home,North America,4,354.78,0.0,CreditCard,3.0,4.4,1419.12
31197,2024-02-17,a9b4adc1-7d88-4e18-b10a-dbd81bed09ca,Toys,North America,4,225.92,0.0,CreditCard,1.0,3.5,903.68
60091,2023-08-16,bfbf7b8e-4686-4e8c-9eeb-3d24cab337d9,Sports,Asia,2,477.09,0.0,Cash,3.0,2.9,954.18
33609,2024-06-13,3de5d3d6-4403-4cf4-9df8-5b5ec9c00887,Toys,Asia,5,329.06,0.1,PayPal,9.0,3.6,1480.77
69026,2023-02-20,c4b9c81a-8e38-4e72-a8b5-63b5a9fb7e6b,Toys,Oceania,1,329.1,0.2,CreditCard,5.0,2.9,263.28
87623,2024-08-04,0474be6d-b6c9-467b-9a8b-831d002eac1e,Sports,Africa,2,225.47,0.05,Cash,8.0,3.2,428.39
97621,2025-04-29,48f2cfa1-40a3-464f-9fa0-3dfbcc3773e9,Automotive,Oceania,4,495.57,0.15,PayPal,2.0,4.1,1684.94
20263,2023-09-27,2d341e87-42ec-4acc-897f-9769b749d03f,Toys,Oceania,4,349.94,0.1,PayPal,7.0,4.2,1259.78
59111,2023-11-20,f2b31bb5-8bd2-4305-8f10-57ddf55255e5,Fashion,Oceania,3,355.851,0.0,PayPal,5.0,4.1,1067.55
21739,2024-10-15,1003667c-8c77-4a46-8749-3806e4ec9cee,Toys,Europe,4,133.84,0.0,BankTransfer,7.0,2.6,535.36
6579,2025-04-15,d0713654-25cb-49de-8add-f902c46ea4cd,Sports,Africa,3,189.07,0.05,PayPal,4.0,3.6,538.85
8823,2024-04-20,433d65c2-c0f5-4e46-b14f-4be5530619e4,Automotive,North America,1,169.9,0.0,PayPal,4.0,,169.9
29506,2025-04-23,afb9b175-f808-493a-af4c-460508f0d796,Fashion,Asia,3,498.23,0.1,PayPal,3.0,4.2,1345.22
54926,2023-06-20,efaf272d-69b7-4cc7-a8f5-8d016109234e,Home,Africa,4,219.49,0.0,,3.0,2.3,877.96
24776,2025-09-17,d1239f58-7ec4-489e-a62c-04a614e27438,Automotive,Europe,2,82.18,0.05,BankTransfer,2.0,3.8,156.14
65791,2025-07-01,e3f302d0-5f21-4ba2-9016-f08b913df498,Sports,South America,4,184.22,0.1,Cash,3.0,2.1,663.19
84710,2025-12-18,f038525d-ffcd-4dbd-96aa-a79425f0994e,Home,Europe,1,272.24,0.0,PayPal,5.0,3.3,272.24
99955,2025-04-28,346a36f9-b2d5-4207-9ade-d1971eea08a6,Beauty,South America,3,83.16,0.05,PayPal,8.0,2.6,237.01
11322,2025-03-11,5441a465-ef3d-4f04-be22-c440e5339b2a,Toys,Europe,4,465.64,0.0,CreditCard,3.0,4.9,1862.56
63023,2024-04-25,3cf1b6e7-f1c8-44ec-9486-293e0d2530da,Automotive,Asia,5,483.53,0.0,BankTransfer,7.0,3.1,2417.65
78204,2025-04-10,fef8c080-ebe5-4fb0-b8c1-8e479498f904,Fashion,South America,3,93.68,0.0,BankTransfer,7.0,3.7,281.04
1939,2023-10-03,a7668617-78db-4de3-8a28-4792ffaca645,Sports,North America,5,159.03,0.0,CreditCard,8.0,4.3,795.15
74440,2025-02-06,ac73b06f-9e72-4dad-96a7-80c18e579579,Electronics,Africa,4,255.8,0.05,Cash,4.0,4.0,972.04
11898,2023-07-05,8913f2f0-90cb-4309-9167-dd70cef4d789,Toys,North America,1,381.9,0.15,CreditCard,1.0,3.7,324.61
32258,2023-01-04,5f97082f-1ee9-4617-a835-bbc3ada8668e,Electronics,North America,2,320.3,0.05,PayPal,8.0,4.1,608.57
94236,2024-09-19,78c92f7d-be85-47a7-ae9a-a8bf05b3d50d,Automotive,South America,4,62.46,0.0,PayPal,2.0,3.2,249.84
9457,2024-09-23,6cdb930c-dc87-485e-8f6e-1e3025d6ad40,Electronics,North America,2,354.84,0.0,PayPal,9.0,2.4,709.68
62943,2023-09-01,b0ca2259-58ae-4e0c-b835-d78893bbf083,Fashion,Africa,4,370.63,0.0,BankTransfer,3.0,3.0,1482.52
87578,2023-01-07,48efd21c-36bb-4e73-87a3-5c8501ab76f5,Toys,Oceania,4,367.93,0.15,BankTransfer,2.0,3.5,1250.96
66129,2024-04-14,4e23cead-a714-4b37-a317-60e4fa66ca82,Sports,Asia,4,211.35,0.0,Cash,7.0,2.9,845.4
14378,2023-02-17,769633d7-4317-4b8e-a1b7-9c119f7a61fa,Toys,Asia,2,288.83,0.0,Cash,6.0,3.7,577.66
43113,2024-09-26,5b07045f-78bb-4b31-a8cf-04fa582f1aa1,Electronics,Europe,1,314.78,0.0,Cash,9.0,3.2,314.78
57851,2025-03-14,1e603c12-842a-4c9c-a444-6273e0d2aa98,Home,Europe,4,73.32,0.0,CreditCard,1.0,4.0,293.28
33910,2025-07-25,9608ac0b-c5d7-4a8d-b125-10d9805a6389,Beauty,Africa,5,85.21,0.0,Cash,3.0,4.4,426.05
84738,2025-09-15,fe127bc2-5d7e-4d89-8e29-e60f4f2e0518,Sports,Africa,4,331.01,0.0,BankTransfer,7.0,4.4,1324.04
57119,2025-03-06,01c6deff-3eda-4d3b-a9fb-8d3334885010,Beauty,North America,3,333.52,0.05,Cash,7.0,2.8,950.53
78914,2025-04-14,9e87b30d-7417-4cb1-a5a7-69e8e790e76d,Toys,Africa,2,359.47,0.0,BankTransfer,3.0,3.9,718.94
10948,2023-11-23,a3446306-a0b0-4eca-8aca-873cb6e7552f,Automotive,Oceania,5,351.072,0.0,Cash,1.0,3.1,1755.36
88394,2023-07-01,86fbe5ff-c5d8-4707-951a-b215e073b387,Home,South America,4,46.06,0.15,PayPal,3.0,2.5,156.6
86740,2025-12-10,20cd3ff8-df83-4bb1-8ea5-8f277cbd9bd9,Electronics,South America,2,194.44,0.1,Cash,8.0,3.9,349.99
64088,2023-03-22,9e451c2d-3a75-4327-83dc-77252869af8e,Sports,Africa,5,444.6,0.05,Cash,9.0,2.2,2111.85
46378,2023-02-25,2404576a-13d6-4942-98ed-02a8868259c4,Automotive,South America,5,282.41,0.1,BankTransfer,2.0,3.2,1270.85
1231,2023-08-31,0840405a-ffd2-4491-9ff3-89aa4c36a70c,Toys,Oceania,5,155.09,0.0,PayPal,6.0,2.1,775.45
3905,2025-05-01,11489054-7b6c-4596-aa97-435dd9ff74eb,Beauty,Europe,1,440.53,0.15,Cash,9.0,4.2,374.45
61556,2023-06-01,83cb3ceb-cac9-40d0-aa00-fa6dee86745c,Toys,Europe,2,46.13,0.0,Cash,9.0,3.6,92.26
53083,2025-08-18,847489f1-919a-4ef0-896e-ea2442a46482,Sports,Oceania,3,306.48,0.0,BankTransfer,9.0,3.1,919.44
39692,2025-05-03,b0e98b45-a527-4d02-99b2-ef6114c088c2,Sports,Africa,2,178.73,0.0,CreditCard,7.0,4.1,357.46
17110,2024-01-16,80fbdb3e-9bda-498e-83cf-a636b3cbbe72,Toys,Oceania,3,387.52,0.0,CreditCard,3.0,4.4,1162.56
41409,2024-01-07,63f0144f-9933-4056-ac39-e3be251b677a,Automotive,Europe,5,345.81,0.05,Cash,8.0,4.7,1642.6
58931,2024-09-20,ecc94063-4d79-4623-ac0d-430f16cb573c,Toys,Africa,5,358.68,0.1,BankTransfer,9.0,4.7,1614.06
68950,2024-01-27,031aa07c-fa0d-4017-a4d9-cbd8535d3c13,Beauty,Europe,4,173.14,0.0,Cash,6.0,4.8,692.56
13620,2024-09-13,7aaa6336-dda2-4bfd-a747-70a19f29f7df,Fashion,Oceania,4,98.08,0.05,CreditCard,3.0,4.2,372.7
89727,2025-04-29,29d19f4a-16ed-467a-8f86-4ad191113feb,Home,Africa,5,352.57,0.05,PayPal,2.0,3.0,1674.71
88,2024-06-24,1825bc54-30be-445f-a835-14f2ceb81f9d,Fashion,Oceania,2,171.15,0.0,Cash,8.0,3.1,342.3
35753,2024-09-11,00e4b488-c309-4b44-a080-ba5cab5ecc3d,Toys,Europe,1,427.21,0.1,PayPal,8.0,4.9,384.49
43717,2025-09-10,7ecee868-5b77-40a6-88a2-154c98604595,Electronics,South America,4,213.98,0.1,PayPal,4.0,3.1,770.33
46089,2024-06-24,09833fe6-b74b-4f20-a590-cc4926e01052,Automotive,Europe,4,61.35,0.0,BankTransfer,3.0,2.6,245.4
26137,2025-07-27,9d1fa859-91f3-4ae2-b14a-ceb8f1cace88,Toys,South America,4,281.75,0.05,BankTransfer,8.0,3.5,1070.65
76713,2024-02-11,c4be67ec-7e79-4106-9344-58e1dbcffeee,Home,Asia,5,374.2,0.15,CreditCard,8.0,4.0,1590.35
24506,2023-05-02,0a9f2fe2-6a12-4e3d-92c1-dabb549e011f,Beauty,North America,5,479.7,0.1,BankTransfer,7.0,3.2,2158.65
70920,2024-05-18,210b6a65-6d8d-4d76-a7ea-2294e08ed269,Sports,Oceania,3,319.08,0.0,CreditCard,6.0,4.9,957.24
72229,2024-07-13,32605358-c566-460b-94dd-126a9764a626,Automotive,South America,5,332.29,0.0,CreditCard,4.0,4.8,1661.45
10464,2023-04-05,c7eee466-ea96-4da4-9f46-76a12ff24e9a,Beauty,South America,2,272.18,0.0,CreditCard,7.0,3.2,544.36
28566,2023-11-20,32855143-ecbe-4c12-a96c-67d96fe0ada3,Beauty,Oceania,5,106.803,0.05,CreditCard,8.0,3.9,507.31
30273,2025-01-09,42470e00-72b9-4548-8ef5-620b01b439c6,Fashion,South America,4,426.99,0.0,,2.0,3.2,1707.96
95435,2023-04-06,d7a30642-6efd-4026-91c0-11ba4d159927,Fashion,South America,1,31.83,0.15,BankTransfer,8.0,4.6,27.06
24935,2023-01-29,5e351973-b733-4c9e-977b-08a8f5ffb939,Toys,Europe,5,34.58,0.0,Cash,4.0,2.8,172.9
80324,2025-10-16,f0bed2cb-2a9a-4870-93de-91789db59d84,Home,Oceania,1,417.2,0.0,PayPal,2.0,4.9,417.2
1957,2023-02-27,a605b7c9-fb07-4e93-8a37-31ab0be3534a,Home,Europe,3,84.18,0.15,CreditCard,7.0,4.4,214.66
83922,2023-04-22,9eaca4aa-9851-4af6-bd8c-c7b96bcdb95e,Electronics,South America,2,259.7,0.0,Cash,6.0,2.5,519.4
64081,2025-03-15,d22c2fca-fece-4273-aac3-b110c8138064,Beauty,Europe,4,307.63,0.1,CreditCard,3.0,2.6,1107.47
86866,2025-05-19,4c63732f-ecde-41c5-bf53-ec3ccc4e89de,Electronics,North America,2,131.9,0.05,PayPal,9.0,2.2,250.61
6145,2023-12-26,d907ba3f-1949-4b8a-9754-81a3d6ccc7cd,Electronics,Europe,2,255.93,0.0,PayPal,2.0,4.7,511.86
65354,2023-12-15,cc7a26e9-95f3-4307-a722-ae70051ac3b9,Automotive,Oceania,1,314.35,0.0,BankTransfer,4.0,2.7,314.35
41652,2024-02-20,fbca8a75-4eb8-413b-891d-2fd954f2532e,Automotive,North America,5,279.32,0.0,BankTransfer,5.0,2.6,1396.6
40200,2024-02-16,4416a597-c7b4-4dc8-b05d-e7db0953d39c,Beauty,Africa,2,86.76,0.05,BankTransfer,6.0,4.0,164.84
11148,2023-03-12,1993644b-0f4d-426e-8d35-8bc380863f67,Automotive,Oceania,5,134.38,0.1,PayPal,1.0,4.7,604.71
44386,2023-11-26,9da2e08c-e363-42ce-b53c-2e602500d400,Sports,Africa,4,419.913,0.1,CreditCard,4.0,3.3,1511.69
7837,2024-10-25,aaae3222-3f19-4d0f-94c3-9b6d0e31275c,Electronics,Asia,3,230.84,0.0,CreditCard,7.0,2.5,692.52
21922,2025-09-25,5be1c022-1361-4113-85db-1d9af19dba69,Fashion,North America,5,10.92,0.0,PayPal,3.0,2.1,54.6
29522,2025-09-27,b778ea24-d3bf-47ab-a8f4-dd83a91f262e,Electronics,Africa,4,244.68,0.05,CreditCard,7.0,4.9,929.78
98841,2024-11-16,c8271d45-0e3c-4c44-9f72-e09ddc5d1c14,Fashion,South America,4,214.56,0.1,PayPal,7.0,3.2,772.42
45140,2023-05-09,894c2064-76fe-443c-a630-e6b007ffbb92,Electronics,Asia,3,195.45,0.0,BankTransfer,3.0,4.8,586.35
15716,2023-04-08,17b05872-787f-47de-beae-7e2c90bde40e,Fashion,North America,5,328.59,0.1,CreditCard,5.0,4.8,1478.66
53475,2024-03-22,369c564b-25ba-44e4-b9ac-b707ffcb1ab1,Toys,North America,4,360.89,0.0,PayPal,6.0,4.3,1443.56
46896,2023-06-25,f52e8022-f912-40a5-bbb4-3f949446aa2d,Sports,Europe,4,224.11,0.15,PayPal,5.0,4.2,761.97
12061,2024-06-05,c6808f09-d3e9-41f3-baa9-b02bc819dcb4,Toys,Europe,1,254.37,0.0,BankTransfer,4.0,4.5,254.37
87467,2025-11-10,704ea49a-ad30-4a09-88be-b2594e072960,Home,Oceania,4,199.8,0.0,PayPal,9.0,4.0,799.2
52217,2025-08-25,a45c587f-7b2d-4571-b407-429adc51425f,Sports,South America,4,481.39,0.05,BankTransfer,1.0,2.3,1829.28
30128,2024-07-05,372b5a14-d3aa-45cc-910f-c3d375b580e8,Sports,Oceania,4,259.1,0.05,BankTransfer,1.0,3.0,984.58
46500,2023-01-09,247e5804-4ee8-4653-943e-5658eb07e8ba,Beauty,North America,5,100.01,0.0,PayPal,7.0,3.5,500.05
115,2024-02-08,82010c62-f5f5-4b22-8e8f-a8e0284d82e5,Toys,Africa,2,191.76,0.05,BankTransfer,1.0,2.6,364.34
87780,2024-05-21,8cd6d6b0-0f61-4bdf-ab8e-05d43cef040e,Fashion,Europe,1,83.32,0.0,PayPal,6.0,3.6,83.32
58488,2024-04-20,1035c0de-2dbc-4637-96ab-5061bcbefda2,Fashion,Africa,2,301.91,0.2,BankTransfer,9.0,2.3,483.06
59866,2024-08-10,eb2387b3-6606-4857-bd85-1d4010d7115a,Beauty,Asia,4,444.55,0.05,CreditCard,7.0,4.3,1689.29
6542,2023-12-18,137b41c2-5f71-41e1-a05e-ad1cbde9a6a8,Automotive,Europe,4,458.35,0.0,Cash,6.0,3.0,1833.4
16867,2024-08-20,4f148ea5-d995-47be-8b45-47e6f063069c,Sports,Africa,2,252.29,0.0,Cash,5.0,2.4,504.58
46463,2023-06-12,d40b8464-92c3-47b3-b663-4fd8dfa8620e,Fashion,Oceania,4,51.37,0.2,Cash,1.0,2.3,164.38
20613,2025-02-27,cd1723c8-cd90-4157-b8ab-64a6ed3a227d,Fashion,,2,498.96,0.0,Cash,1.0,3.4,997.92
56835,2025-04-01,b79e4158-3734-4dd6-9235-c4b29a9df98b,Home,South America,2,341.55,0.0,CreditCard,7.0,4.7,683.1
76771,2023-12-14,610f55e8-e82a-4d8d-9d64-065f42ca7eab,Electronics,Oceania,2,446.21,0.1,BankTransfer,8.0,3.5,803.18
4609,2023-05-27,9fb30a4d-c071-4a38-bffc-4f097f1464b3,Toys,South America,1,409.64,0.0,Cash,8.0,2.8,409.64
85321,2025-05-21,6959046d-ae0f-401d-9f11-bed76a2147bb,Fashion,Oceania,5,25.09,0.0,CreditCard,4.0,2.1,125.45
86542,2024-04-06,,Fashion,Asia,3,447.59,0.05,PayPal,3.0,4.9,1275.63
53922,2025-06-06,d60a8f7c-3deb-4f85-80f1-d220b1405aab,Sports,Oceania,4,80.63,0.05,Cash,5.0,3.9,306.39
57445,2025-07-03,25418a18-f0fc-4c08-8431-cfe3ede4415e,Automotive,Africa,5,420.22,0.0,BankTransfer,9.0,2.6,2101.1
74769,2025-02-10,7a70c897-5296-4a22-8862-aed6e84b554d,Fashion,Europe,1,355.73,0.1,BankTransfer,5.0,3.5,320.16
16580,2023-06-11,40685469-5a88-43ed-a686-1921057de4d0,Fashion,Europe,4,162.19,0.05,Cash,6.0,2.7,616.32
72938,2025-06-22,701ea9ae-4218-46cd-9b80-47ca4af001d5,Automotive,Oceania,4,104.98,0.05,Cash,5.0,4.4,398.92
85388,2024-07-20,d9531d11-ee54-4bf9-9664-b3c9364a602f,Automotive,North America,3,315.72,0.0,PayPal,9.0,3.1,947.16
61342,2023-10-31,171265e5-eeb7-495a-9157-0c0d9fd3c6fe,Beauty,Asia,3,285.36,0.15,BankTransfer,4.0,4.9,727.67
11923,2024-04-03,7dc437dd-e395-45ea-95d4-4c348fa95ec3,Beauty,Europe,3,,0.0,BankTransfer,8.0,4.9,1321.53
92896,2025-01-05,d95c41eb-30c6-4b0e-b3cb-552ec3984008,Home,Europe,5,273.39,0.1,Cash,6.0,2.3,1230.25
11736,2025-05-04,cfa57f25-8f67-4b46-97af-d8f26e1450f9,Sports,Europe,1,13.42,0.0,BankTransfer,5.0,2.8,13.42
94065,2024-08-05,d9743227-da43-4b72-9c4c-1f300873505c,Electronics,South America,2,458.4,0.0,BankTransfer,4.0,4.5,916.8
44097,2023-08-31,486db47e-4c00-42f9-b020-68855d5b81bd,Fashion,Africa,4,67.54,0.0,PayPal,8.0,3.3,270.16
79893,2025-01-21,25212a75-bbfe-485d-89e9-ea0d0657f1ff,Automotive,Africa,2,200.23,0.1,PayPal,4.0,3.3,360.41
40421,2024-07-27,48bd10a2-4440-467b-917b-0bcda03c81d9,Toys,South America,4,467.16,0.0,BankTransfer,5.0,2.3,1868.64
44833,2025-07-27,cb4a11c2-de99-44b0-aa05-a5f7b8048514,Home,North America,1,433.3,0.0,,6.0,3.6,433.3
5059,2025-02-21,0803ad31-4e1e-4f3d-a910-22b80d60e364,Automotive,South America,3,413.48,0.15,BankTransfer,4.0,2.9,1054.37
15627,2023-01-15,26ae933e-5d16-419e-89c4-dfe90b1051c3,Home,Asia,5,303.07,0.0,CreditCard,1.0,3.1,1515.35
2328,2024-02-05,9343e6ea-985a-4548-80ba-22a47213e7cc,Sports,Asia,2,302.65,0.15,PayPal,2.0,4.1,514.5
53043,2023-03-02,6f461cd2-f987-4b7e-aea4-391a046732d2,Automotive,North America,4,215.56,0.0,PayPal,5.0,3.5,862.24
90898,2025-12-23,27aea356-eb37-4ce0-8d40-47ae4e531917,Automotive,Asia,5,451.92,0.0,CreditCard,7.0,3.4,2259.6
73363,2023-05-12,8b4205ae-782b-4d0a-ba29-56b7f54793af,Home,Oceania,3,106.79,0.2,PayPal,6.0,4.6,256.3
44081,2023-02-16,8d97337e-44bd-4ba0-9156-51e922e2dfd7,Beauty,Oceania,5,79.69,0.0,CreditCard,,4.1,398.45
37800,2024-04-23,b3a93bdf-7b65-4877-85fc-4c0daa28eab0,Sports,Europe,4,268.5,0.0,PayPal,9.0,2.4,1074.0
26942,2025-06-01,2a765772-319f-4143-a6c3-5199f0b49011,Toys,Europe,1,,0.05,PayPal,9.0,3.1,243.18
86645,2023-11-03,cde0ccad-4264-41ff-ab1f-85ed21f4aa7e,Electronics,Europe,5,6.327,0.2,CreditCard,1.0,3.3,25.31
79369,2023-05-18,557306ab-7c23-4e5d-be2f-0996421cf404,Toys,North America,4,221.92,0.15,BankTransfer,7.0,2.2,754.53
92530,2025-09-01,facfe8c2-f84a-44ec-9515-e617fed907e2,Sports,South America,1,307.93,0.0,BankTransfer,4.0,3.0,307.93
68672,2024-05-29,4e14b67c-afe5-45f4-97cc-a58193131310,Beauty,Asia,4,369.52,0.0,CreditCard,8.0,2.5,1478.08
17920,2023-04-06,052011e3-b35d-450c-b972-39c3edaabee1,Beauty,Oceania,3,79.4,0.05,CreditCard,7.0,4.4,226.29
83843,2023-12-11,b1ec4eb7-acf6-40e0-925b-08c95f3f018c,Electronics,Africa,4,92.81,0.1,PayPal,8.0,2.9,334.12
99222,2023-04-27,ee4856af-0c4d-40ce-8ab6-a3373f1d8405,,South America,1,452.13,0.1,PayPal,2.0,4.4,406.92
42948,2025-06-16,52f4cb79-8535-4673-b8d7-7900edff60f1,Home,Europe,4,49.66,0.0,Cash,8.0,4.6,198.64
39360,2025-02-15,4683145a-7644-4415-938a-c7df459e7d82,Toys,Asia,2,367.2,0.0,CreditCard,1.0,4.5,734.4
4940,2025-03-16,d6de0902-ea89-4692-9176-37b264d88360,Fashion,North America,5,207.15,,BankTransfer,4.0,3.0,828.6
73843,2023-01-05,96339cf4-7cbe-483e-b4da-7f0985af8127,Fashion,Oceania,4,340.61,0.0,CreditCard,3.0,4.6,1362.44
37638,2024-03-24,513826f8-7f73-45cb-aa31-a10b4bf8a3d3,Home,North America,2,336.68,0.0,CreditCard,7.0,2.7,673.36
78509,2024-05-28,3f563a4b-1726-4901-b488-d4a2bab93459,Home,Oceania,1,286.08,0.1,Cash,7.0,4.0,257.47
92343,2025-12-03,59d6921a-0140-4f51-aa9e-d27c1755be5a,Electronics,Asia,1,241.54,0.05,Cash,4.0,3.2,
19765,2024-03-20,5d9a1711-a07c-4bd8-bb58-314e7b25706b,Fashion,South America,2,388.92,0.05,CreditCard,9.0,2.9,738.95
84937,2025-09-03,2acdb86b-9e0f-40ec-b41d-32a64d04afc6,Electronics,North America,4,477.13,0.05,BankTransfer,5.0,3.6,1813.09
62677,2023-08-31,af9a634b-f0b4-4a27-9c91-8b18a6cf2962,Electronics,Asia,4,132.89,0.1,Cash,1.0,2.1,478.4
64574,2024-03-11,fd5f6e5f-acae-4508-9396-2be6f278cac8,Sports,Oceania,5,394.73,0.05,PayPal,8.0,4.8,1874.97
2743,2023-01-22,0038dc84-a3ed-433a-a722-2ea2261b5048,Electronics,Oceania,1,217.03,0.0,BankTransfer,3.0,,217.03
93717,2023-11-30,0614f2d6-9247-484f-ae2b-5c1b2daab8c1,Sports,Africa,5,118.56600000000002,0.0,Cash,6.0,3.3,592.83
62201,2024-11-04,722af35f-5635-4f8f-bc4c-b74bf5532a95,Home,Oceania,3,201.042,0.05,PayPal,6.0,3.2,572.97
9661,2024-01-11,16ac92bb-f9f6-449c-8eb7-ae33a848096e,Beauty,Oceania,2,112.52,0.0,Cash,5.0,2.3,225.04
66476,2024-05-02,fe15ea25-15b2-4724-8b15-ad469f2a6cef,Sports,Europe,3,30.42,0.0,BankTransfer,2.0,4.4,91.26
16843,2023-10-12,5df7e09e-c3ae-4ce6-804c-f40018865cd0,Sports,Asia,3,227.77,0.0,CreditCard,2.0,4.3,683.31
57323,2023-03-30,9d57ec88-d024-408e-9cf6-42adcd24021c,Toys,Europe,1,288.85,0.0,Cash,2.0,4.2,288.85
8621,2024-02-07,f4e1048a-f417-4dc9-b954-018b6be4d062,Sports,North America,5,313.06,0.1,PayPal,1.0,3.3,1408.77
31198,2023-04-22,5caf20ae-3f45-4107-82ff-b3e362e9826e,Automotive,North America,1,52.37,0.1,BankTransfer,7.0,2.4,47.13
47642,2024-05-26,1b42d88f-c4b5-4808-bcb6-f8a1e55e4509,Sports,Oceania,1,287.57,0.0,PayPal,8.0,3.0,287.57
11182,2023-12-31,20f41f0b-2401-4b6a-84f1-4a20bd7cff65,Home,Africa,3,181.22,0.0,PayPal,8.0,4.0,543.66
52151,2023-09-15,5815f7f1-9b67-4374-9f31-5efd10e1fb5a,Electronics,South America,1,495.53,0.0,PayPal,6.0,2.3,495.53
55318,2023-06-18,856db056-e32a-45cb-86be-67499ca3e632,Home,Africa,3,105.09,0.0,Cash,7.0,3.4,315.27
42687,2024-05-22,d4b09e38-dedc-4f98-8d9f-047a92c1b7b4,Toys,Africa,4,213.58,0.0,PayPal,2.0,3.9,854.32
39251,2023-05-19,7fd9c675-d904-4e7f-866c-d4d7c6ee9a92,Beauty,Oceania,4,89.11,0.1,BankTransfer,4.0,4.6,320.8
73835,2023-01-11,53d8b26c-8b56-4e45-93d5-be8876eb1556,Electronics,North America,3,220.13,0.1,PayPal,4.0,3.7,594.35
18906,2024-08-03,c0e9a3aa-d872-446a-908b-90e62598c556,Fashion,Asia,5,346.46,0.0,PayPal,1.0,3.1,1732.3
36505,2024-01-23,6ad89382-8552-40c9-96ea-4132fd0b06e2,Beauty,Oceania,5,282.97,0.0,CreditCard,9.0,2.4,1414.85
9123,2024-10-13,52949fbd-1243-4159-9df5-6402492ca612,Beauty,Oceania,4,102.16,0.0,CreditCard,1.0,4.2,408.64
56839,2024-04-03,99c11bd4-2c68-436e-967e-92bfb7f8e534,Electronics,South America,5,481.06,0.05,PayPal,9.0,2.5,2285.04
19768,2024-02-08,dc9d41e7-699f-4b05-ad8e-8aead26984e7,Electronics,South America,3,384.3,0.0,PayPal,9.0,3.4,1152.9
50767,2025-11-24,af2ebb35-9c8e-4893-b44f-31289cd53033,Home,Asia,3,400.572,0.0,CreditCard,2.0,3.9,1201.72
67870,2024-03-04,f63f31f7-8ecd-4e33-aa3e-948e5a81a1c5,Toys,Oceania,1,397.97,0.1,PayPal,1.0,4.5,358.17
2997,2025-09-15,94e74f26-29b0-4b37-8271-0779d864465a,Home,Oceania,4,287.27,0.0,PayPal,3.0,4.2,1149.08
23620,2024-02-23,d7b93d73-7455-4d86-b4c5-ec98b1751d57,Electronics,Oceania,5,90.65,0.05,CreditCard,4.0,4.1,430.59
6193,2023-08-31,b08307e1-a9b7-41f5-a0fe-d1f372fa10f7,Automotive,Europe,5,308.76,0.1,Cash,7.0,2.6,1389.42
51896,2023-01-14,1e177178-8eec-4bf2-bade-297e1fd81ffc,Sports,Oceania,1,390.2,0.05,CreditCard,6.0,4.9,370.69
8453,2023-11-16,dcaeedcd-67d7-4873-8f7b-524587aa2080,,South America,6,55.512,0.0,Cash,5.0,3.1,333.07
84930,2024-10-05,fa57958d-5c99-46ed-a030-5edd3538674d,Automotive,Europe,4,363.29,0.05,PayPal,9.0,2.9,1380.5
22277,2024-12-14,4b1e4ee0-1974-448a-8eb3-cc3f8143d2c5,Sports,Asia,5,439.48,0.0,PayPal,5.0,2.6,2197.4
6412,2023-11-29,7cc27448-28ea-4192-9a02-4444f28446fa,Automotive,North America,4,294.984,0.1,PayPal,6.0,3.1,1061.94
32867,2023-08-16,a9545955-2383-46cf-acf8-c47dccd2eb04,,North America,2,258.5,0.1,Cash,8.0,2.9,465.3
98134,2024-10-30,5a834671-a8ae-44a4-b333-69fd04e1b153,Automotive,Asia,1,140.45,0.05,CreditCard,5.0,2.4,133.43
91126,2025-04-02,325b1b68-20c9-442c-86d5-f8276f6d02bc,Automotive,North America,1,291.08,0.0,BankTransfer,8.0,2.4,291.08
35359,2025-11-02,443622f0-ce88-4ab1-a997-3f2bb48c25fd,Electronics,South America,2,263.682,0.0,Cash,1.0,3.9,527.36
91691,2025-12-15,c80080ec-6428-4ad5-80d0-d8e2152eedaf,Home,South America,2,460.69,0.1,BankTransfer,7.0,3.2,829.24
16441,2025-12-25,d5ff79dc-e5fb-4b5d-b24c-1363ef9dbfbc,Automotive,Oceania,5,305.72,0.0,Cash,4.0,2.5,1528.6
20658,2023-04-27,60152641-bb2c-472d-8333-b0fe02759ce1,Sports,North America,3,45.45,0.0,PayPal,4.0,3.2,136.35
26662,2024-03-26,95e2bc75-fc9b-4cb3-93e3-f02374dd877d,Home,Africa,3,389.94,0.15,BankTransfer,9.0,4.5,994.35
21600,2023-09-23,4db23912-d03a-4ab2-9a5e-7f196f8c1c22,Electronics,South America,2,291.16,0.1,BankTransfer,7.0,4.3,524.09
90651,2023-06-26,93e2ca21-64dc-49a8-8575-3a3d664aaddd,Home,Asia,5,36.0,0.05,Cash,5.0,3.0,171.0
29935,2025-08-19,390a82ed-3e6b-4684-92d6-9319504930fb,Automotive,North America,4,489.41,0.15,Cash,3.0,3.0,1663.99
5074,2023-06-21,fe1be3e9-bee1-4c65-b7a3-19c6619c4a06,Fashion,Europe,5,358.49,0.05,Cash,2.0,3.6,1702.83
27284,2025-07-04,03dbf2e1-7a02-4643-bf8a-57b07af627ec,Electronics,Africa,3,472.35,0.0,PayPal,3.0,3.2,1417.05
96063,2023-04-26,836792ab-8028-4777-8c2d-ba0859497837,Electronics,South America,1,464.3,0.05,BankTransfer,2.0,,441.08
95116,2024-05-04,feb85aee-d44e-4816-92e3-61e0cd145373,Beauty,Asia,2,371.07,0.0,Cash,7.0,4.4,742.14
57099,2023-11-26,ff12b988-79e2-453b-98a7-72d5d79788b6,Electronics,North America,6,392.031,0.15,BankTransfer,2.0,3.1,1999.36
53337,2025-04-11,df0ff726-1c8a-45e6-a46c-f4a979633a2f,Home,Oceania,4,132.64,0.15,CreditCard,7.0,4.9,450.98
18608,2024-09-22,cab21b78-7f88-4bc2-ad89-a1ac5acab153,Electronics,Africa,2,49.85,0.05,BankTransfer,2.0,3.9,94.72
65005,2025-01-08,3ba3536a-9baf-481b-b3ac-90702be785f7,Toys,Africa,2,445.89,0.0,CreditCard,1.0,2.7,891.78
38604,2025-09-01,27380016-f251-421d-95e2-4956ebc72a5f,Automotive,South America,3,120.54,0.05,PayPal,8.0,3.4,343.54
75064,2023-01-14,209879ee-5f3c-4ce8-8d0c-c5b510ecfda4,Beauty,Asia,5,106.66,0.0,CreditCard,2.0,3.6,533.3
8960,2025-11-22,c2fdb44a-7a8e-454f-9c44-91791d7a0bd0,Sports,North America,6,129.753,0.0,CreditCard,3.0,4.4,778.52
7516,2024-01-06,c89a10a3-17ef-41fc-841b-1a37a931f647,Home,Africa,3,430.0,0.05,Cash,8.0,4.1,1225.5
49984,2025-01-13,2073ac31-f8fb-4475-969a-7304ef97d46b,Sports,North America,5,118.11,0.05,BankTransfer,6.0,5.0,561.02
27785,2024-11-26,4a3de0e3-5b91-4b54-9584-3f4bb05be11e,,South America,6,258.41700000000003,0.0,CreditCard,3.0,4.7,1550.5
15515,2024-09-01,81951a47-fbbb-4051-8484-ed40e2236d87,Automotive,South America,3,44.74,0.0,PayPal,4.0,2.2,134.22
68842,2023-06-10,c0229fda-07fe-4c5b-ab04-4815a8e34c57,Automotive,Europe,2,128.87,0.05,PayPal,3.0,3.5,244.85
27023,2023-08-24,346683ad-c68f-4f12-bd02-c8fbbb6329e8,Beauty,North America,4,205.48,0.0,BankTransfer,8.0,4.7,821.92
34718,2024-11-27,0e98eec5-b438-416e-89b5-b54bd1c33bf8,Sports,Africa,3,445.968,0.05,CreditCard,7.0,4.7,1271.01
30040,2023-04-27,8c31d850-ee4e-4cf1-9406-cfd13474d315,Automotive,North America,5,337.03,0.2,BankTransfer,6.0,2.3,1348.12
36795,2025-09-09,97e31876-894c-4c41-9f04-cdec57d62fd6,Beauty,South America,5,122.4,0.0,PayPal,8.0,2.3,612.0
89611,2025-01-03,5790b532-cdd3-47ac-940e-c73113e67487,Electronics,Europe,4,451.65,0.15,Cash,4.0,4.0,1535.61
64571,2025-07-23,91d0f10c-beec-4573-8d6d-3176ee089381,Beauty,Africa,1,68.39,0.0,BankTransfer,6.0,3.1,68.39
82480,2024-10-20,98fc844f-7e18-459c-9c33-07058507acc8,Toys,Africa,5,418.9,0.05,BankTransfer,4.0,,1989.78
27596,2025-06-07,ec47409f-e3e8-40fa-a190-06c000f036b0,Beauty,Europe,2,454.77,0.0,PayPal,7.0,2.9,909.54
27725,2023-05-13,,Electronics,Africa,2,366.77,0.1,CreditCard,9.0,4.2,660.19
23274,2025-04-22,c01a48b1-6937-4c46-9c3a-bd2a62ccac09,Automotive,Africa,5,275.98,0.0,Cash,3.0,4.8,1379.9
33455,2024-12-29,8b3a303e-b5a6-43bb-b3a5-4c88cd9306df,Sports,North America,4,300.33,0.15,BankTransfer,3.0,4.8,1021.12
8029,2025-10-11,d74d930e-0e0f-4619-a926-61f516ca331c,Sports,South America,1,366.49,0.0,CreditCard,8.0,4.9,366.49
66390,2025-02-07,2d42d5e2-036a-4bbf-9ce6-2ecc06cbdba0,Automotive,South America,1,131.65,0.0,Cash,1.0,4.0,131.65
44400,2024-12-31,9fed1ec4-def6-43b1-af42-dcdedb076663,Beauty,North America,3,284.71,0.0,PayPal,1.0,3.3,854.13
54171,2024-09-11,c49b7f47-d6cf-4ee7-b9d0-df45cf0f8289,Home,South America,1,71.56,0.1,CreditCard,1.0,4.9,64.4
8910,2023-03-22,4f3c0388-ec61-43eb-b33c-4dee97d47986,Sports,Asia,1,115.59,0.2,BankTransfer,4.0,3.3,92.47
22200,2023-05-21,1988b7ec-4a09-4bef-881e-fa1ff412b349,Toys,South America,2,387.52,0.0,CreditCard,7.0,2.4,775.04
62585,2025-02-09,e688b58c-6cb8-49e9-b6dd-7f244622390c,Electronics,Africa,4,144.41,0.15,BankTransfer,4.0,3.1,490.99
68460,2024-05-15,380eb464-00a7-49e5-a09a-6d80395a8278,Sports,Oceania,1,358.85,0.0,PayPal,3.0,3.6,358.85
53393,2024-09-08,f8aa36b3-f101-4e55-a0f7-e6643744511f,Home,Africa,2,452.31,0.1,Cash,3.0,2.7,814.16
26935,2025-10-25,75cf8665-3aa4-4a18-8fae-89a22f6fb81a,Electronics,South America,1,127.09,0.15,BankTransfer,9.0,4.9,108.03
56014,2023-03-13,3c93a10e-4de5-4260-9aab-d54384eb80fd,Toys,North America,1,128.89,0.0,CreditCard,9.0,3.3,128.89
63950,2024-11-05,bc9b235b-c63a-4e9a-b7b2-e442b4708bd9,Home,Europe,2,364.446,0.1,CreditCard,6.0,3.5,656.0
59150,2025-12-18,0cfcef2e-ad5c-4886-a9cb-02abab5712fd,Sports,North America,4,196.2,0.05,BankTransfer,9.0,3.8,745.56
60067,2023-10-30,ba7a32fe-30d8-4dfb-b1bd-9d3f918c2b6d,Automotive,North America,1,497.03,0.0,CreditCard,1.0,2.3,497.03
70610,2023-07-27,2e5540e6-6ef3-419e-a856-92fa675ea43f,Sports,Asia,2,353.84,0.0,BankTransfer,4.0,4.3,707.68
29824,2023-06-01,0a1030ab-5dc0-4438-939d-2ee85cb085e1,Sports,Asia,1,257.22,0.1,Cash,2.0,2.7,231.5
30863,2023-10-11,2d2bacc7-b992-4653-bc59-6f036eda748e,Beauty,Europe,5,427.11,0.05,BankTransfer,5.0,2.6,2028.77
53516,2023-01-18,2e256d8e-3429-4857-9753-824f2fff1263,Fashion,Europe,4,199.95,0.0,Cash,3.0,3.5,799.8
59732,2025-05-29,4c09ac2e-6dcc-4615-8e59-73748294d237,Automotive,Africa,5,477.87,0.0,Cash,1.0,2.3,2389.35
29430,2024-01-31,47259817-ebd1-41d9-8814-78d5bbd7f2fa,Fashion,Europe,5,307.24,0.1,Cash,2.0,2.5,1382.58
93388,2023-10-18,8484dc44-2dc2-4476-ba82-cbb245260dd5,Toys,Africa,5,12.77,0.05,BankTransfer,8.0,2.1,60.66
14443,2023-10-03,fc713b1b-e329-451f-8370-f6e705de7ead,Fashion,Oceania,1,284.27,0.2,PayPal,7.0,2.6,227.42
15341,2025-01-26,dcd99a8e-1848-4650-ac25-0fe8662d2cde,Automotive,Asia,4,472.39,0.0,CreditCard,8.0,4.8,1889.56
99152,2025-05-02,691cbc0c-7785-4a94-b33f-b753be012bfa,Fashion,South America,4,234.03,0.15,BankTransfer,9.0,3.9,795.7
8914,2023-08-24,54a3e5ae-db9f-458f-81c6-444b08a575c4,Sports,Africa,2,287.27,0.0,Cash,5.0,2.1,574.54
78072,2025-03-20,bfdfdc4e-0514-4667-b459-d0cf3dad1127,Toys,Asia,5,354.91,0.2,Cash,3.0,2.3,1419.64
75301,2025-04-24,8b93a094-bafa-4241-80c0-c3d5175896b6,Fashion,South America,5,258.57,0.0,CreditCard,4.0,4.4,1292.85
18108,2024-11-18,f3adea7d-245e-4eec-8f6b-95506a2f7860,Sports,Asia,2,101.79,0.0,CreditCard,3.0,2.8,203.58
12477,2025-06-01,b255b709-502b-4dc0-89c6-589a71ca8099,Home,North America,5,451.7,0.0,BankTransfer,1.0,2.8,2258.5
57274,2023-11-18,e93c2aa1-4c71-4424-90bd-724d7b5bba48,Beauty,North America,6,187.308,0.1,PayPal,4.0,2.8,1011.46
3581,2024-06-12,91788bdd-4dfb-4b6e-a025-7194c903cc1d,Automotive,South America,3,326.65,0.15,BankTransfer,5.0,3.7,832.96
26891,2025-09-13,f8f2390d-38eb-4c56-9b4a-5a768c1708b8,Beauty,South America,4,186.75,0.05,BankTransfer,8.0,2.6,709.65
42506,2024-12-05,c148a441-ec69-4750-971d-93349c20ac24,Beauty,Africa,5,309.17,0.0,BankTransfer,9.0,3.7,1545.85
82057,2023-06-20,902144a2-4396-48b6-a2e0-d2810f62b8e7,Electronics,Africa,1,498.12,0.0,CreditCard,3.0,4.3,498.12
43546,2023-01-30,bcefa36d-2976-474c-bec6-ec9ebcf5aa47,Fashion,Europe,5,210.67,0.15,PayPal,3.0,4.5,895.35
16421,2023-10-17,806fbdad-2d90-4059-b200-08f320c06aed,Beauty,Europe,4,426.75,0.2,CreditCard,9.0,3.6,1365.6
52231,2024-11-02,1c274e43-53a3-4a46-8054-aa86d689746f,Sports,Oceania,4,288.729,0.0,BankTransfer,3.0,3.4,1154.92
57336,2025-04-27,ab5efb61-d027-497e-b5bc-9aa155ceca09,Toys,Oceania,4,379.23,0.1,CreditCard,6.0,2.8,1365.23
31734,2023-11-19,668b1d14-320f-4e32-842f-b7eb485deadc,Electronics,South America,5,302.913,0.05,PayPal,8.0,4.6,1438.84
90308,2025-08-12,8d720ee8-0111-44d7-95fa-50564b0f52b1,Automotive,Oceania,5,251.32,0.0,PayPal,5.0,2.6,1256.6
89728,2024-08-16,e5877871-59a7-4c37-89e6-39d6f440c0d2,Beauty,Asia,5,478.55,0.1,BankTransfer,3.0,2.5,2153.48
77636,2023-09-04,25e38cf7-9485-44ea-8319-4afaa6618c40,Fashion,Oceania,5,75.21,0.0,Cash,8.0,4.7,376.05
60637,2025-01-17,9d14a5ed-0075-44af-9823-4bc41b749a9d,Sports,Asia,5,483.07,0.0,PayPal,6.0,2.8,2415.35
50464,2025-09-02,f7efce80-bbf6-42f7-9baf-a1a7b74e085a,Toys,Europe,1,427.26,0.05,CreditCard,5.0,4.9,405.9
26874,2025-02-19,9cf86246-823b-43a3-8c9f-2bacdc502be1,Automotive,South America,2,301.73,0.0,BankTransfer,8.0,3.9,603.46
62489,2023-07-05,3c3b984f-e6d3-4590-a894-94b8070ee490,Beauty,Europe,4,323.49,0.05,CreditCard,1.0,2.3,1229.26
63793,2025-02-19,723020f9-b4c0-4caa-b15c-3bd2088504c6,Electronics,Africa,5,469.89,0.0,PayPal,5.0,4.8,2349.45
76610,2023-10-07,3eba8e31-0881-4ccd-8d0f-5520f38dec0f,Sports,North America,3,333.79,0.0,CreditCard,7.0,3.3,1001.37
85767,2024-01-16,57ff2943-ff4b-425a-b416-22357ccfdc5c,Fashion,Africa,1,42.19,0.0,Cash,3.0,2.2,42.19
28187,2024-09-02,a06ebb06-5774-4216-8545-330a04be618c,Beauty,Europe,1,341.97,0.05,PayPal,8.0,4.5,324.87
78608,2023-09-21,2175fb36-9abe-4c1c-972f-f387ea932381,Fashion,Europe,1,27.17,0.1,Cash,2.0,3.0,24.45
579,2024-11-21,372f871a-45ee-432d-aa07-f2137129cec7,Electronics,Oceania,6,339.80400000000003,0.1,BankTransfer,9.0,3.5,1834.94
39184,2024-07-19,ce3b2247-fbd9-4ffc-b63c-bb055a69008e,Fashion,Europe,2,301.16,0.1,CreditCard,4.0,2.5,542.09
30157,2025-01-22,08ac88fd-ad39-4cc2-9449-cc2e1d4f3938,Toys,South America,5,91.58,0.0,PayPal,8.0,3.2,457.9
41512,2024-11-03,028163fd-4ff5-40af-a258-aa8ff6f4dc6c,Toys,Asia,6,225.828,0.0,BankTransfer,1.0,4.4,1354.97
80783,2025-07-22,73236a01-54db-43b1-b12e-f0f3cdd2d129,Electronics,Asia,2,114.65,0.0,PayPal,4.0,2.4,229.3
23210,2024-05-10,39f31f6c-f1b6-4d8d-aa41-3b76f826d7d2,Fashion,South America,4,412.56,0.05,PayPal,1.0,3.2,1567.73
46162,2025-04-12,b8e0b7de-d100-45c0-8497-90fe985c2090,Toys,Oceania,2,261.87,0.1,BankTransfer,9.0,3.4,471.37
16500,2023-03-30,71f4ad4e-df33-4ee8-bf5d-81db3d574d80,Beauty,South America,4,368.68,0.0,PayPal,7.0,2.9,1474.72
24482,2024-08-11,53adc24e-e9ad-4501-991c-34457e939dd5,Beauty,Asia,3,399.64,0.0,Cash,2.0,3.5,1198.92
78830,2023-02-03,bdbe08b2-c8bd-4913-be68-0fae9bfaf6d7,Sports,Europe,1,349.6,0.05,BankTransfer,1.0,4.1,332.12
9163,2025-10-20,becfa316-c66b-4a01-8f90-1410bfba290b,Automotive,North America,3,307.16,0.0,Cash,6.0,3.8,921.48
29848,2024-01-13,ae8c8dea-a336-4b61-93e1-9a9791afc7d4,Fashion,Europe,5,54.35,0.1,CreditCard,1.0,3.5,244.58
4196,2025-07-13,ad851456-bdc5-4633-8e5b-961f585d4011,Home,Africa,3,50.03,0.0,PayPal,8.0,4.6,150.09
29953,2023-11-01,f16f74a0-587e-40e0-8542-07b09b0fb8ce,Automotive,Africa,3,112.05,0.0,PayPal,5.0,3.5,336.15
37279,2023-04-04,50cd2e94-99ec-4869-979c-7cb923c1ec1d,Home,Europe,2,249.74,0.0,CreditCard,1.0,4.4,499.48
67887,2025-09-16,b001724e-0ec2-4829-b77f-7fdccd689f4b,Beauty,Oceania,5,380.27,0.05,CreditCard,3.0,3.8,1806.28
87391,2025-09-06,d8ec0bb1-7cde-407e-b8f5-a03d8643e053,Home,Oceania,5,179.9,0.05,Cash,6.0,3.4,854.52
98400,2023-04-08,494f2e93-87c3-4f93-9ec5-ca5ad53dbc02,Beauty,Asia,3,290.38,0.0,Cash,2.0,4.7,871.14
477,2024-01-17,8eac0a33-cdf9-44a7-9882-b5c1f79efd70,Electronics,Europe,1,369.42,0.15,Cash,4.0,2.0,314.01
85216,2025-01-04,b2e6bea5-2f9e-4133-a698-33d55130cda5,Fashion,North America,5,19.02,0.05,CreditCard,9.0,3.9,90.34
71535,2023-06-06,a8a00531-b036-4c89-bcb0-a7470e282d23,Home,Africa,1,48.3,0.05,BankTransfer,6.0,4.4,45.88
20866,2025-03-25,9a1c34dc-df68-438c-937d-00260d42be4b,Beauty,North America,5,385.3,0.1,PayPal,5.0,5.0,1733.85
30964,2025-05-07,ec909bc8-e2c8-4ce0-85f2-f2300b4370e8,Sports,Africa,4,9.4,0.0,PayPal,9.0,4.3,37.6
77403,2023-12-04,1ab3e91c-4108-4989-9030-1dc4572e8940,Beauty,Africa,5,454.71,0.1,CreditCard,9.0,3.4,2046.19
95602,2023-02-09,ae130a1a-dc06-415b-bdce-692acc3beb48,Beauty,Asia,4,260.65,0.0,PayPal,7.0,2.7,1042.6
44543,2024-01-11,716fc648-bc23-4c07-ad67-2f1b0d0ab50a,Toys,South America,1,359.08,0.0,PayPal,6.0,4.7,359.08
15153,2025-11-12,f558d6ea-dd7e-4333-aa53-990d80e1caa2,Electronics,Africa,4,90.27,0.1,Cash,6.0,3.2,324.97
15611,2024-07-16,a099fa5d-5fc2-4d26-a8aa-41cb571ff5da,Toys,Oceania,5,13.41,0.05,Cash,7.0,3.8,63.7
24251,2024-07-28,6765bf17-3bd3-4005-8448-297c8c757197,Automotive,Asia,2,115.17,0.1,PayPal,8.0,3.8,207.31
37914,2025-07-16,,Fashion,Oceania,3,25.17,0.05,Cash,9.0,4.9,71.73
15843,2024-12-25,966da436-db67-4c19-881a-b64e5a0a3790,Fashion,Africa,4,148.58,0.05,BankTransfer,8.0,4.7,564.6
1177,2023-08-31,18fdd2b9-79e5-49aa-992a-35497ba109d0,Electronics,South America,4,25.61,0.0,CreditCard,8.0,3.6,102.44
53084,2025-07-05,e35347fb-2d5f-425f-b7c3-c20174f89719,Electronics,South America,1,283.67,0.0,Cash,4.0,2.7,283.67
29268,2025-04-18,53d196ae-434d-4335-b481-838ddddca162,Automotive,South America,1,130.14,0.0,Cash,3.0,2.2,130.14
32902,2025-08-28,1136ef2b-f45a-4603-bdf8-81a664f477ec,Automotive,Africa,5,332.0,0.1,CreditCard,9.0,2.3,1494.0
60464,2025-04-28,44ca37f6-2db4-48bc-9e95-30ae9a96239a,Electronics,Asia,2,30.31,0.0,BankTransfer,4.0,3.0,60.62
39814,2023-04-14,a1dc2f28-3e0e-429f-bd9f-e0b9d7aa58b9,Toys,Asia,4,292.43,0.0,BankTransfer,4.0,5.0,1169.72
80761,2023-05-23,ad8c0022-cd3d-47f5-baeb-24a3b9de9807,Home,North America,2,273.05,0.0,BankTransfer,4.0,3.3,546.1
80830,2025-11-06,33b99bb2-543e-48be-875c-285df84b86e9,Electronics,Oceania,3,386.955,0.05,Cash,8.0,2.5,1102.82
24136,2025-04-15,622193e4-5206-43a8-8c1e-22745bf2cf57,Fashion,Africa,3,82.5,0.0,BankTransfer,6.0,4.1,247.5
57645,2025-12-14,b16fad6e-db60-40eb-bdfc-a4f2e83b25f7,Home,Europe,1,34.39,0.0,Cash,8.0,3.1,34.39
94314,2024-02-18,f4febffa-1b63-4b2a-aa25-a4e8683f6225,Toys,Europe,2,267.42,0.15,CreditCard,8.0,2.6,454.61
2528,2023-03-27,ea8b31f5-ccae-48fe-94eb-8e20af7c7d2b,Home,,4,57.77,0.15,CreditCard,4.0,4.3,196.42
29870,2023-04-11,c9c5709f-9b3c-4070-b1a3-134d77e40dd6,Toys,South America,4,251.0,0.05,CreditCard,6.0,2.9,953.8
55376,2024-06-15,e6cb403c-a482-4040-a3f0-d798d40a6bf2,Automotive,Africa,4,214.63,0.05,PayPal,3.0,4.7,815.59
75402,2025-08-06,0a803acd-3264-4fac-ad57-e1210fa8d98b,Electronics,North America,4,95.68,0.05,PayPal,4.0,3.0,363.58
57719,2023-01-23,c902eb2e-e2b3-47d1-9bb6-d3934905377a,Home,Oceania,4,192.55,0.0,BankTransfer,9.0,2.4,770.2
84242,2025-04-30,4bfb122b-4c46-4b70-aa45-5e9d8d44f301,Sports,Africa,3,390.94,0.0,PayPal,8.0,2.8,1172.82
88568,2023-11-19,f3408741-606e-480b-aec3-c60aa09c2594,Beauty,North America,2,266.751,0.05,Cash,1.0,4.2,506.83
70173,2024-09-23,074d3368-2cd4-48ad-a629-25b1c87940f2,Toys,Oceania,1,155.99,0.15,CreditCard,4.0,4.5,132.59
7256,2023-03-09,c3b0de86-15b7-4e01-9bc8-41bd6b9c7e6b,Fashion,Asia,5,403.86,0.1,PayPal,5.0,2.2,1817.37
5465,2024-01-22,3e5bd4af-d587-47a3-b93c-04f7663ab809,Beauty,Asia,5,416.67,0.0,PayPal,6.0,3.6,2083.35
14793,2025-08-04,590dc4bf-9019-4c4a-8e6b-bcf73378d6c4,Sports,South America,2,64.96,0.0,BankTransfer,5.0,4.3,129.92
68718,2024-06-23,4cf9f844-12da-4aa1-ab10-aaa46ea180c8,Fashion,Europe,4,230.91,0.0,PayPal,1.0,3.0,923.64
83891,2025-03-27,0f06bebb-ef84-4030-ab3a-2ad22ed6cc0e,Sports,Africa,2,186.66,0.05,BankTransfer,1.0,3.9,354.65
11947,2023-11-10,cf18d1b9-b281-48f0-865e-b4e1fe801c84,Sports,Oceania,6,245.925,0.05,Cash,1.0,2.9,1401.77
19003,2023-04-24,b4c52729-f7bf-4e41-8cfc-6b839b987781,Sports,Oceania,2,241.93,0.0,Cash,6.0,3.7,483.86
75078,2025-01-15,bf813ae0-76b9-4ba2-851a-494ec8836d46,Sports,North America,4,476.94,0.0,CreditCard,8.0,4.7,1907.76
34848,2023-07-10,6960db16-93d0-41d0-9003-22f5a66dc044,Fashion,South America,3,227.9,0.05,PayPal,5.0,2.7,649.52
19560,2024-10-23,d24995c7-8df0-4be1-bf61-2d92509c0b54,Automotive,South America,5,487.44,0.05,PayPal,7.0,3.0,2315.34
58557,2023-11-10,bbc0cfb3-1d83-4a54-a0f4-3fd3bd605a8c,Home,Europe,5,318.339,0.0,BankTransfer,2.0,2.1,1591.7
27228,2024-04-09,10d5309e-9a5d-4586-8e27-495814e352e8,Automotive,South America,3,396.18,0.0,PayPal,6.0,4.3,1188.54
94217,2024-06-23,13c1a18d-85c8-48ce-94e5-469d17b9e9ae,Home,Europe,2,38.54,0.15,Cash,8.0,2.9,65.52
59579,2024-02-21,316d171e-be94-44cc-8d45-76d689fa004f,,Oceania,5,46.42,0.1,Cash,9.0,2.1,208.89
3023,2023-03-15,23966b83-5cd1-4b22-b0e8-b2fa4fc34759,Electronics,Europe,5,89.31,0.0,BankTransfer,7.0,4.8,446.55
98205,2025-09-09,9a65c076-3575-476b-8c99-0b106556a27b,Toys,Africa,4,258.99,0.0,BankTransfer,2.0,4.1,1035.96
75033,2025-12-29,0bb8ca85-c64e-45d7-b6bb-954ce888b983,Toys,Europe,4,225.53,0.0,PayPal,1.0,2.3,902.12
48463,2025-12-08,53958389-d10f-4426-adeb-23655d81f1cf,Sports,South America,1,314.32,0.15,CreditCard,8.0,3.7,267.17
97947,2023-07-17,f8bfd445-c51e-4f3d-ab31-3a82fb50b8c8,Beauty,Asia,2,213.55,0.0,CreditCard,1.0,4.8,427.1
35481,2025-04-10,d69d09a4-7678-4f04-a161-4e8f91ca2b5e,Automotive,South America,5,478.31,0.0,BankTransfer,8.0,2.9,
45944,2023-01-06,d197de74-b08e-4c07-85de-fc2b6b628c4b,Automotive,North America,2,157.43,0.1,BankTransfer,7.0,2.0,283.37
56531,2024-04-06,b1b5d7fd-1e8c-4911-a040-c35c9b6a0f8b,Home,Asia,1,453.91,0.0,BankTransfer,7.0,2.1,453.91
56712,2025-04-12,019403d2-8370-400b-8b17-a9f62ea4d27b,Electronics,Asia,2,312.75,0.0,PayPal,4.0,4.9,625.5
92878,2024-06-17,ff80ce28-6f8a-4a45-9de8-5b4cddfe55f7,Toys,North America,4,231.02,0.05,BankTransfer,7.0,4.2,877.88
78085,2025-01-31,dd8b806c-a268-463c-a509-f05b9eed9237,Home,South America,4,466.96,0.05,PayPal,6.0,3.1,1774.45
91609,2025-04-20,6c9e051b-25ef-4d3f-b793-38500c28de25,Beauty,South America,3,409.61,0.0,,8.0,3.9,1228.83
70437,2024-02-04,44f09273-2cb0-4cfd-8329-6076e847da6b,Home,Oceania,4,221.66,0.1,PayPal,3.0,4.3,797.98
45547,2024-11-25,e5a66b85-e29e-40fe-92ea-c86dfda0eaa1,Toys,North America,6,154.89,0.15,BankTransfer,9.0,3.6,789.94
44525,2023-11-05,46c9c6d9-ba84-4347-9c88-f03227195915,Automotive,Oceania,3,184.752,0.05,Cash,5.0,4.2,526.54
30591,2023-04-07,0df665b9-8f25-48a2-8415-9d77e0ca81c0,Fashion,Europe,4,305.6,0.0,BankTransfer,6.0,2.7,1222.4
73815,2024-10-15,7e161961-7d9e-462e-a89d-08af41629314,Fashion,Europe,2,11.8,0.0,CreditCard,3.0,2.5,23.6
90990,2024-04-17,a2880156-0fe4-46db-8f28-538f645f082f,Automotive,Asia,3,62.25,0.1,PayPal,5.0,2.4,168.08
60477,2025-10-31,95931665-c162-4050-90a9-e2c76c22fd1d,Automotive,Europe,1,59.82,0.0,BankTransfer,5.0,3.5,59.82
33990,2023-05-14,518e5725-cd83-4a8f-9865-607ef27476de,Electronics,North America,3,183.42,0.0,PayPal,6.0,2.2,550.26
17832,2024-10-27,115ec21b-88b4-4790-b575-4a826ac13bd4,Home,Africa,2,131.83,0.15,PayPal,6.0,4.7,224.11
55432,2024-12-16,6e8223b8-792c-4809-9f65-d3f6acea0f48,Automotive,Africa,3,396.61,0.0,CreditCard,4.0,3.8,1189.83
48870,2023-05-06,b66a26c3-caf2-46c4-b0d3-8708dd0717e1,Home,South America,2,165.26,0.15,CreditCard,2.0,2.0,280.94
63551,2023-03-23,589bc62e-5784-460c-862e-8beeb7993477,Beauty,South America,3,233.81,0.0,CreditCard,3.0,2.5,701.43
63391,2023-05-29,a1d64e5f-f48d-4096-952f-1a1dfd46195e,Fashion,Asia,3,29.58,0.0,Cash,,4.5,88.74
25926,2025-05-12,c1554fc5-94f8-46b0-ad8d-59c263627f49,Fashion,Asia,3,373.01,0.05,PayPal,3.0,2.8,1063.08
69200,2024-09-20,4a995cf7-a04d-4a55-9b45-35ba3055b451,Electronics,Asia,1,259.49,0.0,BankTransfer,2.0,4.5,259.49
96635,2025-10-15,be634283-1fdf-4df3-9c7e-fdeb859d4ec0,Sports,Africa,1,429.12,0.0,CreditCard,3.0,2.3,429.12
9690,2023-03-27,9170d854-c734-417f-84a3-60a6925d5ff4,Home,Asia,5,281.81,0.05,BankTransfer,5.0,2.9,1338.6
88050,2025-06-14,d580a185-255c-4550-b395-f09f6c5c241a,Sports,Europe,2,187.73,0.05,BankTransfer,4.0,2.3,356.69
93832,2025-11-07,dbf8880b-701e-472a-a2fc-fa61933f125f,Electronics,Europe,5,51.822,0.15,BankTransfer,6.0,2.3,220.24
20804,2023-03-20,be855ef9-2475-473f-b2a8-76d6f03e77ba,Fashion,Oceania,5,478.35,0.15,PayPal,9.0,4.6,2032.99
27364,2025-02-28,57f9f551-3a5c-46c1-8875-6eca1568e054,Automotive,South America,1,363.5,0.05,CreditCard,7.0,3.3,345.32
13971,2024-02-07,25c0eac3-a286-4f80-b4e0-958b17ded331,Electronics,Asia,2,389.85,0.1,BankTransfer,4.0,3.8,701.73
45120,2024-02-13,764441ea-df61-4f25-a0de-f7712a64a10e,Toys,Africa,4,300.28,0.0,CreditCard,2.0,2.6,1201.12
6319,2024-02-11,40b1fb20-d9eb-4495-9d7e-cb5f2b4786c5,Home,Africa,4,226.03,0.15,PayPal,6.0,4.8,768.5
63368,2023-11-20,c8473aca-5fb6-4ffe-b08a-77e41532d942,Fashion,Oceania,4,20.124,0.0,CreditCard,9.0,3.8,80.5
99539,2023-01-06,7d834b02-53cb-4eb9-8465-d917c6d24540,Toys,South America,4,234.57,0.15,CreditCard,6.0,4.3,797.54
68602,2024-06-19,c95811d6-28f9-4112-a1ae-c062d3bc3182,Fashion,South America,5,20.53,0.0,PayPal,4.0,4.7,102.65
83399,2024-02-26,82851a45-f9a7-4350-a954-00dde76d11dc,Automotive,Africa,1,47.84,0.1,BankTransfer,8.0,4.4,43.06
71,2025-09-03,2a45c2ab-8cbf-4db0-b264-accc79ac1b1e,Electronics,Europe,5,123.11,0.1,PayPal,3.0,2.3,554.0
95134,2024-02-03,03b75c77-a4f1-41c0-94e6-30e8ecc5a85e,Automotive,Africa,5,463.53,0.0,BankTransfer,4.0,2.8,2317.65
41235,2025-12-22,915476bf-be55-43e1-9db4-67a218cabbe1,Automotive,South America,5,85.47,0.0,BankTransfer,2.0,3.9,427.35
475,2023-10-09,ad238d36-dc32-4c97-b9c1-e262f76c8ede,Sports,Europe,5,392.1,0.0,BankTransfer,5.0,4.1,1960.5
48079,2025-07-15,dae25c57-947b-435c-9416-21333374d708,Sports,North America,4,430.76,0.0,CreditCard,4.0,4.2,1723.04
46442,2025-11-24,cdf0baa1-5ea1-400e-9f36-840317482564,Sports,North America,5,373.293,0.05,BankTransfer,5.0,2.2,1773.14
87462,2025-02-01,d2063fca-1297-4b03-bc34-edb23a8de5a3,Electronics,Asia,2,378.7,0.2,,8.0,3.2,605.92
96084,2025-09-01,480bbd00-c6c4-4dfb-86d4-0ae70760beda,Sports,Asia,5,17.06,0.15,Cash,2.0,2.9,72.5
96193,2025-04-01,31e666a8-4106-418d-9468-9398ef3cbd28,Fashion,Asia,2,240.2,0.0,BankTransfer,1.0,3.1,480.4
11151,2025-12-09,53172e89-1595-4106-9511-6c5f34c4f6ad,Fashion,North America,5,253.11,0.0,BankTransfer,6.0,2.6,1265.55
81773,2024-03-15,4b1a6be7-2a0c-4d10-a949-286310415c6a,Toys,Africa,5,217.21,0.0,Cash,9.0,2.6,1086.05
92284,2024-06-26,a7ff332c-1224-4da9-a0be-2359b8e7ec0c,Beauty,Asia,4,243.86,0.05,,6.0,4.4,926.67
57183,2024-02-18,40517ba5-4339-491f-b652-f670b1d6124c,Sports,Asia,5,374.08,,BankTransfer,3.0,3.5,1683.36
47746,2023-03-26,fdbeccd2-13b5-46eb-b41b-ca37d9f94c01,Electronics,Oceania,4,265.56,0.0,CreditCard,8.0,4.7,1062.24
36515,2025-05-19,3bfaa9a6-7a14-4089-a366-92a900267d8c,Home,South America,2,478.47,0.05,CreditCard,9.0,3.4,909.09
61254,2025-05-04,a680299d-8f02-4e9b-994f-67af94d38feb,Electronics,South America,2,242.46,0.05,CreditCard,5.0,4.3,460.67
97232,2024-06-27,a51f5f0f-7482-493f-965a-80ccee7bafb5,Electronics,South America,2,430.03,0.0,CreditCard,5.0,2.4,860.06
21891,2025-12-22,0128d491-bc32-498f-a73a-dd327defbb69,Electronics,,3,23.06,0.0,CreditCard,2.0,3.8,69.18
84024,2024-09-30,4e4d59db-cbcb-4e7e-a7a2-e336e51d5b7e,Home,Europe,1,107.93,0.15,Cash,9.0,2.7,91.74
25135,2023-10-19,35d07b39-1409-4ec2-9a9c-d70b81ffcde6,Home,Oceania,3,248.57,0.15,CreditCard,8.0,3.3,633.85
56819,2024-08-28,2032e362-de61-480d-8acf-b1a031b592b7,Home,Europe,3,58.27,0.0,PayPal,6.0,4.4,174.81
71011,2025-12-28,1f52fa3a-cc32-43f2-b308-c62b696bbb3e,Beauty,Europe,4,340.08,0.1,PayPal,3.0,4.2,1224.29
45466,2025-07-03,4955cff9-eb4a-4fdc-a863-fb5c1ab90da4,Automotive,Africa,5,186.18,0.1,Cash,3.0,2.1,837.81
76542,2024-07-14,85f75a40-a7f5-40d0-bc7a-ff62ea61438d,Automotive,North America,5,45.52,0.2,BankTransfer,1.0,3.7,182.08
51387,2025-08-20,33a71918-31bc-43e6-b4a1-1f462a08fa8d,Toys,South America,2,339.19,0.0,BankTransfer,5.0,4.4,678.38
94397,2025-10-01,f612a408-b7b1-4bd0-a1ec-21513a6b1f24,Home,Africa,5,369.52,0.05,PayPal,7.0,4.8,1755.22
71759,2024-02-26,89125962-579a-40d6-964a-a98ecb44e051,Automotive,Africa,2,313.99,0.05,BankTransfer,,2.6,596.58
81968,2023-08-03,a3a66673-22ad-4da1-af10-432d8247dffe,Beauty,North America,2,353.22,0.1,CreditCard,8.0,3.5,635.8
58535,2023-02-21,c02d56d7-e626-48b3-b038-98bb4a72e12c,Fashion,Africa,4,165.89,0.0,BankTransfer,1.0,4.8,663.56
48390,2025-06-27,de937957-b641-4131-8e58-a09ccb4c5158,Automotive,North America,3,491.55,0.0,Cash,7.0,4.2,1474.65
76634,2023-08-04,185a7fce-5350-44ec-a017-91fdf03ba13f,Fashion,Europe,2,427.0,0.0,CreditCard,7.0,4.9,854.0
90676,2023-03-16,120d0a8b-e410-455b-904d-498c8a3045ec,Electronics,South America,4,365.52,0.05,PayPal,7.0,2.1,1388.98
71404,2024-10-01,55c9caf5-cbf9-4591-ab82-5959dbfade4a,Electronics,Africa,4,477.58,,BankTransfer,6.0,2.8,1910.32
92209,2025-06-08,761d4393-b382-4cde-afa5-b120778bc229,Automotive,Oceania,1,91.53,0.1,CreditCard,6.0,2.2,82.38
33348,2023-02-06,74ceaea2-3d40-4202-9760-037fa1bb318c,Sports,Africa,2,180.59,0.0,Cash,2.0,3.4,361.18
31452,2023-06-29,a8be954f-dce6-493e-a8c7-bdd7adabe067,Sports,Africa,4,360.69,0.0,CreditCard,3.0,2.1,1442.76
38671,2025-06-22,901c8a06-a2ac-4255-abbd-c44698bf9cec,Beauty,Asia,4,140.11,0.1,BankTransfer,9.0,4.2,504.4
45736,2023-05-19,c2f0ad8b-71ab-40c4-a5d9-85a373b0d58f,Electronics,North America,1,289.96,0.15,BankTransfer,3.0,4.9,246.47
25885,2023-08-02,39069941-af1e-4416-aae3-54f9dcbbc5d1,Beauty,South America,3,448.48,0.0,PayPal,6.0,3.6,1345.44
29132,2025-12-05,9b2a50be-2d34-40c8-a198-1a4bd1da128e,Beauty,Asia,1,332.48,0.0,Cash,1.0,3.7,332.48
33449,2023-04-15,342f2b72-0cac-4cbc-b7be-cf511c1cb8f8,Home,South America,2,299.2,0.15,BankTransfer,1.0,3.1,508.64
30410,2024-12-11,f45dbbd1-e021-43f9-b04b-dd28ad20aba4,Home,Asia,4,316.13,0.0,CreditCard,3.0,3.4,1264.52
20630,2023-08-10,b6e7dddd-7b4e-4fd4-b3f0-61a27b5aab2e,Automotive,Oceania,2,497.0,0.0,BankTransfer,7.0,3.9,994.0
57722,2023-12-17,9c157711-e8ae-43da-a85f-cec1d7702c0c,Electronics,South America,3,429.07,0.0,CreditCard,6.0,2.7,1287.21
56730,2025-07-17,ecfdc7ec-06e3-4095-89c9-fb449ad25103,Automotive,Asia,3,222.65,0.0,Cash,4.0,5.0,667.95
80293,2025-08-18,128b16ed-391f-4c8d-8e27-e83731bf3160,Automotive,Asia,2,172.94,0.05,PayPal,1.0,2.7,328.59
89220,2025-05-14,9adb5b4e-b3f2-4140-a8d7-61f871c76bcd,Automotive,Asia,1,362.83,0.0,CreditCard,8.0,3.6,362.83
34438,2023-01-28,68131b04-b0fa-47fa-89d8-e098ce6d3107,Beauty,Europe,5,160.14,0.0,BankTransfer,9.0,2.9,800.7
18054,2023-02-21,e99f816d-2927-4870-9338-dbcfa2e93a9d,Toys,Europe,5,86.76,0.05,CreditCard,1.0,2.4,412.11
2038,2024-04-13,1690636b-6f74-455d-99a9-af6aed054732,Electronics,Europe,2,37.27,0.0,CreditCard,7.0,2.8,74.54
271,2025-06-01,4fa03f26-f6f7-40cc-a9ec-8e49d1bdb8c0,Home,Asia,4,477.56,0.15,PayPal,4.0,4.8,1623.7
98085,2023-03-25,d9ed7f16-4747-44b1-8091-c0dfdad67be0,Fashion,Oceania,4,417.31,0.15,PayPal,2.0,3.2,1418.85
43734,2025-06-15,3d3fa494-41dc-44a3-8d9c-ca68fcea17b1,Automotive,Africa,4,364.14,0.1,PayPal,2.0,3.9,1310.9
9784,2024-01-24,29c649ec-2b48-4034-88e5-e76e68eac538,Electronics,Africa,5,380.18,0.0,PayPal,5.0,3.4,1900.9
16731,2024-05-11,3772f988-a341-45f8-abd0-f844cdad48ac,Fashion,South America,2,372.6,0.0,CreditCard,2.0,2.8,745.2
76530,2024-10-16,a9c0e92c-853e-4264-b63f-935df74e7518,Automotive,South America,5,127.4,0.0,CreditCard,9.0,2.3,637.0
39809,2025-04-23,4d98d213-b88d-4e86-bbda-a272dc01b23e,Toys,North America,5,426.14,0.0,Cash,5.0,2.3,2130.7
57083,2024-04-16,0ed4f4ff-2215-46f5-b4ae-db9480da5399,Home,Oceania,4,274.5,0.0,Cash,8.0,4.0,1098.0
83595,2024-06-16,be9908fa-97bb-4d39-b732-488493c9899b,Electronics,South America,4,99.45,0.0,CreditCard,8.0,2.5,397.8
23958,2023-12-03,dbe5f454-8d8b-4190-a0ca-5e562ab7ab01,Fashion,South America,4,234.69,,PayPal,,3.1,938.76
99836,2023-11-01,f6ee88fb-5d81-4128-a424-75b136a3f5a3,Sports,Oceania,6,350.091,0.05,CreditCard,4.0,3.0,1995.52
82774,2024-12-12,941ef895-e70c-4f78-ac10-6f6cb785d17b,Electronics,Oceania,4,253.51,0.1,BankTransfer,2.0,4.5,912.64
21333,2024-10-29,31db836b-2829-4da9-a76b-5b69ad8e9637,Sports,Asia,2,321.26,0.0,Cash,4.0,2.7,642.52
83127,2024-05-27,833152e9-4a19-42df-95de-e80bd699940e,Toys,South America,1,282.36,0.0,PayPal,4.0,3.5,282.36
10593,2025-05-31,b90f0b18-d6ce-4975-8a75-3c9e17b854c9,Beauty,Asia,2,247.46,0.0,Cash,7.0,4.8,494.92
76036,2023-10-28,38c62f34-a141-409e-8ada-f0f7ab559ce3,Home,South America,5,325.45,0.1,Cash,8.0,4.0,1464.52
82551,2024-11-01,a02bd5e8-2cb5-4578-8bf0-cb177d5c6552,Beauty,Asia,6,394.542,0.1,Cash,4.0,,2130.53
77658,2023-06-22,a6e26cb1-2e10-4f9c-aba3-34af11450bae,Electronics,South America,4,206.29,0.0,BankTransfer,6.0,3.3,825.16
79563,2024-11-17,627eb0f7-2a2a-4ad3-83d4-84f640c1a49d,Toys,South America,2,334.071,0.0,Cash,8.0,4.7,668.14
76783,2023-01-25,08485159-6240-44e5-aa9d-ba8aea66cf46,Toys,Oceania,3,496.06,0.0,BankTransfer,4.0,2.3,1488.18
80882,2025-08-04,85f90fc6-7b34-483d-8707-12e5f2a059e3,Home,Africa,1,49.72,0.0,CreditCard,7.0,3.7,49.72
67926,2025-12-02,441be6f6-4971-4671-8194-37ec892ae381,Toys,Africa,3,72.68,0.0,PayPal,3.0,2.1,218.04
31949,2025-12-13,43c9f21a-4cc6-4333-94c9-65c7ffa8e1ad,Home,Oceania,1,34.82,0.0,Cash,7.0,4.4,34.82
19967,2025-10-11,c27f0bc5-f8e2-4377-b8a0-6724931ed007,Toys,South America,3,57.16,0.1,BankTransfer,7.0,4.5,154.33
20425,2024-02-12,d63327dc-68a6-4c04-b889-cc66471c5a71,Fashion,Europe,4,439.04,0.0,Cash,7.0,4.7,1756.16
86904,2023-08-12,9eb5f3b7-1a9e-4e79-8b79-cd1cba7f3ed0,Toys,Oceania,5,217.84,0.0,PayPal,8.0,3.5,1089.2
77965,2025-07-10,0e8d1a7c-c377-4128-9cdf-049904c70352,Toys,South America,1,429.92,0.0,PayPal,3.0,2.1,429.92
29719,2023-03-01,326ab4b1-c251-43c7-8991-2512a304d72d,Sports,Europe,2,342.55,0.2,PayPal,5.0,3.6,548.08
93602,2024-07-04,38aa22b4-bdb3-40de-92cf-17aea61adc10,Home,Europe,5,100.86,0.1,Cash,8.0,3.8,453.87
57223,2023-09-27,7051c804-39e8-4db4-98a9-2f731870eae8,Toys,North America,5,358.79,0.0,Cash,5.0,2.2,1793.95
35737,2025-05-03,248dcd4e-0e19-4cf6-8831-1c3a7398f5c5,Beauty,Oceania,4,266.06,0.05,CreditCard,1.0,3.3,1011.03
1333,2025-09-02,3e9639ba-0ed2-4c9d-bd17-5712d8b22277,Fashion,Asia,4,152.53,0.05,CreditCard,4.0,4.2,579.61
22951,2024-08-18,4c6de01c-c02e-42da-9338-c96e4c0781a9,Home,Europe,2,390.43,0.2,CreditCard,4.0,2.9,624.69
95653,2024-09-26,20e2d897-06ff-4f54-936d-c4ef0d4bdac8,Electronics,Africa,1,389.82,0.0,Cash,4.0,5.0,389.82
6118,2023-01-25,5ff540ca-9038-4b45-916d-9a42e7b795f9,Automotive,Oceania,2,97.72,0.1,CreditCard,1.0,2.6,175.9
16188,2024-02-22,6a17f569-8c71-47ce-901d-8dc2423e2c4c,Toys,Oceania,2,58.63,0.05,BankTransfer,4.0,4.7,111.4
20307,2025-10-13,bc5ec5bb-6f14-4555-81d7-e6b28d2902b2,Beauty,Europe,2,48.23,0.05,CreditCard,9.0,3.6,91.64
66825,2024-05-20,a98d60e9-ab21-4bf4-94ae-05df777edf4d,Home,Oceania,5,284.24,0.0,BankTransfer,3.0,2.1,1421.2
13646,2023-08-12,65c4b4fb-6526-40fc-bc4d-f6408a7f65ab,Beauty,Europe,4,36.39,0.1,PayPal,4.0,4.2,131.0
79909,2025-11-20,3827a293-f799-4a9d-92ab-a2c9a909483c,Fashion,North America,3,28.980000000000004,0.0,Cash,4.0,4.8,86.94
20951,2023-01-13,0daf3372-5405-40ca-9291-a86873b6311f,Automotive,North America,5,286.43,0.0,PayPal,3.0,5.0,1432.15
42088,2023-06-12,be1faf7c-2d24-40c0-8231-082e50da6bb3,Fashion,North America,2,362.6,0.15,PayPal,6.0,5.0,616.42
25040,2024-08-31,c6aba64f-da41-4fb6-b057-ffbf89711599,Electronics,Africa,3,131.33,0.05,BankTransfer,6.0,4.4,374.29
95556,2023-07-19,41e07754-9f28-47e9-98e9-c72cefd75f65,Sports,North America,5,310.99,0.1,PayPal,2.0,2.5,1399.46
46664,2025-08-13,5107ef32-c0be-4b4b-ae08-94e0a3e4f3fb,Automotive,South America,1,164.55,0.05,Cash,6.0,2.8,156.32
53254,2025-03-17,72b34666-7cb6-484f-b9e2-720ef6cb1747,Automotive,Europe,1,8.34,0.2,CreditCard,9.0,4.0,6.67
84507,2023-06-06,c3d19c00-b106-4ff9-8ac4-3aa3b5bd4f66,Home,Europe,1,340.65,0.0,BankTransfer,8.0,4.1,340.65
90899,2024-12-07,2b3a567b-0a5d-4e1c-aaac-085fe0cff2e5,Fashion,Asia,4,236.68,0.1,Cash,1.0,5.0,852.05
31345,2025-01-20,0ae5f9ad-d193-4f51-89fc-5c3ef60ef290,Toys,South America,3,181.05,0.0,CreditCard,8.0,3.9,543.15
53842,2025-10-26,33bce9a8-ae62-4bf3-bc6f-11c47e1bf364,Home,North America,1,101.8,0.05,BankTransfer,8.0,3.4,96.71
3086,2024-08-23,7462f144-c49b-4e62-a5ba-4f0347656069,Toys,Africa,3,434.56,0.15,,1.0,4.4,1108.13
55208,2025-12-23,4b52155f-02e0-46aa-bd7b-3a654d02229f,Automotive,North America,5,290.15,0.0,BankTransfer,5.0,3.8,1450.75
26870,2025-09-11,5d8e3949-73a0-4648-b33a-562457102ec2,Sports,Oceania,4,454.28,,BankTransfer,4.0,2.4,1726.26
91913,2023-07-02,183a0c9e-cc4f-442e-8742-26cb168cab75,Automotive,Oceania,5,99.1,0.0,BankTransfer,4.0,4.7,495.5
86317,2023-07-20,6722c244-fde8-4868-bd92-6e02c13661b5,Sports,Oceania,3,194.09,0.05,PayPal,9.0,2.0,553.16
58171,2024-12-08,59ac169c-5bf9-4a86-9bdf-6dc7529483e6,Sports,North America,2,174.93,0.1,CreditCard,8.0,3.5,314.87
62661,2025-07-29,663718d1-4e34-41cc-94f7-b5ea54d4fd42,Electronics,Asia,2,95.67,0.1,PayPal,5.0,2.0,172.21
45081,2023-08-04,f3d5f858-88a4-4745-a155-467b806eed0e,Beauty,Oceania,3,198.9,0.0,PayPal,6.0,2.1,596.7
34966,2025-03-06,b5f43f50-68d7-4d6b-9b73-e5ee4eccd313,Automotive,Oceania,1,175.95,0.0,BankTransfer,3.0,2.6,175.95
18714,2023-08-14,ac7ae1c0-0580-4992-959f-27e6cdb00b1d,Automotive,North America,2,217.33,0.0,BankTransfer,6.0,4.7,434.66
5121,2025-11-12,a8350a40-0858-414d-952a-ed00d4aa826d,Home,Asia,2,26.208,0.1,CreditCard,4.0,3.8,47.17
51131,2025-06-26,4bb7cd63-022e-4824-baff-4ea7cd24b532,Fashion,Oceania,1,150.89,0.05,PayPal,5.0,3.9,143.35
29041,2024-03-24,1b75614f-aa08-4677-b2e6-af5816879c67,Home,Oceania,2,122.9,0.0,BankTransfer,7.0,5.0,245.8
47167,2025-10-18,b75ae08c-20f3-43d7-8955-c5d4a700c13d,Home,South America,2,454.62,0.0,Cash,5.0,3.4,909.24
30293,2023-06-03,f1008f68-a35b-450c-aee9-e2b9bc0469f2,Sports,South America,1,29.36,0.1,BankTransfer,4.0,3.0,26.42
68930,2024-08-03,e678883a-36ce-44ac-a845-807c3be35923,Home,Asia,5,417.24,0.05,Cash,1.0,3.9,1981.89
69210,2024-05-14,f3f869a2-b17f-4a96-9731-3195b6f2df85,Electronics,Africa,4,456.35,0.0,BankTransfer,1.0,3.1,1825.4
19937,2025-09-21,8594f053-d259-4d81-9100-3543e3472f19,Beauty,North America,4,422.57,0.0,BankTransfer,3.0,4.6,1690.28
47303,2024-07-26,fdadc7a5-07ac-4f99-b886-3ec66769c47a,Sports,Asia,4,362.85,0.2,CreditCard,7.0,3.4,1161.12
23788,2024-07-08,a9aa3f8e-b462-4a78-8ba3-62230dcb8393,Automotive,Oceania,2,325.56,0.15,CreditCard,2.0,2.7,553.45
39574,2025-09-13,537594dc-f22b-4e18-b0d8-466d841f30c1,Fashion,Asia,3,491.53,0.0,BankTransfer,5.0,4.8,1474.59
2515,2023-01-04,65637d1f-5763-4902-9552-0712af92ef22,Automotive,South America,1,493.52,0.0,CreditCard,8.0,3.0,493.52
21599,2025-05-02,8ebbcfe7-11ee-4e9c-a373-848bdfbcec8a,Beauty,Europe,4,297.5,0.0,PayPal,7.0,3.0,1190.0
46707,2024-12-27,4225569d-334c-4d87-994d-86c2ffdd933b,Electronics,Africa,5,384.89,0.05,BankTransfer,9.0,3.1,1828.23
66171,2024-01-10,7746cc8c-1d92-41af-a6a9-8a6e86a3745a,Sports,Oceania,5,268.63,0.0,Cash,3.0,2.6,1343.15
96840,2025-04-13,38791204-abcf-45ed-94ef-4f79a6b4482e,Home,North America,3,250.18,0.0,PayPal,7.0,4.7,750.54
17962,2025-07-24,67ec013b-6f78-4265-b065-c0106245d3c9,Beauty,Oceania,4,136.94,0.05,PayPal,5.0,4.1,520.37
99907,2023-04-15,d44b52d4-a5f3-40c9-b783-ee09638be0f6,Sports,Oceania,5,45.76,0.05,BankTransfer,7.0,3.1,217.36
62428,2023-01-29,758984dc-3b52-4d98-8f6d-abf63c960407,Sports,Asia,3,276.23,0.0,Cash,4.0,5.0,828.69
82243,2023-10-30,37482ab3-55ed-45f1-abbf-896ae9a4f105,Toys,South America,4,277.08,0.05,PayPal,2.0,3.7,1052.9
5549,2025-03-07,91ae757c-8607-4228-920b-58cfbb916d1c,Toys,North America,4,87.44,0.1,Cash,2.0,3.9,314.78
14754,2025-03-29,34cd5d6f-52bd-407b-87b5-c69a4a13de29,Electronics,Europe,3,13.53,0.0,Cash,8.0,4.1,40.59
13929,2024-09-07,fef9b10b-4f36-4e79-86b8-2a3d7a197bbb,Sports,Oceania,2,498.24,0.0,BankTransfer,1.0,2.4,996.48
35246,2025-07-06,17f8f8f5-2af8-4d44-af75-fa40750f1f26,Sports,Oceania,5,196.3,,CreditCard,,4.3,981.5
52549,2023-01-02,62925d07-d853-4b6d-b23d-834671f6b88f,Toys,Europe,5,430.35,0.05,Cash,2.0,4.9,2044.16
86885,2024-08-09,75741c61-91a3-47f1-9829-29aed6209659,Electronics,Europe,5,104.45,0.0,BankTransfer,2.0,4.5,522.25
57114,2023-12-31,752ba281-c9e3-488f-878b-cab9b91243a6,Toys,Oceania,1,154.07,0.0,PayPal,9.0,2.8,154.07
53819,2024-04-19,b1441eb8-38f2-4c5c-bab7-bb3b585af8eb,Sports,South America,1,393.84,0.15,PayPal,8.0,3.1,334.76
34654,2023-07-22,962bdfe4-42ab-4e80-9bc5-dda8422d79d6,Home,Asia,5,86.06,0.0,CreditCard,6.0,2.3,430.3
16362,2023-05-15,a06b80bb-a0c6-44c2-a4df-66573196fb2c,Home,Africa,3,415.04,0.1,CreditCard,6.0,4.0,1120.61
86302,2023-05-31,5514a8a5-d317-4e2a-95de-5c9ba42e4120,Automotive,Asia,3,278.27,0.05,PayPal,3.0,2.4,793.07
34364,2024-07-28,1ceac88e-185c-4bef-ab85-0cc506478a26,Beauty,South America,2,23.7,0.0,CreditCard,7.0,3.6,47.4
42376,2023-09-23,42931c52-f3b1-44e2-b307-ef63d963cddd,Beauty,South America,4,435.63,0.0,CreditCard,8.0,4.3,1742.52
5105,2023-07-29,1cf98855-719d-454f-81c6-af4013d5ac4f,Toys,Asia,2,109.22,0.0,Cash,3.0,3.0,218.44
70109,2025-03-31,b48353ec-391f-4854-a801-d2f9c52f4850,Electronics,Africa,4,30.0,0.2,BankTransfer,9.0,4.6,96.0
97965,2023-02-12,a7ab86c2-ed72-41b6-b6b1-c494ca51085f,Electronics,Oceania,4,108.48,0.05,Cash,5.0,4.3,412.22
34497,2023-11-18,3a14ece7-db0c-44c6-a081-3297a30ef58b,Toys,South America,4,305.028,0.0,CreditCard,5.0,2.8,1220.11
11374,2025-11-06,5e86ca3d-07d7-42df-8ef0-4ec3fb2d6908,Automotive,Oceania,3,286.938,0.15,CreditCard,6.0,2.4,731.69
12043,2023-09-03,83818bda-075b-4c90-ac9f-e79bc0d57ad6,Toys,Oceania,5,419.2,0.0,PayPal,5.0,4.3,2096.0
52865,2025-08-09,43363c52-7e1f-4ddc-8210-a538720a1986,Beauty,Oceania,2,149.27,0.0,Cash,1.0,4.4,298.54
94548,2024-06-02,23e8af76-be86-45f3-ace1-022b0f0a7be5,Beauty,Asia,1,94.61,0.1,Cash,3.0,2.4,85.15
48039,2023-10-11,0cf3399f-fb8a-4051-9e91-6d024ee78225,Fashion,Oceania,3,240.79,0.05,PayPal,4.0,2.4,686.25
1871,2024-09-14,,Automotive,Africa,4,447.9,0.0,Cash,4.0,2.5,1791.6
22331,2025-12-25,7a79e8e2-e43d-4011-a215-5170bd2e233a,Toys,Europe,5,380.52,0.05,BankTransfer,7.0,2.6,1807.47
30875,2023-02-12,1d4489f4-7398-4c20-94ed-8b694a35bd63,Home,South America,5,194.66,0.0,BankTransfer,2.0,2.7,973.3
25270,2023-04-29,,Electronics,South America,5,388.97,0.0,BankTransfer,2.0,3.0,1944.85
54710,2023-09-11,a03e235b-6c41-41b7-9d2d-e8daf1ec53e1,Fashion,Asia,3,108.79,0.05,CreditCard,4.0,2.3,310.05
14039,2025-11-08,2329a529-52f4-4bbf-9460-004480d643f2,Beauty,South America,6,58.653000000000006,0.15,CreditCard,9.0,4.5,299.13
25811,2024-11-10,0a316b9e-76df-46d4-9925-1ad714b77c79,Beauty,South America,3,174.105,0.05,BankTransfer,4.0,2.5,496.2
62200,2024-12-06,4743e975-e139-4508-89f1-b51b3d2a802f,Fashion,Europe,5,88.67,0.0,PayPal,6.0,4.5,443.35
89382,2024-01-15,92dd1868-ae7c-43d9-b44f-72b94167fd8b,Home,North America,2,425.52,0.1,BankTransfer,8.0,,765.94
85871,2024-09-23,6cad65da-f53d-492e-a1c4-aec3a0bd1be2,Toys,South America,3,207.94,0.0,PayPal,2.0,3.2,623.82
71308,2024-10-05,06ff421a-3c2b-4098-8445-b53d0155801a,Sports,Oceania,3,473.36,0.0,CreditCard,8.0,3.7,1420.08
50781,2024-12-22,488be9a1-81e5-4112-9a79-b9dc90bf5f7f,Sports,Africa,3,284.34,0.2,BankTransfer,3.0,3.7,682.42
43048,2023-01-11,49e8033d-c248-4e0e-9845-1d78b82e322d,Home,Africa,3,62.04,0.0,CreditCard,1.0,3.6,186.12
9963,2024-06-04,e37fb2dd-2f8a-48e5-86bc-b0d00415052c,Beauty,South America,3,456.92,0.15,Cash,2.0,3.3,1165.15
3503,2024-01-02,6cfa28cf-b62e-410a-a584-83851915bb1c,Toys,Asia,4,220.74,0.0,BankTransfer,4.0,2.7,882.96
93244,2025-11-04,bd3269e7-bffb-446f-88e0-83dfca1a55f5,Sports,North America,4,379.764,0.0,Cash,1.0,4.4,1519.06
91000,2024-08-29,05eea3df-253d-4060-afbb-975d2018a48c,Fashion,Africa,2,491.19,0.0,PayPal,1.0,3.1,982.38
49369,2025-02-15,8dca6314-bd9c-4428-b21e-62f096ecc779,Toys,Asia,4,157.99,0.0,CreditCard,9.0,2.8,631.96
93889,2023-04-27,05c482d9-274f-4158-bca2-03c8a23306ae,Home,Asia,4,149.09,0.0,Cash,6.0,2.4,596.36
41054,2023-05-31,fc2d401b-c626-478f-921f-6459e15530c5,Beauty,North America,1,478.26,0.0,PayPal,9.0,2.2,478.26
22645,2025-01-07,328302de-234e-4cfc-af0c-774ebd9a92c1,Automotive,Europe,3,31.67,0.0,Cash,5.0,,95.01
96365,2023-06-14,27346c0b-7b56-4038-bb30-8369824dfdf7,Electronics,North America,1,266.94,0.15,PayPal,9.0,3.4,226.9
51686,2025-12-06,d98cf11b-b16c-4719-b299-60e10ee2ed66,Home,Africa,2,332.39,0.0,CreditCard,3.0,2.3,664.78
60692,2024-02-28,93fea86c-2009-4b57-83b0-1dbe58e63b5c,Home,Asia,3,146.37,0.0,CreditCard,2.0,2.4,439.11
75048,2024-11-27,65832226-39d6-45bd-bbbd-50385d074218,Sports,Africa,6,233.793,0.05,PayPal,3.0,4.8,1332.62
41655,2025-02-08,41b97737-7a44-4182-9765-6c32abb4a80d,Toys,Oceania,4,199.1,0.0,Cash,9.0,4.1,796.4
53718,2025-09-20,7294dee8-5bd5-495c-b285-f309d95ad95f,Home,Europe,3,105.01,0.0,PayPal,7.0,3.7,315.03
78823,2023-09-07,af6551a2-31be-49fb-b9c1-afa23a498993,Fashion,Oceania,3,343.3,0.0,Cash,7.0,4.8,1029.9
1092,2025-02-27,d9750f00-d5ab-48ae-9112-fbc03d8f95f4,Home,Oceania,4,252.06,0.0,PayPal,,2.0,1008.24
91196,2024-04-30,bc78f272-31b0-4416-9c05-47b760d90873,Sports,Africa,5,499.52,0.05,CreditCard,2.0,2.5,2372.72
83165,2023-09-07,6017de79-a2fa-48fd-9196-1086ecf27c4b,Automotive,Africa,1,326.81,0.0,BankTransfer,2.0,4.1,326.81
56276,2024-04-26,b0d32922-b0ae-42ab-9678-1842eb2a74b9,Toys,Oceania,2,292.31,0.0,PayPal,9.0,2.8,584.62
94893,2023-07-18,ab49eb2b-d5c9-4aee-a702-bf8c26123628,Home,Asia,4,309.63,0.05,PayPal,6.0,4.7,1176.59
44111,2023-02-12,be41056b-8597-4cc5-9222-df6aa9690cdc,Electronics,Asia,5,12.65,0.0,Cash,9.0,3.4,63.25
50248,2023-01-15,5329d1d6-28c2-4521-8a4a-c7d27fd056d1,Beauty,South America,3,35.33,0.0,PayPal,1.0,4.0,105.99
37853,2025-05-03,7e424685-28db-42c1-91f3-e27887f44648,Toys,South America,4,299.94,0.05,CreditCard,8.0,2.2,1139.77
37588,2023-02-06,a857914a-9ec8-4c1c-a76a-42a673d0d824,Automotive,Asia,5,201.85,0.0,BankTransfer,3.0,3.2,1009.25
54234,2024-02-14,5f5b5856-2683-4f15-b4a1-6d5c0394f6a0,Home,South America,1,158.57,0.0,PayPal,8.0,4.1,158.57
11713,2025-05-04,79fb464e-10cf-403f-a9f0-517b28eab54a,Beauty,Oceania,5,284.75,0.0,Cash,6.0,2.1,1423.75
88232,2024-11-09,a0ab393c-88c8-4ded-bf6f-8c13453af993,Sports,Europe,6,424.17,0.0,CreditCard,1.0,2.1,2545.02
69067,2023-02-12,cf852d30-3f65-4186-9cef-8fe23f5100cd,Beauty,Oceania,5,243.63,0.1,Cash,1.0,4.7,1096.34
9978,2023-09-08,354f9914-5698-47e3-b16d-a24334def7ee,Beauty,Asia,3,106.86,0.0,Cash,6.0,4.7,320.58
90299,2024-04-01,f4d864d7-f72c-4d7d-a2ea-e3e89f1fc0b8,Fashion,South America,5,219.46,0.0,Cash,2.0,2.0,1097.3
6063,2023-06-18,8a55a14b-51f5-48f9-bc15-ae1fefda21b2,Toys,Asia,2,95.79,0.0,PayPal,2.0,2.9,191.58
80442,2024-02-07,0ddfe216-9c19-43c6-9c01-c20e9fd839c6,Electronics,Oceania,2,32.08,0.0,BankTransfer,4.0,2.7,64.16
31022,2023-05-04,baf8034c-b4fd-4347-8e16-abcbc654001d,Fashion,South America,4,243.42,0.0,Cash,5.0,3.8,973.68
40012,2023-04-20,1014571c-5d15-4706-a10c-7ffdddf4ea73,Electronics,Asia,1,208.2,0.0,Cash,8.0,4.6,208.2
88228,2025-02-03,091235e6-5e1a-4ca1-8736-4fd77267d90e,Home,Asia,1,76.93,0.0,CreditCard,6.0,3.1,76.93
1256,2024-08-03,b1d81887-4739-4c7b-bff3-0c8d83ff3e96,Automotive,Europe,3,165.63,0.1,Cash,2.0,3.4,447.2
28473,2025-02-18,a57cd9dc-175a-4423-aaf7-410fea04ce07,Automotive,Oceania,3,224.44,0.0,PayPal,1.0,4.7,673.32
66677,2024-04-06,2a5b17f6-fe8c-4276-bdf2-612355098451,Toys,Europe,1,260.35,0.1,PayPal,2.0,3.5,234.32
76480,2023-09-30,3a595f88-22a3-4e48-8f79-40562f9abf78,Electronics,South America,5,376.22,0.0,Cash,2.0,4.4,1881.1
62855,2023-08-11,71ed9b3c-ea8c-400b-b9a2-bd013d73745d,Toys,North America,2,392.76,0.05,PayPal,1.0,4.9,746.24
38951,2024-01-09,db8ebf72-b596-48f5-bfe4-0c2da1226850,Sports,Asia,3,427.02,0.0,CreditCard,3.0,4.4,1281.06
12037,2025-07-08,d88a0619-23f1-427b-97eb-c00bff68728e,Automotive,Asia,3,130.54,0.0,BankTransfer,3.0,4.3,391.62
55304,2023-03-25,c854427a-9eee-4880-81aa-d39aab399e3d,Home,North America,1,9.49,0.0,BankTransfer,4.0,3.2,9.49
28675,2023-06-11,739054d7-207c-4452-8fce-6368b0171e20,Home,South America,1,225.56,0.0,CreditCard,5.0,2.3,225.56
857,2025-07-24,044251db-d0d4-4a67-b992-8faa4cbf131d,Home,Europe,1,114.15,0.0,CreditCard,7.0,2.8,114.15
6302,2023-08-06,7a14cf98-611e-4047-b90a-474e6185e21b,Sports,Europe,5,131.24,0.05,CreditCard,9.0,3.3,623.39
57016,2023-02-19,b0a318ec-628f-471a-bce0-e2e3f5c0a0ab,Sports,Africa,5,280.86,0.0,BankTransfer,8.0,2.0,1404.3
59700,2023-02-24,f4e7b21f-1d65-4b22-b919-410ed899e84e,Automotive,Oceania,2,138.28,0.0,PayPal,3.0,4.5,276.56
32866,2025-12-02,48d7e546-8173-408b-97c2-3cb3a65af9b4,Electronics,Europe,5,77.69,0.15,BankTransfer,2.0,2.2,330.18
56301,2025-08-10,7602eb89-ac8f-4efa-9ab5-be11feb423da,Sports,Europe,1,412.53,0.0,BankTransfer,1.0,2.9,412.53
3897,2023-02-01,ca90001c-8943-414f-b668-705d1a10748c,Sports,North America,5,81.69,0.05,CreditCard,6.0,3.5,388.03
28074,2025-06-12,ef4531dc-ac9b-4b56-9487-18a0d755db73,Home,Oceania,1,173.43,0.0,BankTransfer,8.0,4.1,173.43
54409,2024-09-12,3af479ed-10e2-4cc2-99dc-d17e10a99d8b,Automotive,Africa,1,452.38,0.05,Cash,,3.6,429.76
28748,2024-01-26,07246bba-02ae-4d0f-9b10-1bc744a1264c,Automotive,Europe,5,384.95,0.05,BankTransfer,5.0,2.5,1828.51
30765,2025-06-07,ce9ed0bd-5196-4fc0-a90b-e69f1b874376,Fashion,South America,3,308.01,0.0,CreditCard,6.0,2.4,924.03
19101,2024-04-17,5416f272-f1ed-4676-acb2-8e38c48ca510,Toys,North America,5,220.99,0.1,BankTransfer,7.0,2.2,994.46
85996,2023-01-16,cc56afd5-1208-4360-b9c4-7e7b20391c50,Fashion,Africa,4,195.54,0.05,BankTransfer,5.0,2.8,743.05
11090,2023-05-04,64e76da1-bf21-4991-903e-19e9ff546b60,Beauty,Asia,5,103.26,0.0,Cash,9.0,3.0,516.3
2300,2023-07-18,36fea0b4-38cd-4122-bc01-45e14ce2afa2,Electronics,Oceania,5,20.87,0.0,CreditCard,8.0,3.4,104.35
11406,2025-01-15,471886d9-893a-4348-835f-2c0648ae3a47,Electronics,North America,2,60.91,0.15,BankTransfer,2.0,2.6,103.55
867,2023-07-10,d25864f2-25d4-40fc-a154-2765d756ba9c,Beauty,Asia,1,105.06,0.0,CreditCard,5.0,4.5,105.06
37487,2023-04-16,345cbcab-a040-4bca-9bc8-3ad60c2a7837,Toys,Africa,5,94.07,0.0,CreditCard,5.0,3.8,470.35
54403,2024-05-10,1a843dc0-c308-4e39-8796-882c8156a127,Beauty,Oceania,5,453.53,0.15,CreditCard,2.0,4.6,1927.5
38528,2024-11-19,9a3cfb56-917d-44f2-b720-9add6601ca80,Electronics,Asia,4,417.609,0.0,BankTransfer,4.0,4.9,1670.44
1123,2024-08-25,44d7df9a-238b-45b7-ab64-777c6177a771,Sports,Asia,4,159.04,0.1,Cash,1.0,3.6,572.54
62865,2023-08-24,9c2918c8-d228-46ed-85da-e8c814675aca,Beauty,Africa,1,214.56,0.1,CreditCard,4.0,2.3,193.1
95185,2025-02-12,af3a8b53-1c45-4778-84f7-30aadb8a1008,Electronics,Asia,2,461.78,0.1,PayPal,7.0,3.4,831.2
10850,2025-04-30,cf2df4a6-c972-4c70-8561-88e7566b8b3a,Toys,North America,3,399.49,0.0,Cash,7.0,3.3,1198.47
98567,2025-01-21,e05074ee-8941-4c02-8dc7-f3d72d942f7e,Home,Asia,5,99.07,0.05,Cash,4.0,3.7,470.58
53826,2023-01-21,e4c7f7be-8ed3-4531-a586-b31a165058be,Home,Oceania,3,218.36,0.0,BankTransfer,1.0,4.1,655.08
37447,2025-12-21,f08e93cd-d638-4944-8352-4d9d1e1aaee0,Electronics,North America,4,225.64,0.2,PayPal,1.0,3.9,722.05
23972,2023-05-14,29e37c0f-235c-42e3-9376-610a423920d1,Electronics,Africa,4,398.66,0.0,PayPal,5.0,3.9,1594.64
97515,2023-08-31,,Beauty,Asia,5,468.69,0.05,BankTransfer,3.0,2.4,2226.28
1729,2024-02-20,702b7014-adab-4c2f-91a6-46dacd613988,Automotive,Asia,1,445.56,0.1,PayPal,3.0,4.4,401.0
76207,2025-07-15,ece3738d-1285-455c-a753-11414352322a,Automotive,Africa,4,74.87,0.05,CreditCard,9.0,2.2,284.51
55450,2025-01-23,ef2eea84-41a2-49fd-8f0b-0227a1c1c07a,Toys,Africa,4,441.18,0.0,BankTransfer,8.0,4.4,1764.72
75596,2024-04-29,3174266b-c2cd-42ca-bfe4-989e8e93ccaf,Home,North America,5,236.64,0.05,BankTransfer,7.0,4.3,1124.04
75308,2024-07-16,f8cf0485-133d-4c8c-9d74-562edbafd4c9,Sports,North America,3,77.97,0.0,CreditCard,4.0,3.3,233.91
